BC Geographic Name,Type,View on Map,GeoName ID
Alkhili 2,Indian Reserve,#REF!,65700
Atlin,Community,#REF!,40235
Atlin-Teslin Indian Cemetery 4,Indian Reserve,#REF!,65701
Bennett,Locality,#REF!,3395
Callison Ranch,Locality,#REF!,12687
Engineer,Locality,#REF!,38501
Five Mile Point 3,Indian Reserve,#REF!,65682
Hyland Ranch,Locality,#REF!,19421
Jennings River 8,Indian Reserve,#REF!,65677
Lindeman,Locality,#REF!,1892
McDonald Lake 1,Indian Reserve,#REF!,65680
Pleasant Camp,Locality,#REF!,20302
Rainy Hollow,Locality,#REF!,23253
Rupert,Locality,#REF!,22782
Salmon Creek 3,Indian Reserve,#REF!,64819
Saloon,Locality,#REF!,13646
Scotia Bay,Locality,#REF!,18024
Sheslay,Locality,#REF!,16284
Silver Salmon Lake 5,Indian Reserve,#REF!,65689
Surprise,Locality,#REF!,14015
Tahltan,Locality,#REF!,16766
Tahltan Forks 5,Indian Reserve,#REF!,64821
Taku,Locality,#REF!,17571
Taku 6,Indian Reserve,#REF!,65683
Teslin Lake 7,Indian Reserve,#REF!,65684
Teslin Lake 9,Indian Reserve,#REF!,65685
Tulsequah,Locality,#REF!,27333
Unnamed 10,Indian Reserve,#REF!,65793
Upper Tahltan 4,Indian Reserve,#REF!,64822
40 Mile Flats,Locality,#REF!,40304
Bear Lake,Community,#REF!,2719
Bear Lake (Fort Connelly) 4,Indian Reserve,#REF!,64897
Bear Lake (Tsaytut Bay) 1B,Indian Reserve,#REF!,64885
Bear River (Sustut River) 3,Indian Reserve,#REF!,64884
Bell II,Locality,#REF!,40335
Blue River 1,Indian Reserve,#REF!,65681
Bob Quinn Lake,Locality,#REF!,40305
Boulder City,Locality,#REF!,12645
Classy Creek 8,Indian Reserve,#REF!,64826
Days Ranch,Locality,#REF!,8516
Dease Lake,Community,#REF!,40543
Dease Lake 9,Indian Reserve,#REF!,64825
Dease River 1,Indian Reserve,#REF!,60004
Dease River 2 (Dease),Indian Reserve,#REF!,60500
Dease River 2 (Liard),Indian Reserve,#REF!,60580
Dease River 3 (Dease),Indian Reserve,#REF!,60421
Dease River 3 (Liard),Indian Reserve,#REF!,60581
Dease River 4,Indian Reserve,#REF!,60444
Defot,Locality,#REF!,35923
Eddontenajon,Community,#REF!,38579
Fifth Cabin,Locality,#REF!,8030
Fourth Cabin,Locality,#REF!,8056
Fowler,Locality,#REF!,3683
Glenora,Locality,#REF!,40604
Good Hope Lake,Locality,#REF!,40270
Granduc,Locality,#REF!,11649
Guhthe Tah 12,Indian Reserve,#REF!,60002
Hiusta Meadow,Locality,#REF!,14684
Hiusta's Meadow 2,Indian Reserve,#REF!,64820
Horse Ranch Pass 4,Indian Reserve,#REF!,65819
Hyland Post,Locality,#REF!,15723
Iskut,Community,#REF!,2444
Iskut 6,Indian Reserve,#REF!,64101
Jacksons,Locality,#REF!,9551
Jade City,Locality,#REF!,40296
Klewaduska (Cataract) 6,Indian Reserve,#REF!,64895
Kluachon Lake 1,Indian Reserve,#REF!,65390
Laketon,Locality,#REF!,7373
McDame,Locality,#REF!,16335
McDames Creek 2,Indian Reserve,#REF!,65679
Meziadin Junction,Locality,#REF!,40302
Mosquito Creek 5,Indian Reserve,#REF!,65687
One Mile Point 1,Indian Reserve,#REF!,65690
Porter Landing,Locality,#REF!,17784
Premier,Locality,#REF!,19245
Stewart,District Municipality,#REF!,37405
Stikine,Locality,#REF!,7822
Stikine River 7,Indian Reserve,#REF!,65389
Tahltan 1,Indian Reserve,#REF!,64770
Tahltan 10,Indian Reserve,#REF!,65787
Tatcho Creek 11,Indian Reserve,#REF!,64813
Tatl'ah 13,Indian Reserve,#REF!,66441
Tatogga,Locality,#REF!,40274
Telegraph Creek,Community,#REF!,35678
Telegraph Creek 6,Indian Reserve,#REF!,64824
Telegraph Creek 6A,Indian Reserve,#REF!,64823
Tsaytut Island 1C,Indian Reserve,#REF!,64886
Tsupmeet (Patcha Creek) 5,Indian Reserve,#REF!,64898
Altona,Community,#REF!,1449
Arras,Community,#REF!,9236
Attachie,Locality,#REF!,9842
Baldonnel,Community,#REF!,11039
Bear Flat,Locality,#REF!,12572
Beaton River 204 (North Half),Indian Reserve,#REF!,63401
Beaton River 204 (South Half),Indian Reserve,#REF!,63383
Beatton Ranch,Locality,#REF!,2747
Beryl Prairie,Locality,#REF!,4263
Bessborough,Locality,#REF!,35920
Blueberry River 205,Indian Reserve,#REF!,64812
Boring Ranch,Locality,#REF!,306
Brady Ranch,Locality,#REF!,584
Briar Ridge,Locality,#REF!,777
Buckinghorse River,Community,#REF!,39718
Buick,Community,#REF!,38551
Cecil Lake,Community,#REF!,38344
Charlie Lake,Community,#REF!,38345
Chetwynd,District Municipality,#REF!,37727
Clairmont,Community,#REF!,2530
Clayhurst,Community,#REF!,2570
Coal River,Locality,#REF!,10247
Dawson Creek,City,#REF!,40540
Doe River,Locality,#REF!,18205
Doig River,Community,#REF!,40972
Doig River 206,Indian Reserve,#REF!,64811
East Moberly Lake 169,Indian Reserve,#REF!,64922
East Pine,Locality,#REF!,1233
Farmington,Community,#REF!,11840
Farrell Creek,Locality,#REF!,11855
Federal Ranch,Locality,#REF!,11896
Fellers Heights,Locality,#REF!,11910
Finlay Bay 21,Indian Reserve,#REF!,66021
Fireside,Locality,#REF!,12761
Flatrock,Community,#REF!,12872
Fontas,Locality,#REF!,12966
Fontas 1,Indian Reserve,#REF!,64801
Fort Nelson,Community,#REF!,60101
Fort Nelson 2,Indian Reserve,#REF!,64802
Fort St. John,City,#REF!,3602
Fort Ware,Community,#REF!,54738
Fort Ware 1,Indian Reserve,#REF!,64854
Goodlow,Community,#REF!,10315
Grand Haven,Community,#REF!,11641
Groundbirch,Community,#REF!,3262
Gundy,Locality,#REF!,4139
Halfway Ranch,Locality,#REF!,40616
Halfway River 168,Indian Reserve,#REF!,64844
Hickethier Ranch,Locality,#REF!,14597
Hudson's Hope,District Municipality,#REF!,14891
Ingenika Mine,Locality,#REF!,2907
Ingenika Point,Indian Reserve,#REF!,65818
Kahntah,Community,#REF!,2962
Kahntah 3,Indian Reserve,#REF!,64803
Kelly Lake,Community,#REF!,3154
Kilkerran,Locality,#REF!,3842
Kobes,Locality,#REF!,40303
Lexau Ranch,Locality,#REF!,1844
Liard River,Locality,#REF!,1365
Liard River 3,Indian Reserve,#REF!,65678
Lone Prairie,Community,#REF!,10148
Lower Post,Community,#REF!,11496
Lynx Creek,Community,#REF!,12177
Magnum Mine,Locality,#REF!,35801
Mason Creek,Community,#REF!,6445
McKearney Ranch,Locality,#REF!,19588
McLean Ranch,Locality,#REF!,20569
Mile 62 1/2,Locality,#REF!,23605
Moberly Lake,Community,#REF!,6182
Montney,Locality,#REF!,7109
Muddy River 1,Indian Reserve,#REF!,65688
Muncho Lake,Locality,#REF!,8268
Murdale,Locality,#REF!,35918
Muskwa,Locality,#REF!,8363
Nelson Forks,Locality,#REF!,13497
North Pine,Locality,#REF!,17118
Northern Rockies Regional Municipality,District Municipality,#REF!,60100
Old Fort,Community,#REF!,18631
Old Fort Nelson,Community,#REF!,18633
Osborn,Community,#REF!,41123
Parkland,Locality,#REF!,16027
Peejay,Locality,#REF!,6922
Pineview,Locality,#REF!,16833
Pink Mountain,Locality,#REF!,38535
Police Meadow 2,Indian Reserve,#REF!,65782
Pouce Coupe,Village,#REF!,22265
Prespatou,Community,#REF!,19254
Progress,Community,#REF!,21262
Prophet River,Locality,#REF!,35905
Prophet River 4,Indian Reserve,#REF!,64921
Rolla,Community,#REF!,20887
Rose Prairie,Locality,#REF!,21828
Seven Mile Corner,Locality,#REF!,18913
Shearer Dale,Locality,#REF!,15416
Sikanni Chief,Locality,#REF!,20417
Simpson Ranch,Locality,#REF!,20510
Smith River,Locality,#REF!,21696
Snake 5,Indian Reserve,#REF!,64855
Snake River,Locality,#REF!,21724
South Dawson,Community,#REF!,20661
South Taylor,Community,#REF!,20717
Steamboat,Locality,#REF!,6844
Sucker Lake 2,Indian Reserve,#REF!,64853
Summit Lake,Locality,#REF!,13349
Sunrise Valley,Locality,#REF!,13977
Sunset Prairie,Community,#REF!,13990
Sweetwater,Locality,#REF!,16653
Taylor,District Municipality,#REF!,18508
Toad River,Locality,#REF!,19996
Tomslake,Locality,#REF!,20958
Tower Lake,Locality,#REF!,37438
Trutch,Locality,#REF!,23007
Tsay Keh Dene,Locality,#REF!,41381
Tumbler Ridge,District Municipality,#REF!,24595
Tumbler Ridge,Community,#REF!,37513
Tupper,Locality,#REF!,24619
Twidwell Bend,Locality,#REF!,24985
Two Rivers,Community,#REF!,25168
Upper Cutbank,Locality,#REF!,25091
Upper Halfway,Community,#REF!,41179
Valley View,Locality,#REF!,24312
Wagner Ranch,Locality,#REF!,15857
Weissener Lake 3,Indian Reserve,#REF!,64852
West Moberly Lake 168A,Indian Reserve,#REF!,64903
Willow Valley,Locality,#REF!,23056
Willowbrook,Locality,#REF!,23042
Wonowon,Community,#REF!,23953
Aleza Lake,Community,#REF!,991
Anzac,Locality,#REF!,2108
Arctic Lake 10,Indian Reserve,#REF!,60424
Azu Ski Village,Community,#REF!,10389
Bear Lake,Community,#REF!,25204
Blue Lake 24,Indian Reserve,#REF!,60442
Carlson,Locality,#REF!,38632
Carp Lake 3,Indian Reserve,#REF!,64878
Carp South 7,Indian Reserve,#REF!,68922
Crescent Spur,Locality,#REF!,4857
Croydon,Locality,#REF!,35189
Davie Lake 28,Indian Reserve,#REF!,60431
Dokie Siding,Community,#REF!,37731
Dome Creek,Community,#REF!,18239
Dunster,Community,#REF!,15633
Eddy,Locality,#REF!,1707
Ferndale,Community,#REF!,11943
Foreman,Community,#REF!,3552
Giscome,Locality,#REF!,6171
Great Bear Lake 16,Indian Reserve,#REF!,65841
Hasler Flat,Community,#REF!,8572
Hominka 11,Indian Reserve,#REF!,60441
Kerry Lake East 9,Indian Reserve,#REF!,60430
Kerry Lake West 8,Indian Reserve,#REF!,60429
Lamming Mills,Community,#REF!,20350
Lemoray,Locality,#REF!,41033
Longworth,Locality,#REF!,10691
Loos,Locality,#REF!,10715
Mackenzie,District Municipality,#REF!,3879
Mackenzie 19,Indian Reserve,#REF!,66024
McBride,Village,#REF!,8368
McGregor,Community,#REF!,38004
McIntyre Lake 23,Indian Reserve,#REF!,60440
McLeod Lake,Community,#REF!,20585
McLeod Lake 1,Indian Reserve,#REF!,64876
McLeod Lake 5,Indian Reserve,#REF!,64873
Newlands,Locality,#REF!,14241
Pack River 2,Indian Reserve,#REF!,64875
Parsnip 5,Indian Reserve,#REF!,65779
Penny,Locality,#REF!,6972
Pine Valley,Locality,#REF!,38890
Quaw Island 25,Indian Reserve,#REF!,60427
Sas Mighe 32,Indian Reserve,#REF!,66023
Shelley,Community,#REF!,16242
Shere,Locality,#REF!,16271
Sinclair Mills,Community,#REF!,20521
Summit Lake,Community,#REF!,13351
Tacheeda Lake 14,Indian Reserve,#REF!,60428
Tom Cook 26,Indian Reserve,#REF!,60426
Tutu Creek 4,Indian Reserve,#REF!,65791
Upper Fraser,Community,#REF!,25095
War Lake 4,Indian Reserve,#REF!,64877
Weedon Carp 6,Indian Reserve,#REF!,60425
Weedon Lake 27,Indian Reserve,#REF!,60443
Weston Bay 20,Indian Reserve,#REF!,66022
Willow River,Community,#REF!,23055
12 Mile,Locality,#REF!,38950
Agwedin 3,Indian Reserve,#REF!,65177
Alastair 80,Indian Reserve,#REF!,64781
Alastair 81,Indian Reserve,#REF!,64788
Alastair 82,Indian Reserve,#REF!,64787
Alexis Thomas 1A,Indian Reserve,#REF!,64804
Alice Arm,Locality,#REF!,12599
Alphonse Tommy 7,Indian Reserve,#REF!,64839
Andak 9,Indian Reserve,#REF!,65160
Andimaul 1,Indian Reserve,#REF!,65156
Anlaw 4,Indian Reserve,#REF!,65169
Augier Lake 22,Indian Reserve,#REF!,63902
Babine 16,Indian Reserve,#REF!,64832
Babine 17,Indian Reserve,#REF!,65164
Babine 18,Indian Reserve,#REF!,65144
Babine 25,Indian Reserve,#REF!,64880
Babine 26,Indian Reserve,#REF!,64879
Babine 6,Indian Reserve,#REF!,64841
Babine Lake 20,Indian Reserve,#REF!,64829
Babine Lake 21B,Indian Reserve,#REF!,64828
Babine River 21,Indian Reserve,#REF!,64830
Babine River 21A,Indian Reserve,#REF!,64827
Baldy Hughes,Community,#REF!,37544
Baptiste Louis 8,Indian Reserve,#REF!,64808
Barrett Lake,Community,#REF!,11684
Bear Lake (Upper Driftwood River) 1A,Indian Reserve,#REF!,64571
Beaver Islands 8,Indian Reserve,#REF!,64866
Beaverley,Community,#REF!,2810
Bihl' K' A 18,Indian Reserve,#REF!,64887
Bihl' K'a Chah 20,Indian Reserve,#REF!,60090
Bihlk'a 6,Indian Reserve,#REF!,64931
Binche 10,Indian Reserve,#REF!,64943
Binche 12,Indian Reserve,#REF!,64945
Binche 2,Indian Reserve,#REF!,64935
Binche Bun 7,Indian Reserve,#REF!,64934
Binta Lake 2,Indian Reserve,#REF!,64915
Blackwater 1,Indian Reserve,#REF!,68921
Bonnet Hill,Community,#REF!,259
Braeside,Community,#REF!,588
Broman Lake,Locality,#REF!,37801
Buckhorn,Community,#REF!,1620
Bulkley 1,Indian Reserve,#REF!,65180
Bulkley House,Locality,#REF!,38124
Bulkley River 19,Indian Reserve,#REF!,65141
Burns Lake,Village,#REF!,2226
Burns Lake 18,Indian Reserve,#REF!,64815
Camsell Lake 30,Indian Reserve,#REF!,60078
Canyon Lake (Ormonde Lake) 7,Indian Reserve,#REF!,64847
Carnaby,Locality,#REF!,11227
Carrier Lake 15,Indian Reserve,#REF!,65836
Carsoosat 17,Indian Reserve,#REF!,64932
Casdeded 8,Indian Reserve,#REF!,64840
Cedarvale,Community,#REF!,36500
Chanoodandidalch 14,Indian Reserve,#REF!,64834
Chapel Park 28,Indian Reserve,#REF!,64881
Charella Garden,Community,#REF!,4927
Cheslatta,Locality,#REF!,38871
Cheslatta 1,Indian Reserve,#REF!,64817
Cheztainya Lake 11,Indian Reserve,#REF!,64906
Chig-in-kaht 8,Indian Reserve,#REF!,65161
Chimdimash 2,Indian Reserve,#REF!,65339
Chimdimash 2A,Indian Reserve,#REF!,65338
Chundoo Lh'tan La 45,Indian Reserve,#REF!,60068
Chuz Ghun 8,Indian Reserve,#REF!,64944
Chuz Teeslee 41,Indian Reserve,#REF!,60072
Clemretta,Locality,#REF!,9693
Clesbaoneecheck 3,Indian Reserve,#REF!,64799
Clotalairquot 4,Indian Reserve,#REF!,64843
Clustalach 5,Indian Reserve,#REF!,64929
College Heights,Community,#REF!,10853
Colleymount,Locality,#REF!,10857
Corkscrew Creek 10,Indian Reserve,#REF!,64926
Corkscrew Creek 9,Indian Reserve,#REF!,64925
Coryatsaqua (Moricetown) 2,Indian Reserve,#REF!,65162
Cranberry Junction,Community,#REF!,29
Dalk-ka-gila-quoeux 2,Indian Reserve,#REF!,65324
Danskin,Locality,#REF!,20352
Decker Lake,Community,#REF!,13212
Deep Creek 5,Indian Reserve,#REF!,64556
Dlah Koh 31,Indian Reserve,#REF!,60074
Dog Creek,Locality,#REF!,18209
Donald Landing,Community,#REF!,18268
Dorreen,Locality,#REF!,36530
Driftwood Creek,Community,#REF!,14843
Driftwood River (Kastberg Creek) 1,Indian Reserve,#REF!,64888
Duncan Lake 2,Indian Reserve,#REF!,65842
Dzagayap 73,Indian Reserve,#REF!,64796
Dzagayap 74,Indian Reserve,#REF!,64795
Dzin Tl'At 46,Indian Reserve,#REF!,60070
Dzitline Lee 9,Indian Reserve,#REF!,64939
Eastern Island 13,Indian Reserve,#REF!,64862
Endako,Community,#REF!,9988
Engen,Community,#REF!,9998
Felix George 7,Indian Reserve,#REF!,65848
Fondeur 9,Indian Reserve,#REF!,64845
Forestdale,Locality,#REF!,3557
Fort Babine,Community,#REF!,37895
Fort Fraser,Community,#REF!,3587
Fort George 2,Indian Reserve,#REF!,64798
Fort George Cemetery 1A,Indian Reserve,#REF!,64797
Fort St. James,District Municipality,#REF!,3599
Foxy Creek 6,Indian Reserve,#REF!,65845
François Lake,Community,#REF!,3726
Francois Lake 7,Indian Reserve,#REF!,64860
Fraser Lake,Village,#REF!,38874
Fraser Lake 2,Indian Reserve,#REF!,64850
Gaichbin 8,Indian Reserve,#REF!,65843
Germansen Landing,Community,#REF!,6059
Gingolx,Community,#REF!,53996
Gitandoiks 75,Indian Reserve,#REF!,64794
Gitandoiks 76,Indian Reserve,#REF!,64793
Gitanmaax 1,Indian Reserve,#REF!,62321
Gitanyow,Locality,#REF!,41063
Gitanyow 1,Indian Reserve,#REF!,65795
Gitanyow 2,Indian Reserve,#REF!,65796
Gitanyow 3A,Indian Reserve,#REF!,65821
Gitsegukla 1,Indian Reserve,#REF!,65820
Gitsegukla Logging 3,Indian Reserve,#REF!,65823
Gitwangak 1,Indian Reserve,#REF!,65826
Gitwangak 2,Indian Reserve,#REF!,65827
Gitwinksihlkw,Community,#REF!,39898
Glen Vowell,Community,#REF!,2025
Glenannan,Locality,#REF!,2011
Glentanna,Locality,#REF!,2021
Grand Rapids,Community,#REF!,11648
Granisle,Village,#REF!,11653
Grassy Plains,Locality,#REF!,12425
Gul-mak 8,Indian Reserve,#REF!,65153
Gun-a-chal 5,Indian Reserve,#REF!,65176
Hagwilget,Community,#REF!,5198
Hagwilget 1,Indian Reserve,#REF!,65178
Hart Highlands,Community,#REF!,7722
Hazelton,Village,#REF!,8669
Hixon,Community,#REF!,38590
Holy Cross Lake 3,Indian Reserve,#REF!,64805
Houston,District Municipality,#REF!,40632
Iakwulgyiyaps 78,Indian Reserve,#REF!,64783
Ihch'Az Uz Ta Tsoh 44,Indian Reserve,#REF!,60023
Ikshenigwolk 3,Indian Reserve,#REF!,65333
Inzana Lake 12,Indian Reserve,#REF!,64863
Isaac (Gale Lake) 8,Indian Reserve,#REF!,64861
Island Cache,Community,#REF!,2370
Isle Pierre,Locality,#REF!,2383
Jean Baptiste 28,Indian Reserve,#REF!,65143
Jus K'Ay Tl'Oh 32,Indian Reserve,#REF!,60081
K'ay Noo 47,Indian Reserve,#REF!,60400
Keom Cho 38,Indian Reserve,#REF!,60060
Ketoneda 7,Indian Reserve,#REF!,65328
Kis-an-usko 7,Indian Reserve,#REF!,65158
Kisgegas,Indian Reserve,#REF!,65181
Kispiox,Community,#REF!,4594
Kispiox 1,Indian Reserve,#REF!,63561
Kitsault,Community,#REF!,38020
Kitseguecla,Community,#REF!,4615
Kitselas 1,Indian Reserve,#REF!,65337
Kits-ka-haws 6,Indian Reserve,#REF!,65168
Kitsumkalum,Community,#REF!,35442
Kitsumkaylum 1,Indian Reserve,#REF!,65330
Kitwanga,Community,#REF!,38019
Klagookchew 9,Indian Reserve,#REF!,65822
Klakelse 86,Indian Reserve,#REF!,64776
Knames 45,Indian Reserve,#REF!,64764
Knames 46,Indian Reserve,#REF!,64757
Knapp Lake 6,Indian Reserve,#REF!,64807
Koonwats 7,Indian Reserve,#REF!,65167
Kotsine (Skutsil) 2,Indian Reserve,#REF!,64883
Ksadagamks 43,Indian Reserve,#REF!,64762
Ksadsks 44,Indian Reserve,#REF!,64763
Ksames 85,Indian Reserve,#REF!,64775
'Ksan,Locality,#REF!,6289
Kshish 4,Indian Reserve,#REF!,65332
Kshish 4B,Indian Reserve,#REF!,65335
Ksoo-gun-ya 2A,Indian Reserve,#REF!,65170
Kstus 83,Indian Reserve,#REF!,64786
Kstus 84,Indian Reserve,#REF!,64785
Kuldo,Community,#REF!,6297
Kuldoe 1,Indian Reserve,#REF!,65154
Kulspai 6,Indian Reserve,#REF!,65329
Kuz Che 5,Indian Reserve,#REF!,64890
Kwa-tsa-lix 4,Indian Reserve,#REF!,65166
La Tse Cho Diz I 33,Indian Reserve,#REF!,60024
Lake Kathlyn,Locality,#REF!,7368
Lakelse 25,Indian Reserve,#REF!,64731
Lakelse Lake,Community,#REF!,35474
Laketown 3,Indian Reserve,#REF!,64927
Lakgeas 87,Indian Reserve,#REF!,64773
Laxgalts'ap,Community,#REF!,53994
Lejac,Locality,#REF!,933
Leo Creek,Community,#REF!,961
Leon 14,Indian Reserve,#REF!,64809
Lhoh Cho 29,Indian Reserve,#REF!,60073
Lily Lake,Locality,#REF!,1852
Maklaksadagmaks 41,Indian Reserve,#REF!,64752
Maklaksadagmaks 42,Indian Reserve,#REF!,64761
Manson Creek,Locality,#REF!,27186
Mapes,Locality,#REF!,4740
Marilla,Locality,#REF!,5592
Maxan Creek 5,Indian Reserve,#REF!,65840
Maxan Lake 3,Indian Reserve,#REF!,65844
Maxan Lake 4,Indian Reserve,#REF!,65824
McDonalds Landing,Locality,#REF!,16355
Metso A Choot 23,Indian Reserve,#REF!,60079
Me-yan-law 47,Indian Reserve,#REF!,64758
Michell Pierre 12,Indian Reserve,#REF!,64836
Middle River,Community,#REF!,23567
Mill Bay,Locality,#REF!,36156
Mission Lands 17,Indian Reserve,#REF!,62101
Miworth,Community,#REF!,24731
Moricetown,Locality,#REF!,8131
Moricetown 1,Indian Reserve,#REF!,65163
Mud River,Locality,#REF!,8241
Murray Lake 4,Indian Reserve,#REF!,64806
Nahlquonate 2,Indian Reserve,#REF!,64555
Nak'a Lat 39,Indian Reserve,#REF!,60020
Nak'azdli,Indian Reserve,#REF!,66045
Nan Tl'At 13,Indian Reserve,#REF!,64940
Nass Camp,Community,#REF!,36865
Natazutlooh 25,Indian Reserve,#REF!,60064
Nautley (Fort Fraser) 1,Indian Reserve,#REF!,64851
Nedoats 11,Indian Reserve,#REF!,64835
Nedoats 13,Indian Reserve,#REF!,64833
Nehounlee Lake 13,Indian Reserve,#REF!,64864
Ne-tsaw-greece 10,Indian Reserve,#REF!,64838
New Aiyansh,Community,#REF!,36874
New Gitsegukla 2,Indian Reserve,#REF!,65809
New Hazelton,District Municipality,#REF!,14235
No-Cut 5,Indian Reserve,#REF!,64842
Noo Kat 42,Indian Reserve,#REF!,60069
Noonla 6,Indian Reserve,#REF!,64930
Noralee,Locality,#REF!,27197
North Bulkley,Community,#REF!,17059
North Nechako,Community,#REF!,17110
North Road 19,Indian Reserve,#REF!,60061
North Tacla Lake (Bates Creek) 10,Indian Reserve,#REF!,64892
North Tacla Lake (North End Meadow) 11A,Indian Reserve,#REF!,64905
North Tacla Lake (West Landing) 8,Indian Reserve,#REF!,64894
North Tacla Lake 12,Indian Reserve,#REF!,64904
North Tacla Lake 7,Indian Reserve,#REF!,64896
North Tacla Lake 7A,Indian Reserve,#REF!,64893
Nukko Lake,Community,#REF!,17850
Nulki,Locality,#REF!,38381
O K'Ay Wha Cho 26,Indian Reserve,#REF!,60161
Old Country Meadow 4,Indian Reserve,#REF!,64928
Old Fort,Locality,#REF!,18632
Old Hogem,Locality,#REF!,18640
Old Remo,Locality,#REF!,18646
Omineca 1,Indian Reserve,#REF!,64920
Ootsa Lake,Locality,#REF!,25708
Ormonde Creek 8,Indian Reserve,#REF!,64846
Oschawwinna 3,Indian Reserve,#REF!,65142
Otway,Community,#REF!,15109
Palling,Community,#REF!,15231
Palling 1,Indian Reserve,#REF!,65849
Pendleton Bay,Locality,#REF!,63921
Perow,Community,#REF!,38781
Pinchi,Locality,#REF!,16804
Pinchi Lake,Locality,#REF!,40789
Pineview,Community,#REF!,16834
Pinkut Lake 23,Indian Reserve,#REF!,63901
Poison Creek 17,Indian Reserve,#REF!,64814
Poison Creek 17A,Indian Reserve,#REF!,64816
Prairiedale,Locality,#REF!,54795
Prince George,City,#REF!,21226
Psacelay 77,Indian Reserve,#REF!,64784
Punchaw,Locality,#REF!,24071
Quan-skum-ksin-mich-mich 4,Indian Reserve,#REF!,65157
Quick,Community,#REF!,22309
Red Bluff 88,Indian Reserve,#REF!,64774
Red Rock,Community,#REF!,22261
Red Rose,Locality,#REF!,37439
Reid Lake,Community,#REF!,18952
Remo,Community,#REF!,18966
Rose Lake,Community,#REF!,21815
Rosswood,Locality,#REF!,27602
Round Lake,Locality,#REF!,21888
Sackanitecla 2,Indian Reserve,#REF!,64918
Salaquo 4,Indian Reserve,#REF!,64800
Salmon Valley,Community,#REF!,13645
Seaspunkut 4,Indian Reserve,#REF!,64848
Seymour Lake,Locality,#REF!,15304
Shady Valley,Community,#REF!,15321
Shas Dzuhl Koh 35,Indian Reserve,#REF!,60080
Sheraton,Community,#REF!,16265
Sheraton Creek 19,Indian Reserve,#REF!,64818
Sidina 6,Indian Reserve,#REF!,65159
Sik-e-dakh 2,Indian Reserve,#REF!,65179
Sinkut Lake 8,Indian Reserve,#REF!,64924
Sinkut River,Locality,#REF!,38829
Sisul Tl'o K'ut 14,Indian Reserve,#REF!,60067
Sisul Tl'o K'ut 21,Indian Reserve,#REF!,60066
Six Mile Meadow 6,Indian Reserve,#REF!,65804
Skeena Crossing,Locality,#REF!,21473
Skin Lake 15,Indian Reserve,#REF!,64858
Skins Lake 16A,Indian Reserve,#REF!,64859
Skins Lake 16B,Indian Reserve,#REF!,64919
Skooby Island 48,Indian Reserve,#REF!,60021
Smithers,Town,#REF!,21687
South Fort George,Community,#REF!,20669
South Hazelton,Community,#REF!,20681
Southbank,Community,#REF!,20648
Sowchea 3,Indian Reserve,#REF!,64870
Sowchea 3A,Indian Reserve,#REF!,64869
Squin-Lix-Stat 3,Indian Reserve,#REF!,66001
Stellako,Community,#REF!,7759
Stellaquo (Stella) 1,Indian Reserve,#REF!,64916
Stoner,Community,#REF!,37819
Stony Creek 1,Indian Reserve,#REF!,64917
Streatham,Locality,#REF!,8710
Stuart Lake (Dunah Island) 10,Indian Reserve,#REF!,64868
Stuart Lake (Hungry Island) 9,Indian Reserve,#REF!,65806
Sunnyside,Community,#REF!,13966
Ta Duhl' 36,Indian Reserve,#REF!,60006
Tache 1,Indian Reserve,#REF!,64936
Tachie,Community,#REF!,16733
Tacla Lake (Ferry Landing) 9,Indian Reserve,#REF!,64891
Tadinlay 15,Indian Reserve,#REF!,64831
Tahlo Lake 24,Indian Reserve,#REF!,65788
Takla Landing,Locality,#REF!,38423
Takysie Lake,Locality,#REF!,17576
Tanizul 43,Indian Reserve,#REF!,60082
Targe Creek 15,Indian Reserve,#REF!,64810
Tatalrose,Locality,#REF!,17668
Tatla West 11,Indian Reserve,#REF!,65846
Tatla't East 2,Indian Reserve,#REF!,65825
Tatlow,Locality,#REF!,18478
Tatsadah Lake 14,Indian Reserve,#REF!,65792
Tatselawas (Stuart River) 2,Indian Reserve,#REF!,65808
Tatuk Lake 7,Indian Reserve,#REF!,64923
Tchesinkut Lake,Community,#REF!,18543
Teeslee 15,Indian Reserve,#REF!,64941
Teh Noo'n Che 49,Indian Reserve,#REF!,60089
Telachick,Locality,#REF!,18587
Telkwa,Village,#REF!,18602
Terrace,City,#REF!,27511
Tes Gha La 7A,Indian Reserve,#REF!,64933
Tetachuk,Locality,#REF!,54790
Thornhill,Community,#REF!,27516
Tintagel,Community,#REF!,19966
Tl'o Ba 22,Indian Reserve,#REF!,60065
Topley,Community,#REF!,20985
Topley Landing,Community,#REF!,20984
Tsak 9,Indian Reserve,#REF!,64837
Tsay Cho 4,Indian Reserve,#REF!,64889
Tsaz Chech 27,Indian Reserve,#REF!,60062
Tsaz Chech 28,Indian Reserve,#REF!,60063
Tsaz Cheh Koh 24,Indian Reserve,#REF!,60076
Tse Bay Ha Tine A 34,Indian Reserve,#REF!,60022
Tsemknawalqan 79,Indian Reserve,#REF!,64782
Tsichgass 10,Indian Reserve,#REF!,65847
Tsitsk 3,Indian Reserve,#REF!,65182
Tsun Tine Ah 37,Indian Reserve,#REF!,60077
Tum-bah 5,Indian Reserve,#REF!,65165
Two Mile,Community,#REF!,25157
Ucausley 16,Indian Reserve,#REF!,64937
Ulkah 3,Indian Reserve,#REF!,67908
Ulkatcho 5,Indian Reserve,#REF!,65105
Ulkatcho 6,Indian Reserve,#REF!,65108
Umliisle 4,Indian Reserve,#REF!,67911
Uncha Lake 13A,Indian Reserve,#REF!,64856
Usk,Community,#REF!,35365
Uzta (Nahounli Creek) 4,Indian Reserve,#REF!,65837
Uzta (Nahounli Creek) 7A,Indian Reserve,#REF!,65838
Vanderhoof,District Municipality,#REF!,38682
Vanway,Community,#REF!,24346
Waulp 10,Indian Reserve,#REF!,65155
Weneez,Locality,#REF!,20134
West Landing,Locality,#REF!,20194
Western Island 14,Indian Reserve,#REF!,64857
Wet'suwet'en Village,Community,#REF!,54808
Wha T'a Noo 40,Indian Reserve,#REF!,60071
Wiley,Community,#REF!,40943
Williams Prairie Meadow 1A,Indian Reserve,#REF!,65807
Willowvale,Locality,#REF!,23059
Wistaria,Locality,#REF!,23172
Woodcock,Locality,#REF!,35615
Woodmere,Locality,#REF!,23993
Woodpecker,Community,#REF!,38029
Woyenne 27,Indian Reserve,#REF!,64882
Ye Koo Che 3,Indian Reserve,#REF!,64938
Ye Koos Lee 11,Indian Reserve,#REF!,64946
Yekooche,Locality,#REF!,53209
Yensischuck 3,Indian Reserve,#REF!,64849
Zaimoetz 5,Indian Reserve,#REF!,65334
Zimagord 3,Indian Reserve,#REF!,65331
Aglakumna 4A,Indian Reserve,#REF!,65607
Aglakumna-la 2,Indian Reserve,#REF!,65473
Ahnuhati 6,Indian Reserve,#REF!,65462
Ahta 3,Indian Reserve,#REF!,65363
Ain 6,Indian Reserve,#REF!,64695
Alalco 8,Indian Reserve,#REF!,65367
Alder Creek 70,Indian Reserve,#REF!,64791
Alert Bay,Village,#REF!,22627
Alert Bay 1,Indian Reserve,#REF!,65417
Alert Bay 1A,Indian Reserve,#REF!,65416
Ann Island 7,Indian Reserve,#REF!,65370
Apsagayu 1A,Indian Reserve,#REF!,65504
Ar-ce-wy-ee 4,Indian Reserve,#REF!,65429
Atluck,Community,#REF!,22672
Atnarko,Locality,#REF!,9836
Avery Island 92,Indian Reserve,#REF!,64727
Bat-l-ki 3,Indian Reserve,#REF!,65477
Beaver Cove,Community,#REF!,38117
Bees 6,Indian Reserve,#REF!,65829
Bella Bella 1,Indian Reserve,#REF!,64912
Bella Coola,Community,#REF!,3350
Bella Coola 1,Indian Reserve,#REF!,64995
Benson Lake,Locality,#REF!,22725
Bill Lake 37,Indian Reserve,#REF!,64749
Birnie Island 18,Indian Reserve,#REF!,64703
Black Slate 11,Indian Reserve,#REF!,64769
Burnt Cliff Islands 20,Indian Reserve,#REF!,64717
Campbell Island,Community,#REF!,29034
Canoona 2,Indian Reserve,#REF!,65047
Carm Creek 38,Indian Reserve,#REF!,64750
Channel Islands 33,Indian Reserve,#REF!,65699
Charles Creek 2,Indian Reserve,#REF!,65476
Chatscah 2,Indian Reserve,#REF!,64999
Ches-la-kee 3,Indian Reserve,#REF!,65426
Citeyats 9,Indian Reserve,#REF!,65411
Clatse 5,Indian Reserve,#REF!,64907
Clowel 13,Indian Reserve,#REF!,65399
Coal Harbour,Community,#REF!,24825
Cockmi 3,Indian Reserve,#REF!,64424
Coffin Island 3,Indian Reserve,#REF!,65470
Cohoe Point 20,Indian Reserve,#REF!,64678
Compton Island 6,Indian Reserve,#REF!,65507
Crab River (Crab Harbour) 18,Indian Reserve,#REF!,65391
Cracroft,Locality,#REF!,25433
Cumshewa,Locality,#REF!,29718
Cumshewas 7,Indian Reserve,#REF!,64765
Dadens,Locality,#REF!,56737
Dakiulis 7,Indian Reserve,#REF!,65361
Daningay 12,Indian Reserve,#REF!,64701
Dashken 22,Indian Reserve,#REF!,64721
Dawsons Landing,Locality,#REF!,26802
Dead Point 5,Indian Reserve,#REF!,65463
Dedagaus 8,Indian Reserve,#REF!,65374
Deena 3,Indian Reserve,#REF!,64777
Delkatla,Community,#REF!,37729
Dil-ma-sow 5,Indian Reserve,#REF!,65044
Dodge Cove,Community,#REF!,57860
Dolphin Island 1,Indian Reserve,#REF!,65396
Dove Island 12,Indian Reserve,#REF!,65500
Dug-da-myse 12,Indian Reserve,#REF!,65364
Dundas Island 32B,Indian Reserve,#REF!,64753
Echo Bay,Locality,#REF!,26059
Edye 93,Indian Reserve,#REF!,64728
Egeria Bay 19,Indian Reserve,#REF!,63581
Elcho 6,Indian Reserve,#REF!,63861
Ensheshese 13,Indian Reserve,#REF!,64708
Ensheshese 53,Indian Reserve,#REF!,64739
Far West Point 34,Indian Reserve,#REF!,64754
Finlayson Island 19,Indian Reserve,#REF!,64702
Firvale,Community,#REF!,12776
Fort Rupert,Community,#REF!,26140
Fort Rupert 1,Indian Reserve,#REF!,65359
Freda Point 4,Indian Reserve,#REF!,65464
Gander Island 14,Indian Reserve,#REF!,65388
Georgetown Mills,Locality,#REF!,36736
Gill Island 2,Indian Reserve,#REF!,65315
Giltoyees 13,Indian Reserve,#REF!,65830
Gleyka 6,Indian Reserve,#REF!,65496
Goo-ewe 8,Indian Reserve,#REF!,65070
Grassy Islet 2,Indian Reserve,#REF!,63283
Gribble Island 10,Indian Reserve,#REF!,65312
Grief Island 2,Indian Reserve,#REF!,64989
Guoyskun 22,Indian Reserve,#REF!,64679
Gwayasdums 1,Indian Reserve,#REF!,65365
Hagensborg,Community,#REF!,5189
Haina,Locality,#REF!,29087
Halowis 5,Indian Reserve,#REF!,65488
Hartley Bay,Community,#REF!,36221
Haylahte 3,Indian Reserve,#REF!,65606
Health Bay,Locality,#REF!,27058
Henderson's Ranch 11,Indian Reserve,#REF!,65394
Hiellen 2,Indian Reserve,#REF!,64691
Hippa,Locality,#REF!,29324
Hoonees 2,Indian Reserve,#REF!,64910
Hopetown,Community,#REF!,39896
Hopetown 10A,Indian Reserve,#REF!,65498
Howeet 8,Indian Reserve,#REF!,64980
Hunts Inlet,Locality,#REF!,36311
Hyde Creek,Community,#REF!,38202
Iakgwas 69,Indian Reserve,#REF!,64792
Iakvas 68,Indian Reserve,#REF!,64743
Imkusiyan 65,Indian Reserve,#REF!,64741
Island 14A,Indian Reserve,#REF!,64987
Ja We Yah's 99,Indian Reserve,#REF!,59980
Jalun 14,Indian Reserve,#REF!,64672
Jugwees (Minette Bay) 5,Indian Reserve,#REF!,65828
Juskatla,Community,#REF!,27927
Kadis 11,Indian Reserve,#REF!,65499
Kahas 7,Indian Reserve,#REF!,65307
Kaisun,Locality,#REF!,27936
Kai-too-kwis 15,Indian Reserve,#REF!,65483
Kajustus 10,Indian Reserve,#REF!,64982
Kakweken 4,Indian Reserve,#REF!,65360
Karlukwees 1,Indian Reserve,#REF!,65817
Kasika 36,Indian Reserve,#REF!,64756
Kasika 71,Indian Reserve,#REF!,64790
Kasika 72,Indian Reserve,#REF!,64789
Kasiks River 29,Indian Reserve,#REF!,64713
Kaste 6,Indian Reserve,#REF!,64768
Kateen River 39,Indian Reserve,#REF!,64751
Katit 1,Indian Reserve,#REF!,64423
Kawages 4,Indian Reserve,#REF!,65474
Kayel 8,Indian Reserve,#REF!,65310
Kdad-eesh 4,Indian Reserve,#REF!,65041
Keecekiltum 2,Indian Reserve,#REF!,65605
Keecha 11,Indian Reserve,#REF!,65401
Kemano,Community,#REF!,3166
Kemano 17,Indian Reserve,#REF!,65392
Kemsquit 1,Indian Reserve,#REF!,64996
Keogh 2,Indian Reserve,#REF!,65466
Keogh 3,Indian Reserve,#REF!,65492
Keogh 6,Indian Reserve,#REF!,65383
Kequesta 1,Indian Reserve,#REF!,65381
Keswar 16,Indian Reserve,#REF!,65398
Ketai 28,Indian Reserve,#REF!,64714
Keyarka 17,Indian Reserve,#REF!,65403
Khazisela 7,Indian Reserve,#REF!,65375
Khrana 4,Indian Reserve,#REF!,64778
Khtahda 10,Indian Reserve,#REF!,64722
Khutzemateen 49,Indian Reserve,#REF!,64760
Khyex 8,Indian Reserve,#REF!,64725
Kildala River (Thala) 10,Indian Reserve,#REF!,63781
Kiltala 2,Indian Reserve,#REF!,64426
Kimsquit,Locality,#REF!,4519
Kingcome,Locality,#REF!,25614
Kingcome Inlet,Locality,#REF!,25616
Kinmakanksk 6,Indian Reserve,#REF!,65043
Kioosta 15,Indian Reserve,#REF!,64675
Kippase 2,Indian Reserve,#REF!,65356
Kisameet 7,Indian Reserve,#REF!,64979
Kitamaat 1,Indian Reserve,#REF!,65816
Kitamaat 2,Indian Reserve,#REF!,65815
Kitamaat Village,Community,#REF!,38016
Kitasa 7,Indian Reserve,#REF!,65814
Kitasoo 1,Indian Reserve,#REF!,65048
Kitimat,District Municipality,#REF!,36122
Kitkahta 1,Indian Reserve,#REF!,65316
Kitkatla,Community,#REF!,38644
Kitlawaoo 10,Indian Reserve,#REF!,65412
Kitlope 16,Indian Reserve,#REF!,63621
Kitsemenlagan 19,Indian Reserve,#REF!,65336
Kitsemenlagan 19A,Indian Reserve,#REF!,65402
Kiusta,Locality,#REF!,35446
Klapthlon 5,Indian Reserve,#REF!,65395
Klapthlon 5A,Indian Reserve,#REF!,65407
Klemtu,Community,#REF!,28410
Klickseewy 7,Indian Reserve,#REF!,65384
'Kluémt 15,Indian Reserve,#REF!,59982
Knamadeek 52,Indian Reserve,#REF!,64740
Knokmolks 67,Indian Reserve,#REF!,64744
Kokish,Community,#REF!,25640
Ko-kwi-iss 14,Indian Reserve,#REF!,65480
Kokyet 1,Indian Reserve,#REF!,64988
Kooryet 12,Indian Reserve,#REF!,65410
Koqui 6,Indian Reserve,#REF!,64993
Kose 9,Indian Reserve,#REF!,64698
Ksabasn 50,Indian Reserve,#REF!,64738
Ksagwisgwas 62,Indian Reserve,#REF!,64748
Ksagwisgwas 63,Indian Reserve,#REF!,64747
Kshaoom 23,Indian Reserve,#REF!,64718
Ksui-la-das 6,Indian Reserve,#REF!,65423
Ktamgaodzen 51,Indian Reserve,#REF!,64737
Kuaste (Mud Bay)(Kildala Arm) 8,Indian Reserve,#REF!,63821
Kukwapa 5,Indian Reserve,#REF!,65475
Kul 18,Indian Reserve,#REF!,65404
Kuldekduma 7,Indian Reserve,#REF!,65422
Kulkayu (Hartley Bay) 4,Indian Reserve,#REF!,65813
Kulkayu (Hartley Bay) 4A,Indian Reserve,#REF!,65686
Kultah 4,Indian Reserve,#REF!,65450
Kumowdah 3,Indian Reserve,#REF!,65397
Kung,Locality,#REF!,35834
Kung 11,Indian Reserve,#REF!,64700
Kunhunoan 13,Indian Reserve,#REF!,65313
Kunsoot 9,Indian Reserve,#REF!,64981
Kunstamis 2,Indian Reserve,#REF!,65490
Kunstamis 2A,Indian Reserve,#REF!,65493
Kuthlo 18,Indian Reserve,#REF!,65485
Kwatlena 4,Indian Reserve,#REF!,64997
Kwatse 3,Indian Reserve,#REF!,65467
Kwetahkis 9,Indian Reserve,#REF!,65373
Kyarti 3,Indian Reserve,#REF!,64990
Kyex 64,Indian Reserve,#REF!,64742
Kye-yaa-la 1,Indian Reserve,#REF!,65369
Kyidagwis 2,Indian Reserve,#REF!,65366
Kyimla 11,Indian Reserve,#REF!,65358
Lachkul-jeets 6,Indian Reserve,#REF!,65308
Lachmach 16,Indian Reserve,#REF!,64705
Lackzuswadda 9,Indian Reserve,#REF!,65309
Lagins 5,Indian Reserve,#REF!,64767
Lanas 4,Indian Reserve,#REF!,64693
Lattkaloup 9,Indian Reserve,#REF!,65071
Lawanth 5,Indian Reserve,#REF!,65495
Lawnhill,Locality,#REF!,28799
Lax Kw'alaams,Community,#REF!,39283
Lax Kw'alaams 1,Indian Reserve,#REF!,65600
Lockeport,Locality,#REF!,29592
Maganktoon 56,Indian Reserve,#REF!,64733
Magwekstala 10,Indian Reserve,#REF!,65497
Mahmalillikullah 1,Indian Reserve,#REF!,65503
Mahpahkum 4,Indian Reserve,#REF!,65378
Malcolm Island 8,Indian Reserve,#REF!,65382
Mammin River 25,Indian Reserve,#REF!,64684
Maple Point 11,Indian Reserve,#REF!,65311
Maquazneecht Island 17,Indian Reserve,#REF!,65454
Mary Cove 12,Indian Reserve,#REF!,65066
Masset,Village,#REF!,35755
Masset 1,Indian Reserve,#REF!,64690
Matsqui 4,Indian Reserve,#REF!,64414
Meagwan 8,Indian Reserve,#REF!,64697
Meanlaw 24,Indian Reserve,#REF!,64719
Meem Quam Leese,Locality,#REF!,54300
Meetup 2,Indian Reserve,#REF!,65362
Metlakatla,Community,#REF!,35797
Meyanlow 58,Indian Reserve,#REF!,64735
Minstrel Island,Community,#REF!,25828
Misgatlee 14,Indian Reserve,#REF!,65812
Mitchell Bay,Locality,#REF!,38231
Naden 10,Indian Reserve,#REF!,64699
Naden 23,Indian Reserve,#REF!,64682
Na-kwockto 2,Indian Reserve,#REF!,65380
Namu,Locality,#REF!,26635
Nathlegalis 3,Indian Reserve,#REF!,65486
Ndakdolk 54,Indian Reserve,#REF!,64734
Nechako,Urban Community,#REF!,38629
Neekas 4,Indian Reserve,#REF!,64991
Nekite 2,Indian Reserve,#REF!,65487
New Clew,Locality,#REF!,30190
New Clew 10,Indian Reserve,#REF!,64772
Nimpkish,Community,#REF!,24128
Nimpkish 2,Indian Reserve,#REF!,65427
Nimpkish Heights,Locality,#REF!,38243
Ninstints,Locality,#REF!,30207
Nishanocknawnak 35,Indian Reserve,#REF!,64755
Nooseseck 2,Indian Reserve,#REF!,65777
Noota 4,Indian Reserve,#REF!,64908
Oatswish 13,Indian Reserve,#REF!,65067
Ocean Falls,Community,#REF!,17918
Old Bella Bella,Community,#REF!,40476
Old Massett,Community,#REF!,41181
Oona River,Locality,#REF!,30298
Osland,Locality,#REF!,36922
O-tsaw-las 5,Indian Reserve,#REF!,65428
Oweekeno,First Nation Village,#REF!,54165
Owh-wis-too-a-wan 10,Indian Reserve,#REF!,65372
Owun 24,Indian Reserve,#REF!,64681
Pa-aat 6,Indian Reserve,#REF!,65408
Pahas 3,Indian Reserve,#REF!,65379
Pel-looth'l kai 17,Indian Reserve,#REF!,65780
Peneece 11,Indian Reserve,#REF!,65479
Pitt Island 27,Indian Reserve,#REF!,64715
Pole Island 14,Indian Reserve,#REF!,64986
Porcher Island,Locality,#REF!,37003
Port Clements,Village,#REF!,38419
Port Edward,District Municipality,#REF!,37008
Port Essington,Community,#REF!,27590
Port Essington,Indian Reserve,#REF!,65325
Port Hardy,District Municipality,#REF!,26513
Port McNeill,Town,#REF!,27217
Prince Leboo Island 32,Indian Reserve,#REF!,64711
Prince Rupert,City,#REF!,37023
Quaal 3,Indian Reserve,#REF!,65318
Quaal 3A,Indian Reserve,#REF!,65317
Quaee 7,Indian Reserve,#REF!,65472
Quartcha 3,Indian Reserve,#REF!,64909
Quatsino Subdivision 18,Indian Reserve,#REF!,65468
Quattishe 1,Indian Reserve,#REF!,65453
Quay 4,Indian Reserve,#REF!,65494
Quckwa 7,Indian Reserve,#REF!,65069
"Queen Charlotte, Village of",Village,#REF!,57780
Rose Harbour,Locality,#REF!,30777
Rushton Island 90,Indian Reserve,#REF!,64729
Rykerts,Locality,#REF!,22839
S1/2 Tsimpsean 2,Indian Reserve,#REF!,60480
Saagoombahlah 6,Indian Reserve,#REF!,65376
Saint Joe 10,Indian Reserve,#REF!,65072
Salvus 26,Indian Reserve,#REF!,64716
Sand Island 4,Indian Reserve,#REF!,65409
Sandspit,Community,#REF!,30348
Saouchten 18,Indian Reserve,#REF!,64676
Satunquin 5,Indian Reserve,#REF!,64694
Scott Cove,Locality,#REF!,39684
Scuttsap 11,Indian Reserve,#REF!,64723
Scuttsap 11A,Indian Reserve,#REF!,64726
Sewall,Locality,#REF!,30637
Sewell Inlet,Community,#REF!,30640
Shannon Bay,Locality,#REF!,30788
Shawl Bay,Locality,#REF!,39768
Shearwater,Locality,#REF!,40848
Sheganny 14,Indian Reserve,#REF!,65400
Shell Island 3,Indian Reserve,#REF!,65357
Shoowahtlans (Shawtlans) 4,Indian Reserve,#REF!,64724
Sim Creek 5,Indian Reserve,#REF!,65465
Skaigha 2,Indian Reserve,#REF!,64780
Skedance 8,Indian Reserve,#REF!,64766
Skedans,Locality,#REF!,31122
Skidegate,Community,#REF!,53254
Skidegate 1,Indian Reserve,#REF!,64779
Skidegate Landing,Locality,#REF!,40863
Skilak 14,Indian Reserve,#REF!,65068
Skowquiltz River 3,Indian Reserve,#REF!,64998
Small Island 4,Indian Reserve,#REF!,65471
Sointula,Community,#REF!,38266
South Bentinck,Locality,#REF!,40872
Spakels 17,Indian Reserve,#REF!,64704
Spanaknok 57,Indian Reserve,#REF!,64736
Spayaks 60,Indian Reserve,#REF!,64746
Spokwan 48,Indian Reserve,#REF!,64759
Squaderee 91,Indian Reserve,#REF!,64730
Stuie,Community,#REF!,8740
Sullivan Bay,Locality,#REF!,24516
Susk 17,Indian Reserve,#REF!,64677
Ta-a-ack 5,Indian Reserve,#REF!,65377
Tahla (Kildala) 4,Indian Reserve,#REF!,63841
Taleomy 3,Indian Reserve,#REF!,64994
Tallheo,Locality,#REF!,17594
Tankeah 5,Indian Reserve,#REF!,64992
Tanoo 9,Indian Reserve,#REF!,64771
Tanu,Locality,#REF!,30887
Tatense 16,Indian Reserve,#REF!,64674
Tcimotf 1A,Indian Reserve,#REF!,64911
Telegraph Cove,Locality,#REF!,38277
Thomas Point 5,Indian Reserve,#REF!,65386
Thomas Point 5A,Indian Reserve,#REF!,65385
Thompson Sound,Locality,#REF!,15784
Thurston Harbour,Locality,#REF!,31251
Tiahn 27,Indian Reserve,#REF!,64683
Tlaa Gaa Aawtlaas 28,Indian Reserve,#REF!,60432
Tlell,Community,#REF!,31382
Toksee 4,Indian Reserve,#REF!,65489
Toon 15,Indian Reserve,#REF!,64706
Toowartz 8,Indian Reserve,#REF!,65406
Tosehka (Eagle Bay) 12,Indian Reserve,#REF!,65393
Tsai-kwi-ee 13,Indian Reserve,#REF!,65481
Tsawwati 1,Indian Reserve,#REF!,65469
Tseetsum-Sawlasilah 6,Indian Reserve,#REF!,65491
Tsimlairen 15,Indian Reserve,#REF!,65405
Tsimtack 7,Indian Reserve,#REF!,65413
Tsulquate 4,Indian Reserve,#REF!,65387
Tuck Inlet 89,Indian Reserve,#REF!,64732
Tugwell Island 21,Indian Reserve,#REF!,64720
Turtle Point 12,Indian Reserve,#REF!,65314
Tymgowzan 12,Indian Reserve,#REF!,64709
Ulthakoush 11,Indian Reserve,#REF!,65065
Union Bay 31,Indian Reserve,#REF!,64712
Walden 9,Indian Reserve,#REF!,59981
Walth 3,Indian Reserve,#REF!,65835
Warner Bay,Locality,#REF!,26903
Waump 16,Indian Reserve,#REF!,65482
Wawwat'l 12,Indian Reserve,#REF!,65478
Wazulis 14,Indian Reserve,#REF!,60461
Weeteeam 3,Indian Reserve,#REF!,65042
Weewanie,Locality,#REF!,27622
Wekellals 15,Indian Reserve,#REF!,65784
Werkinellek 11,Indian Reserve,#REF!,64983
Wilnaskancaud 3,Indian Reserve,#REF!,64685
Wilskaskammel 14,Indian Reserve,#REF!,64707
Woss,Community,#REF!,25553
Wudzimagon 61,Indian Reserve,#REF!,64745
Wyclese 1,Indian Reserve,#REF!,65484
Yagan 3,Indian Reserve,#REF!,64692
Yaku,Locality,#REF!,35626
Yan 7,Indian Reserve,#REF!,64696
Yasitkun 21,Indian Reserve,#REF!,64680
Yatze 13,Indian Reserve,#REF!,64673
Yellertlee 12,Indian Reserve,#REF!,64984
Yeo Island 13,Indian Reserve,#REF!,64985
Zayas Island 32A,Indian Reserve,#REF!,64710
100 Mile House,District Municipality,#REF!,30137
105 Mile House,Locality,#REF!,40759
108 Mile Ranch,Community,#REF!,40755
111 Mile House,Locality,#REF!,30140
114 Mile House,Locality,#REF!,30142
122 Mile House,Locality,#REF!,40768
127 Mile House,Locality,#REF!,40767
141 Mile House,Community,#REF!,40763
150 Mile House,Community,#REF!,40758
93 Mile,Community,#REF!,30205
Abuntlet Lake 4,Indian Reserve,#REF!,65106
Agats Meadow 8,Indian Reserve,#REF!,64652
Alexandria,Community,#REF!,754
Alexandria 1,Indian Reserve,#REF!,64665
Alexandria 10,Indian Reserve,#REF!,64646
Alexandria 11,Indian Reserve,#REF!,64647
Alexandria 12,Indian Reserve,#REF!,64645
Alexandria 1A,Indian Reserve,#REF!,59985
Alexandria 3,Indian Reserve,#REF!,64671
Alexandria 3A,Indian Reserve,#REF!,64670
Alexis Creek,Community,#REF!,759
Alexis Creek 12,Indian Reserve,#REF!,64440
Alexis Creek 13,Indian Reserve,#REF!,64438
Alexis Creek 14,Indian Reserve,#REF!,64439
Alexis Creek 15,Indian Reserve,#REF!,64444
Alexis Creek 16,Indian Reserve,#REF!,64445
Alexis Creek 17,Indian Reserve,#REF!,64442
Alexis Creek 18,Indian Reserve,#REF!,64443
Alexis Creek 20,Indian Reserve,#REF!,64449
Alexis Creek 21,Indian Reserve,#REF!,64446
Alexis Creek 22,Indian Reserve,#REF!,64447
Alexis Creek 23,Indian Reserve,#REF!,64455
Alexis Creek 24,Indian Reserve,#REF!,64454
Alexis Creek 25,Indian Reserve,#REF!,64457
Alexis Creek 26,Indian Reserve,#REF!,64456
Alexis Creek 27,Indian Reserve,#REF!,64451
Alexis Creek 28,Indian Reserve,#REF!,64450
Alexis Creek 29,Indian Reserve,#REF!,64453
Alexis Creek 30,Indian Reserve,#REF!,64452
Alexis Creek 31,Indian Reserve,#REF!,64463
Alexis Creek 32,Indian Reserve,#REF!,64462
Alexis Creek 33,Indian Reserve,#REF!,64465
Alexis Creek 34,Indian Reserve,#REF!,64464
Alexis Creek 35,Indian Reserve,#REF!,64458
Alexis Creek 6,Indian Reserve,#REF!,64654
Alixton 5,Indian Reserve,#REF!,64472
Alkali Lake,Community,#REF!,27787
Alkali Lake 1,Indian Reserve,#REF!,64459
Alkali Lake 4A,Indian Reserve,#REF!,64471
Anahim 10,Indian Reserve,#REF!,64497
Anahim 11,Indian Reserve,#REF!,64492
Anahim 12,Indian Reserve,#REF!,64495
Anahim 13,Indian Reserve,#REF!,64490
Anahim 14,Indian Reserve,#REF!,64493
Anahim 15,Indian Reserve,#REF!,64505
Anahim 16,Indian Reserve,#REF!,64491
Anahim 17,Indian Reserve,#REF!,64503
Anahim 18,Indian Reserve,#REF!,64504
Anahim 3,Indian Reserve,#REF!,64484
Anahim 4,Indian Reserve,#REF!,64487
Anahim 5,Indian Reserve,#REF!,64482
Anahim 6,Indian Reserve,#REF!,64485
Anahim 7,Indian Reserve,#REF!,64496
Anahim 8,Indian Reserve,#REF!,64483
Anahim 9,Indian Reserve,#REF!,64494
Anahim Lake,Community,#REF!,1497
Anahim's Flat 1,Indian Reserve,#REF!,64488
Anahim's Meadow 2,Indian Reserve,#REF!,64486
Anahim's Meadow 2A,Indian Reserve,#REF!,64489
Andy Cahoose Meadow 16,Indian Reserve,#REF!,65133
Asahal Lake 2,Indian Reserve,#REF!,65121
Australian,Community,#REF!,10338
Baezaeko River 25,Indian Reserve,#REF!,64542
Baezaeko River 26,Indian Reserve,#REF!,64541
Baezaeko River 27,Indian Reserve,#REF!,64544
Baker Creek,Locality,#REF!,40032
Baptiste Meadow 2,Indian Reserve,#REF!,65116
Barkerville,Community,#REF!,11124
Barlow Creek,Community,#REF!,37830
Beaver Pass House,Locality,#REF!,2819
Becher House,Locality,#REF!,28279
Betty Creek 18,Indian Reserve,#REF!,65135
Big Creek,Locality,#REF!,34749
Big Joe's Meadow 7,Indian Reserve,#REF!,64643
Big Lake Ranch,Locality,#REF!,5030
Bishop Bluffs 10,Indian Reserve,#REF!,64519
Bishop Bluffs 5,Indian Reserve,#REF!,64514
Bishop Bluffs 6,Indian Reserve,#REF!,64515
Black Creek,Locality,#REF!,5646
Blackwater,Locality,#REF!,5710
Blackwater Meadow 11,Indian Reserve,#REF!,65112
Bouchie Lake,Community,#REF!,409
Bridge Lake,Community,#REF!,28715
Brigham Creek 3,Indian Reserve,#REF!,65025
Buffalo Creek,Community,#REF!,28985
Cahoose 10,Indian Reserve,#REF!,65109
Cahoose 12,Indian Reserve,#REF!,65111
Cahoose 8,Indian Reserve,#REF!,65107
Canim Lake,Community,#REF!,29173
Canim Lake 1,Indian Reserve,#REF!,64502
Canim Lake 2,Indian Reserve,#REF!,64501
Canim Lake 3,Indian Reserve,#REF!,65803
Canim Lake 4,Indian Reserve,#REF!,64499
Canim Lake 5,Indian Reserve,#REF!,64500
Canim Lake 6,Indian Reserve,#REF!,64498
Canoe Creek 3,Indian Reserve,#REF!,64512
Carpenter Mountain 15,Indian Reserve,#REF!,65127
Casimiel Meadows 15A,Indian Reserve,#REF!,65132
Castle Rock,Community,#REF!,38128
Charley Boy's Meadow 3,Indian Reserve,#REF!,64655
Charlotte Lake,Locality,#REF!,54701
Chezacut,Community,#REF!,5825
Chezacut Cemetery 5,Indian Reserve,#REF!,64653
Chief Morris 13,Indian Reserve,#REF!,64535
Chilanko Forks,Community,#REF!,37728
Chilco Lake 1,Indian Reserve,#REF!,65012
Chilco Lake 1A,Indian Reserve,#REF!,65011
Chilcotin Forest,Community,#REF!,38555
Chimney Creek 5,Indian Reserve,#REF!,65125
Cinema,Locality,#REF!,9896
Cluchuta Lake 10A,Indian Reserve,#REF!,64520
Cluchuta Lake 10B,Indian Reserve,#REF!,64521
Cludolicum 9,Indian Reserve,#REF!,64468
Cludolicum 9A,Indian Reserve,#REF!,64469
Coglistiko River 29,Indian Reserve,#REF!,64543
Coldspring House,Locality,#REF!,10818
Commodore Heights,Community,#REF!,41161
Cottonwood,Locality,#REF!,4018
Deep Creek 2,Indian Reserve,#REF!,65029
Deka Lake,Locality,#REF!,54040
Dog Creek,Community,#REF!,27729
Dog Creek,Community,#REF!,41164
Dog Creek 1,Indian Reserve,#REF!,64506
Dog Creek 2,Indian Reserve,#REF!,64525
Dog Creek 3,Indian Reserve,#REF!,64522
Dog Creek 4,Indian Reserve,#REF!,64524
Dragon Lake 3,Indian Reserve,#REF!,65034
Dugan Lake,Locality,#REF!,40327
Dunkley,Community,#REF!,15615
Eagle Creek,Community,#REF!,27990
Enterprise,Locality,#REF!,28222
Esler,Community,#REF!,41162
Euchinico Creek 17,Indian Reserve,#REF!,64531
Euchinico Creek 18,Indian Reserve,#REF!,64534
Euchinico Creek 19,Indian Reserve,#REF!,64533
Exeter,Locality,#REF!,28245
Fishpot Lake 24,Indian Reserve,#REF!,64540
Fishtrap 19,Indian Reserve,#REF!,59984
Five Mile 3,Indian Reserve,#REF!,65122
Forest Grove,Community,#REF!,28503
Freddie Charley Boy 7,Indian Reserve,#REF!,64686
Freddie's Meadow 8,Indian Reserve,#REF!,64640
Gang Ranch,Community,#REF!,28559
Garden 2,Indian Reserve,#REF!,65010
Garden 2A,Indian Reserve,#REF!,65039
Gateway,Community,#REF!,28567
Glendale,Community,#REF!,37644
Hanceville,Locality,#REF!,29106
Hay Ranch 2,Indian Reserve,#REF!,64664
Horsefly,Community,#REF!,18367
Hydraulic,Locality,#REF!,15715
Isadore Harry 12,Indian Reserve,#REF!,64481
James Louie 3A,Indian Reserve,#REF!,65123
Johny Sticks 2,Indian Reserve,#REF!,64461
Keithley Creek,Locality,#REF!,3133
Kersley,Community,#REF!,3791
K'i Deldel,Locality,#REF!,71861
Kleena Kleene,Community,#REF!,36170
Kloyadingli 2,Indian Reserve,#REF!,64527
Kluskus 1,Indian Reserve,#REF!,64526
Kluskus 14,Indian Reserve,#REF!,64557
Kushya Creek 12,Indian Reserve,#REF!,64536
Kushya Creek 7,Indian Reserve,#REF!,64516
Lac la Hache,Community,#REF!,28744
Lees Corner,Locality,#REF!,28805
Lezbye 6,Indian Reserve,#REF!,65035
Likely,Community,#REF!,1395
Little Springs 18,Indian Reserve,#REF!,64477
Little Springs 8,Indian Reserve,#REF!,64467
Lohbiee 3,Indian Reserve,#REF!,65040
Lone Butte,Community,#REF!,38599
Loon Lake 10,Indian Reserve,#REF!,64478
Lorin Meadow 9,Indian Reserve,#REF!,64641
Louis Squinas Ranch 14,Indian Reserve,#REF!,65130
Lower Fishpot Lake 24A,Indian Reserve,#REF!,64539
Lust Subdivision,Community,#REF!,38844
Macalister,Locality,#REF!,12202
Mahood Falls,Locality,#REF!,38602
Marguerite,Community,#REF!,21173
McKay Meadow 4,Indian Reserve,#REF!,64669
McLeese Lake,Community,#REF!,20576
Meldrum Creek,Locality,#REF!,21648
Michel Gardens 36,Indian Reserve,#REF!,60420
Michelle Creek 22,Indian Reserve,#REF!,64561
Michelle Creek 23,Indian Reserve,#REF!,64559
Miocene,Locality,#REF!,24273
Moose Heights,Community,#REF!,7152
Narcosli Creek,Locality,#REF!,38536
Nazco 20,Indian Reserve,#REF!,64554
Nazco 21,Indian Reserve,#REF!,64560
Nazco Cemetery 20A,Indian Reserve,#REF!,65810
Nazko,Community,#REF!,9137
Necausley Creek 6,Indian Reserve,#REF!,64642
Nemaiah Valley,Locality,#REF!,30050
Nimpo Lake,Community,#REF!,14346
Old Clemens 16,Indian Reserve,#REF!,64476
Pete Suckers 13,Indian Reserve,#REF!,64474
Pine Valley,Community,#REF!,38728
Pinegrove,Locality,#REF!,38651
Puntzi Lake 2,Indian Reserve,#REF!,64650
Quesnel,City,#REF!,22304
Quesnel 1,Indian Reserve,#REF!,65036
Quesnel Forks,Locality,#REF!,22303
Quesnel View,Community,#REF!,22308
Red Bluff,Community,#REF!,23396
Redstone,Locality,#REF!,15746
Redstone Cemetery 1B,Indian Reserve,#REF!,64649
Redstone Flat 1,Indian Reserve,#REF!,64651
Redstone Flat 1A,Indian Reserve,#REF!,64644
Redwater Creek 30,Indian Reserve,#REF!,64530
Rich Bar,Community,#REF!,19817
Rich Bar 4,Indian Reserve,#REF!,65031
Riske Creek,Community,#REF!,30728
Roe Lake,Locality,#REF!,30758
Roper's Meadow 14,Indian Reserve,#REF!,64475
Saddle Horse 2,Indian Reserve,#REF!,65028
Salmon River Meadow 7,Indian Reserve,#REF!,65839
Sampson's Meadow 11,Indian Reserve,#REF!,64479
Sampson's Meadow 11A,Indian Reserve,#REF!,64480
San Jose 6,Indian Reserve,#REF!,65126
Sandy Harry 4,Indian Reserve,#REF!,64470
Seymour Meadows 19,Indian Reserve,#REF!,64448
Sheridan Lake,Locality,#REF!,54041
Sinnce-tah-lah 2,Indian Reserve,#REF!,65033
Soda Creek,Community,#REF!,19737
Soda Creek 1,Indian Reserve,#REF!,65032
South Lakeside,Community,#REF!,41163
Springhouse,Community,#REF!,31604
Squinas 2,Indian Reserve,#REF!,65117
St. Joseph Mission,Community,#REF!,13580
Stanley,Locality,#REF!,6787
Stone 1,Indian Reserve,#REF!,65030
Stone 1A,Indian Reserve,#REF!,65027
Stone 4,Indian Reserve,#REF!,65026
Strathnaver,Community,#REF!,8689
Sugarcane,Community,#REF!,8792
Sundayman's Meadow 3,Indian Reserve,#REF!,64528
Swan Lake 3,Indian Reserve,#REF!,64460
Tanakut 4,Indian Reserve,#REF!,65037
Tatelkus Lake 28,Indian Reserve,#REF!,64537
Tatla Lake,Locality,#REF!,30908
Tatlayoko Lake,Locality,#REF!,30910
Tatton,Locality,#REF!,30912
Ten Mile Lake,Community,#REF!,15021
Thomas Squinas Ranch 2A,Indian Reserve,#REF!,65120
Tilgatko 17,Indian Reserve,#REF!,65134
Tillion 4,Indian Reserve,#REF!,65124
Tl'esqox,Community,#REF!,70045
Tl'etinqox,Community,#REF!,70044
Toby Helenes Meadow 10,Indian Reserve,#REF!,64687
Toby Helenes Meadow 11,Indian Reserve,#REF!,64689
Toby Helenes Meadow 9,Indian Reserve,#REF!,64688
Toby's Meadow 4,Indian Reserve,#REF!,64648
Toosey 1,Indian Reserve,#REF!,65114
Toosey 1A,Indian Reserve,#REF!,65113
Toosey 3,Indian Reserve,#REF!,65115
Towdystan,Locality,#REF!,21012
Towdystan Lake 3,Indian Reserve,#REF!,65119
Trout Lake Alec 16,Indian Reserve,#REF!,64532
Trout Lake Jonny 15,Indian Reserve,#REF!,64545
Tsachla Lake 8,Indian Reserve,#REF!,64517
Tŝideldel,Community,#REF!,73403
Tsunnia Lake 5,Indian Reserve,#REF!,65038
Tzetzi Lake 11,Indian Reserve,#REF!,64538
Ulkatcho,Locality,#REF!,24432
Ulkatcho 1,Indian Reserve,#REF!,65118
Ulkatcho 13,Indian Reserve,#REF!,65129
Ulkatcho 14A,Indian Reserve,#REF!,65131
Upper Kluskus Lake 9,Indian Reserve,#REF!,64518
Webster Creek 5,Indian Reserve,#REF!,64668
Wells,Community,#REF!,20113
Wells,District Municipality,#REF!,54458
Williams Lake,City,#REF!,25533
Williams Lake 1,Indian Reserve,#REF!,65136
Willow Meadow 9,Indian Reserve,#REF!,65110
Windy Mouth 7,Indian Reserve,#REF!,64466
Wingdam,Locality,#REF!,23141
Wright,Locality,#REF!,31564
Wycott's Flat 6,Indian Reserve,#REF!,64473
Xeni,Community,#REF!,70241
Yaladelassla 4,Indian Reserve,#REF!,64529
Yuneŝit'in,Community,#REF!,70042
ʔEsdilagh,Community,#REF!,70047
4 1/2 Mile 2,Indian Reserve,#REF!,64630
Abbotsford,City,#REF!,752
Abbotsford,Community,#REF!,22601
Aberdeen,Community,#REF!,135
Aberdeen,Community,#REF!,136
Adams Lake,Community,#REF!,174
Agassiz,Community,#REF!,363
Aitchelitch 9,Indian Reserve,#REF!,64902
Albert Flat 5,Indian Reserve,#REF!,64628
Albreda,Locality,#REF!,708
Alvin,Locality,#REF!,1452
Antko 21,Indian Reserve,#REF!,60003
Arnold,Community,#REF!,9229
Aspen Grove,Locality,#REF!,27631
Atchelitz,Community,#REF!,9816
Austin's Flat 3,Indian Reserve,#REF!,65635
Avola,Community,#REF!,10358
Aylechootlook 5,Indian Reserve,#REF!,64142
Aywawwis 15,Indian Reserve,#REF!,64634
Barnhartvale,Community,#REF!,38112
Barriere,District Municipality,#REF!,59020
Barriere River 3A,Indian Reserve,#REF!,65673
Barrowtown,Community,#REF!,11700
Batchelor Hills,Community,#REF!,12459
Bear Creek,Locality,#REF!,12566
Beresford,Locality,#REF!,4216
Bestwick,Community,#REF!,4271
Birch Island,Community,#REF!,5087
Black Pines,Community,#REF!,5689
Blackloam,Locality,#REF!,35873
Blackpool,Community,#REF!,28647
Blucher Hall,Community,#REF!,28040
Blue River,Community,#REF!,6719
Boothroyd,Community,#REF!,53202
Boothroyd 13,Indian Reserve,#REF!,65631
Boothroyd 5A,Indian Reserve,#REF!,65586
Boothroyd 5B,Indian Reserve,#REF!,65585
Boothroyd 5C,Indian Reserve,#REF!,65584
Boothroyd 6A,Indian Reserve,#REF!,65638
Boothroyd 6B,Indian Reserve,#REF!,65639
Boothroyd 8A,Indian Reserve,#REF!,65642
Boston Bar,Community,#REF!,38322
Boston Bar 10,Indian Reserve,#REF!,65625
Boston Bar 11,Indian Reserve,#REF!,65628
Boston Bar 1A,Indian Reserve,#REF!,65633
Boston Bar 8,Indian Reserve,#REF!,65623
Boston Bar 9,Indian Reserve,#REF!,65626
Boulder Creek 5,Indian Reserve,#REF!,65671
Bradner,Community,#REF!,580
Bridal Falls,Community,#REF!,34731
Brigade Lake,Community,#REF!,791
Brocklehurst,Community,#REF!,9883
Brookmere,Locality,#REF!,1131
Bucktum 4,Indian Reserve,#REF!,65636
Cahilty,Locality,#REF!,9355
Campbell Creek,Locality,#REF!,10479
Canford,Locality,#REF!,17
Canyon Alpine,Community,#REF!,39480
Cedarside,Community,#REF!,3500
Challetkohum 5,Indian Reserve,#REF!,64418
Challetkohum 9,Indian Reserve,#REF!,64551
Chapmans,Locality,#REF!,34881
Chapman's Bar 10,Indian Reserve,#REF!,65091
Chapperon Creek 6,Indian Reserve,#REF!,65188
Chapperon Lake 5,Indian Reserve,#REF!,65185
Chase,Village,#REF!,38320
Chaumox,Locality,#REF!,4969
Chaumox 11,Indian Reserve,#REF!,65629
Chawathil 4,Indian Reserve,#REF!,65831
Cheam 1,Indian Reserve,#REF!,65009
Cheam View,Locality,#REF!,34741
Chehalis 5,Indian Reserve,#REF!,64949
Chehalis 6,Indian Reserve,#REF!,64950
Cherry Creek,Community,#REF!,54746
Chilliwack,City,#REF!,38675
Chilliwack,Community,#REF!,38676
Chinook Cove,Locality,#REF!,36173
Choate,Locality,#REF!,38870
Chu Chua,Locality,#REF!,29441
Chukcheetso 7,Indian Reserve,#REF!,65640
Clayburn,Community,#REF!,34972
Clearbrook,Community,#REF!,24812
Clearwater,District Municipality,#REF!,29457
Coldwater 1,Indian Reserve,#REF!,65613
Collettville,Community,#REF!,10855
Coutlee,Locality,#REF!,34891
Coyle,Community,#REF!,4752
Cultus Lake,Community,#REF!,6502
Dallas,Community,#REF!,20320
Darfield,Community,#REF!,29746
Deroche,Community,#REF!,14508
Dewdney,Community,#REF!,17283
Dogwood Valley,Community,#REF!,18220
Douglas 8,Indian Reserve,#REF!,64951
Douglas Lake,Community,#REF!,14791
Douglas Lake 3,Indian Reserve,#REF!,65187
Duck Range,Community,#REF!,15565
Dufferin,Community,#REF!,27647
Durieu,Community,#REF!,16417
Exlou,Locality,#REF!,40574
Fairfield,Community,#REF!,11394
Floods,Community,#REF!,28491
Franks 10,Indian Reserve,#REF!,64588
Gifford,Locality,#REF!,6112
Glazier Creek 12,Indian Reserve,#REF!,64582
Grass 15,Indian Reserve,#REF!,64661
Greendale,Community,#REF!,2682
Greenwood Island 3,Indian Reserve,#REF!,65050
Gwen Lake 3,Indian Reserve,#REF!,65615
Haig,Community,#REF!,38459
Hamilton Creek 2,Indian Reserve,#REF!,65094
Hamilton Creek 7,Indian Reserve,#REF!,65562
Harrison Hot Springs,Village,#REF!,7698
Harrison Mills,Community,#REF!,7701
Hatzic,Community,#REF!,8595
Heffley Creek,Community,#REF!,13301
Hells Gate,Locality,#REF!,13823
Holachten 8,Indian Reserve,#REF!,65017
Holmwood,Locality,#REF!,17459
Hope,District Municipality,#REF!,17540
Hope 1,Indian Reserve,#REF!,65056
Huntingdon,Community,#REF!,15669
Inkahtsaph 6,Indian Reserve,#REF!,65637
Joeyaska 2,Indian Reserve,#REF!,65566
Juniper Ridge,Community,#REF!,38209
Kahmoose 4,Indian Reserve,#REF!,65580
Kamloops,City,#REF!,3006
Kamloops 1,Indian Reserve,#REF!,65527
Kamloops 2,Indian Reserve,#REF!,65526
Kamloops 3,Indian Reserve,#REF!,65525
Kamloops 4,Indian Reserve,#REF!,65524
Kamloops 5,Indian Reserve,#REF!,65523
Kawkawa Lake 16,Indian Reserve,#REF!,64632
Kaykaip 7,Indian Reserve,#REF!,64626
Kent,District Municipality,#REF!,3769
Kilgard,Community,#REF!,3841
Klaklacum 12,Indian Reserve,#REF!,64637
Knutsford,Community,#REF!,5523
Kopchitchin 2,Indian Reserve,#REF!,65634
Kuthlalth 3,Indian Reserve,#REF!,64425
Kwawkwawapilt 6,Indian Reserve,#REF!,65022
Lac Le Jeune,Locality,#REF!,34744
Lackaway 2,Indian Reserve,#REF!,65020
Laidlaw,Community,#REF!,28752
Lakahahmen 11,Indian Reserve,#REF!,65014
Lake Errock,Community,#REF!,7363
Lakway Cemetery 3,Indian Reserve,#REF!,65019
Langley 2,Indian Reserve,#REF!,64558
Langley 3,Indian Reserve,#REF!,64404
Langley 4,Indian Reserve,#REF!,64402
Lelachen 6,Indian Reserve,#REF!,64953
Lindell,Locality,#REF!,1890
Lindell Beach,Community,#REF!,1893
Little Fort,Community,#REF!,28859
Logan Lake,District Municipality,#REF!,10121
Logan's 6,Indian Reserve,#REF!,65563
Long Tunnel 5,Indian Reserve,#REF!,65097
Long Tunnel 5A,Indian Reserve,#REF!,65104
Louis Creek,Community,#REF!,29626
Louis Creek 4,Indian Reserve,#REF!,65672
Lower Nicola,Community,#REF!,11493
Lucerne,Locality,#REF!,11506
Lukseetsissum 9,Indian Reserve,#REF!,64624
Martin Prairie,Community,#REF!,6404
Matsqui,Urban Community,#REF!,25776
Matsqui Main 2,Indian Reserve,#REF!,64411
McLure,Community,#REF!,40706
Meadow Creek 3,Indian Reserve,#REF!,65578
Merritt,City,#REF!,30269
Minto Landing,Locality,#REF!,38228
Miracle Valley,Community,#REF!,24272
Mission,District Municipality,#REF!,38229
Mission,Community,#REF!,38230
Monte Creek,Community,#REF!,7095
Monte Lake,Community,#REF!,7101
Morteen 9,Indian Reserve,#REF!,64587
Mount Lehman,Community,#REF!,27429
Mount Robson,Locality,#REF!,38236
Nekalliston 2,Indian Reserve,#REF!,65674
Neskonlith 1,Indian Reserve,#REF!,66043
Neskonlith 2,Indian Reserve,#REF!,66044
Nicola,Community,#REF!,71
Nicola Lake 1,Indian Reserve,#REF!,65189
Nicola Mameet 1,Indian Reserve,#REF!,65565
Nooaitch 10,Indian Reserve,#REF!,65676
Nooaitch Grass 9,Indian Reserve,#REF!,65661
North Bend,Community,#REF!,34728
North Kamloops,Community,#REF!,35880
North Poplar,Community,#REF!,17120
North Thompson 1,Indian Reserve,#REF!,65675
Oak Hills,Community,#REF!,17884
Ohamil 1,Indian Reserve,#REF!,64420
Othello,Locality,#REF!,18800
Papekwatchin 4,Indian Reserve,#REF!,65018
Papsilqua 2,Indian Reserve,#REF!,65079
Papsilqua 2A,Indian Reserve,#REF!,65080
Papsilqua 2B,Indian Reserve,#REF!,65077
Paqulh,Indian Reserve,#REF!,59880
Paul's 6,Indian Reserve,#REF!,65621
Paul's Basin 2,Indian Reserve,#REF!,65616
Pekw'Xe:yles,Indian Reserve,#REF!,59960
Perrets 11,Indian Reserve,#REF!,64581
Peters 1,Indian Reserve,#REF!,64434
Peters 1A,Indian Reserve,#REF!,64431
Peters 2,Indian Reserve,#REF!,65781
Pinantan Lake,Community,#REF!,16803
Pipseul 3,Indian Reserve,#REF!,65567
Popkum,Community,#REF!,34730
Popkum 1,Indian Reserve,#REF!,64437
Popkum 2,Indian Reserve,#REF!,64432
Port Douglas,Locality,#REF!,22254
Powers Addition,Community,#REF!,16200
Pritchard,Community,#REF!,21248
Promontory,Community,#REF!,38252
Puckatholetchin 11,Indian Reserve,#REF!,64638
Q'aLaTKu7eM,Indian Reserve,#REF!,59881
Qualark 4,Indian Reserve,#REF!,64629
Quilchena,Locality,#REF!,22313
Rayleigh,Community,#REF!,23353
Red Pass,Locality,#REF!,15730
Ridgedale,Community,#REF!,19838
Rosedale,Community,#REF!,21807
Ruby Creek,Locality,#REF!,31079
Ruby Creek 2,Indian Reserve,#REF!,64567
Ryder Lake,Community,#REF!,22837
Sachteen 2,Indian Reserve,#REF!,64575
Sachteen 2A,Indian Reserve,#REF!,64570
Saddle Rock 9,Indian Reserve,#REF!,65092
Sahali,Community,#REF!,38257
Sahhacum 1,Indian Reserve,#REF!,64409
Sahhaltkum 4,Indian Reserve,#REF!,65596
Salmon Lake 7,Indian Reserve,#REF!,65183
Sam Adams 12,Indian Reserve,#REF!,65630
Samahquam 1,Indian Reserve,#REF!,64436
Sardis,Community,#REF!,14446
Scaucy 5,Indian Reserve,#REF!,65622
Schelowat 1,Indian Reserve,#REF!,64583
Schkam 2,Indian Reserve,#REF!,65055
Scowlitz 1,Indian Reserve,#REF!,64576
Seabird Island,Indian Reserve,#REF!,65771
Sho-ook 5,Indian Reserve,#REF!,65587
Shrypttahooks 7,Indian Reserve,#REF!,65624
Shulus,Locality,#REF!,19468
Shuswap,Community,#REF!,19473
Silver Creek,Community,#REF!,20438
Silver River,Locality,#REF!,20463
Silverhill,Community,#REF!,23787
Skawahlook 1,Indian Reserve,#REF!,64566
Skawahlum 10,Indian Reserve,#REF!,64639
Sklahhesten 5,Indian Reserve,#REF!,64592
Sklahhesten 5A,Indian Reserve,#REF!,64585
Sklahhesten 5B,Indian Reserve,#REF!,64586
Skookumchuck,Locality,#REF!,21510
Skookumchuck 4,Indian Reserve,#REF!,64590
Skookumchuck 4A,Indian Reserve,#REF!,64591
Skowkale 10,Indian Reserve,#REF!,65775
Skowkale 11,Indian Reserve,#REF!,65776
Skuet 6,Indian Reserve,#REF!,65103
Skumalasph 16,Indian Reserve,#REF!,64666
Skwah 4,Indian Reserve,#REF!,64578
Skwahla 2,Indian Reserve,#REF!,64584
Skwali 3,Indian Reserve,#REF!,64577
Skway 5,Indian Reserve,#REF!,64580
Skweahm 10,Indian Reserve,#REF!,65015
Slesse Park,Community,#REF!,22385
Soowahlie 14,Indian Reserve,#REF!,64602
South Poplar,Community,#REF!,20699
South Sumas,Community,#REF!,20715
Spahomin Creek 4,Indian Reserve,#REF!,65190
Spahomin Creek 8,Indian Reserve,#REF!,65186
Speous 8,Indian Reserve,#REF!,65557
Speyum 3,Indian Reserve,#REF!,65581
Spuzzum,Locality,#REF!,34723
Spuzzum 1,Indian Reserve,#REF!,65073
Spuzzum 1A,Indian Reserve,#REF!,65074
Spuzzum 7,Indian Reserve,#REF!,65102
Squaam 2,Indian Reserve,#REF!,65598
Squawkum Creek 3,Indian Reserve,#REF!,64573
Squeah,Locality,#REF!,19717
Squeah 6,Indian Reserve,#REF!,64627
Squiaala 7,Indian Reserve,#REF!,64611
Squiaala 8,Indian Reserve,#REF!,64612
Stave Falls,Community,#REF!,24472
Steelhead,Community,#REF!,24480
Stequmwhulpa 5,Indian Reserve,#REF!,65597
Stillwater,Locality,#REF!,37521
Stlakament 9,Indian Reserve,#REF!,65643
Stout 8,Indian Reserve,#REF!,65101
Straiton,Community,#REF!,34995
Stullawheets 8,Indian Reserve,#REF!,64625
Stump Lake,Community,#REF!,8751
Sumas Cemetery 12,Indian Reserve,#REF!,65013
Sunshine Valley,Community,#REF!,40888
Swahliseah 14,Indian Reserve,#REF!,64635
Sweeteen 3,Indian Reserve,#REF!,64589
Teequaloose 3,Indian Reserve,#REF!,65078
Teequaloose 3A,Indian Reserve,#REF!,65100
Tête Jaune Cache,Community,#REF!,32240
Three Islands 3,Indian Reserve,#REF!,64412
Tipella,Locality,#REF!,19969
Tipella 7,Indian Reserve,#REF!,64954
Toops 3,Indian Reserve,#REF!,65599
Trafalgar Flat 13,Indian Reserve,#REF!,64636
Tranquille,Community,#REF!,21982
Tsawawmuck 1,Indian Reserve,#REF!,65583
Tseatah 2,Indian Reserve,#REF!,65008
Tsintahktl 2,Indian Reserve,#REF!,65582
Tuckkwiowhum 1,Indian Reserve,#REF!,65632
Tunnel 6,Indian Reserve,#REF!,65049
Turtle Valley,Community,#REF!,24668
Tzeachten 13,Indian Reserve,#REF!,64609
Upper Sumas 6,Indian Reserve,#REF!,64610
Valemount,Village,#REF!,23523
Valleyview,Community,#REF!,38067
Vavenby,Community,#REF!,24367
Vedder Crossing,Community,#REF!,24371
Vinsulla,Community,#REF!,27639
Wahleach Island 2,Indian Reserve,#REF!,64419
West Heights,Community,#REF!,20183
Westsyde,Community,#REF!,27641
Westwold,Community,#REF!,21021
Whispering Pines 4,Indian Reserve,#REF!,65627
Williams 2,Indian Reserve,#REF!,64574
Williams Landing,Locality,#REF!,39101
Yaalstrick 1,Indian Reserve,#REF!,65021
Yakweakwioose 12,Indian Reserve,#REF!,64633
Yale,Community,#REF!,34879
Yale 18,Indian Reserve,#REF!,64658
Yale 19,Indian Reserve,#REF!,65786
Yale 20,Indian Reserve,#REF!,64656
Yale 21,Indian Reserve,#REF!,64659
Yale 22,Indian Reserve,#REF!,64662
Yale 23,Indian Reserve,#REF!,64657
Yale 24,Indian Reserve,#REF!,64660
Yale 25,Indian Reserve,#REF!,64663
Yale Town 1,Indian Reserve,#REF!,64631
Yarrow,Community,#REF!,24791
Yelakin 4,Indian Reserve,#REF!,65099
Yelakin 4A,Indian Reserve,#REF!,65098
Zaitscullachan 9,Indian Reserve,#REF!,65016
Zoht 14,Indian Reserve,#REF!,65556
Zoht 4,Indian Reserve,#REF!,65561
Zoht 5,Indian Reserve,#REF!,65560
Ainsworth Hot Springs,Community,#REF!,495
Alice Siding,Locality,#REF!,1011
Appledale,Community,#REF!,2131
Applegrove,Locality,#REF!,2134
Argenta,Community,#REF!,9185
Arrow Creek,Community,#REF!,9239
Arrow Park,Locality,#REF!,39883
Arrowhead,Locality,#REF!,39855
Athalmer,Community,#REF!,9817
Baker,Locality,#REF!,10991
Balfour,Community,#REF!,11038
Baynes Lake,Community,#REF!,12509
Beasley,Locality,#REF!,54116
Beaton,Locality,#REF!,2738
Beaver Falls,Community,#REF!,2792
Big Eddy,Community,#REF!,4324
Birchdale,Locality,#REF!,5085
Blaeberry,Community,#REF!,5727
Blewett,Community,#REF!,22269
Blueberry Creek,Community,#REF!,5802
Bonnington Falls,Community,#REF!,273
Boswell,Community,#REF!,335
Brandon,Community,#REF!,594
Brilliant,Community,#REF!,1094
Brisco,Community,#REF!,1096
Brouse,Community,#REF!,38865
Bull River,Locality,#REF!,2149
Bummers Flat 6,Indian Reserve,#REF!,65095
Burton,Community,#REF!,2243
Caithness,Community,#REF!,9372
Camborne,Locality,#REF!,18
Canal Flats,Village,#REF!,29163
Canyon,Community,#REF!,38323
Canyon Hot Springs,Locality,#REF!,38760
Carrolls Landing,Locality,#REF!,54523
Casino,Community,#REF!,11300
Cassimayooks 5,Indian Reserve,#REF!,65096
Castledale,Community,#REF!,39885
Castlegar,City,#REF!,29230
Chapman Camp,Community,#REF!,38868
Cody,Locality,#REF!,10272
Cokato,Locality,#REF!,10801
Columbia Gardens,Community,#REF!,10892
Columbia Lake 3,Indian Reserve,#REF!,65618
Cooper Creek,Community,#REF!,12320
Corbin,Locality,#REF!,13030
Corra Linn,Locality,#REF!,13086
Cranbrook,City,#REF!,4786
Crawford Bay,Community,#REF!,38317
Crescent Bay,Community,#REF!,21169
Crescent Valley,Community,#REF!,4860
Creston,Town,#REF!,4864
Creston 1,Indian Reserve,#REF!,65573
Crowsnest,Locality,#REF!,35185
Curzon,Locality,#REF!,6553
Deer Park,Locality,#REF!,13748
Donald,Community,#REF!,25220
Dry Gulch,Community,#REF!,15530
East Arrow Park,Locality,#REF!,1200
East Gate,Locality,#REF!,37900
East Trail,Community,#REF!,1244
Edelweiss,Locality,#REF!,1709
Edgewater,Community,#REF!,1722
Edgewood,Community,#REF!,1724
Elk Prairie,Locality,#REF!,9466
Elkford,District Municipality,#REF!,9449
Elko,Community,#REF!,9462
Erickson,Community,#REF!,10591
Erie,Locality,#REF!,10594
Fauquier,Community,#REF!,11872
Ferguson,Locality,#REF!,11927
Fernie,City,#REF!,11937
Field,Community,#REF!,11971
Five Mile,Locality,#REF!,12837
Flathead,Locality,#REF!,12860
Flathead,Locality,#REF!,12863
Forde,Locality,#REF!,12982
Fort Steele,Locality,#REF!,3600
Fosthall,Locality,#REF!,25856
Fruitvale,Village,#REF!,4479
Galena Bay,Locality,#REF!,5227
Galloway,Community,#REF!,5256
Genelle,Community,#REF!,6012
Gibson Creek,Community,#REF!,6096
Glade,Community,#REF!,1409
Glenbank,Community,#REF!,1435
Glenlily,Locality,#REF!,2006
Glenmerry,Community,#REF!,2009
Golden,Town,#REF!,28894
Granite,Community,#REF!,11656
Grasmere,Locality,#REF!,12406
Gray Creek,Community,#REF!,2636
Hall,Locality,#REF!,35079
Harrogate,Community,#REF!,7708
Harrop,Community,#REF!,7710
Hills,Community,#REF!,35899
Hosmer,Community,#REF!,18418
Howser,Locality,#REF!,25883
Huscroft,Community,#REF!,15683
Invermere,District Municipality,#REF!,1792
Isidore's Ranch 4,Indian Reserve,#REF!,65089
Jaffray,Community,#REF!,9576
Jersey,Locality,#REF!,10100
Johnsons Landing,Community,#REF!,11831
Kaslo,Village,#REF!,3045
Kimberley,City,#REF!,3865
Kingsgate,Locality,#REF!,4557
Kinnaird,Urban Community,#REF!,28395
Kitchener,Community,#REF!,38213
Kootenay 1,Indian Reserve,#REF!,65090
Kootenay Bay,Community,#REF!,6252
Kootenay Crossing,Locality,#REF!,6255
Kragmont,Locality,#REF!,54467
Krestova,Community,#REF!,6284
Kuskonook,Community,#REF!,35898
Lardeau,Community,#REF!,8879
Lebahdo,Community,#REF!,663
Lemon Creek,Community,#REF!,942
Lister,Community,#REF!,2419
Longbeach,Community,#REF!,10168
Lower China Creek,Community,#REF!,38377
Lower Kootenay 1A,Indian Reserve,#REF!,65574
Lower Kootenay 1B,Indian Reserve,#REF!,65575
Lower Kootenay 1C,Indian Reserve,#REF!,65568
Lower Kootenay 2,Indian Reserve,#REF!,65569
Lower Kootenay 3,Indian Reserve,#REF!,65570
Lower Kootenay 4,Indian Reserve,#REF!,65571
Lower Kootenay 5,Indian Reserve,#REF!,65564
Lumberton,Locality,#REF!,11521
Makinson,Locality,#REF!,21177
Marblehead,Locality,#REF!,5558
Marysville,Community,#REF!,6439
Mayook,Community,#REF!,7477
Meachen,Locality,#REF!,21587
Meadow Creek,Community,#REF!,21596
Meadows,Locality,#REF!,21605
Mica Creek,Community,#REF!,22582
Mirror Lake,Community,#REF!,24276
Montrose,Village,#REF!,7111
Morrissey,Locality,#REF!,7247
Mountain Station,Community,#REF!,38606
Moyie,Community,#REF!,8206
Nakusp,Village,#REF!,38677
Nelson,City,#REF!,13493
Nelway,Locality,#REF!,13510
New Denver,Village,#REF!,13574
New Settlement,Community,#REF!,39210
Newgate,Locality,#REF!,35860
Nicholson,Community,#REF!,14274
Oasis,Community,#REF!,38415
Old Town,Locality,#REF!,18651
Ootischenia,Community,#REF!,18720
Park Siding,Community,#REF!,27204
Parson,Locality,#REF!,16048
Pass Creek,Locality,#REF!,16075
Passmore,Community,#REF!,35912
Paterson,Community,#REF!,37822
Perrys,Community,#REF!,40783
Playmor Junction,Community,#REF!,39217
Poplar Creek,Locality,#REF!,17734
Porto Rico,Locality,#REF!,16167
Premier Lake,Locality,#REF!,19247
Procter,Community,#REF!,21255
Queens Bay,Community,#REF!,22291
Radium Hot Springs,Village,#REF!,23207
Raspberry,Community,#REF!,23312
Remac,Locality,#REF!,27436
Renata,Locality,#REF!,18971
Retallack,Locality,#REF!,19001
Revelstoke,City,#REF!,19010
Riondel,Community,#REF!,19862
Rivervale,Community,#REF!,19895
Robson,Community,#REF!,22271
Robson West,Locality,#REF!,20802
Rockyview,Community,#REF!,20860
Rogers Pass,Locality,#REF!,40822
Roosville,Locality,#REF!,20905
Rosebery,Locality,#REF!,21798
Ross Spur,Community,#REF!,21839
Rossland,City,#REF!,21861
Round Prairie,Locality,#REF!,21891
Saint Mary's 1A,Indian Reserve,#REF!,65172
Salmo,Village,#REF!,13633
Sanca,Locality,#REF!,27431
Sandon,Locality,#REF!,13711
Shoreacres,Community,#REF!,16323
Shoreholme,Locality,#REF!,16326
Shuswap,Locality,#REF!,19474
Shuswap,Indian Reserve,#REF!,65773
Shutty Bench,Community,#REF!,19489
Silica,Locality,#REF!,20428
Silverton,Village,#REF!,20485
Sirdar,Community,#REF!,20544
Skookumchuck,Locality,#REF!,21507
Slocan,Village,#REF!,22406
Slocan Park,Community,#REF!,22409
South Slocan,Community,#REF!,20714
Sparwood,District Municipality,#REF!,21659
Spillimacheen,Community,#REF!,16493
St. Eugene Mission,Community,#REF!,13191
Summit Lake,Locality,#REF!,13355
Sunningdale,Community,#REF!,13964
Sunshine Bay,Community,#REF!,13994
Ta Ta Creek,Community,#REF!,17667
Tadanac,Community,#REF!,16741
Taghum,Community,#REF!,16758
Tarrys,Community,#REF!,34997
Three Forks,Locality,#REF!,40909
Thrums,Community,#REF!,19040
Tobacco Plains 2,Indian Reserve,#REF!,65093
Toby Creek,Locality,#REF!,38027
Trail,City,#REF!,21966
Trout Lake,Community,#REF!,39887
Upper China Creek,Community,#REF!,38397
Vallican,Community,#REF!,38432
Vermilion Crossing,Locality,#REF!,24410
Waneta Junction,Community,#REF!,15951
Wardner,Community,#REF!,19127
Warfield,Village,#REF!,19132
Wasa,Community,#REF!,34999
West Trail,Community,#REF!,20234
Willow Point,Community,#REF!,23051
Wilmer,Community,#REF!,38427
Windermere,Community,#REF!,25727
Winlaw,Community,#REF!,23148
Wycliffe,Community,#REF!,24754
Wynndel,Community,#REF!,24757
Yahk,Community,#REF!,24766
Ymir,Community,#REF!,25278
Zincton,Locality,#REF!,25942
Albas,Locality,#REF!,539
Alexis 9,Indian Reserve,#REF!,65550
Allenby,Locality,#REF!,1034
Allison Lake,Locality,#REF!,41006
Almond Gardens,Community,#REF!,1063
Anaconda,Locality,#REF!,1494
Anglemont,Community,#REF!,1556
Annis,Community,#REF!,2065
Armstrong,City,#REF!,9213
Ashnola 10,Indian Reserve,#REF!,65549
Ashton Creek,Community,#REF!,9788
Balmoral,Community,#REF!,11059
Bankeir,Community,#REF!,27608
Bastion Bay,Locality,#REF!,38335
Beachcomber Bay,Community,#REF!,12521
Beaverdell,Community,#REF!,38321
Benvoulin,Community,#REF!,4215
Billings,Locality,#REF!,5054
Blind Bay,Community,#REF!,5772
Blind Creek 6,Indian Reserve,#REF!,65553
Blind Creek 6A,Indian Reserve,#REF!,65552
Blue Springs,Locality,#REF!,6722
Boundary Falls,Locality,#REF!,440
Braeloch,Locality,#REF!,37695
Bridesville,Community,#REF!,38319
Broadview,Community,#REF!,1109
Camp McKinney,Locality,#REF!,10505
Canoe,Community,#REF!,10528
Carlin,Locality,#REF!,11208
Carmi,Locality,#REF!,38866
Carrs,Community,#REF!,11260
Carson,Locality,#REF!,54588
Cascade,Locality,#REF!,29225
Cawston,Community,#REF!,3459
Cedar Grove,Community,#REF!,37688
Celista,Community,#REF!,3509
Cherryville,Community,#REF!,38526
Chopaka,Locality,#REF!,5919
Chopaka 7 & 8,Indian Reserve,#REF!,65801
Christian Valley,Locality,#REF!,5933
Christina Lake,Community,#REF!,40503
Chuchuwayha 2,Indian Reserve,#REF!,65184
Chuchuwayha 2C,Indian Reserve,#REF!,65195
Chum Creek 2,Indian Reserve,#REF!,65577
Chute Lake,Locality,#REF!,40506
Coalmont,Community,#REF!,27626
Coldstream,District Municipality,#REF!,10820
Craigellachie,Community,#REF!,4772
Creighton Valley,Community,#REF!,4838
Crescent Beach,Community,#REF!,4844
Deadwood,Locality,#REF!,8540
Deep Creek,Locality,#REF!,13236
Duck Lake 7,Indian Reserve,#REF!,65649
Eagle Bay,Community,#REF!,811
Eagle Bluff,Locality,#REF!,40324
East Kelowna,Community,#REF!,1220
East Osoyoos,Community,#REF!,1232
Eastgate,Community,#REF!,37730
Eholt,Locality,#REF!,2284
Ellison,Community,#REF!,9501
Enderby,City,#REF!,9990
Enderby 2,Indian Reserve,#REF!,65085
Fairview,Community,#REF!,11407
Falkland,Community,#REF!,11435
Fife,Community,#REF!,11972
Fintry,Locality,#REF!,12746
Garnet Valley,Community,#REF!,41067
Gellatly,Community,#REF!,6000
Gilpin,Community,#REF!,6158
Gleneden,Community,#REF!,1998
Glenemma,Locality,#REF!,2010
Glenrosa,Community,#REF!,2019
Grand Forks,City,#REF!,11640
Grandview Bench,Community,#REF!,11652
Greata,Locality,#REF!,2658
Greenwood,City,#REF!,2712
Grindrod,Community,#REF!,3231
Harris 3,Indian Reserve,#REF!,65651
Hedley,Community,#REF!,34877
Hullcar,Locality,#REF!,14913
Hupel,Community,#REF!,15675
Hustalen 1,Indian Reserve,#REF!,65610
Iltcoola 7,Indian Reserve,#REF!,66541
Inkaneep,Community,#REF!,1757
Jellicoe,Locality,#REF!,27609
Jura,Locality,#REF!,27610
Kaleden,Community,#REF!,2988
Kedleston,Locality,#REF!,3111
Kelowna,City,#REF!,3157
Keremeos,Village,#REF!,3779
Keremeos Forks 12 & 12A,Indian Reserve,#REF!,63381
Kerr Creek,Locality,#REF!,3785
Kettle Valley,Community,#REF!,3801
Killiney Beach,Community,#REF!,39280
Kingfisher,Community,#REF!,4539
Lake Country,District Municipality,#REF!,41197
Lakeview Heights,Community,#REF!,7374
Lavington,Community,#REF!,13107
Lee Creek,Community,#REF!,909
Lower Similkameen 2,Indian Reserve,#REF!,65559
Lulu 5,Indian Reserve,#REF!,65196
Lumby,Village,#REF!,11520
Mabel Lake,Locality,#REF!,12192
Magna Bay,Community,#REF!,3942
Malakwa,Community,#REF!,4649
Manning Park,Community,#REF!,4715
Mara,Community,#REF!,5541
Marron Valley,Locality,#REF!,5638
McCulloch,Locality,#REF!,19533
McKinley Landing,Community,#REF!,37689
Medicine Creek 12,Indian Reserve,#REF!,60422
Medicine Hill 11,Indian Reserve,#REF!,60423
Midway,Village,#REF!,32234
Mission Creek 8,Indian Reserve,#REF!,65192
Myra,Locality,#REF!,8963
Nahun,Locality,#REF!,9014
Naramata,Community,#REF!,20359
Narcisse's Farm 4,Indian Reserve,#REF!,65558
Niagara,Locality,#REF!,14261
Nine Mile Creek 4,Indian Reserve,#REF!,65193
North Bay 5,Indian Reserve,#REF!,65572
Notch Hill,Community,#REF!,38437
Nursery,Community,#REF!,17862
Okanagan 1,Indian Reserve,#REF!,65670
Okanagan Centre,Community,#REF!,17983
Okanagan Falls,Community,#REF!,17985
Okanagan Landing,Community,#REF!,17986
Okanagan Mission,Community,#REF!,17989
Olalla,Community,#REF!,18620
Oliver,Town,#REF!,18667
One Mile 6,Indian Reserve,#REF!,65194
Osoyoos,Town,#REF!,18788
Osoyoos 1,Indian Reserve,#REF!,65660
Osoyoos 3,Indian Reserve,#REF!,65657
Otter Lake 2,Indian Reserve,#REF!,65669
Oyama,Community,#REF!,15167
Paradise Point,Locality,#REF!,38383
Paulson,Locality,#REF!,16138
Peachland,District Municipality,#REF!,38679
Penticton,City,#REF!,38678
Penticton 1,Indian Reserve,#REF!,65658
Penticton 2,Indian Reserve,#REF!,60075
Penticton 3A,Indian Reserve,#REF!,65655
Pixie Beach,Community,#REF!,37686
Poplar Grove,Community,#REF!,17736
Prairie Valley,Community,#REF!,16216
Priest's Valley 6,Indian Reserve,#REF!,65652
Princeton,Town,#REF!,30980
Quaaout 1,Indian Reserve,#REF!,65576
Ranchero,Community,#REF!,39931
Range 13,Indian Reserve,#REF!,65551
Rhone,Locality,#REF!,19037
Rock Creek,Community,#REF!,20820
Rutland,Community,#REF!,22823
Salmon Arm,City,#REF!,34991
Salmon Arm,Community,#REF!,34992
Salmon River 1,Indian Reserve,#REF!,65076
Scotch Creek,Community,#REF!,38421
Scotch Creek 4,Indian Reserve,#REF!,65579
Seymour Arm,Community,#REF!,15296
Shingle Creek,Locality,#REF!,16296
Shuswap Falls,Locality,#REF!,19475
Sicamous,District Municipality,#REF!,19504
Sicamous 3,Indian Reserve,#REF!,65075
Silver Creek,Locality,#REF!,20437
Six Mile Point,Community,#REF!,21446
Skemeoskuankin 7,Indian Reserve,#REF!,65555
Skemeoskuankin 8,Indian Reserve,#REF!,65554
Solsqua,Community,#REF!,22267
Sorrento,Community,#REF!,20639
South Canoe,Community,#REF!,20652
Spallumcheen,District Municipality,#REF!,20754
Squilax,Community,#REF!,19718
St. Ives,Community,#REF!,13197
Summerland,District Municipality,#REF!,13335
Sunnybrae,Community,#REF!,13963
Swan Lake 4,Indian Reserve,#REF!,60460
Switsemalph 3,Indian Reserve,#REF!,65743
Switsemalph 6,Indian Reserve,#REF!,65603
Switsemalph 7,Indian Reserve,#REF!,65604
Tappen,Community,#REF!,17645
Traders Cove,Community,#REF!,21965
Trépanier,Community,#REF!,22036
Trinity Valley,Community,#REF!,22947
Trout Creek,Community,#REF!,22978
Tsinstikeptum 10,Indian Reserve,#REF!,65175
Tsinstikeptum 9,Indian Reserve,#REF!,65191
Tulameen,Community,#REF!,27625
Vermilion Forks 1,Indian Reserve,#REF!,65197
Vernon,City,#REF!,22451
West Bench,Community,#REF!,20162
"West Kelowna, City of",City,#REF!,60300
West Midway,Community,#REF!,20203
Westbank,Community,#REF!,20152
Westbridge,Locality,#REF!,20161
Westside,Community,#REF!,20228
White Lake,Community,#REF!,21132
Willowbrook,Community,#REF!,23043
Wilson Landing,Locality,#REF!,23085
Winfield,Community,#REF!,23135
Wolf Creek 3,Indian Reserve,#REF!,65198
Woods Landing,Locality,#REF!,24011
Woodsdale,Community,#REF!,24006
Yankee Flats,Locality,#REF!,24780
Zamora,Locality,#REF!,25338
105 Mile Post 2,Indian Reserve,#REF!,65778
70 Mile House,Community,#REF!,30638
Agate,Locality,#REF!,367
Aikwucks 15,Indian Reserve,#REF!,64596
Alpine Meadows,Community,#REF!,34780
Alta Lake,Locality,#REF!,34793
Anderson Lake 5,Indian Reserve,#REF!,64913
Ashcroft,Village,#REF!,27623
Ashcroft 4,Indian Reserve,#REF!,65591
Basque 18,Indian Reserve,#REF!,65533
Big Bar Creek,Community,#REF!,28616
Birken,Locality,#REF!,34751
Bonaparte 3,Indian Reserve,#REF!,65595
Bootahnie 15,Indian Reserve,#REF!,65719
Boston Flats,Locality,#REF!,332
Brackendale,Community,#REF!,37889
Bralorne,Locality,#REF!,34903
Brexton,Locality,#REF!,34904
Bridge River 1,Indian Reserve,#REF!,65001
Bridge River 2,Indian Reserve,#REF!,65000
Britannia Beach,Community,#REF!,37726
Cache Creek,Village,#REF!,27638
Cameron Bar 13,Indian Reserve,#REF!,65715
Canoe Creek 1,Indian Reserve,#REF!,64513
Canoe Creek 2,Indian Reserve,#REF!,64511
Cayoosh Creek 1,Indian Reserve,#REF!,65004
Chasm,Locality,#REF!,29257
Cheakamus,Community,#REF!,4975
Cheakamus 11,Indian Reserve,#REF!,64593
Cheekye,Locality,#REF!,27525
Cheetsum's Farm 1,Indian Reserve,#REF!,65601
Chilhil 6,Indian Reserve,#REF!,64965
Chuchhriaschin 5,Indian Reserve,#REF!,65543
Chuchhriaschin 5A,Indian Reserve,#REF!,65799
Chuckchuk 8,Indian Reserve,#REF!,64600
Clapperton,Locality,#REF!,2538
Clinton,Village,#REF!,29466
Clinton 1,Indian Reserve,#REF!,66042
Copper Creek,Locality,#REF!,12352
Copper Johnny Meadow 8,Indian Reserve,#REF!,64508
Creekside,Locality,#REF!,4834
Criss Creek,Locality,#REF!,29701
D'Arcy,Community,#REF!,7605
Darrell Bay,Locality,#REF!,7633
Defence Island 28,Indian Reserve,#REF!,64614
Dentville,Community,#REF!,14492
Devine,Locality,#REF!,14584
Dry Salmon 7,Indian Reserve,#REF!,64964
Dufferin 10,Indian Reserve,#REF!,65644
Eagle Run,Community,#REF!,844
Enhalt 11,Indian Reserve,#REF!,65666
Enquocto 14,Indian Reserve,#REF!,65536
Entlqwekkinh 19,Indian Reserve,#REF!,65532
Fish Lake 5,Indian Reserve,#REF!,64510
Fish Lake 7,Indian Reserve,#REF!,65708
Fountain,Locality,#REF!,40585
Fountain 1,Indian Reserve,#REF!,64952
Fountain 10,Indian Reserve,#REF!,64969
Fountain 11,Indian Reserve,#REF!,64968
Fountain 12,Indian Reserve,#REF!,64967
Fountain 1A,Indian Reserve,#REF!,64957
Fountain 1B,Indian Reserve,#REF!,64958
Fountain 1C,Indian Reserve,#REF!,64955
Fountain 1D,Indian Reserve,#REF!,64956
Fountain 2,Indian Reserve,#REF!,64961
Fountain 3,Indian Reserve,#REF!,64962
Fountain 3A,Indian Reserve,#REF!,64959
Fountain 4,Indian Reserve,#REF!,64960
Fountain 9,Indian Reserve,#REF!,64970
Fountain Creek 8,Indian Reserve,#REF!,64963
Fountain Valley,Locality,#REF!,3651
Furry Creek,Locality,#REF!,54435
Garibaldi,Locality,#REF!,37893
Garibaldi Estates,Community,#REF!,5322
Gates,Locality,#REF!,5362
Gold Bridge,Community,#REF!,34902
Gramsons,Locality,#REF!,11633
Grasslands 7,Indian Reserve,#REF!,65592
Gulada 3A,Indian Reserve,#REF!,65747
Halhalaeden 14,Indian Reserve,#REF!,65714
Halhalaeden 14A,Indian Reserve,#REF!,65713
Hay Meadow 1,Indian Reserve,#REF!,65650
High Bar 1,Indian Reserve,#REF!,65530
High Bar 1A,Indian Reserve,#REF!,65529
High Bar 2,Indian Reserve,#REF!,65528
Hihium Lake 6,Indian Reserve,#REF!,65171
Hihium Lake 6A,Indian Reserve,#REF!,65173
Hihium Lake 6B,Indian Reserve,#REF!,65174
Hospital Hill,Community,#REF!,18426
Humhampt 6,Indian Reserve,#REF!,65693
Humhampt 6A,Indian Reserve,#REF!,65703
Inkluckcheen 21,Indian Reserve,#REF!,65755
Inkluckcheen 21B,Indian Reserve,#REF!,65757
Inklyuhkinatko 2,Indian Reserve,#REF!,65084
Jesmond,Locality,#REF!,27776
Kanaka Bar,Locality,#REF!,3013
Kanaka Bar 1A,Indian Reserve,#REF!,65521
Kanaka Bar 2,Indian Reserve,#REF!,65520
Kelly Creek 3,Indian Reserve,#REF!,65614
Kelly Lake,Locality,#REF!,28075
Kilchult 3,Indian Reserve,#REF!,64405
Kitzowit 20,Indian Reserve,#REF!,65756
Klahkamich 17,Indian Reserve,#REF!,65718
Klahkowit 5,Indian Reserve,#REF!,65749
Kleetlekut 22,Indian Reserve,#REF!,65760
Kleetlekut 22A,Indian Reserve,#REF!,65759
Klickkumcheen 18,Indian Reserve,#REF!,65754
Kloklowuck 7,Indian Reserve,#REF!,65541
Kowtain 17,Indian Reserve,#REF!,64622
Kumcheen 1,Indian Reserve,#REF!,65617
Kupchynalth 1,Indian Reserve,#REF!,65696
Kupchynalth 2,Indian Reserve,#REF!,65695
Kykinalko 2,Indian Reserve,#REF!,65745
Leon Creek 2,Indian Reserve,#REF!,64429
Leon Creek 2A,Indian Reserve,#REF!,64428
Lillooet,District Municipality,#REF!,1843
Lillooet 1,Indian Reserve,#REF!,64549
Lillooet 1A,Indian Reserve,#REF!,64667
Lish-Leesh-Tum 17,Indian Reserve,#REF!,65833
Lokla 4,Indian Reserve,#REF!,64413
Loon Lake,Locality,#REF!,29617
Loon Lake 4,Indian Reserve,#REF!,65594
Lower Hat Creek 2,Indian Reserve,#REF!,65588
Lower Shawniken 4A,Indian Reserve,#REF!,65545
Lytton,Village,#REF!,35858
Lytton 13A,Indian Reserve,#REF!,65716
Lytton 21A,Indian Reserve,#REF!,65758
Lytton 26A,Indian Reserve,#REF!,65766
Lytton 27B,Indian Reserve,#REF!,65767
Lytton 31,Indian Reserve,#REF!,65738
Lytton 32,Indian Reserve,#REF!,65739
Lytton 33,Indian Reserve,#REF!,65740
Lytton 3A,Indian Reserve,#REF!,65727
Lytton 4A,Indian Reserve,#REF!,65725
Lytton 4B,Indian Reserve,#REF!,65732
Lytton 4C,Indian Reserve,#REF!,65731
Lytton 4D,Indian Reserve,#REF!,65730
Lytton 4E,Indian Reserve,#REF!,65729
Lytton 4F,Indian Reserve,#REF!,65736
Lytton 5A,Indian Reserve,#REF!,65734
Lytton 9A,Indian Reserve,#REF!,65711
Lytton 9B,Indian Reserve,#REF!,65704
Maka 8,Indian Reserve,#REF!,65706
Marble Canyon 3,Indian Reserve,#REF!,64427
Marshy Lake 1,Indian Reserve,#REF!,60401
Mauvais Rocher 5,Indian Reserve,#REF!,65593
McCartney's Flat 4,Indian Reserve,#REF!,64410
McGillivray,Locality,#REF!,26368
McGuire,Locality,#REF!,19548
McLean's Lake 3,Indian Reserve,#REF!,65590
Minaty Bay,Locality,#REF!,24225
Mission 5,Indian Reserve,#REF!,64568
Moha,Locality,#REF!,6203
Moosh 4,Indian Reserve,#REF!,65697
Mount Currie,Community,#REF!,8170
Mount Currie 1,Indian Reserve,#REF!,64548
Mount Currie 10,Indian Reserve,#REF!,64415
Mount Currie 2,Indian Reserve,#REF!,64546
Mount Currie 6,Indian Reserve,#REF!,64547
Mount Currie 7,Indian Reserve,#REF!,64552
Mount Currie 8,Indian Reserve,#REF!,64553
Nahamanak 7,Indian Reserve,#REF!,65702
Nananahout 1,Indian Reserve,#REF!,65724
Naykikoulth 13,Indian Reserve,#REF!,65664
Necait 6,Indian Reserve,#REF!,64569
Nekliptum 1,Indian Reserve,#REF!,65522
Nequatque 1,Indian Reserve,#REF!,64901
Nequatque 2,Indian Reserve,#REF!,64900
Nequatque 3,Indian Reserve,#REF!,64435
Nequatque 3A,Indian Reserve,#REF!,64899
Nequatque 4,Indian Reserve,#REF!,64914
Nesikep 6,Indian Reserve,#REF!,65733
Nesikep 6A,Indian Reserve,#REF!,65832
Nesters,Locality,#REF!,34781
Nesuch 3,Indian Reserve,#REF!,64416
Ngwyu'Yemc 36,Indian Reserve,#REF!,59962
Nickel Palm 4,Indian Reserve,#REF!,65726
Nickeyeah 25,Indian Reserve,#REF!,65764
Nicoelton 6,Indian Reserve,#REF!,65544
Nicomen 1,Indian Reserve,#REF!,65744
Nkaih 10,Indian Reserve,#REF!,65712
Nocten 19,Indian Reserve,#REF!,65753
Nohomeen 23,Indian Reserve,#REF!,65762
North Bonaparte,Locality,#REF!,30086
Northridge,Community,#REF!,17125
Nuuautin 2,Indian Reserve,#REF!,65723
Nuuautin 2A,Indian Reserve,#REF!,65722
Nuuautin 2B,Indian Reserve,#REF!,65721
Nzaw't 4A,Indian Reserve,#REF!,68923
Ogden,Locality,#REF!,17956
Oliver's Landing,Community,#REF!,54430
Oregon Jack Creek 2,Indian Reserve,#REF!,65647
Oregon Jack Creek 5,Indian Reserve,#REF!,65645
Owl Creek,Locality,#REF!,15160
Papsilqua 13,Indian Reserve,#REF!,65654
Papyum 27,Indian Reserve,#REF!,65765
Papyum 27A,Indian Reserve,#REF!,65768
Papyum Graveyard 27C,Indian Reserve,#REF!,65737
Paradise Valley,Locality,#REF!,38026
Pashilqua 2,Indian Reserve,#REF!,65007
Pashilqua 2A,Indian Reserve,#REF!,65006
Paska Island 3,Indian Reserve,#REF!,66041
Pavilion,Community,#REF!,38382
Pavilion 1,Indian Reserve,#REF!,64430
Pavilion 1A,Indian Reserve,#REF!,64550
Pavilion 3A,Indian Reserve,#REF!,64572
Pavilion 4,Indian Reserve,#REF!,64433
Pegleg 3,Indian Reserve,#REF!,65519
Pegleg 3A,Indian Reserve,#REF!,65518
Pemberton,Village,#REF!,38511
Pemberton Meadows,Locality,#REF!,34776
Pemynoos 9,Indian Reserve,#REF!,65540
Peq-Paq 22,Indian Reserve,#REF!,59963
Pioneer Mine,Locality,#REF!,39397
Pokheitsk 10,Indian Reserve,#REF!,65537
Pooeyelth 3,Indian Reserve,#REF!,65081
Poquiosin & Skamain 13,Indian Reserve,#REF!,65783
Porteau,Locality,#REF!,16209
Poyam 9,Indian Reserve,#REF!,64599
Putkwa 14,Indian Reserve,#REF!,65663
Quatlenemo 5,Indian Reserve,#REF!,64966
Riley Creek 1B,Indian Reserve,#REF!,65770
Sackum 3,Indian Reserve,#REF!,65746
Savona,Community,#REF!,17180
Schikaelton 16,Indian Reserve,#REF!,65534
Seah 5,Indian Reserve,#REF!,65735
Seaichem 16,Indian Reserve,#REF!,64621
Seton Lake 5,Indian Reserve,#REF!,64407
Seton Lake 5A,Indian Reserve,#REF!,64563
Seton Portage,Community,#REF!,18907
Shackan 11,Indian Reserve,#REF!,65656
Shalalth,Community,#REF!,15339
Shawniken 3,Indian Reserve,#REF!,65619
Shawniken 4B,Indian Reserve,#REF!,65546
Shoskhost 7,Indian Reserve,#REF!,65751
Shpapzchinh 20,Indian Reserve,#REF!,65531
Shuouchten 15,Indian Reserve,#REF!,65662
Silicon 2,Indian Reserve,#REF!,64565
Siska Flat 3,Indian Reserve,#REF!,65698
Siska Flat 5A,Indian Reserve,#REF!,65691
Siska Flat 5B,Indian Reserve,#REF!,65694
Siska Flat 8,Indian Reserve,#REF!,65705
Skaynaneichst 12,Indian Reserve,#REF!,65665
Skeetchestn,Indian Reserve,#REF!,65774
Skeikut 9,Indian Reserve,#REF!,65668
Skhpowtz 4,Indian Reserve,#REF!,65748
Skoonkoon 2,Indian Reserve,#REF!,65620
Skowishin 7,Indian Reserve,#REF!,64597
Skowishin Graveyard 10,Indian Reserve,#REF!,64594
Skuppah 1,Indian Reserve,#REF!,65128
Skuppah 2A,Indian Reserve,#REF!,65083
Skuppah 2B,Indian Reserve,#REF!,65082
Skuppah 3A,Indian Reserve,#REF!,65088
Skuppah 4,Indian Reserve,#REF!,65087
Skuppah 4A,Indian Reserve,#REF!,65086
Skwayaynope 26,Indian Reserve,#REF!,65763
Sleetsis 6,Indian Reserve,#REF!,65750
Slosh 1,Indian Reserve,#REF!,64564
Slosh 1A,Indian Reserve,#REF!,64562
Soldatquo 12,Indian Reserve,#REF!,65653
South Nepa 7,Indian Reserve,#REF!,65659
South Shalalth,Community,#REF!,20709
Spatsum,Locality,#REF!,21666
Spatsum 11,Indian Reserve,#REF!,65538
Spatsum 11A,Indian Reserve,#REF!,65535
Spences Bridge,Community,#REF!,16462
Spences Bridge 4,Indian Reserve,#REF!,65547
Spences Bridge 4C,Indian Reserve,#REF!,65548
Spilmouse 4,Indian Reserve,#REF!,64509
Spintlum Flat 3,Indian Reserve,#REF!,65728
Sproatt,Locality,#REF!,22252
Squamish,District Municipality,#REF!,38680
Squianny 10,Indian Reserve,#REF!,65667
Staiyahanny 8,Indian Reserve,#REF!,65641
Stawamus 24,Indian Reserve,#REF!,64617
Stryen 9,Indian Reserve,#REF!,65707
Tamarisk,Community,#REF!,40078
Tinmusket 5A,Indian Reserve,#REF!,64507
Toby Lake 6,Indian Reserve,#REF!,64523
Towinock 2,Indian Reserve,#REF!,64408
Tsaukan 12,Indian Reserve,#REF!,65710
Tsinkahtl 8,Indian Reserve,#REF!,65542
Ts'kw'aylaxw 5,Indian Reserve,#REF!,59941
Tuckozap 24,Indian Reserve,#REF!,65761
Two Mile Creek 16,Indian Reserve,#REF!,65720
Two Mile Creek 16A,Indian Reserve,#REF!,65717
Twoyqhalsht 16,Indian Reserve,#REF!,65794
Unpukpulquatum 8,Indian Reserve,#REF!,65752
Upper Hat Creek 1,Indian Reserve,#REF!,65589
Upper Nepa 6,Indian Reserve,#REF!,65646
Upper Tsinkahtl 8A,Indian Reserve,#REF!,65539
Valleycliffe,Community,#REF!,24305
Vidette,Locality,#REF!,31045
Waiwakum 14,Indian Reserve,#REF!,64623
Walhachin,Community,#REF!,15889
Whistler,Resort Municipality,#REF!,40939
Whistler Creek,Community,#REF!,40059
Whitecap 1,Indian Reserve,#REF!,59942
Whyeek 4,Indian Reserve,#REF!,65517
Woodfibre,Locality,#REF!,37740
Yawaucht 11,Indian Reserve,#REF!,65709
Yekwaupsum 18,Indian Reserve,#REF!,64619
Yekwaupsum 19,Indian Reserve,#REF!,64620
Yookwitz 12,Indian Reserve,#REF!,64595
Zacht 5,Indian Reserve,#REF!,65692
Ahahswinis 1,Indian Reserve,#REF!,65292
Ahpokum 9,Indian Reserve,#REF!,65024
Alberni,Community,#REF!,541
Alberni 2,Indian Reserve,#REF!,65279
Anvil Island,Locality,#REF!,38334
Arbutus Ridge,Community,#REF!,70061
Arrowview Heights,Community,#REF!,9248
Aupe 6,Indian Reserve,#REF!,64975
Aupe 6A,Indian Reserve,#REF!,65054
Balmoral Beach,Community,#REF!,9927
Bamberton,Locality,#REF!,11064
Bare Island 9,Indian Reserve,#REF!,65319
Bargain Harbour SB 24,Indian Government District : Land Unit,#REF!,40201
Bartlett Island 7,Indian Reserve,#REF!,65053
Bear Bay 8,Indian Reserve,#REF!,65602
Beaver Creek,Community,#REF!,2774
Beaver Point,Community,#REF!,2821
Bevan,Locality,#REF!,4284
Big Bay,Locality,#REF!,4309
Billings Bay,Locality,#REF!,5057
Black Creek,Community,#REF!,5168
Blind Channel,Community,#REF!,5775
Bliss Landing,Locality,#REF!,34894
Bloedel,Locality,#REF!,34753
Blubber Bay,Community,#REF!,5798
Boat Harbour,Locality,#REF!,37625
Bold Point,Locality,#REF!,34752
Boulder Island SB 25,Indian Government District : Land Unit,#REF!,40187
Bowen Bay,Locality,#REF!,37635
Bowen Island,District Municipality,#REF!,459
Bowser,Community,#REF!,28686
Brem River,Locality,#REF!,54371
Brew Bay,Community,#REF!,766
Buccaneer Bay,Locality,#REF!,1601
Buckley Bay,Community,#REF!,38339
Cameron Heights,Community,#REF!,10460
Camp Artaban,Locality,#REF!,38514
Campbell River,City,#REF!,34755
Campbell River 11,Indian Reserve,#REF!,65352
Campbellton,Community,#REF!,10493
Cape Mudge 10,Indian Reserve,#REF!,65348
Cassidy,Community,#REF!,37454
Cedar,Community,#REF!,3484
Chase River,Community,#REF!,38346
Chekwelp 26,Indian Reserve,#REF!,64615
Chekwelp 26A,Indian Reserve,#REF!,64616
Chelohsin SB 13,Indian Government District : Land Unit,#REF!,40192
Chemainus,Community,#REF!,38318
Chemainus 13,Indian Reserve,#REF!,65235
Cherry Creek,Community,#REF!,5005
Chickwat SB 9,Indian Government District : Land Unit,#REF!,40204
Church House,Locality,#REF!,5979
Cinnabar Valley,Community,#REF!,677
Cobble Hill,Community,#REF!,37892
Cokoqueneets SB 23,Indian Government District : Land Unit,#REF!,40202
Comox,Town,#REF!,38659
Comox 1,Indian Reserve,#REF!,65350
Coombs,Community,#REF!,12314
Cortes Bay,Community,#REF!,34897
Courtenay,City,#REF!,4059
Cous 3,Indian Reserve,#REF!,65293
Cowans Point,Locality,#REF!,34973
Cowichan 1,Indian Reserve,#REF!,65217
Cowichan 9,Indian Reserve,#REF!,65224
Cowichan Bay,Community,#REF!,4082
Cowichan Lake,Indian Reserve,#REF!,65800
Cowichan Station,Community,#REF!,4087
Cranberry,Community,#REF!,25213
Crofton,Community,#REF!,35135
Cumberland,Village,#REF!,6507
Dashwood,Community,#REF!,7637
Davis Bay,Community,#REF!,8476
Deep Bay,Community,#REF!,13225
Deep Valley 5,Indian Reserve,#REF!,65057
Deerholme,Locality,#REF!,13739
Denman Island,Community,#REF!,14470
Departure Bay,Community,#REF!,14500
Dolphin Beach,Community,#REF!,18235
Doriston,Locality,#REF!,22257
Drew Harbour 9,Indian Reserve,#REF!,65349
Duncan,City,#REF!,15595
Duncan Bay,Locality,#REF!,34756
Dunsmuir,Locality,#REF!,15632
Eagle Heights,Community,#REF!,825
Earls Cove,Locality,#REF!,34710
East Wellington,Community,#REF!,1678
Eastbourne,Locality,#REF!,1203
Egmont,Community,#REF!,2274
Egmont SB 26,Indian Government District : Land Unit,#REF!,40203
Ekins Point,Locality,#REF!,2305
Elk Bay,Locality,#REF!,34759
Elphinstone,Community,#REF!,54298
Errington,Community,#REF!,10606
Est-patrolas 4,Indian Reserve,#REF!,65221
Etsekin 1,Indian Reserve,#REF!,65608
Extension,Community,#REF!,28248
Fairbridge,Community,#REF!,11393
False Bay,Community,#REF!,40576
Fanny Bay,Community,#REF!,11468
Fernwood,Community,#REF!,39930
French Creek,Community,#REF!,4418
Fulford Harbour,Community,#REF!,4501
Fulford Harbour 5,Indian Reserve,#REF!,65264
Gabriola,Community,#REF!,38757
Gabriola Island 5,Indian Reserve,#REF!,65207
Galiano Island 9,Indian Reserve,#REF!,65278
Gambier Harbour,Community,#REF!,5268
Ganges,Community,#REF!,5285
Garden Bay,Community,#REF!,5302
Genoa Bay,Locality,#REF!,37716
George River,Locality,#REF!,37732
Gibsons,Town,#REF!,35874
Gillies Bay,Community,#REF!,6134
Goose Spit 3,Indian Reserve,#REF!,65344
Granite Bay,Locality,#REF!,34762
Grantham,Community,#REF!,12378
Granthams Landing,Community,#REF!,12380
Great Central,Locality,#REF!,38661
Halalt 2,Indian Reserve,#REF!,65227
Halalt Island 1,Indian Reserve,#REF!,65226
Halfmoon Bay,Community,#REF!,35052
Hanatsa 6,Indian Reserve,#REF!,65609
Hardwicke Island,Locality,#REF!,6686
Harmac,Locality,#REF!,7655
Hatch Point 12,Indian Reserve,#REF!,65282
Headquarters,Locality,#REF!,29266
Heriot Bay,Community,#REF!,34763
Hillcrest,Locality,#REF!,40629
Hilliers,Community,#REF!,35927
Hkusam,Locality,#REF!,14690
Homalco 1,Indian Reserve,#REF!,64974
Homalco 2,Indian Reserve,#REF!,64973
Homalco 2A,Indian Reserve,#REF!,64972
Homalco 9,Indian Reserve,#REF!,60160
Homayno 2,Indian Reserve,#REF!,65326
Homfray Creek,Locality,#REF!,34766
Hopkins Landing,Community,#REF!,18328
Hornby Island,Community,#REF!,18344
Hunaechin SB 11,Indian Government District : Land Unit,#REF!,40191
Irvines Landing,Locality,#REF!,2343
Kaikalahun 25,Indian Reserve,#REF!,64618
Kakalatza 6,Indian Reserve,#REF!,65223
Keats Island,Locality,#REF!,34980
Kil-pah-las 3,Indian Reserve,#REF!,65218
Klaalth SB 5,Indian Government District : Land Unit,#REF!,40186
Klahoose 1,Indian Reserve,#REF!,65061
Klayekwim SB 6,Indian Government District : Land Unit,#REF!,40210
Klayekwim SB 6A,Indian Government District : Land Unit,#REF!,40209
Klayekwim SB 7,Indian Government District : Land Unit,#REF!,40208
Klayekwim SB 8,Indian Government District : Land Unit,#REF!,40207
Kleecoot,Community,#REF!,5424
Klehkoot 2,Indian Reserve,#REF!,65290
Kleindale,Locality,#REF!,5431
Koksilah,Community,#REF!,6231
Kwum Kum,Indian Reserve,#REF!,65834
Ladysmith,Town,#REF!,7329
Lake Cowichan,Town,#REF!,7359
Lang Bay,Community,#REF!,8831
Langdale,Community,#REF!,8835
Lantzville,District Municipality,#REF!,8858
Larsons Landing,Locality,#REF!,38216
Lazo,Community,#REF!,13129
Lighthouse Point,Community,#REF!,1387
Little River,Community,#REF!,2511
Loughborough 3,Indian Reserve,#REF!,65327
Lund,Community,#REF!,37950
Lyacksun 3,Indian Reserve,#REF!,65202
Madeira Park,Community,#REF!,4631
Ma-Guala 6,Indian Reserve,#REF!,65209
Malahat,Community,#REF!,4645
Malahat 11,Indian Reserve,#REF!,65203
Mansons Landing,Community,#REF!,34983
Maple Bay,Community,#REF!,29831
Marshall School Junction,Locality,#REF!,40348
Matilpi,Locality,#REF!,25777
Matlaten 4,Indian Reserve,#REF!,65353
Matsayno 5,Indian Reserve,#REF!,65501
Mayne Island,Community,#REF!,66341
Mayne Island 6,Indian Reserve,#REF!,65263
McNab Creek,Locality,#REF!,20612
Merville,Community,#REF!,38031
Mill Bay,Community,#REF!,38070
Mount Gardner,Locality,#REF!,38177
Mud Bay,Locality,#REF!,8226
Mushkin 5,Indian Reserve,#REF!,64977
Mushkin 5A,Indian Reserve,#REF!,64976
Myrtle Point,Community,#REF!,8976
Nanaimo,City,#REF!,9032
Nanaimo River 2,Indian Reserve,#REF!,65208
Nanaimo River 3,Indian Reserve,#REF!,65210
Nanaimo River 4,Indian Reserve,#REF!,65205
Nanaimo Town 1,Indian Reserve,#REF!,65206
Nanoose,Indian Reserve,#REF!,65811
Nanoose Bay,Community,#REF!,35922
New Brighton,Community,#REF!,34984
North Campbell River,Community,#REF!,17063
North Cowichan,District Municipality,#REF!,17071
North Galiano,Community,#REF!,35859
Northfield,Community,#REF!,17083
Oalthkyim SB 4,Indian Government District : Land Unit,#REF!,40213
Ocean Grove,Community,#REF!,17917
Open Bay 8,Indian Reserve,#REF!,65354
Orford Bay 4,Indian Reserve,#REF!,64978
Owen Bay,Locality,#REF!,34774
Oyster Bay 12,Indian Reserve,#REF!,65237
Oyster River,Community,#REF!,15171
Paldi,Community,#REF!,34880
Parksville,City,#REF!,30438
Pawala 5,Indian Reserve,#REF!,65612
Paykulkum SB 14,Indian Government District : Land Unit,#REF!,40190
Pender Island,Community,#REF!,40055
Pender Island 8,Indian Reserve,#REF!,65322
Penelakut Island 7,Indian Reserve,#REF!,60661
Pentledge 2,Indian Reserve,#REF!,65345
Phillips Arm,Community,#REF!,35002
Port Alberni,City,#REF!,19255
Port Mellon,Community,#REF!,30394
Port Neville,Locality,#REF!,27219
Port Neville 4,Indian Reserve,#REF!,65611
Port Washington,Community,#REF!,16168
Portier Pass 5,Indian Reserve,#REF!,65201
Potato Point 3,Indian Reserve,#REF!,64971
Powell River,City,#REF!,38681
Puntledge,Locality,#REF!,38069
Qualicum,Indian Reserve,#REF!,65769
Qualicum Bay,Community,#REF!,31000
Qualicum Beach,Town,#REF!,22222
Quaniwsom 2,Indian Reserve,#REF!,65062
Quathiaski Cove,Community,#REF!,35004
Quequa 6,Indian Reserve,#REF!,65058
Quinsam,Community,#REF!,22323
Quinsam 12,Indian Reserve,#REF!,65351
Read Island,Locality,#REF!,35006
Redroofs,Community,#REF!,15741
Refuge Cove,Locality,#REF!,34895
Roberts Creek,Community,#REF!,19930
Rock Bay,Locality,#REF!,35007
Roy,Locality,#REF!,21907
Royston,Community,#REF!,21917
Saaiyouck 6,Indian Reserve,#REF!,65502
Sahara Heights,Community,#REF!,13169
Sahtlam,Community,#REF!,40830
Sallahlus SB 20,Indian Government District : Land Unit,#REF!,40200
Sallahlus SB 20A,Indian Government District : Land Unit,#REF!,40199
Salmon Bay 3,Indian Reserve,#REF!,65063
Salmon River 1,Indian Reserve,#REF!,65347
Saltair,Community,#REF!,13655
Saltery Bay,Community,#REF!,13660
Sandwick,Community,#REF!,30351
Saratoga Beach,Community,#REF!,37502
Saturna,Locality,#REF!,17151
Saturna Island 7,Indian Reserve,#REF!,65320
Saughanaught SB 22,Indian Government District : Land Unit,#REF!,40198
Sawquamain SB 19A,Indian Government District : Land Unit,#REF!,40835
Say-La-Quas 10,Indian Reserve,#REF!,65238
Sayward,Village,#REF!,35009
Schaltuuch 27,Indian Reserve,#REF!,64613
Seaford,Locality,#REF!,18081
Seaside Park,Locality,#REF!,18100
Sechelt,District Municipality,#REF!,18110
Sechelt Indian Government District,Indian Government District,#REF!,40840
Sechelt SB 2,Indian Government District : Land Unit,#REF!,40212
Secret Cove,Community,#REF!,18132
Sekaleton SB 21,Indian Government District : Land Unit,#REF!,40195
Sekaleton SB 21A,Indian Government District : Land Unit,#REF!,40841
Selma Park,Community,#REF!,30619
Shannon Creek SB 28,Indian Government District : Land Unit,#REF!,40185
Shawnigan Lake,Community,#REF!,40846
Shelter Point,Community,#REF!,16250
Shingle Point 4,Indian Reserve,#REF!,65204
Siakin 4,Indian Reserve,#REF!,65064
Skookumchuck SB 27,Indian Government District : Land Unit,#REF!,40184
Skutz 7,Indian Reserve,#REF!,65222
Skutz 8,Indian Reserve,#REF!,65225
Skwawkweehm SB 17,Indian Government District : Land Unit,#REF!,40206
Slayathlum SB 16,Indian Government District : Land Unit,#REF!,40868
Smeshalin SB 18,Indian Government District : Land Unit,#REF!,40183
Somenos,Community,#REF!,19750
South Wellington,Community,#REF!,20726
Sproat Lake,Community,#REF!,19663
Squaw-Hay-One 11,Indian Reserve,#REF!,65236
Squirrel Cove,Locality,#REF!,19722
Squirrel Cove 8,Indian Reserve,#REF!,65060
Stillwater,Community,#REF!,34713
Stories Beach,Community,#REF!,40885
Stuart Island,Locality,#REF!,8731
Sturdies Bay,Community,#REF!,8757
Suahbin SB 19,Indian Government District : Land Unit,#REF!,40193
Surge Narrows,Locality,#REF!,14011
Swaycalse SB 3,Indian Government District : Land Unit,#REF!,40205
Swaywelat SB 12,Indian Government District : Land Unit,#REF!,40189
Swaywelat SB 12A,Indian Government District : Land Unit,#REF!,40215
Tatpo-oose 10,Indian Reserve,#REF!,65023
Tchahchelailthtenum SB 10,Indian Government District : Land Unit,#REF!,40214
Teakerne Arm,Locality,#REF!,40907
Teeshohsum,Community,#REF!,56243
Tent Island 8,Indian Reserve,#REF!,65283
Theik 2,Indian Reserve,#REF!,65219
Theodosia Arm,Locality,#REF!,14960
Thetis Island,Community,#REF!,14968
Thurlow,Locality,#REF!,19066
Tork 7,Indian Reserve,#REF!,65059
Tsahaheh 1,Indian Reserve,#REF!,65277
Tsawcome SB 1,Indian Government District : Land Unit,#REF!,40211
Tsooahdie SB 15,Indian Government District : Land Unit,#REF!,40188
ts'uḵw'um,Community,#REF!,73722
Tsussie 6,Indian Reserve,#REF!,65281
Tuwanek,Locality,#REF!,24687
Twin Creeks,Locality,#REF!,26373
Tzart-lam 5,Indian Reserve,#REF!,65220
Tzouhalem,Community,#REF!,52920
Union Bay,Community,#REF!,25063
Van Anda,Community,#REF!,40923
Vaucroft Beach,Locality,#REF!,24362
Village Bay 7,Indian Reserve,#REF!,65355
Welcome Beach,Locality,#REF!,20100
Wellington,Community,#REF!,20112
Westholme,Community,#REF!,20186
Westview,Community,#REF!,20237
Whaletown,Locality,#REF!,35016
Whisky Creek,Community,#REF!,40958
Wildwood,Community,#REF!,22133
Williams Beach,Community,#REF!,22168
Williamsons Landing,Locality,#REF!,30409
Yaculta,Community,#REF!,35019
Youbou,Community,#REF!,25300
Aass 3,Indian Reserve,#REF!,65506
Ahaminaquus 12,Indian Reserve,#REF!,65419
Ahmacinnit 3,Indian Reserve,#REF!,63204
Ahmitsa 5,Indian Reserve,#REF!,65273
Ahous 16,Indian Reserve,#REF!,65150
Ahousat,Locality,#REF!,755
Ahpukto 3,Indian Reserve,#REF!,65434
Ahuk 1,Indian Reserve,#REF!,65212
Ah-we-cha-ol-to 16,Indian Reserve,#REF!,65455
Ak:tiis,First Nation Village,#REF!,63302
Anaqtl'a,First Nation Village,#REF!,62791
Bamfield,Community,#REF!,11066
Bartlett Island 32,Indian Reserve,#REF!,65257
Boat Basin,Locality,#REF!,37677
Carmanah 6,Indian Reserve,#REF!,65305
Caycuse,Community,#REF!,3461
Cayilth 5,Indian Reserve,#REF!,65449
Cayuse 6,Indian Reserve,#REF!,65448
Ceepeecee,Locality,#REF!,38869
Chamiss Bay,Locality,#REF!,25413
Cheesish 15,Indian Reserve,#REF!,65420
Cheewat 4A,Indian Reserve,#REF!,65213
Chenahkint 12,Indian Reserve,#REF!,65342
Chenatha,First Nation Village,#REF!,62621
Chetarpe,Locality,#REF!,38571
Chetarpe 17,Indian Reserve,#REF!,65151
Chiseuquis 9,Indian Reserve,#REF!,65432
Chuchakacook 4,Indian Reserve,#REF!,65288
Chuchummisapo 15,Indian Reserve,#REF!,65294
Claoose 4,Indian Reserve,#REF!,65306
Clatux 9,Indian Reserve,#REF!,65461
Clayoqua 6,Indian Reserve,#REF!,65244
Clayoquot,Locality,#REF!,2577
Cleho 6,Indian Reserve,#REF!,65274
Clienna 14,Indian Reserve,#REF!,65457
Cloolthpich 12,Indian Reserve,#REF!,65138
Clo-oose,Locality,#REF!,9732
Coopte 9,Indian Reserve,#REF!,65516
Cullite 3,Indian Reserve,#REF!,65285
Doobah 10,Indian Reserve,#REF!,65301
Echachis 2,Indian Reserve,#REF!,65240
Ecoole,Locality,#REF!,40437
Eelseuklis 10,Indian Reserve,#REF!,65216
Ehatis 11,Indian Reserve,#REF!,65343
Elephant Crossing,Locality,#REF!,9406
Equis 8,Indian Reserve,#REF!,65276
Esowista 3,Indian Reserve,#REF!,65241
Esperanza,Locality,#REF!,2872
Estevan Point,Locality,#REF!,10650
Fair Harbour,Locality,#REF!,26110
Glen-gla-ouch 5,Indian Reserve,#REF!,65439
Gold River,Village,#REF!,9765
Gordon River,Locality,#REF!,34716
Gordon River 2,Indian Reserve,#REF!,65284
Grass Point 13,Indian Reserve,#REF!,65458
Grassy Island 17,Indian Reserve,#REF!,63284
Hecate 17,Indian Reserve,#REF!,65368
Hesquiat,Locality,#REF!,20340
Hesquiat 1,Indian Reserve,#REF!,65228
Hesquis 10A,Indian Reserve,#REF!,65341
Hisnit 7,Indian Reserve,#REF!,65510
Hisnit Fishery 34,Indian Reserve,#REF!,65255
Hitacu,First Nation Village,#REF!,63103
Hi'tatis,First Nation Village,#REF!,62968
Hleepte 14,Indian Reserve,#REF!,65421
Hoiss 8,Indian Reserve,#REF!,65515
Hoke Point 10B,Indian Reserve,#REF!,65340
Holberg,Community,#REF!,29339
Homais 2,Indian Reserve,#REF!,65230
Homitan 8,Indian Reserve,#REF!,65303
Honeymoon Bay,Community,#REF!,17502
Hope Island 1,Indian Reserve,#REF!,65443
Hot Springs Cove,Locality,#REF!,18444
Houpsitas,First Nation Village,#REF!,63350
Hub-Toul 2A,Indian Reserve,#REF!,63203
Iktuksasuk 7,Indian Reserve,#REF!,65302
Ilclo 12,Indian Reserve,#REF!,65299
Ilthpaya 8,Indian Reserve,#REF!,65215
Indian Island 30,Indian Reserve,#REF!,65251
Jeune Landing,Community,#REF!,26260
Keith Island 7,Indian Reserve,#REF!,65275
Kendrick Camp,Locality,#REF!,54090
Kildonan,Locality,#REF!,3839
Kishnacous 29,Indian Reserve,#REF!,65252
Klaskish 3,Indian Reserve,#REF!,65441
Klitsis 16,Indian Reserve,#REF!,65371
Kootowis 4,Indian Reserve,#REF!,65246
Kutcous Point 33,Indian Reserve,#REF!,65256
Kyuquot,Community,#REF!,27428
Maahpe 4,Indian Reserve,#REF!,65199
Machta 16,Indian Reserve,#REF!,63282
Mahatta River,Community,#REF!,25740
Mah-te-nicht 8,Indian Reserve,#REF!,65446
Malachan 11,Indian Reserve,#REF!,65298
Marktosis,Community,#REF!,5614
Marktosis 15,Indian Reserve,#REF!,65149
Matchlee 13,Indian Reserve,#REF!,65418
Mesachie Lake,Community,#REF!,22547
Mission Island 2,Indian Reserve,#REF!,63202
Mooyah 16,Indian Reserve,#REF!,65415
Moutcha 5,Indian Reserve,#REF!,65512
Moyehai 23,Indian Reserve,#REF!,65250
Nahwitti 4,Indian Reserve,#REF!,65438
Nesuk 4,Indian Reserve,#REF!,65511
Nettle Island 5,Indian Reserve,#REF!,65291
Nuchatl 1,Indian Reserve,#REF!,65425
Nuchatl 2,Indian Reserve,#REF!,65424
Nuchatlitz,Community,#REF!,17836
Occosh 8,Indian Reserve,#REF!,65431
Oclucje 7,Indian Reserve,#REF!,65430
Oinimitis 14,Indian Reserve,#REF!,65140
Oke 10,Indian Reserve,#REF!,65346
Okeamin 5,Indian Reserve,#REF!,65239
Omoah 9,Indian Reserve,#REF!,65269
Onadsilth 9,Indian Reserve,#REF!,65243
Opatseeah 13,Indian Reserve,#REF!,65296
Opemit 4,Indian Reserve,#REF!,65435
Openit 27,Indian Reserve,#REF!,65254
Opitsat,Community,#REF!,18733
Opitsat 1,Indian Reserve,#REF!,65242
Ouchton 3,Indian Reserve,#REF!,65445
Ous 17,Indian Reserve,#REF!,65414
Owossitsa 6,Indian Reserve,#REF!,65437
O-ya-kum-la 11,Indian Reserve,#REF!,65460
Oyees 9,Indian Reserve,#REF!,65300
Pa-cat'l-lin-ne 3,Indian Reserve,#REF!,65451
Pacheena 1,Indian Reserve,#REF!,65289
Peneetle 22,Indian Reserve,#REF!,65148
Port Albion,Locality,#REF!,19251
Port Alice,Village,#REF!,25917
Port Renfrew,Community,#REF!,16166
Pulcah 15,Indian Reserve,#REF!,65456
Quatleyo 12,Indian Reserve,#REF!,65459
Quatsino,Community,#REF!,27245
Queesidaquah 4,Indian Reserve,#REF!,65286
Quortsowe 13,Indian Reserve,#REF!,65139
Refuge Cove 6,Indian Reserve,#REF!,65200
Rumble Beach,Community,#REF!,25203
Salmon Beach,Community,#REF!,63981
Saouk 16,Indian Reserve,#REF!,65295
Sarque 5,Indian Reserve,#REF!,65304
Savey 15,Indian Reserve,#REF!,65442
Seektukis 24,Indian Reserve,#REF!,65249
Semach 2,Indian Reserve,#REF!,65444
Shoomart 5,Indian Reserve,#REF!,65436
Shushartie,Locality,#REF!,40850
Sophe 14,Indian Reserve,#REF!,65433
Stewardson Inlet,Locality,#REF!,7808
Sucwoa 6,Indian Reserve,#REF!,65509
Sutaquis 18,Indian Reserve,#REF!,65152
Swan 35,Indian Reserve,#REF!,65261
Tahsis,Village,#REF!,30878
Tahsis 11,Indian Reserve,#REF!,65514
Tatchu 13,Indian Reserve,#REF!,65789
Tatchu 13A,Indian Reserve,#REF!,65790
Teahmit 3,Indian Reserve,#REF!,65229
Teeta 7,Indian Reserve,#REF!,65447
Telaise 1,Indian Reserve,#REF!,59983
Tequa 21,Indian Reserve,#REF!,65147
Tin-Wis 11,Indian Reserve,#REF!,60001
Tlakmaqis,First Nation Village,#REF!,63121
Tofino,District Municipality,#REF!,20919
Toh-quo-eugh 2,Indian Reserve,#REF!,65452
Tootoowiltena 28,Indian Reserve,#REF!,65253
Tsa Xana 18,Indian Reserve,#REF!,60005
Tsarksis 2,Indian Reserve,#REF!,65505
Tseoowa 4,Indian Reserve,#REF!,65280
Tsowenachs 2,Indian Reserve,#REF!,60000
Tsowwin 10,Indian Reserve,#REF!,65513
Tsuquanah 2,Indian Reserve,#REF!,65214
Ucluelet,District Municipality,#REF!,24419
Vargas Island 31,Indian Reserve,#REF!,65258
Wahous 19,Indian Reserve,#REF!,65145
Wahous 20,Indian Reserve,#REF!,65146
Wakems 6,Indian Reserve,#REF!,65440
Wappook 26,Indian Reserve,#REF!,65247
Watta 25,Indian Reserve,#REF!,65248
Whyac,Community,#REF!,22077
Winche 7,Indian Reserve,#REF!,65245
Winter Harbour,Community,#REF!,31364
Wokitsas 14,Indian Reserve,#REF!,65297
Wyah 3,Indian Reserve,#REF!,65211
Yarksis,Community,#REF!,24789
Yarksis 11,Indian Reserve,#REF!,65137
Yreka,Locality,#REF!,34833
Yuquot,Community,#REF!,25332
Yuquot 1,Indian Reserve,#REF!,65508
Zeballos,Village,#REF!,25342
Albert Head,Community,#REF!,693
Albion,Community,#REF!,705
Aldergrove,Community,#REF!,724
Altamont,Community,#REF!,2
Ambleside,Community,#REF!,1464
Anmore,Village,#REF!,30143
Anniedale,Community,#REF!,2063
Arbutus Ridge,Community,#REF!,9161
Ardmore,Locality,#REF!,40322
Austin Heights,Community,#REF!,3
Barnet,Community,#REF!,30144
Barnston Island,Community,#REF!,11671
Barnston Island 3,Indian Reserve,#REF!,65051
Beach Grove,Community,#REF!,12527
Beaver Lake,Community,#REF!,2801
Becher Bay 1,Indian Reserve,#REF!,65262
Becher Bay 2,Indian Reserve,#REF!,65260
Belcarra,Village,#REF!,35893
Belmont Park,Community,#REF!,25207
Birchland Manor,Community,#REF!,7
Blueridge,Community,#REF!,6717
Boundary Bay,Community,#REF!,436
Braemar Heights,Community,#REF!,586
Brentwood Bay,Community,#REF!,794
Brentwood Park,Community,#REF!,9
Bridgeview,Community,#REF!,786
Brighouse,Community,#REF!,28721
British Properties,Community,#REF!,11
Broadmoor,Community,#REF!,10
Brookswood,Community,#REF!,1141
Brunette Creek,Community,#REF!,12
Brunswick Beach,Locality,#REF!,34969
Buckingham Heights,Community,#REF!,14
Burkeville,Community,#REF!,16
Burnaby,City,#REF!,2210
Burnaby Heights,Community,#REF!,15
Burquitlam,Community,#REF!,34968
Burrard Inlet 3,Indian Reserve,#REF!,65003
Cadboro Bay,Community,#REF!,38767
Canyon Heights,Community,#REF!,10559
Capilano 5,Indian Reserve,#REF!,64598
Capilano Highlands,Community,#REF!,11145
Capitol Hill,Community,#REF!,30153
Cariboo,Community,#REF!,20
Cascade Heights,Community,#REF!,22
Cassin,Community,#REF!,54601
Caulfeild,Community,#REF!,38540
Cedardale,Community,#REF!,21
Central Saanich,District Municipality,#REF!,38674
Chatham Islands 4,Indian Reserve,#REF!,65271
Chineside,Community,#REF!,24
Cleveland Park,Community,#REF!,9704
Cloverdale,Urban Community,#REF!,10212
Cole Bay 3,Indian Reserve,#REF!,65287
Colquitz,Community,#REF!,10886
Colwood,City,#REF!,35878
Connaught Heights,Community,#REF!,28
Coombe,Community,#REF!,27
Coquitlam,City,#REF!,13021
Coquitlam 1,Indian Reserve,#REF!,64947
Coquitlam 2,Indian Reserve,#REF!,64948
Cordova Bay,Community,#REF!,13041
Cove Cliff,Community,#REF!,4067
Crescent,Community,#REF!,4841
Crescent Beach,Community,#REF!,4845
Cypress Park,Community,#REF!,7518
Dartmoor,Community,#REF!,32
Deep Cove,Community,#REF!,13228
Deep Cove,Community,#REF!,13231
Delbrook,Community,#REF!,13773
Delta,City,#REF!,13789
Discovery Island 3,Indian Reserve,#REF!,65797
Dollarton,Community,#REF!,18230
Douglas,Community,#REF!,25223
Dunbar-Southlands,Community,#REF!,15592
Dundarave,Community,#REF!,15609
Eagle Harbour,Community,#REF!,34974
Eagle Ridge,Community,#REF!,35
East Saanich 2,Indian Reserve,#REF!,65265
East Sooke,Community,#REF!,1240
Eastburn,Community,#REF!,38
Elgin,Community,#REF!,9424
Esquimalt,District Municipality,#REF!,10640
Esquimalt,Indian Reserve,#REF!,65798
Essondale,Community,#REF!,10643
Fairfield,Community,#REF!,38956
Fairview,Community,#REF!,11406
Fern Ridge,Community,#REF!,11945
Fleetwood,Urban Community,#REF!,12884
Forest Hills,Community,#REF!,3556
Forest Knolls,Community,#REF!,3559
Fort Langley,Community,#REF!,3589
Fraser Heights,Community,#REF!,4366
Fraser Island 6,Indian Reserve,#REF!,65234
Fraser Mills,Community,#REF!,28523
Garden Village,Community,#REF!,43
Glen Lake,Locality,#REF!,2007
Glen Valley,Community,#REF!,26325
Glenbrooke North,Community,#REF!,45
Gleneagles,Community,#REF!,2001
Glenmore,Community,#REF!,44
Goldstream,Community,#REF!,50510
Goldstream 13,Indian Reserve,#REF!,65321
Gordon Head,Community,#REF!,38958
Grandview,Community,#REF!,11650
Grandview-Woodlands,Community,#REF!,11651
Graveyard 5,Indian Reserve,#REF!,65045
Guildford,Urban Community,#REF!,4115
Halkett Island 2,Indian Reserve,#REF!,62202
Haney,Community,#REF!,37649
Happy Valley,Community,#REF!,6671
Harbour Chines,Community,#REF!,46
Harbour Village,Community,#REF!,48
Hastings-Sunrise,Community,#REF!,8577
Hazelmere,Community,#REF!,8663
Highlands,District Municipality,#REF!,41023
Hollyburn,Community,#REF!,39758
Hopington,Locality,#REF!,18325
Horseshoe Bay,Community,#REF!,34977
Inlailawatash 4,Indian Reserve,#REF!,65002
Inlailawatash 4A,Indian Reserve,#REF!,65005
Ioco,Community,#REF!,34978
James Bay,Community,#REF!,38961
Johnson Heights,Community,#REF!,11818
Katzie 1,Indian Reserve,#REF!,65052
Katzie 2,Indian Reserve,#REF!,64441
Keating,Community,#REF!,3103
Keith-Lynn,Community,#REF!,3135
Kelvin,Community,#REF!,54
Kensington-Cedar Cottage,Community,#REF!,3766
Kerrisdale,Community,#REF!,3784
Killarney,Community,#REF!,3846
Kitsilano,Community,#REF!,4619
Kitsilano 6,Indian Reserve,#REF!,62201
Ladner,Community,#REF!,7313
Lake Hill,Community,#REF!,7366
Lamb Island 5,Indian Reserve,#REF!,65259
Langford,City,#REF!,8837
Langley,City,#REF!,8845
Langley,District Municipality,#REF!,8848
Langley 5,Indian Reserve,#REF!,64406
Laurentian Belaire,Community,#REF!,59
Leechtown,Locality,#REF!,906
Lincoln Park,Community,#REF!,61
Lions Bay,Village,#REF!,34982
Long Neck Island 9,Indian Reserve,#REF!,65233
Lower Lonsdale,Community,#REF!,37920
Luxton,Community,#REF!,12152
Lynn Valley,Community,#REF!,27180
Lynnmour,Community,#REF!,12171
Maillardville,Community,#REF!,4632
Maple Ridge,City,#REF!,5536
Maplewood,Community,#REF!,5538
Marigold,Community,#REF!,5590
Marpole,Community,#REF!,5630
Mary Hill,Community,#REF!,64
Mayfair,Community,#REF!,66
McMillan Island 6,Indian Reserve,#REF!,64403
Meadowbrook,Community,#REF!,68
Metchosin,District Municipality,#REF!,38033
Metrotown,Community,#REF!,39556
Middlegate,Community,#REF!,70
Millstream,Locality,#REF!,24209
Milner,Community,#REF!,24210
Milnes Landing,Community,#REF!,24212
Mission 1,Indian Reserve,#REF!,64604
Mount Pleasant,Community,#REF!,8177
Mud Bay,Locality,#REF!,69
Murrayville,Community,#REF!,8339
Musqueam 2,Indian Reserve,#REF!,64421
Musqueam 4,Indian Reserve,#REF!,64422
New Songhees 1A,Indian Reserve,#REF!,65270
New Westminster,City,#REF!,14255
Newton,Urban Community,#REF!,14250
Norgate,Community,#REF!,17020
North Delta,Community,#REF!,17075
North Lonsdale,Community,#REF!,17105
North Saanich,District Municipality,#REF!,17127
North Vancouver,City,#REF!,17802
North Vancouver,District Municipality,#REF!,17805
Oak Bay,District Municipality,#REF!,17883
Oakridge,Community,#REF!,17887
Ocean Park,Community,#REF!,17920
Oxford Heights,Community,#REF!,76
Panorama Ridge,Community,#REF!,15271
Park Royal,Community,#REF!,16033
Parkdale Gardens,Community,#REF!,16002
Pemberton Heights,Community,#REF!,41024
Pitt Lake 4,Indian Reserve,#REF!,65046
Pitt Meadows,City,#REF!,16886
Pitt Meadows,Community,#REF!,27617
Pleasantside,Community,#REF!,39858
Port Coquitlam,City,#REF!,17769
Port Guichon,Community,#REF!,17790
Port Hammond,Community,#REF!,17791
Port Kells,Community,#REF!,16159
Port Mann,Community,#REF!,16162
Port Moody,City,#REF!,16164
Prospect Lake,Community,#REF!,21268
Queens Park,Community,#REF!,82
Queensborough,Community,#REF!,31007
Ranch Park,Community,#REF!,81
Renfrew-Collingwood,Community,#REF!,18974
Richmond,City,#REF!,19823
Riley Park,Community,#REF!,19853
River Jordan,Community,#REF!,19891
River Springs,Community,#REF!,85
Royal Oak,Community,#REF!,21910
Ruskin,Community,#REF!,22793
Saanich,District Municipality,#REF!,40827
Saanichton,Community,#REF!,13136
Sandy Cove,Community,#REF!,87
Sapperton,Community,#REF!,30358
Saseenos,Community,#REF!,14458
Sea Island 3,Indian Reserve,#REF!,64417
Seafair,Community,#REF!,86
Semiahmoo,Indian Reserve,#REF!,65772
Senanus Island 10,Indian Reserve,#REF!,65267
Sentinel Hill,Community,#REF!,90
Sevenoaks,Community,#REF!,18920
Seymour Creek 2,Indian Reserve,#REF!,64603
Seymour Heights,Community,#REF!,15314
Shaughnessy,Community,#REF!,15406
Shirley,Locality,#REF!,16310
Sidney,Town,#REF!,27029
Silver Valley,Community,#REF!,30403
Sooke,District Municipality,#REF!,19762
South Cambie,Community,#REF!,20650
South Saanich 1,Indian Reserve,#REF!,65266
South Slope,Community,#REF!,96
South Surrey,Urban Community,#REF!,41220
Southarm,Community,#REF!,93
Steveston,Community,#REF!,31647
Strachan Creek,Locality,#REF!,31668
Strathcona,Community,#REF!,8687
Strawberry Hill,Community,#REF!,8699
Strawberry Vale,Community,#REF!,8706
Sullivan,Community,#REF!,35863
Sullivan Heights,Community,#REF!,100
Sun Valley,Community,#REF!,101
Suncrest,Community,#REF!,99
Sunnyside,Locality,#REF!,13967
Sunset,Community,#REF!,13976
Sunset Beach,Community,#REF!,13978
Sunshine Hills,Community,#REF!,13998
Surrey,City,#REF!,14024
Surrey Centre,Community,#REF!,14026
Thompson,Community,#REF!,102
Tillicum,Community,#REF!,19104
Tsawwassen,Community,#REF!,23827
Tsawwassen Beach,Community,#REF!,23826
T'Sou-ke 1,Indian Reserve,#REF!,65268
T'Sou-ke 2,Indian Reserve,#REF!,65272
Twin Island 10,Indian Reserve,#REF!,65231
Tynehead,Community,#REF!,25178
Union Bay 4,Indian Reserve,#REF!,65323
University Hill,Community,#REF!,25071
Upper Lynn,Community,#REF!,25100
Vancouver,City,#REF!,24320
Victoria,City,#REF!,22474
Victoria-Fraserview,Community,#REF!,22480
View Royal,Town,#REF!,23448
Village Island 7,Indian Reserve,#REF!,65785
Walnut Grove,Community,#REF!,15931
Websters Corners,Community,#REF!,31317
West Bay,Community,#REF!,112
West End,Community,#REF!,20172
West End,Community,#REF!,54060
West Lynn,Community,#REF!,20202
West Point Grey,Community,#REF!,20221
West Vancouver,District Municipality,#REF!,20235
Westmount,Community,#REF!,114
Westridge,Community,#REF!,113
Whale Island 8,Indian Reserve,#REF!,65232
Whalley,Urban Community,#REF!,23378
White Rock,City,#REF!,38424
Whonnock,Community,#REF!,22085
Whonnock 1,Indian Reserve,#REF!,64401
Whytecliff,Community,#REF!,38425
Willingdon Heights,Community,#REF!,116
Windsor Park,Community,#REF!,23117
Woodhaven,Community,#REF!,115
Woodlands,Community,#REF!,30412
Yennadon,Locality,#REF!,25263