geoname_id,bc_geographic_name,geoname_type,lon,lat,bcgn_name,bcgn_feature_type,da_uid,da_population,da_match,da_distance_m,csd_uid,csd_name,csd_type,csd_population,csd_match,csd_distance_m,name_agrees_with_csd,muni_name,muni_type,muni_population,muni_population_year,muni_population_latest,muni_latest_year,place_population,place_population_basis,place_population_source,place_population_confidence,geo_level,geo_uid,geo_shared_with,parent_geoname_id,parent_name,is_nested,is_primary,selected_because,note
65682,Five Mile Point 3,Indian Reserve,-133.6687192909,59.499783351,Five Mile Point 3,Indian Reserve-Réserve indienne,59570209,83,contains,0.0,5957803,Five Mile Point 3,Indian reserve,83,contains,0.0,yes,,,,,,,83,csd,"2021 Census, census subdivision",high,csd,5957803,0,,,FALSE,TRUE,indigenous,"the geoname names its containing census subdivision, so this is the population of Five Mile Point 3 itself"
65680,McDonald Lake 1,Indian Reserve,-133.5520629131,59.7331234769,McDonald Lake 1,Indian Reserve-Réserve indienne,59570210,180,contains,0.0,5957022,Stikine Region,Regional district electoral area,424,contains,0.0,no,,,,,,,180,da,"2021 Census, dissemination area",high,da,59570210,3,,,FALSE,TRUE,indigenous,"no census subdivision carries this name, so this is the population of the surrounding dissemination area, NOT of the named place"
65793,Unnamed 10,Indian Reserve,-133.7020578142,59.5664509008,Unnamed 10,Indian Reserve-Réserve indienne,59570219,219,contains,0.0,5957802,Unnamed 10,Indian reserve,18,nearest-name,92.4,yes,,,,,,,18,csd,"2021 Census, census subdivision",medium,csd,5957802,0,,,FALSE,TRUE,indigenous,"the point lies 92 m outside the same-named census subdivision, inside Stikine Region; the same-named one was taken; the geoname names its containing census subdivision, so this is the population of Unnamed 10 itself"
64825,Dease Lake 9,Indian Reserve,-130.035201727,58.4664839126,Dease Lake 9,Indian Reserve-Réserve indienne,59490201,326,contains,0.0,5949845,Dease Lake 9,Indian reserve,54,nearest-name,372.3,yes,,,,,,,54,csd,"2021 Census, census subdivision",medium,csd,5949845,0,,,FALSE,TRUE,indigenous,"the point lies 372 m outside the same-named census subdivision, inside Kitimat-Stikine F; the same-named one was taken; the geoname names its containing census subdivision, so this is the population of Dease Lake 9 itself"
60004,Dease River 1,Indian Reserve,-129.289444444,59.2874999978,Dease River 1,Indian Reserve-Réserve indienne,59570227,39,contains,0.0,5957820,Dease River 1,Indian reserve,39,contains,0.0,yes,,,,,,,39,csd,"2021 Census, census subdivision",high,csd,5957820,0,,,FALSE,TRUE,indigenous,"the geoname names its containing census subdivision, so this is the population of Dease River 1 itself"
60002,Guhthe Tah 12,Indian Reserve,-131.1763888888,57.9038888864,Guhthe Tah 12,Indian Reserve-Réserve indienne,59490097,142,contains,0.0,5949843,Guhthe Tah 12,Indian reserve,142,contains,0.0,yes,,,,,,,142,csd,"2021 Census, census subdivision",high,csd,5949843,0,,,FALSE,TRUE,indigenous,"the geoname names its containing census subdivision, so this is the population of Guhthe Tah 12 itself"
64101,Iskut 6,Indian Reserve,-130.0000000008,57.8352777753,Iskut 6,Indian Reserve-Réserve indienne,59490219,74,contains,0.0,5949832,Iskut 6,Indian reserve,478,nearest-name,600.3,yes,,,,,,,478,csd,"2021 Census, census subdivision",medium,csd,5949832,0,,,FALSE,TRUE,indigenous,"the point lies 600 m outside the same-named census subdivision, inside Kitimat-Stikine D; the same-named one was taken; the geoname names its containing census subdivision, so this is the population of Iskut 6 itself"
37405,Stewart,District Municipality,-129.9911111106,55.9383333305,Stewart,District Municipality (1),59490105,517,contains,0.0,5949032,Stewart,District municipality,517,contains,0.0,yes,Stewart,District municipality,539,2021,515,2025,539,municipal,"BC Stats population estimate, July 1 2021",high,csd,5949032,0,,,FALSE,TRUE,municipality,"this is the population of the municipality of Stewart itself, as estimated by BC Stats for 2021 (the 2021 census counted 517)"
64770,Tahltan 1,Indian Reserve,-130.9852108804,58.0164613105,Tahltan 1,Indian Reserve-Réserve indienne,59490201,326,contains,0.0,5949846,Tahltan 1,Indian reserve,0,nearest-name,118.6,yes,,,,,,,0,csd,"2021 Census, census subdivision",medium,csd,5949846,0,,,FALSE,TRUE,indigenous,"the point lies 119 m outside the same-named census subdivision, inside Kitimat-Stikine F; the same-named one was taken; the geoname names its containing census subdivision, so this is the population of Tahltan 1 itself"
35678,Telegraph Creek,Community,-131.1595825006,57.9031706682,Telegraph Creek,Community,59490219,74,contains,0.0,5949847,Telegraph Creek,Indian reserve,51,nearest-name,253.7,yes,,,,,,,51,csd,"2021 Census, census subdivision",medium,csd,5949847,0,,,FALSE,TRUE,indigenous,"the point lies 254 m outside the same-named census subdivision, inside Kitimat-Stikine D; the same-named one was taken; the geoname names its containing census subdivision, so this is the population of Telegraph Creek itself"
64812,Blueberry River 205,Indian Reserve,-121.1014615504,56.7165685535,Blueberry River 205,Indian Reserve-Réserve indienne,59550223,472,contains,0.0,5955803,Blueberry River 205,Indian reserve,145,nearest-name,495.3,yes,,,,,,,145,csd,"2021 Census, census subdivision",medium,csd,5955803,0,,,FALSE,TRUE,indigenous,"the point lies 495 m outside the same-named census subdivision, inside Peace River B; the same-named one was taken; the geoname names its containing census subdivision, so this is the population of Blueberry River 205 itself"
37727,Chetwynd,District Municipality,-121.6383333337,55.6958333309,Chetwynd,District Municipality (1),59550136,411,contains,0.0,5955010,Chetwynd,District municipality,2302,contains,0.0,yes,Chetwynd,District municipality,2420,2021,2484,2025,2420,municipal,"BC Stats population estimate, July 1 2021",high,csd,5955010,0,,,FALSE,TRUE,municipality + population>1000,"this is the population of the municipality of Chetwynd itself, as estimated by BC Stats for 2021 (the 2021 census counted 2,302)"
40540,Dawson Creek,City,-120.2355555556,55.7605555528,Dawson Creek,City,59550143,676,contains,0.0,5955014,Dawson Creek,City,12323,contains,0.0,yes,Dawson Creek,City,12910,2021,13635,2025,12910,municipal,"BC Stats population estimate, July 1 2021",high,csd,5955014,0,,,FALSE,TRUE,municipality + population>1000,"this is the population of the municipality of Dawson Creek itself, as estimated by BC Stats for 2021 (the 2021 census counted 12,323)"
64811,Doig River 206,Indian Reserve,-120.5014330503,56.5665728632,Doig River 206,Indian Reserve-Réserve indienne,59550221,85,contains,0.0,5955804,Doig River 206,Indian reserve,85,contains,0.0,yes,,,,,,,85,csd,"2021 Census, census subdivision",high,csd,5955804,0,,,FALSE,TRUE,indigenous,"the geoname names its containing census subdivision, so this is the population of Doig River 206 itself"
64922,East Moberly Lake 169,Indian Reserve,-121.6347812582,55.8332139189,East Moberly Lake 169,Indian Reserve-Réserve indienne,59550122,297,contains,0.0,5955801,East Moberly Lake 169,Indian reserve,297,contains,0.0,yes,,,,,,,297,csd,"2021 Census, census subdivision",high,csd,5955801,0,,,FALSE,TRUE,indigenous,"the geoname names its containing census subdivision, so this is the population of East Moberly Lake 169 itself"
66021,Finlay Bay 21,Indian Reserve,-123.7991666663,55.9777777752,Finlay Bay 21,Indian Reserve-Réserve indienne,59550117,284,contains,0.0,5955023,Peace River E,Regional district electoral area,2660,contains,0.0,no,,,,,,,284,da,"2021 Census, dissemination area",high,da,59550117,1,,,FALSE,TRUE,indigenous,"no census subdivision carries this name, so this is the population of the surrounding dissemination area, NOT of the named place"
64801,Fontas 1,Indian Reserve,-121.7015491684,58.2832582241,Fontas 1,Indian Reserve-Réserve indienne,59590039,300,contains,0.0,5959805,Fontas 1,Indian reserve,5,nearest-name,1263.2,yes,,,,,,,5,csd,"2021 Census, census subdivision",medium,csd,5959805,0,,,FALSE,TRUE,indigenous,"the point lies 1263 m outside the same-named census subdivision, inside Northern Rockies; the same-named one was taken; the geoname names its containing census subdivision, so this is the population of Fontas 1 itself"
64802,Fort Nelson 2,Indian Reserve,-122.5849381515,58.7499238291,Fort Nelson 2,Indian Reserve-Réserve indienne,59590039,300,contains,0.0,5959806,Fort Nelson 2,Indian reserve,419,nearest-name,83.3,yes,,,,,,,419,csd,"2021 Census, census subdivision",medium,csd,5959806,0,,,FALSE,TRUE,indigenous,"the point lies 83 m outside the same-named census subdivision, inside Northern Rockies; the same-named one was taken; the geoname names its containing census subdivision, so this is the population of Fort Nelson 2 itself"
3602,Fort St. John,City,-120.8466666661,56.2524999972,Fort St. John,City,59550190,566,contains,0.0,5955034,Fort St. John,City,21465,contains,0.0,yes,Fort St. John,City,22665,2021,24383,2025,22665,municipal,"BC Stats population estimate, July 1 2021",high,csd,5955034,0,,,FALSE,TRUE,municipality + population>1000,"this is the population of the municipality of Fort St. John itself, as estimated by BC Stats for 2021 (the 2021 census counted 21,465)"
64854,Fort Ware 1,Indian Reserve,-125.6349935158,57.4331918177,Fort Ware 1,Indian Reserve-Réserve indienne,59550114,242,contains,0.0,5955807,Fort Ware 1,Indian reserve,242,contains,0.0,yes,,,,,,,242,csd,"2021 Census, census subdivision",high,csd,5955807,0,,,FALSE,TRUE,indigenous,"the geoname names its containing census subdivision, so this is the population of Fort Ware 1 itself"
64844,Halfway River 168,Indian Reserve,-121.8348120892,56.4498885327,Halfway River 168,Indian Reserve-Réserve indienne,59550227,477,contains,0.0,5955808,Halfway River 168,Indian reserve,247,nearest-name,185.5,yes,,,,,,,247,csd,"2021 Census, census subdivision",medium,csd,5955808,0,,,FALSE,TRUE,indigenous,"the point lies 185 m outside the same-named census subdivision, inside Peace River B; the same-named one was taken; the geoname names its containing census subdivision, so this is the population of Halfway River 168 itself"
14891,Hudson's Hope,District Municipality,-121.9136111113,56.0258333303,Hudson's Hope,District Municipality (1),59550119,413,contains,0.0,5955025,Hudson's Hope,District municipality,841,contains,0.0,yes,Hudson's Hope,District municipality,993,2021,1019,2025,993,municipal,"BC Stats population estimate, July 1 2021",high,csd,5955025,0,,,FALSE,TRUE,municipality,"this is the population of the municipality of Hudson's Hope itself, as estimated by BC Stats for 2021 (the 2021 census counted 841)"
65818,Ingenika Point,Indian Reserve,-124.8932713486,56.7831897661,Ingenika Point,Indian Reserve-Réserve indienne,59550251,449,contains,0.0,5955812,Ingenika Point,Indian settlement,0,nearest-name,417.9,yes,,,,,,,0,csd,"2021 Census, census subdivision",medium,csd,5955812,0,,,FALSE,TRUE,indigenous,"the point lies 418 m outside the same-named census subdivision, inside Peace River B; the same-named one was taken; the geoname names its containing census subdivision, so this is the population of Ingenika Point itself"
64803,Kahntah 3,Indian Reserve,-120.9348551347,58.3499354731,Kahntah 3,Indian Reserve-Réserve indienne,59590039,300,contains,0.0,5959809,Kahntah 3,Indian reserve,0,nearest-name,1475.6,yes,,,,,,,0,csd,"2021 Census, census subdivision",medium,csd,5959809,0,,,FALSE,TRUE,indigenous,"the point lies 1476 m outside the same-named census subdivision, inside Northern Rockies; the same-named one was taken; the geoname names its containing census subdivision, so this is the population of Kahntah 3 itself"
65678,Liard River 3,Indian Reserve,-128.5018924305,59.9165367799,Liard River 3,Indian Reserve-Réserve indienne,59570228,25,contains,0.0,5957814,Liard River 3,Indian reserve,114,nearest-name,770.1,yes,,,,,,,114,csd,"2021 Census, census subdivision",medium,csd,5957814,0,,,FALSE,TRUE,indigenous,"the point lies 770 m outside the same-named census subdivision, inside Stikine Region; the same-named one was taken; the geoname names its containing census subdivision, so this is the population of Liard River 3 itself"
11496,Lower Post,Community,-128.493254,59.9256692384,Lower Post,Community,59570225,114,contains,0.0,5957813,Lower Post,Indian settlement,5,nearest-name,4.7,yes,,,,,,,5,csd,"2021 Census, census subdivision",medium,csd,5957813,0,,,FALSE,TRUE,indigenous,"the point lies 5 m outside the same-named census subdivision, inside Liard River 3; the same-named one was taken; the geoname names its containing census subdivision, so this is the population of Lower Post itself"
60100,Northern Rockies Regional Municipality,District Municipality,-122.7066666659,58.8038888867,Northern Rockies Regional Municipality,District Municipality (1),59590019,456,contains,0.0,5959007,Northern Rockies,Regional municipality,3947,contains,0.0,no,Northern Rockies Regional Municipality,Regional municipality,4111,2021,4144,2025,4111,municipal,"BC Stats population estimate, July 1 2021",high,csd,5959007,0,,,FALSE,TRUE,municipality + population>1000,"this is the population of the municipality of Northern Rockies Regional Municipality itself, as estimated by BC Stats for 2021 (the 2021 census counted 3,947)"
22265,Pouce Coupe,Village,-120.1321964997,55.7146782081,Pouce Coupe,Village (1),59550162,395,contains,0.0,5955005,Pouce Coupe,Village,762,contains,0.0,yes,Pouce Coupe,Village,793,2021,813,2025,793,municipal,"BC Stats population estimate, July 1 2021",high,csd,5955005,0,,,FALSE,TRUE,municipality,"this is the population of the municipality of Pouce Coupe itself, as estimated by BC Stats for 2021 (the 2021 census counted 762)"
64921,Prophet River 4,Indian Reserve,-122.7015792853,58.083241895,Prophet River 4,Indian Reserve-Réserve indienne,59590032,107,contains,0.0,5959810,Prophet River 4,Indian reserve,107,contains,0.0,yes,,,,,,,107,csd,"2021 Census, census subdivision",high,csd,5959810,0,,,FALSE,TRUE,indigenous,"the geoname names its containing census subdivision, so this is the population of Prophet River 4 itself"
18508,Taylor,District Municipality,-120.6866666669,56.1591666642,Taylor,District Municipality (1),59550170,875,contains,0.0,5955030,Taylor,District municipality,1317,contains,0.0,yes,Taylor,District municipality,1380,2021,1415,2025,1380,municipal,"BC Stats population estimate, July 1 2021",high,csd,5955030,0,,,FALSE,TRUE,municipality + population>1000,"this is the population of the municipality of Taylor itself, as estimated by BC Stats for 2021 (the 2021 census counted 1,317)"
41381,Tsay Keh Dene,Locality,-124.9682783492,56.8831905554,Tsay Keh Dene,Locality,59550249,229,contains,0.0,5955840,Finlay River 6,Indian reserve,229,contains,0.0,no,,,,,,,229,da,"2021 Census, dissemination area",high,da,59550249,0,,,FALSE,TRUE,indigenous,"no census subdivision carries this name, so this is the population of the surrounding dissemination area, NOT of the named place"
24595,Tumbler Ridge,District Municipality,-120.9980555556,55.126111108,Tumbler Ridge,District Municipality (1),59550232,839,contains,0.0,5955003,Tumbler Ridge,District municipality,2399,contains,0.0,yes,Tumbler Ridge,District municipality,2513,2021,2663,2025,2513,municipal,"BC Stats population estimate, July 1 2021",high,csd,5955003,1,,,FALSE,TRUE,municipality + population>1000,"this is the population of the municipality of Tumbler Ridge itself, as estimated by BC Stats for 2021 (the 2021 census counted 2,399)"
64903,West Moberly Lake 168A,Indian Reserve,-121.9181237467,55.7998767026,West Moberly Lake 168A,Indian Reserve-Réserve indienne,59550121,99,contains,0.0,5955802,West Moberly Lake 168A,Indian reserve,99,contains,0.0,yes,,,,,,,99,csd,"2021 Census, census subdivision",high,csd,5955802,0,,,FALSE,TRUE,indigenous,"the geoname names its containing census subdivision, so this is the population of West Moberly Lake 168A itself"
3879,Mackenzie,District Municipality,-123.0927777774,55.3244444419,Mackenzie,District Municipality (1),59530199,236,contains,0.0,5953033,Mackenzie,District municipality,3281,contains,0.0,yes,Mackenzie,District municipality,3389,2021,3442,2025,3389,municipal,"BC Stats population estimate, July 1 2021",high,csd,5953033,0,,,FALSE,TRUE,municipality + population>1000,"this is the population of the municipality of Mackenzie itself, as estimated by BC Stats for 2021 (the 2021 census counted 3,281)"
8368,McBride,Village,-120.163888889,53.304166663,McBride,Village (1),59530256,588,contains,0.0,5953012,McBride,Village,588,contains,0.0,yes,McBride,Village,608,2021,646,2025,608,municipal,"BC Stats population estimate, July 1 2021",high,csd,5953012,0,,,FALSE,TRUE,municipality,"this is the population of the municipality of McBride itself, as estimated by BC Stats for 2021 (the 2021 census counted 588)"
64876,McLeod Lake 1,Indian Reserve,-123.0514677266,54.9831840484,McLeod Lake 1,Indian Reserve-Réserve indienne,59530202,81,contains,0.0,5953802,McLeod Lake 1,Indian reserve,81,contains,0.0,yes,,,,,,,81,csd,"2021 Census, census subdivision",high,csd,5953802,0,,,FALSE,TRUE,indigenous,"the geoname names its containing census subdivision, so this is the population of McLeod Lake 1 itself"
64832,Babine 16,Indian Reserve,-126.6174999998,55.3158333301,Babine 16,Indian Reserve-Réserve indienne,59510291,399,contains,0.0,5951831,Babine 16,Indian reserve,0,nearest-name,683.2,yes,,,,,,,0,csd,"2021 Census, census subdivision",medium,csd,5951831,0,,,FALSE,TRUE,indigenous,"the point lies 683 m outside the same-named census subdivision, inside Bulkley-Nechako G; the same-named one was taken; the geoname names its containing census subdivision, so this is the population of Babine 16 itself"
65164,Babine 17,Indian Reserve,-127.3349503358,55.033130438,Babine 17,Indian Reserve-Réserve indienne,59490176,87,contains,0.0,5949819,Babine 17,Indian reserve,87,contains,0.0,yes,,,,,,,87,csd,"2021 Census, census subdivision",high,csd,5949819,0,,,FALSE,TRUE,indigenous,"the geoname names its containing census subdivision, so this is the population of Babine 17 itself"
64841,Babine 6,Indian Reserve,-126.6163888885,55.3244444415,Babine 6,Indian Reserve-Réserve indienne,59510289,75,contains,0.0,5951828,Babine 6,Indian reserve,75,contains,0.0,yes,,,,,,,75,csd,"2021 Census, census subdivision",high,csd,5951828,0,,,FALSE,TRUE,indigenous,"the geoname names its containing census subdivision, so this is the population of Babine 6 itself"
64828,Babine Lake 21B,Indian Reserve,-125.6515390813,54.4831449493,Babine Lake 21B,Indian Reserve-Réserve indienne,59510287,364,contains,0.0,5951847,Babine Lake 21B,Indian reserve,0,nearest-name,797.8,yes,,,,,,,0,csd,"2021 Census, census subdivision",medium,csd,5951847,0,,,FALSE,TRUE,indigenous,"the point lies 798 m outside the same-named census subdivision, inside Bulkley-Nechako B; the same-named one was taken; the geoname names its containing census subdivision, so this is the population of Babine Lake 21B itself"
64935,Binche 2,Indian Reserve,-124.5030555553,54.5702777752,Binche 2,Indian Reserve-Réserve indienne,59510259,118,contains,0.0,5951805,Binche 2,Indian reserve,118,contains,0.0,yes,,,,,,,118,csd,"2021 Census, census subdivision",high,csd,5951805,0,,,FALSE,TRUE,indigenous,"the geoname names its containing census subdivision, so this is the population of Binche 2 itself"
65141,Bulkley River 19,Indian Reserve,-127.3182831123,55.0331306591,Bulkley River 19,Indian Reserve-Réserve indienne,59490177,174,contains,0.0,5949820,Bulkley River 19,Indian reserve,174,contains,0.0,yes,,,,,,,174,csd,"2021 Census, census subdivision",high,csd,5949820,0,,,FALSE,TRUE,indigenous,"the geoname names its containing census subdivision, so this is the population of Bulkley River 19 itself"
2226,Burns Lake,Village,-125.7644444451,54.2302777746,Burns Lake,Village (1),59510192,451,contains,0.0,5951022,Burns Lake,Village,1659,contains,0.0,yes,Burns Lake,Village,2004,2021,2007,2025,2004,municipal,"BC Stats population estimate, July 1 2021",high,csd,5951022,0,,,FALSE,TRUE,municipality + population>1000,"this is the population of the municipality of Burns Lake itself, as estimated by BC Stats for 2021 (the 2021 census counted 1,659)"
64815,Burns Lake 18,Indian Reserve,-125.7682003435,54.2331402673,Burns Lake 18,Indian Reserve-Réserve indienne,59510192,451,contains,0.0,5951815,Burns Lake 18,Indian reserve,33,nearest-name,106.0,yes,,,,,,,33,csd,"2021 Census, census subdivision",medium,csd,5951815,0,,,FALSE,TRUE,indigenous,"the point lies 106 m outside the same-named census subdivision, inside Burns Lake; the same-named one was taken; the geoname names its containing census subdivision, so this is the population of Burns Lake 18 itself"
64817,Cheslatta 1,Indian Reserve,-125.751522708,53.9498036688,Cheslatta 1,Indian Reserve-Réserve indienne,59510203,530,contains,0.0,5951818,Cheslatta 1,Indian reserve,49,nearest-name,1892.7,yes,,,,,,,49,csd,"2021 Census, census subdivision",medium,csd,5951818,0,,,FALSE,TRUE,indigenous,"the point lies 1893 m outside the same-named census subdivision, inside Bulkley-Nechako E; the same-named one was taken; the geoname names its containing census subdivision, so this is the population of Cheslatta 1 itself"
65162,Coryatsaqua (Moricetown) 2,Indian Reserve,-127.3349503358,55.033130438,Coryatsaqua (Moricetown) 2,Indian Reserve-Réserve indienne,59490176,87,contains,0.0,5949810,Coryatsaqua (Moricetown) 2,Indian reserve,80,nearest-name,61.2,yes,,,,,,,80,csd,"2021 Census, census subdivision",medium,csd,5949810,0,,,FALSE,TRUE,indigenous,"the point lies 61 m outside the same-named census subdivision, inside Babine 17; the same-named one was taken; the geoname names its containing census subdivision, so this is the population of Coryatsaqua (Moricetown) 2 itself"
65842,Duncan Lake 2,Indian Reserve,-126.1348867797,54.4331381174,Duncan Lake 2,Indian Reserve-Réserve indienne,59510186,340,contains,0.0,5951821,Duncan Lake 2,Indian reserve,5,nearest-name,990.9,yes,,,,,,,5,csd,"2021 Census, census subdivision",medium,csd,5951821,0,,,FALSE,TRUE,indigenous,"the point lies 991 m outside the same-named census subdivision, inside Bulkley-Nechako B; the same-named one was taken; the geoname names its containing census subdivision, so this is the population of Duncan Lake 2 itself"
64939,Dzitline Lee 9,Indian Reserve,-125.1349999995,54.8769444412,Dzitline Lee 9,Indian Reserve-Réserve indienne,59510264,15,contains,0.0,5951814,Dzitline Lee 9,Indian reserve,15,contains,0.0,yes,,,,,,,15,csd,"2021 Census, census subdivision",high,csd,5951814,0,,,FALSE,TRUE,indigenous,"the geoname names its containing census subdivision, so this is the population of Dzitline Lee 9 itself"
64798,Fort George 2,Indian Reserve,-122.6263888894,54.0166666635,Fort George 2,Indian Reserve-Réserve indienne,59530250,84,contains,0.0,5953801,Fort George 2,Indian reserve,84,contains,0.0,yes,,,,,,,84,csd,"2021 Census, census subdivision",high,csd,5953801,0,,,FALSE,TRUE,indigenous,"the geoname names its containing census subdivision, so this is the population of Fort George 2 itself"
3599,Fort St. James,District Municipality,-124.2591666667,54.4444444417,Fort St. James,District Municipality (1),59510280,327,contains,0.0,5951013,Fort St. James,District municipality,1386,contains,0.0,yes,Fort St. James,District municipality,1437,2021,1542,2025,1437,municipal,"BC Stats population estimate, July 1 2021",high,csd,5951013,0,,,FALSE,TRUE,municipality + population>1000,"this is the population of the municipality of Fort St. James itself, as estimated by BC Stats for 2021 (the 2021 census counted 1,386)"
64860,Francois Lake 7,Indian Reserve,-125.9515317972,54.0164685967,Francois Lake 7,Indian Reserve-Réserve indienne,59510213,560,contains,0.0,5951822,Francois Lake 7,Indian reserve,,nearest-name,298.7,yes,,,,,,,560,da,"2021 Census, dissemination area",high,da,59510213,7,,,FALSE,TRUE,indigenous,"the point lies 299 m outside the same-named census subdivision, inside Bulkley-Nechako E; the same-named one was taken; census subdivision population suppressed or unavailable; no census subdivision carries this name, so this is the population of the surrounding dissemination area, NOT of the named place"
38874,Fraser Lake,Village,-124.8438888886,54.0602777747,Fraser Lake,Village (1),59510229,523,contains,0.0,5951009,Fraser Lake,Village,965,contains,0.0,yes,Fraser Lake,Village,1008,2021,942,2025,1008,municipal,"BC Stats population estimate, July 1 2021",high,csd,5951009,0,,,FALSE,TRUE,municipality + population>1000,"this is the population of the municipality of Fraser Lake itself, as estimated by BC Stats for 2021 (the 2021 census counted 965)"
53996,Gingolx,Community,-129.9558678369,54.9942052839,Gingolx,Community,59490111,367,contains,0.0,5949035,Nisga'a,Nisga'a land,1794,contains,0.0,no,,,,,,,367,da,"2021 Census, dissemination area",high,da,59490111,0,,,FALSE,TRUE,indigenous,"no census subdivision carries this name, so this is the population of the surrounding dissemination area, NOT of the named place"
62321,Gitanmaax 1,Indian Reserve,-127.6805555558,55.2694444414,Gitanmaax 1,Indian Reserve-Réserve indienne,59490210,560,contains,0.0,5949812,Gitanmaax 1,Indian reserve,560,contains,0.0,yes,,,,,,,560,csd,"2021 Census, census subdivision",high,csd,5949812,0,,,FALSE,TRUE,indigenous,"the geoname names its containing census subdivision, so this is the population of Gitanmaax 1 itself"
65795,Gitanyow 1,Indian Reserve,-128.0683176363,55.2664572044,Gitanyow 1,Indian Reserve-Réserve indienne,59490162,408,contains,0.0,5949815,Gitanyow 1,Indian reserve,408,contains,0.0,yes,,,,,,,408,csd,"2021 Census, census subdivision",high,csd,5949815,0,,,FALSE,TRUE,indigenous,"the geoname names its containing census subdivision, so this is the population of Gitanyow 1 itself"
65820,Gitsegukla 1,Indian Reserve,-127.8291666661,55.0916666635,Gitsegukla 1,Indian Reserve-Réserve indienne,59490159,444,contains,0.0,5949814,Gitsegukla 1,Indian reserve,444,contains,0.0,yes,,,,,,,444,csd,"2021 Census, census subdivision",high,csd,5949814,0,,,FALSE,TRUE,indigenous,"the geoname names its containing census subdivision, so this is the population of Gitsegukla 1 itself"
65826,Gitwangak 1,Indian Reserve,-128.0683107612,55.0997882062,Gitwangak 1,Indian Reserve-Réserve indienne,59490158,450,contains,0.0,5949816,Gitwangak 1,Indian reserve,450,contains,0.0,yes,,,,,,,450,csd,"2021 Census, census subdivision",high,csd,5949816,0,,,FALSE,TRUE,indigenous,"the geoname names its containing census subdivision, so this is the population of Gitwangak 1 itself"
11653,Granisle,Village,-126.2071545996,54.8850197476,Granisle,Village (1),59510144,337,contains,0.0,5951032,Granisle,Village,337,contains,0.0,yes,Granisle,Village,345,2021,357,2025,345,municipal,"BC Stats population estimate, July 1 2021",high,csd,5951032,0,,,FALSE,TRUE,municipality,"this is the population of the municipality of Granisle itself, as estimated by BC Stats for 2021 (the 2021 census counted 337)"
65153,Gul-mak 8,Indian Reserve,-127.61831021,55.4497992336,Gul-mak 8,Indian Reserve-Réserve indienne,59490161,344,contains,0.0,5949028,Kitimat-Stikine B,Regional district electoral area,1455,contains,0.0,no,,,,,,,344,da,"2021 Census, dissemination area",high,da,59490161,8,,,FALSE,TRUE,indigenous,"no census subdivision carries this name, so this is the population of the surrounding dissemination area, NOT of the named place"
65178,Hagwilget 1,Indian Reserve,-127.6016354079,55.2664634848,Hagwilget 1,Indian Reserve-Réserve indienne,59490172,362,contains,0.0,5949811,Hagwilget 1,Indian reserve,183,nearest-name,333.6,yes,,,,,,,183,csd,"2021 Census, census subdivision",medium,csd,5949811,0,,,FALSE,TRUE,indigenous,"the point lies 334 m outside the same-named census subdivision, inside Kitimat-Stikine B; the same-named one was taken; the geoname names its containing census subdivision, so this is the population of Hagwilget 1 itself"
8669,Hazelton,Village,-127.6755555553,55.2558333308,Hazelton,Village (1),59490164,117,contains,0.0,5949022,Hazelton,Village,257,contains,0.0,yes,Hazelton,Village,300,2021,321,2025,300,municipal,"BC Stats population estimate, July 1 2021",high,csd,5949022,0,,,FALSE,TRUE,municipality,"this is the population of the municipality of Hazelton itself, as estimated by BC Stats for 2021 (the 2021 census counted 257)"
64805,Holy Cross Lake 3,Indian Reserve,-125.0348237676,53.7164765744,Holy Cross Lake 3,Indian Reserve-Réserve indienne,59510224,531,contains,0.0,5951017,Bulkley-Nechako D,Regional district electoral area,1607,contains,0.0,no,,,,,,,531,da,"2021 Census, dissemination area",high,da,59510224,7,,,FALSE,TRUE,indigenous,"no census subdivision carries this name, so this is the population of the surrounding dissemination area, NOT of the named place"
40632,Houston,District Municipality,-126.6483333331,54.39833333,Houston,District Municipality (1),59510181,420,contains,0.0,5951034,Houston,District municipality,3052,contains,0.0,yes,Houston,District municipality,3181,2021,3114,2025,3181,municipal,"BC Stats population estimate, July 1 2021",high,csd,5951034,0,,,FALSE,TRUE,municipality + population>1000,"this is the population of the municipality of Houston itself, as estimated by BC Stats for 2021 (the 2021 census counted 3,052)"
64861,Isaac (Gale Lake) 8,Indian Reserve,-126.2570963068,53.984519863,Isaac (Gale Lake) 8,Indian Reserve-Réserve indienne,59510216,0,contains,0.0,5951031,Bulkley-Nechako E,Regional district electoral area,1512,contains,0.0,no,,,,,,,0,da,"2021 Census, dissemination area",high,da,59510216,0,,,FALSE,TRUE,indigenous,"no census subdivision carries this name, so this is the population of the surrounding dissemination area, NOT of the named place"
65143,Jean Baptiste 28,Indian Reserve,-127.0182611779,54.7331305556,Jean Baptiste 28,Indian Reserve-Réserve indienne,59510148,532,contains,0.0,5951830,Jean Baptiste 28,Indian reserve,5,nearest-name,1114.2,yes,,,,,,,5,csd,"2021 Census, census subdivision",medium,csd,5951830,0,,,FALSE,TRUE,indigenous,"the point lies 1114 m outside the same-named census subdivision, inside Bulkley-Nechako A; the same-named one was taken; the geoname names its containing census subdivision, so this is the population of Jean Baptiste 28 itself"
63561,Kispiox 1,Indian Reserve,-127.6936111108,55.3511111082,Kispiox 1,Indian Reserve-Réserve indienne,59490174,578,contains,0.0,5949813,Kispiox 1,Indian reserve,578,contains,0.0,yes,,,,,,,578,csd,"2021 Census, census subdivision",high,csd,5949813,0,,,FALSE,TRUE,indigenous,"the geoname names its containing census subdivision, so this is the population of Kispiox 1 itself"
65337,Kitselas 1,Indian Reserve,-128.4183026322,54.6164437002,Kitselas 1,Indian Reserve-Réserve indienne,59490115,291,contains,0.0,5949844,Kitselas 1,Indian reserve,291,contains,0.0,yes,,,,,,,291,csd,"2021 Census, census subdivision",high,csd,5949844,0,,,FALSE,TRUE,indigenous,"the geoname names its containing census subdivision, so this is the population of Kitselas 1 itself"
65330,Kitsumkaylum 1,Indian Reserve,-128.6683073969,54.5331059203,Kitsumkaylum 1,Indian Reserve-Réserve indienne,59490141,315,contains,0.0,5949804,Kitsumkaylum 1,Indian reserve,315,contains,0.0,yes,,,,,,,315,csd,"2021 Census, census subdivision",high,csd,5949804,0,,,FALSE,TRUE,indigenous,"the geoname names its containing census subdivision, so this is the population of Kitsumkaylum 1 itself"
65332,Kshish 4,Indian Reserve,-128.4683022524,54.5664423856,Kshish 4,Indian Reserve-Réserve indienne,59490114,399,contains,0.0,5949805,Kshish 4,Indian reserve,0,nearest-name,22.2,yes,,,,,,,0,csd,"2021 Census, census subdivision",medium,csd,5949805,0,,,FALSE,TRUE,indigenous,"the point lies 22 m outside the same-named census subdivision, inside Kitimat-Stikine C (Part 1); the same-named one was taken; the geoname names its containing census subdivision, so this is the population of Kshish 4 itself"
65329,Kulspai 6,Indian Reserve,-128.5849700331,54.4997732957,Kulspai 6,Indian Reserve-Réserve indienne,59490204,737,contains,0.0,5949807,Kulspai 6,Indian reserve,73,nearest-name,533.0,yes,,,,,,,73,csd,"2021 Census, census subdivision",medium,csd,5949807,0,,,FALSE,TRUE,indigenous,"the point lies 533 m outside the same-named census subdivision, inside Kitimat-Stikine C (Part 1); the same-named one was taken; the geoname names its containing census subdivision, so this is the population of Kulspai 6 itself"
64927,Laketown 3,Indian Reserve,-124.2014699921,53.9331561092,Laketown 3,Indian Reserve-Réserve indienne,59510237,467,contains,0.0,5951813,Laketown 3,Indian reserve,16,nearest-name,381.7,yes,,,,,,,16,csd,"2021 Census, census subdivision",medium,csd,5951813,0,,,FALSE,TRUE,indigenous,"the point lies 382 m outside the same-named census subdivision, inside Bulkley-Nechako F; the same-named one was taken; the geoname names its containing census subdivision, so this is the population of Laketown 3 itself"
53994,Laxgalts'ap,Community,-129.5766905019,55.0303221623,Laxgalts'ap,Community,59490107,248,contains,0.0,5949035,Nisga'a,Nisga'a land,1794,contains,0.0,no,,,,,,,248,da,"2021 Census, dissemination area",high,da,59490107,0,,,FALSE,TRUE,indigenous,"no census subdivision carries this name, so this is the population of the surrounding dissemination area, NOT of the named place"
65824,Maxan Lake 4,Indian Reserve,-126.1138888885,54.3194444415,Maxan Lake 4,Indian Reserve-Réserve indienne,59510184,0,contains,0.0,5951028,Bulkley-Nechako B,Regional district electoral area,1706,contains,0.0,no,,,,,,,0,da,"2021 Census, dissemination area",high,da,59510184,0,,,FALSE,TRUE,indigenous,"no census subdivision carries this name, so this is the population of the surrounding dissemination area, NOT of the named place"
62101,Mission Lands 17,Indian Reserve,-124.2708333339,54.4555555528,Mission Lands 17,Indian Reserve-Réserve indienne,59510281,0,contains,0.0,5951849,Mission Lands 17,Indian reserve,0,contains,0.0,yes,,,,,,,0,csd,"2021 Census, census subdivision",high,csd,5951849,0,,,FALSE,TRUE,indigenous,"the geoname names its containing census subdivision, so this is the population of Mission Lands 17 itself"
65163,Moricetown 1,Indian Reserve,-127.3182824415,55.0164637622,Moricetown 1,Indian Reserve-Réserve indienne,59490178,253,contains,0.0,5949817,Moricetown 1,Indian reserve,253,contains,0.0,yes,,,,,,,253,csd,"2021 Census, census subdivision",high,csd,5949817,0,,,FALSE,TRUE,indigenous,"the geoname names its containing census subdivision, so this is the population of Moricetown 1 itself"
66045,Nak'azdli,Indian Reserve,-124.2474999995,54.4313888862,Nak'azdli,Indian Reserve-Réserve indienne,59510252,528,contains,0.0,5951803,Nak'azdli,Indian reserve,528,contains,0.0,yes,,,,,,,528,csd,"2021 Census, census subdivision",high,csd,5951803,0,,,FALSE,TRUE,indigenous,"the geoname names its containing census subdivision, so this is the population of Nak'azdli itself"
36865,Nass Camp,Community,-129.0004366001,55.2862001181,Nass Camp,Community,59490203,430,contains,0.0,5949035,Nisga'a,Nisga'a land,1794,contains,0.0,no,,,,,,,430,da,"2021 Census, dissemination area",high,da,59490203,3,,,FALSE,TRUE,indigenous,"no census subdivision carries this name, so this is the population of the surrounding dissemination area, NOT of the named place"
64851,Nautley (Fort Fraser) 1,Indian Reserve,-124.6042665629,54.0775973757,Nautley (Fort Fraser) 1,Indian Reserve-Réserve indienne,59510232,212,contains,0.0,5951802,Nautley (Fort Fraser) 1,Indian reserve,227,contains,0.0,yes,,,,,,,227,csd,"2021 Census, census subdivision",high,csd,5951802,0,,,FALSE,TRUE,indigenous,"the geoname names its containing census subdivision, so this is the population of Nautley (Fort Fraser) 1 itself"
64835,Nedoats 11,Indian Reserve,-126.3182501172,55.0498107008,Nedoats 11,Indian Reserve-Réserve indienne,59510146,0,contains,0.0,5951846,Nedoats 11,Indian reserve,0,contains,0.0,yes,,,,,,,0,csd,"2021 Census, census subdivision",high,csd,5951846,0,,,FALSE,TRUE,indigenous,"the geoname names its containing census subdivision, so this is the population of Nedoats 11 itself"
36874,New Aiyansh,Community,-129.0701892005,55.1973276876,New Aiyansh,Community,59490109,749,contains,0.0,5949035,Nisga'a,Nisga'a land,1794,contains,0.0,no,,,,,,,749,da,"2021 Census, dissemination area",high,da,59490109,0,,,FALSE,TRUE,indigenous,"no census subdivision carries this name, so this is the population of the surrounding dissemination area, NOT of the named place"
14235,New Hazelton,District Municipality,-127.5869444438,55.2433333305,New Hazelton,District Municipality (1),59490170,602,contains,0.0,5949024,New Hazelton,District municipality,602,contains,0.0,yes,New Hazelton,District municipality,625,2021,666,2025,625,municipal,"BC Stats population estimate, July 1 2021",high,csd,5949024,0,,,FALSE,TRUE,municipality,"this is the population of the municipality of New Hazelton itself, as estimated by BC Stats for 2021 (the 2021 census counted 602)"
64930,Noonla 6,Indian Reserve,-124.0681356401,54.033158971,Noonla 6,Indian Reserve-Réserve indienne,59510247,511,contains,0.0,5951832,Noonla 6,Indian reserve,0,nearest-name,908.8,yes,,,,,,,0,csd,"2021 Census, census subdivision",medium,csd,5951832,0,,,FALSE,TRUE,indigenous,"the point lies 909 m outside the same-named census subdivision, inside Vanderhoof; the same-named one was taken; the geoname names its containing census subdivision, so this is the population of Noonla 6 itself"
60061,North Road 19,Indian Reserve,-124.2019444443,54.464722219,North Road 19,Indian Reserve-Réserve indienne,59510251,470,contains,0.0,5951015,Bulkley-Nechako C,Regional district electoral area,1266,contains,0.0,no,,,,,,,470,da,"2021 Census, dissemination area",high,da,59510251,6,,,FALSE,TRUE,indigenous,"no census subdivision carries this name, so this is the population of the surrounding dissemination area, NOT of the named place"
64896,North Tacla Lake 7,Indian Reserve,-125.9682554184,55.4831548415,North Tacla Lake 7,Indian Reserve-Réserve indienne,59510283,243,contains,0.0,5951848,North Tacla Lake,Indian reserve,243,contains,0.0,no,,,,,,,243,da,"2021 Census, dissemination area",high,da,59510283,1,,,FALSE,TRUE,indigenous,"no census subdivision carries this name, so this is the population of the surrounding dissemination area, NOT of the named place"
65142,Oschawwinna 3,Indian Reserve,-127.2682774328,54.9331299494,Oschawwinna 3,Indian Reserve-Réserve indienne,59510165,433,contains,0.0,5951051,Bulkley-Nechako A,Regional district electoral area,5587,contains,0.0,no,,,,,,,433,da,"2021 Census, dissemination area",high,da,59510165,0,,,FALSE,TRUE,indigenous,"no census subdivision carries this name, so this is the population of the surrounding dissemination area, NOT of the named place"
65849,Palling 1,Indian Reserve,-125.9182090931,54.3331396164,Palling 1,Indian Reserve-Réserve indienne,59510294,306,contains,0.0,5951820,Palling 1,Indian reserve,92,nearest-name,958.2,yes,,,,,,,92,csd,"2021 Census, census subdivision",medium,csd,5951820,0,,,FALSE,TRUE,indigenous,"the point lies 958 m outside the same-named census subdivision, inside Bulkley-Nechako B; the same-named one was taken; the geoname names its containing census subdivision, so this is the population of Palling 1 itself"
63901,Pinkut Lake 23,Indian Reserve,-125.6819444443,54.4166666639,Pinkut Lake 23,Indian Reserve-Réserve indienne,59510287,364,contains,0.0,5951028,Bulkley-Nechako B,Regional district electoral area,1706,contains,0.0,no,,,,,,,364,da,"2021 Census, dissemination area",high,da,59510287,2,,,FALSE,TRUE,indigenous,"no census subdivision carries this name, so this is the population of the surrounding dissemination area, NOT of the named place"
64814,Poison Creek 17,Indian Reserve,-125.7848675673,54.2331400544,Poison Creek 17,Indian Reserve-Réserve indienne,59510189,442,contains,0.0,5951028,Bulkley-Nechako B,Regional district electoral area,1706,contains,0.0,no,,,,,,,442,da,"2021 Census, dissemination area",high,da,59510189,0,,,FALSE,TRUE,indigenous,"no census subdivision carries this name, so this is the population of the surrounding dissemination area, NOT of the named place"
64816,Poison Creek 17A,Indian Reserve,-125.7848669499,54.2164731797,Poison Creek 17A,Indian Reserve-Réserve indienne,59510189,442,contains,0.0,5951844,Poison Creek 17A,Indian reserve,10,nearest-name,734.5,yes,,,,,,,10,csd,"2021 Census, census subdivision",medium,csd,5951844,0,,,FALSE,TRUE,indigenous,"the point lies 734 m outside the same-named census subdivision, inside Bulkley-Nechako B; the same-named one was taken; the geoname names its containing census subdivision, so this is the population of Poison Creek 17A itself"
21226,Prince George,City,-122.7452777785,53.9130555521,Prince George,City,59530059,245,contains,0.0,5953023,Prince George,City,76708,contains,0.0,yes,Prince George,City,80259,2021,85944,2025,80259,municipal,"BC Stats population estimate, July 1 2021",high,csd,5953023,0,,,FALSE,TRUE,municipality + population>1000,"this is the population of the municipality of Prince George itself, as estimated by BC Stats for 2021 (the 2021 census counted 76,708)"
64918,Sackanitecla 2,Indian Reserve,-124.101465426,53.8998235921,Sackanitecla 2,Indian Reserve-Réserve indienne,59510237,467,contains,0.0,5951019,Bulkley-Nechako F,Regional district electoral area,3517,contains,0.0,no,,,,,,,467,da,"2021 Census, dissemination area",high,da,59510237,5,,,FALSE,TRUE,indigenous,"no census subdivision carries this name, so this is the population of the surrounding dissemination area, NOT of the named place"
64848,Seaspunkut 4,Indian Reserve,-124.7681600048,54.0498172231,Seaspunkut 4,Indian Reserve-Réserve indienne,59510230,10,contains,0.0,5951806,Seaspunkut 4,Indian reserve,10,contains,0.0,yes,,,,,,,10,csd,"2021 Census, census subdivision",high,csd,5951806,0,,,FALSE,TRUE,indigenous,"the geoname names its containing census subdivision, so this is the population of Seaspunkut 4 itself"
65179,Sik-e-dakh 2,Indian Reserve,-127.6849729013,55.2997961761,Sik-e-dakh 2,Indian Reserve-Réserve indienne,59490173,209,contains,0.0,5949818,Sik-e-dakh 2,Indian reserve,209,contains,0.0,yes,,,,,,,209,csd,"2021 Census, census subdivision",high,csd,5949818,0,,,FALSE,TRUE,indigenous,"the geoname names its containing census subdivision, so this is the population of Sik-e-dakh 2 itself"
64859,Skins Lake 16A,Indian Reserve,-125.901529523,53.9998023658,Skins Lake 16A,Indian Reserve-Réserve indienne,59510213,560,contains,0.0,5951823,Skins Lake 16A,Indian reserve,10,nearest-name,946.3,yes,,,,,,,10,csd,"2021 Census, census subdivision",medium,csd,5951823,0,,,FALSE,TRUE,indigenous,"the point lies 946 m outside the same-named census subdivision, inside Bulkley-Nechako E; the same-named one was taken; the geoname names its containing census subdivision, so this is the population of Skins Lake 16A itself"
64919,Skins Lake 16B,Indian Reserve,-125.6515193778,53.9498049347,Skins Lake 16B,Indian Reserve-Réserve indienne,59510211,0,contains,0.0,5951824,Skins Lake 16B,Indian reserve,0,contains,0.0,yes,,,,,,,0,csd,"2021 Census, census subdivision",high,csd,5951824,0,,,FALSE,TRUE,indigenous,"the geoname names its containing census subdivision, so this is the population of Skins Lake 16B itself"
21687,Smithers,Town,-127.1761111116,54.7791666635,Smithers,Town,59510161,440,contains,0.0,5951043,Smithers,Town,5378,contains,0.0,yes,Smithers,Town,5620,2021,5627,2025,5620,municipal,"BC Stats population estimate, July 1 2021",high,csd,5951043,0,,,FALSE,TRUE,municipality + population>1000,"this is the population of the municipality of Smithers itself, as estimated by BC Stats for 2021 (the 2021 census counted 5,378)"
64870,Sowchea 3,Indian Reserve,-124.3959385016,54.4206598889,Sowchea 3,Indian Reserve-Réserve indienne,59510270,5,contains,0.0,5951804,Sowchea 3,Indian reserve,5,contains,0.0,yes,,,,,,,5,csd,"2021 Census, census subdivision",high,csd,5951804,0,,,FALSE,TRUE,indigenous,"the geoname names its containing census subdivision, so this is the population of Sowchea 3 itself"
64869,Sowchea 3A,Indian Reserve,-124.4112169037,54.4234375142,Sowchea 3A,Indian Reserve-Réserve indienne,59510271,423,contains,0.0,5951015,Bulkley-Nechako C,Regional district electoral area,1266,contains,0.0,no,,,,,,,423,da,"2021 Census, dissemination area",high,da,59510271,0,,,FALSE,TRUE,indigenous,"no census subdivision carries this name, so this is the population of the surrounding dissemination area, NOT of the named place"
64916,Stellaquo (Stella) 1,Indian Reserve,-124.9181650708,54.0498153571,Stellaquo (Stella) 1,Indian Reserve-Réserve indienne,59510225,189,contains,0.0,5951807,Stellaquo (Stella) 1,Indian reserve,189,contains,0.0,yes,,,,,,,189,csd,"2021 Census, census subdivision",high,csd,5951807,0,,,FALSE,TRUE,indigenous,"the geoname names its containing census subdivision, so this is the population of Stellaquo (Stella) 1 itself"
64917,Stony Creek 1,Indian Reserve,-124.1194444447,53.94583333,Stony Creek 1,Indian Reserve-Réserve indienne,59510239,323,contains,0.0,5951809,Stony Creek 1,Indian reserve,323,contains,0.0,yes,,,,,,,323,csd,"2021 Census, census subdivision",high,csd,5951809,0,,,FALSE,TRUE,indigenous,"the geoname names its containing census subdivision, so this is the population of Stony Creek 1 itself"
64936,Tache 1,Indian Reserve,-124.7541666662,54.6652777749,Tache 1,Indian Reserve-Réserve indienne,59510260,400,contains,0.0,5951810,Tache 1,Indian reserve,400,contains,0.0,yes,,,,,,,400,csd,"2021 Census, census subdivision",high,csd,5951810,0,,,FALSE,TRUE,indigenous,"the geoname names its containing census subdivision, so this is the population of Tache 1 itself"
64891,Tacla Lake (Ferry Landing) 9,Indian Reserve,-126.0182504631,55.3164850731,Tacla Lake (Ferry Landing) 9,Indian Reserve-Réserve indienne,59510284,373,contains,0.0,5951811,Tacla Lake (Ferry Landing) 9,Indian reserve,15,nearest-name,196.3,yes,,,,,,,15,csd,"2021 Census, census subdivision",medium,csd,5951811,0,,,FALSE,TRUE,indigenous,"the point lies 196 m outside the same-named census subdivision, inside Bulkley-Nechako C; the same-named one was taken; the geoname names its containing census subdivision, so this is the population of Tacla Lake (Ferry Landing) 9 itself"
64831,Tadinlay 15,Indian Reserve,-126.5015903192,55.066475212,Tadinlay 15,Indian Reserve-Réserve indienne,59510147,0,contains,0.0,5951845,Tadinlay 15,Indian reserve,0,contains,0.0,yes,,,,,,,0,csd,"2021 Census, census subdivision",high,csd,5951845,0,,,FALSE,TRUE,indigenous,"the geoname names its containing census subdivision, so this is the population of Tadinlay 15 itself"
65846,Tatla West 11,Indian Reserve,-126.4987710539,53.9872945675,Tatla West 11,Indian Reserve-Réserve indienne,59510222,422,contains,0.0,5951825,Tatla West 11,Indian reserve,0,nearest-name,61.6,yes,,,,,,,0,csd,"2021 Census, census subdivision",medium,csd,5951825,0,,,FALSE,TRUE,indigenous,"the point lies 62 m outside the same-named census subdivision, inside Bulkley-Nechako E; the same-named one was taken; the geoname names its containing census subdivision, so this is the population of Tatla West 11 itself"
65825,Tatla't East 2,Indian Reserve,-126.4890485113,53.987294693,Tatla't East 2,Indian Reserve-Réserve indienne,59510220,0,contains,0.0,5951833,Tatla't East 2,Indian reserve,0,contains,0.0,yes,,,,,,,0,csd,"2021 Census, census subdivision",high,csd,5951833,0,,,FALSE,TRUE,indigenous,"the geoname names its containing census subdivision, so this is the population of Tatla't East 2 itself"
64923,Tatuk Lake 7,Indian Reserve,-124.2847928126,53.5498172211,Tatuk Lake 7,Indian Reserve-Réserve indienne,59510240,485,contains,0.0,5951019,Bulkley-Nechako F,Regional district electoral area,3517,contains,0.0,no,,,,,,,485,da,"2021 Census, dissemination area",high,da,59510240,2,,,FALSE,TRUE,indigenous,"no census subdivision carries this name, so this is the population of the surrounding dissemination area, NOT of the named place"
18602,Telkwa,Village,-127.050833334,54.6966666641,Telkwa,Village (1),59510171,888,contains,0.0,5951038,Telkwa,Village,1474,contains,0.0,yes,Telkwa,Village,1543,2021,1544,2025,1543,municipal,"BC Stats population estimate, July 1 2021",high,csd,5951038,0,,,FALSE,TRUE,municipality + population>1000,"this is the population of the municipality of Telkwa itself, as estimated by BC Stats for 2021 (the 2021 census counted 1,474)"
27511,Terrace,City,-128.5995868999,54.5173964682,Terrace,City,59490132,429,contains,0.0,5949011,Terrace,City,12017,contains,0.0,yes,Terrace,City,12604,2021,13648,2025,12604,municipal,"BC Stats population estimate, July 1 2021",high,csd,5949011,0,,,FALSE,TRUE,municipality + population>1000,"this is the population of the municipality of Terrace itself, as estimated by BC Stats for 2021 (the 2021 census counted 12,017)"
67908,Ulkah 3,Indian Reserve,-123.4444444443,53.589999997,Ulkah 3,Indian Reserve-Réserve indienne,59510277,685,contains,0.0,5951019,Bulkley-Nechako F,Regional district electoral area,3517,contains,0.0,no,,,,,,,685,da,"2021 Census, dissemination area",high,da,59510277,1,,,FALSE,TRUE,indigenous,"no census subdivision carries this name, so this is the population of the surrounding dissemination area, NOT of the named place"
65105,Ulkatcho 5,Indian Reserve,-126.0348339224,53.0664569277,Ulkatcho 5,Indian Reserve-Réserve indienne,59510222,422,contains,0.0,5951031,Bulkley-Nechako E,Regional district electoral area,1512,contains,0.0,no,,,,,,,422,da,"2021 Census, dissemination area",high,da,59510222,10,,,FALSE,TRUE,indigenous,"no census subdivision carries this name, so this is the population of the surrounding dissemination area, NOT of the named place"
38682,Vanderhoof,District Municipality,-124.0075000001,54.0174999966,Vanderhoof,District Municipality (1),59510244,388,contains,0.0,5951007,Vanderhoof,District municipality,4346,contains,0.0,yes,Vanderhoof,District municipality,4537,2021,4545,2025,4537,municipal,"BC Stats population estimate, July 1 2021",high,csd,5951007,0,,,FALSE,TRUE,municipality + population>1000,"this is the population of the municipality of Vanderhoof itself, as estimated by BC Stats for 2021 (the 2021 census counted 4,346)"
65807,Williams Prairie Meadow 1A,Indian Reserve,-124.1944444445,54.4722222191,Williams Prairie Meadow 1A,Indian Reserve-Réserve indienne,59510273,20,contains,0.0,5951840,Williams Prairie Meadow 1A,Indian reserve,20,contains,0.0,yes,,,,,,,20,csd,"2021 Census, census subdivision",high,csd,5951840,0,,,FALSE,TRUE,indigenous,"the geoname names its containing census subdivision, so this is the population of Williams Prairie Meadow 1A itself"
64882,Woyenne 27,Indian Reserve,-125.7682003435,54.2331402673,Woyenne 27,Indian Reserve-Réserve indienne,59510192,451,contains,0.0,5951827,Woyenne 27,Indian reserve,548,nearest-name,394.5,yes,,,,,,,548,csd,"2021 Census, census subdivision",medium,csd,5951827,0,,,FALSE,TRUE,indigenous,"the point lies 395 m outside the same-named census subdivision, inside Burns Lake; the same-named one was taken; the geoname names its containing census subdivision, so this is the population of Woyenne 27 itself"
64938,Ye Koo Che 3,Indian Reserve,-125.0661111104,54.6013888856,Ye Koo Che 3,Indian Reserve-Réserve indienne,59510263,90,contains,0.0,5951801,Ye Koo Che 3,Indian reserve,90,contains,0.0,yes,,,,,,,90,csd,"2021 Census, census subdivision",high,csd,5951801,0,,,FALSE,TRUE,indigenous,"the geoname names its containing census subdivision, so this is the population of Ye Koo Che 3 itself"
22627,Alert Bay,Village,-126.9277777779,50.5838888848,Alert Bay,Village (1),59430116,449,contains,0.0,5943008,Alert Bay,Village,449,contains,0.0,yes,Alert Bay,Village,464,2021,465,2025,464,municipal,"BC Stats population estimate, July 1 2021",high,csd,5943008,0,,,FALSE,TRUE,municipality,"this is the population of the municipality of Alert Bay itself, as estimated by BC Stats for 2021 (the 2021 census counted 449)"
65416,Alert Bay 1A,Indian Reserve,-126.9496399997,50.5948899971,Alert Bay 1A,Indian Reserve-Réserve indienne,59430126,382,contains,0.0,5943837,Alert Bay,Indian reserve,382,contains,0.0,no,,,,,,,382,da,"2021 Census, dissemination area",high,da,59430126,1,,,FALSE,TRUE,indigenous,"no census subdivision carries this name, so this is the population of the surrounding dissemination area, NOT of the named place"
64912,Bella Bella 1,Indian Reserve,-128.151535852,52.1497547218,Bella Bella 1,Indian Reserve-Réserve indienne,59450026,611,contains,0.0,5945801,Bella Bella 1,Indian reserve,1193,contains,0.0,yes,,,,,,,1193,csd,"2021 Census, census subdivision",high,csd,5945801,0,,,FALSE,TRUE,indigenous + population>1000,"the geoname names its containing census subdivision, so this is the population of Bella Bella 1 itself"
64995,Bella Coola 1,Indian Reserve,-126.7181651494,52.3664416336,Bella Coola 1,Indian Reserve-Réserve indienne,59450030,402,contains,0.0,5945802,Bella Coola 1,Indian reserve,937,contains,0.0,yes,,,,,,,937,csd,"2021 Census, census subdivision",high,csd,5945802,0,,,FALSE,TRUE,indigenous,"the geoname names its containing census subdivision, so this is the population of Bella Coola 1 itself"
65463,Dead Point 5,Indian Reserve,-126.5847709457,50.5997642141,Dead Point 5,Indian Reserve-Réserve indienne,59430118,25,nearest,161.4,5943807,Dead Point 5,Indian reserve,22,nearest-name,336.8,yes,,,,,,,22,csd,"2021 Census, census subdivision",medium,csd,5943807,0,,,FALSE,TRUE,indigenous,"the point lies 337 m outside the same-named census subdivision, inside Mount Waddington A; the same-named one was taken; the geoname names its containing census subdivision, so this is the population of Dead Point 5 itself; point falls outside every boundary - typically over water - and adopted the nearest within 2000 m"
65396,Dolphin Island 1,Indian Reserve,-130.4349999869,53.7830728292,Dolphin Island 1,Indian Reserve-Réserve indienne,59470064,295,contains,0.0,5947807,Dolphin Island 1,Indian reserve,295,contains,0.0,yes,,,,,,,295,csd,"2021 Census, census subdivision",high,csd,5947807,0,,,FALSE,TRUE,indigenous,"the geoname names its containing census subdivision, so this is the population of Dolphin Island 1 itself"
65359,Fort Rupert 1,Indian Reserve,-127.4014654787,50.6997545738,Fort Rupert 1,Indian Reserve-Réserve indienne,59430128,360,nearest,236.6,5943804,Fort Rupert 1,Indian reserve,58,nearest-name,375.9,yes,,,,,,,58,csd,"2021 Census, census subdivision",medium,csd,5943804,0,,,FALSE,TRUE,indigenous,"the point lies 376 m outside the same-named census subdivision, inside Port Hardy; the same-named one was taken; the geoname names its containing census subdivision, so this is the population of Fort Rupert 1 itself; point falls outside every boundary - typically over water - and adopted the nearest within 2000 m"
65365,Gwayasdums 1,Indian Reserve,-126.6014411772,50.6997645477,Gwayasdums 1,Indian Reserve-Réserve indienne,59430118,25,contains,0.0,5943808,Gwayasdums 1,Indian reserve,38,nearest-name,228.8,yes,,,,,,,38,csd,"2021 Census, census subdivision",medium,csd,5943808,0,,,FALSE,TRUE,indigenous,"the point lies 229 m outside the same-named census subdivision, inside Mount Waddington A; the same-named one was taken; the geoname names its containing census subdivision, so this is the population of Gwayasdums 1 itself"
65498,Hopetown 10A,Indian Reserve,-126.8181211655,50.916429757,Hopetown 10A,Indian Reserve-Réserve indienne,59430118,25,contains,0.0,5943809,Hopetown 10A,Indian reserve,0,nearest-name,707.6,yes,,,,,,,0,csd,"2021 Census, census subdivision",medium,csd,5943809,0,,,FALSE,TRUE,indigenous,"the point lies 708 m outside the same-named census subdivision, inside Mount Waddington A; the same-named one was taken; the geoname names its containing census subdivision, so this is the population of Hopetown 10A itself"
64423,Katit 1,Indian Reserve,-127.2014908257,51.6830966684,Katit 1,Indian Reserve-Réserve indienne,59450028,77,contains,0.0,5945803,Katit 1,Indian reserve,77,contains,0.0,yes,,,,,,,77,csd,"2021 Census, census subdivision",high,csd,5945803,0,,,FALSE,TRUE,indigenous,"the geoname names its containing census subdivision, so this is the population of Katit 1 itself"
65356,Kippase 2,Indian Reserve,-127.4055555557,50.6911111075,Kippase 2,Indian Reserve-Réserve indienne,59430128,360,contains,0.0,5943815,Kippase 2,Indian reserve,220,nearest-name,208.0,yes,,,,,,,220,csd,"2021 Census, census subdivision",medium,csd,5943815,0,,,FALSE,TRUE,indigenous,"the point lies 208 m outside the same-named census subdivision, inside Port Hardy; the same-named one was taken; the geoname names its containing census subdivision, so this is the population of Kippase 2 itself"
65815,Kitamaat 2,Indian Reserve,-128.6516178612,53.9664326222,Kitamaat 2,Indian Reserve-Réserve indienne,59490181,507,nearest,28.1,5949803,Kitamaat 2,Indian reserve,507,nearest,28.1,yes,,,,,,,507,csd,"2021 Census, census subdivision",medium,csd,5949803,0,,,FALSE,TRUE,indigenous,"the geoname names its containing census subdivision, so this is the population of Kitamaat 2 itself; point falls outside every boundary - typically over water - and adopted the nearest within 2000 m"
65048,Kitasoo 1,Indian Reserve,-128.5348967775,52.5997535211,Kitasoo 1,Indian Reserve-Réserve indienne,59490180,217,contains,0.0,5949802,Kitasoo 1,Indian reserve,217,contains,0.0,yes,,,,,,,217,csd,"2021 Census, census subdivision",high,csd,5949802,0,,,FALSE,TRUE,indigenous,"the geoname names its containing census subdivision, so this is the population of Kitasoo 1 itself"
36122,Kitimat,District Municipality,-128.6522222215,54.0533333299,Kitimat,District Municipality (1),59490183,425,contains,0.0,5949005,Kitimat,District municipality,8236,contains,0.0,yes,Kitimat,District municipality,8603,2021,10019,2025,8603,municipal,"BC Stats population estimate, July 1 2021",high,csd,5949005,0,,,FALSE,TRUE,municipality + population>1000,"this is the population of the municipality of Kitimat itself, as estimated by BC Stats for 2021 (the 2021 census counted 8,236)"
65813,Kulkayu (Hartley Bay) 4,Indian Reserve,-129.2613385068,53.423362875,Kulkayu (Hartley Bay) 4,Indian Reserve-Réserve indienne,59470065,58,contains,0.0,5947806,Kulkayu (Hartley Bay) 4,Indian reserve,58,contains,0.0,yes,,,,,,,58,csd,"2021 Census, census subdivision",high,csd,5947806,0,,,FALSE,TRUE,indigenous,"the geoname names its containing census subdivision, so this is the population of Kulkayu (Hartley Bay) 4 itself"
65686,Kulkayu (Hartley Bay) 4A,Indian Reserve,-129.2516157179,53.4164184897,Kulkayu (Hartley Bay) 4A,Indian Reserve-Réserve indienne,59470103,31,nearest,188.1,5947802,Kulkayu (Hartley Bay) 4A,Indian reserve,66,nearest-name,891.8,yes,,,,,,,66,csd,"2021 Census, census subdivision",medium,csd,5947802,0,,,FALSE,TRUE,indigenous,"the point lies 892 m outside the same-named census subdivision, inside North Coast C; the same-named one was taken; the geoname names its containing census subdivision, so this is the population of Kulkayu (Hartley Bay) 4A itself; point falls outside every boundary - typically over water - and adopted the nearest within 2000 m"
65600,Lax Kw'alaams 1,Indian Reserve,-130.4000000003,54.4833333299,Lax Kw'alaams 1,Indian Reserve-Réserve indienne,59470096,627,contains,0.0,5947809,Lax Kw'alaams 1,Indian reserve,627,contains,0.0,yes,,,,,,,627,csd,"2021 Census, census subdivision",high,csd,5947809,0,,,FALSE,TRUE,indigenous,"the geoname names its containing census subdivision, so this is the population of Lax Kw'alaams 1 itself"
65382,Malcolm Island 8,Indian Reserve,-127.1347886808,50.6330908951,Malcolm Island 8,Indian Reserve-Réserve indienne,59430108,157,contains,0.0,5943037,Mount Waddington A,Regional district electoral area,695,contains,0.0,no,,,,,,,157,da,"2021 Census, dissemination area",high,da,59430108,1,,,FALSE,TRUE,indigenous,"no census subdivision carries this name, so this is the population of the surrounding dissemination area, NOT of the named place"
35755,Masset,Village,-132.1466666664,54.0111111077,Masset,Village (1),59470053,381,contains,0.0,5947023,Masset,Village,838,contains,0.0,yes,Masset,Village,869,2021,914,2025,869,municipal,"BC Stats population estimate, July 1 2021",high,csd,5947023,0,,,FALSE,TRUE,municipality,"this is the population of the municipality of Masset itself, as estimated by BC Stats for 2021 (the 2021 census counted 838)"
64690,Masset 1,Indian Reserve,-132.1683963598,54.0330510611,Masset 1,Indian Reserve-Réserve indienne,59470052,475,contains,0.0,5947803,Masset 1,Indian reserve,475,contains,0.0,yes,,,,,,,475,csd,"2021 Census, census subdivision",high,csd,5947803,0,,,FALSE,TRUE,indigenous,"the geoname names its containing census subdivision, so this is the population of Masset 1 itself"
64414,Matsqui 4,Indian Reserve,-122.4679327134,48.9998057333,Matsqui 4,Indian Reserve-Réserve indienne,59153786,554,nearest,279.3,5915825,Matsqui 4,Indian reserve,456,nearest-name,484.6,yes,,,,,,,456,csd,"2021 Census, census subdivision",medium,csd,5915825,0,,,FALSE,TRUE,indigenous,"the point lies 485 m outside the same-named census subdivision, inside Langley; the same-named one was taken; the geoname names its containing census subdivision, so this is the population of Matsqui 4 itself; point falls outside every boundary - typically over water - and adopted the nearest within 2000 m"
65427,Nimpkish 2,Indian Reserve,-126.9274999999,50.5827777743,Nimpkish 2,Indian Reserve-Réserve indienne,59430117,0,contains,0.0,5943835,Nimpkish 2,Indian reserve,0,contains,0.0,yes,,,,,,,0,csd,"2021 Census, census subdivision",high,csd,5943835,0,,,FALSE,TRUE,indigenous,"the geoname names its containing census subdivision, so this is the population of Nimpkish 2 itself"
38419,Port Clements,Village,-132.1836111109,53.685555552,Port Clements,Village (1),59470058,340,contains,0.0,5947030,Port Clements,Village,340,contains,0.0,yes,Port Clements,Village,351,2021,352,2025,351,municipal,"BC Stats population estimate, July 1 2021",high,csd,5947030,0,,,FALSE,TRUE,municipality,"this is the population of the municipality of Port Clements itself, as estimated by BC Stats for 2021 (the 2021 census counted 340)"
37008,Port Edward,District Municipality,-130.2894444445,54.2205555526,Port Edward,District Municipality (1),59470066,470,contains,0.0,5947007,Port Edward,District municipality,470,contains,0.0,yes,Port Edward,District municipality,491,2021,442,2025,491,municipal,"BC Stats population estimate, July 1 2021",high,csd,5947007,0,,,FALSE,TRUE,municipality,"this is the population of the municipality of Port Edward itself, as estimated by BC Stats for 2021 (the 2021 census counted 470)"
26513,Port Hardy,District Municipality,-127.498055555,50.7244444405,Port Hardy,District Municipality (1),59430072,911,contains,0.0,5943023,Port Hardy,District municipality,3902,contains,0.0,yes,Port Hardy,District municipality,4079,2021,4201,2025,4079,municipal,"BC Stats population estimate, July 1 2021",high,csd,5943023,0,,,FALSE,TRUE,municipality + population>1000,"this is the population of the municipality of Port Hardy itself, as estimated by BC Stats for 2021 (the 2021 census counted 3,902)"
27217,Port McNeill,Town,-127.0836111109,50.5894444402,Port McNeill,Town,59430077,436,contains,0.0,5943012,Port McNeill,Town,2356,contains,0.0,yes,Port McNeill,Town,2450,2021,2402,2025,2450,municipal,"BC Stats population estimate, July 1 2021",high,csd,5943012,0,,,FALSE,TRUE,municipality + population>1000,"this is the population of the municipality of Port McNeill itself, as estimated by BC Stats for 2021 (the 2021 census counted 2,356)"
37023,Prince Rupert,City,-130.3252777781,54.3127777747,Prince Rupert,City,59470077,400,contains,0.0,5947012,Prince Rupert,City,12300,contains,0.0,yes,Prince Rupert,City,12895,2021,12903,2025,12895,municipal,"BC Stats population estimate, July 1 2021",high,csd,5947012,0,,,FALSE,TRUE,municipality + population>1000,"this is the population of the municipality of Prince Rupert itself, as estimated by BC Stats for 2021 (the 2021 census counted 12,300)"
65472,Quaee 7,Indian Reserve,-126.1847699037,50.9664378953,Quaee 7,Indian Reserve-Réserve indienne,59430092,111,contains,0.0,5943813,Quaee 7,Indian reserve,111,contains,0.0,yes,,,,,,,111,csd,"2021 Census, census subdivision",high,csd,5943813,0,,,FALSE,TRUE,indigenous,"the geoname names its containing census subdivision, so this is the population of Quaee 7 itself"
65468,Quatsino Subdivision 18,Indian Reserve,-127.5681345722,50.6164187055,Quatsino Subdivision 18,Indian Reserve-Réserve indienne,59430061,246,contains,0.0,5943816,Quatsino Subdivision 18,Indian reserve,246,contains,0.0,yes,,,,,,,246,csd,"2021 Census, census subdivision",high,csd,5943816,0,,,FALSE,TRUE,indigenous,"the geoname names its containing census subdivision, so this is the population of Quatsino Subdivision 18 itself"
57780,"Queen Charlotte, Village of",Village,-132.1024999998,53.254722219,Village of Queen Charlotte,Village (1),59470060,402,contains,0.0,5947026,Queen Charlotte,Village,964,contains,0.0,yes,Daajing Giids,Village,984,2021,999,2025,984,municipal,"BC Stats population estimate, July 1 2021",high,csd,5947026,0,,,FALSE,TRUE,municipality,"this is the population of the municipality of Daajing Giids itself, as estimated by BC Stats for 2021 (the 2021 census counted 964)"
64779,Skidegate 1,Indian Reserve,-132.0016936543,53.2663788507,Skidegate 1,Indian Reserve-Réserve indienne,59470105,580,contains,0.0,5947804,Skidegate 1,Indian reserve,697,nearest-name,82.9,yes,,,,,,,697,csd,"2021 Census, census subdivision",medium,csd,5947804,0,,,FALSE,TRUE,indigenous,"the point lies 83 m outside the same-named census subdivision, inside North Coast D; the same-named one was taken; the geoname names its containing census subdivision, so this is the population of Skidegate 1 itself"
65386,Thomas Point 5,Indian Reserve,-127.3847983087,50.6997547838,Thomas Point 5,Indian Reserve-Réserve indienne,59430065,0,contains,0.0,5943817,Thomas Point 5,Indian reserve,0,contains,0.0,yes,,,,,,,0,csd,"2021 Census, census subdivision",high,csd,5943817,0,,,FALSE,TRUE,indigenous,"the geoname names its containing census subdivision, so this is the population of Thomas Point 5 itself"
65385,Thomas Point 5A,Indian Reserve,-127.3847983087,50.6997547838,Thomas Point 5A,Indian Reserve-Réserve indienne,59430065,0,contains,0.0,5943826,Thomas Point 5A,Indian reserve,0,nearest-name,52.8,yes,,,,,,,0,csd,"2021 Census, census subdivision",medium,csd,5943826,0,,,FALSE,TRUE,indigenous,"the point lies 53 m outside the same-named census subdivision, inside Thomas Point 5; the same-named one was taken; the geoname names its containing census subdivision, so this is the population of Thomas Point 5A itself"
60432,Tlaa Gaa Aawtlaas 28,Indian Reserve,-132.1347222223,53.9944444415,Tlaa Gaa Aawtlaas 28,Indian Reserve-Réserve indienne,59470104,70,contains,0.0,5947823,Tlaa Gaa Aawtlaas 28,Indian reserve,70,contains,0.0,yes,,,,,,,70,csd,"2021 Census, census subdivision",high,csd,5947823,0,,,FALSE,TRUE,indigenous,"the geoname names its containing census subdivision, so this is the population of Tlaa Gaa Aawtlaas 28 itself"
65387,Tsulquate 4,Indian Reserve,-127.5014695381,50.7330868273,Tsulquate 4,Indian Reserve-Réserve indienne,59430071,451,contains,0.0,5943806,Tsulquate 4,Indian reserve,451,contains,0.0,yes,,,,,,,451,csd,"2021 Census, census subdivision",high,csd,5943806,0,,,FALSE,TRUE,indigenous,"the geoname names its containing census subdivision, so this is the population of Tsulquate 4 itself"
30137,100 Mile House,District Municipality,-121.2955555551,51.6427777737,100 Mile House,District Municipality (1),59410394,643,contains,0.0,5941005,One Hundred Mile House,District municipality,1928,contains,0.0,no,100 Mile House,District municipality,1993,2021,2030,2025,1993,municipal,"BC Stats population estimate, July 1 2021",high,csd,5941005,0,,,FALSE,TRUE,municipality + population>1000,"this is the population of the municipality of 100 Mile House itself, as estimated by BC Stats for 2021 (the 2021 census counted 1,928)"
64652,Agats Meadow 8,Indian Reserve,-124.1625246213,52.2831390569,Agats Meadow 8,Indian Reserve-Réserve indienne,59410447,0,contains,0.0,5941844,Agats Meadow 8,Indian reserve,0,contains,0.0,yes,,,,,,,0,csd,"2021 Census, census subdivision",high,csd,5941844,0,,,FALSE,TRUE,indigenous,"the geoname names its containing census subdivision, so this is the population of Agats Meadow 8 itself"
64645,Alexandria 12,Indian Reserve,-122.3180262768,52.5164962187,Alexandria 12,Indian Reserve-Réserve indienne,59410348,369,contains,0.0,5941010,Cariboo D,Regional district electoral area,2870,contains,0.0,no,,,,,,,369,da,"2021 Census, dissemination area",high,da,59410348,1,,,FALSE,TRUE,indigenous,"no census subdivision carries this name, so this is the population of the surrounding dissemination area, NOT of the named place"
64439,Alexis Creek 14,Indian Reserve,-124.3014153963,52.1998033152,Alexis Creek 14,Indian Reserve-Réserve indienne,59410480,348,contains,0.0,5941817,Alexis Creek 14,Indian reserve,5,nearest-name,50.7,yes,,,,,,,5,csd,"2021 Census, census subdivision",medium,csd,5941817,0,,,FALSE,TRUE,indigenous,"the point lies 51 m outside the same-named census subdivision, inside Cariboo J; the same-named one was taken; the geoname names its containing census subdivision, so this is the population of Alexis Creek 14 itself"
64445,Alexis Creek 16,Indian Reserve,-124.3180820766,52.1831363021,Alexis Creek 16,Indian Reserve-Réserve indienne,59410480,348,contains,0.0,5941818,Alexis Creek 16,Indian reserve,0,nearest-name,658.3,yes,,,,,,,0,csd,"2021 Census, census subdivision",medium,csd,5941818,0,,,FALSE,TRUE,indigenous,"the point lies 658 m outside the same-named census subdivision, inside Cariboo J; the same-named one was taken; the geoname names its containing census subdivision, so this is the population of Alexis Creek 16 itself"
64446,Alexis Creek 21,Indian Reserve,-124.2847513713,52.2998044087,Alexis Creek 21,Indian Reserve-Réserve indienne,59410480,348,contains,0.0,5941848,Alexis Creek 21,Indian reserve,0,nearest-name,1470.4,yes,,,,,,,0,csd,"2021 Census, census subdivision",medium,csd,5941848,0,,,FALSE,TRUE,indigenous,"the point lies 1470 m outside the same-named census subdivision, inside Cariboo J; the same-named one was taken; the geoname names its containing census subdivision, so this is the population of Alexis Creek 21 itself"
64464,Alexis Creek 34,Indian Reserve,-124.2847572589,52.4831394308,Alexis Creek 34,Indian Reserve-Réserve indienne,59410430,0,contains,0.0,5941856,Alexis Creek 34,Indian reserve,0,contains,0.0,yes,,,,,,,0,csd,"2021 Census, census subdivision",high,csd,5941856,0,,,FALSE,TRUE,indigenous,"the geoname names its containing census subdivision, so this is the population of Alexis Creek 34 itself"
64459,Alkali Lake 1,Indian Reserve,-122.2346680272,51.783157198,Alkali Lake 1,Indian Reserve-Réserve indienne,59410370,476,contains,0.0,5941801,Alkali Lake 1,Indian reserve,358,nearest-name,130.3,yes,,,,,,,358,csd,"2021 Census, census subdivision",medium,csd,5941801,0,,,FALSE,TRUE,indigenous,"the point lies 130 m outside the same-named census subdivision, inside Cariboo E; the same-named one was taken; the geoname names its containing census subdivision, so this is the population of Alkali Lake 1 itself"
64471,Alkali Lake 4A,Indian Reserve,-122.1179984717,51.816492134,Alkali Lake 4A,Indian Reserve-Réserve indienne,59410370,476,contains,0.0,5941873,Alkali Lake 4A,Indian reserve,5,nearest-name,272.3,yes,,,,,,,5,csd,"2021 Census, census subdivision",medium,csd,5941873,0,,,FALSE,TRUE,indigenous,"the point lies 272 m outside the same-named census subdivision, inside Cariboo E; the same-named one was taken; the geoname names its containing census subdivision, so this is the population of Alkali Lake 4A itself"
64488,Anahim's Flat 1,Indian Reserve,-123.1680397241,52.0331485914,Anahim's Flat 1,Indian Reserve-Réserve indienne,59410360,437,contains,0.0,5941821,Anahim's Flat 1,Indian reserve,437,contains,0.0,yes,,,,,,,437,csd,"2021 Census, census subdivision",high,csd,5941821,0,,,FALSE,TRUE,indigenous,"the geoname names its containing census subdivision, so this is the population of Anahim's Flat 1 itself"
64486,Anahim's Meadow 2,Indian Reserve,-123.2347111483,52.1164818743,Anahim's Meadow 2,Indian Reserve-Réserve indienne,59410456,10,contains,0.0,5941883,Anahim's Meadow,Indian reserve,10,contains,0.0,no,,,,,,,10,da,"2021 Census, dissemination area",high,da,59410456,1,,,FALSE,TRUE,indigenous,"no census subdivision carries this name, so this is the population of the surrounding dissemination area, NOT of the named place"
65133,Andy Cahoose Meadow 16,Indian Reserve,-125.7348178663,52.8831255112,Andy Cahoose Meadow 16,Indian Reserve-Réserve indienne,59410443,0,contains,0.0,5941039,Cariboo J,Regional district electoral area,616,contains,0.0,no,,,,,,,0,da,"2021 Census, dissemination area",high,da,59410443,0,,,FALSE,TRUE,indigenous,"no census subdivision carries this name, so this is the population of the surrounding dissemination area, NOT of the named place"
65121,Asahal Lake 2,Indian Reserve,-122.0180050449,52.1498295207,Asahal Lake 2,Indian Reserve-Réserve indienne,59410346,391,contains,0.0,5941014,Cariboo F,Regional district electoral area,4792,contains,0.0,no,,,,,,,391,da,"2021 Census, dissemination area",high,da,59410346,2,,,FALSE,TRUE,indigenous,"no census subdivision carries this name, so this is the population of the surrounding dissemination area, NOT of the named place"
64544,Baezaeko River 27,Indian Reserve,-123.8014242205,52.9831501936,Baezaeko River 27,Indian Reserve-Réserve indienne,59410459,447,contains,0.0,5941881,Baezaeko River 27,Indian reserve,0,nearest-name,550.8,yes,,,,,,,0,csd,"2021 Census, census subdivision",medium,csd,5941881,0,,,FALSE,TRUE,indigenous,"the point lies 551 m outside the same-named census subdivision, inside Cariboo I; the same-named one was taken; the geoname names its containing census subdivision, so this is the population of Baezaeko River 27 itself"
65116,Baptiste Meadow 2,Indian Reserve,-122.5555183764,51.9970442492,Baptiste Meadow 2,Indian Reserve-Réserve indienne,59410362,0,contains,0.0,5941849,Baptiste Meadow 2,Indian reserve,0,contains,0.0,yes,,,,,,,0,csd,"2021 Census, census subdivision",high,csd,5941849,0,,,FALSE,TRUE,indigenous,"the geoname names its containing census subdivision, so this is the population of Baptiste Meadow 2 itself"
64501,Canim Lake 2,Indian Reserve,-121.1346298848,51.7331690912,Canim Lake 2,Indian Reserve-Réserve indienne,59410404,400,contains,0.0,5941813,Canim Lake 2,Indian reserve,,nearest-name,722.8,yes,,,,,,,400,da,"2021 Census, dissemination area",high,da,59410404,2,,,FALSE,TRUE,indigenous,"the point lies 723 m outside the same-named census subdivision, inside Cariboo H; the same-named one was taken; census subdivision population suppressed or unavailable; no census subdivision carries this name, so this is the population of the surrounding dissemination area, NOT of the named place"
65803,Canim Lake 3,Indian Reserve,-121.2179669706,51.7665017857,Canim Lake 3,Indian Reserve-Réserve indienne,59410390,485,contains,0.0,5941015,Cariboo G,Regional district electoral area,5312,contains,0.0,no,,,,,,,485,da,"2021 Census, dissemination area",high,da,59410390,1,,,FALSE,TRUE,indigenous,"no census subdivision carries this name, so this is the population of the surrounding dissemination area, NOT of the named place"
64499,Canim Lake 4,Indian Reserve,-121.4679763083,51.7998326263,Canim Lake 4,Indian Reserve-Réserve indienne,59410488,562,contains,0.0,5941803,Canim Lake 4,Indian reserve,0,nearest-name,189.0,yes,,,,,,,0,csd,"2021 Census, census subdivision",medium,csd,5941803,0,,,FALSE,TRUE,indigenous,"the point lies 189 m outside the same-named census subdivision, inside Cariboo G; the same-named one was taken; the geoname names its containing census subdivision, so this is the population of Canim Lake 4 itself"
64512,Canoe Creek 3,Indian Reserve,-122.2513279182,51.5331549851,Canoe Creek 3,Indian Reserve-Réserve indienne,59410371,0,contains,0.0,5941804,Canoe Creek 3,Indian reserve,0,contains,0.0,yes,,,,,,,0,csd,"2021 Census, census subdivision",high,csd,5941804,0,,,FALSE,TRUE,indigenous,"the geoname names its containing census subdivision, so this is the population of Canoe Creek 3 itself"
64655,Charley Boy's Meadow 3,Indian Reserve,-124.2180825257,52.2998052081,Charley Boy's Meadow 3,Indian Reserve-Réserve indienne,59410445,0,contains,0.0,5941827,Charley Boy's Meadow 3,Indian reserve,0,contains,0.0,yes,,,,,,,0,csd,"2021 Census, census subdivision",high,csd,5941827,0,,,FALSE,TRUE,indigenous,"the geoname names its containing census subdivision, so this is the population of Charley Boy's Meadow 3 itself"
64543,Coglistiko River 29,Indian Reserve,-123.8514258901,52.9831495948,Coglistiko River 29,Indian Reserve-Réserve indienne,59410459,447,contains,0.0,5941835,Coglistiko River 29,Indian reserve,0,nearest-name,295.9,yes,,,,,,,0,csd,"2021 Census, census subdivision",medium,csd,5941835,0,,,FALSE,TRUE,indigenous,"the point lies 296 m outside the same-named census subdivision, inside Cariboo I; the same-named one was taken; the geoname names its containing census subdivision, so this is the population of Coglistiko River 29 itself"
65029,Deep Creek 2,Indian Reserve,-122.0888441408,52.2623297503,Deep Creek 2,Indian Reserve-Réserve indienne,59410347,111,contains,0.0,5941805,Deep Creek 2,Indian reserve,111,contains,0.0,yes,,,,,,,111,csd,"2021 Census, census subdivision",high,csd,5941805,0,,,FALSE,TRUE,indigenous,"the geoname names its containing census subdivision, so this is the population of Deep Creek 2 itself"
64506,Dog Creek 1,Indian Reserve,-122.2179949416,51.5831557579,Dog Creek 1,Indian Reserve-Réserve indienne,59410370,476,contains,0.0,5941806,Dog Creek 1,Indian reserve,88,nearest-name,246.6,yes,,,,,,,88,csd,"2021 Census, census subdivision",medium,csd,5941806,0,,,FALSE,TRUE,indigenous,"the point lies 247 m outside the same-named census subdivision, inside Cariboo E; the same-named one was taken; the geoname names its containing census subdivision, so this is the population of Dog Creek 1 itself"
64525,Dog Creek 2,Indian Reserve,-122.0846576877,51.5998240635,Dog Creek 2,Indian Reserve-Réserve indienne,59410372,17,contains,0.0,5941807,Dog Creek 2,Indian reserve,17,contains,0.0,yes,,,,,,,17,csd,"2021 Census, census subdivision",high,csd,5941807,0,,,FALSE,TRUE,indigenous,"the geoname names its containing census subdivision, so this is the population of Dog Creek 2 itself"
65034,Dragon Lake 3,Indian Reserve,-122.4347109847,52.9664994575,Dragon Lake 3,Indian Reserve-Réserve indienne,59410279,381,contains,0.0,5941886,Dragon Lake 3,Indian reserve,15,nearest-name,373.8,yes,,,,,,,15,csd,"2021 Census, census subdivision",medium,csd,5941886,0,,,FALSE,TRUE,indigenous,"the point lies 374 m outside the same-named census subdivision, inside Quesnel; the same-named one was taken; the geoname names its containing census subdivision, so this is the population of Dragon Lake 3 itself"
64531,Euchinico Creek 17,Indian Reserve,-123.5014218567,53.2164896072,Euchinico Creek 17,Indian Reserve-Réserve indienne,59410258,5,contains,0.0,5941866,Euchinico Creek 17,Indian reserve,5,contains,0.0,yes,,,,,,,5,csd,"2021 Census, census subdivision",high,csd,5941866,0,,,FALSE,TRUE,indigenous,"the geoname names its containing census subdivision, so this is the population of Euchinico Creek 17 itself"
59984,Fishtrap 19,Indian Reserve,-125.1574999993,52.3591666633,Fishtrap 19,Indian Reserve-Réserve indienne,59410441,10,contains,0.0,5941871,Fishtrap 19,Indian reserve,10,contains,0.0,yes,,,,,,,10,csd,"2021 Census, census subdivision",high,csd,5941871,0,,,FALSE,TRUE,indigenous,"the geoname names its containing census subdivision, so this is the population of Fishtrap 19 itself"
65123,James Louie 3A,Indian Reserve,-121.9513366426,52.1664970949,James Louie 3A,Indian Reserve-Réserve indienne,59410312,417,contains,0.0,5941014,Cariboo F,Regional district electoral area,4792,contains,0.0,no,,,,,,,417,da,"2021 Census, dissemination area",high,da,59410312,1,,,FALSE,TRUE,indigenous,"no census subdivision carries this name, so this is the population of the surrounding dissemination area, NOT of the named place"
64461,Johny Sticks 2,Indian Reserve,-122.1680006246,51.833158375,Johny Sticks 2,Indian Reserve-Réserve indienne,59410375,10,contains,0.0,5941811,Johny Sticks 2,Indian reserve,10,contains,0.0,yes,,,,,,,10,csd,"2021 Census, census subdivision",high,csd,5941811,0,,,FALSE,TRUE,indigenous,"the geoname names its containing census subdivision, so this is the population of Johny Sticks 2 itself"
64526,Kluskus 1,Indian Reserve,-124.4847841824,53.0998098285,Kluskus 1,Indian Reserve-Réserve indienne,59410459,447,contains,0.0,5941833,Kluskus 1,Indian reserve,38,nearest-name,199.2,yes,,,,,,,38,csd,"2021 Census, census subdivision",medium,csd,5941833,0,,,FALSE,TRUE,indigenous,"the point lies 199 m outside the same-named census subdivision, inside Cariboo I; the same-named one was taken; the geoname names its containing census subdivision, so this is the population of Kluskus 1 itself"
64467,Little Springs 8,Indian Reserve,-122.0846650137,51.8498261265,Little Springs 8,Indian Reserve-Réserve indienne,59410458,20,contains,0.0,5941885,Little Springs,Indian reserve,20,contains,0.0,no,,,,,,,20,da,"2021 Census, dissemination area",high,da,59410458,0,,,FALSE,TRUE,indigenous,"no census subdivision carries this name, so this is the population of the surrounding dissemination area, NOT of the named place"
64478,Loon Lake 10,Indian Reserve,-121.9679949535,51.8664942546,Loon Lake 10,Indian Reserve-Réserve indienne,59410486,614,contains,0.0,5941015,Cariboo G,Regional district electoral area,5312,contains,0.0,no,,,,,,,614,da,"2021 Census, dissemination area",high,da,59410486,4,,,FALSE,TRUE,indigenous,"no census subdivision carries this name, so this is the population of the surrounding dissemination area, NOT of the named place"
64641,Lorin Meadow 9,Indian Reserve,-122.5847065868,52.6664946251,Lorin Meadow 9,Indian Reserve-Réserve indienne,59410461,479,contains,0.0,5941027,Cariboo I,Regional district electoral area,1485,contains,0.0,no,,,,,,,479,da,"2021 Census, dissemination area",high,da,59410461,3,,,FALSE,TRUE,indigenous,"no census subdivision carries this name, so this is the population of the surrounding dissemination area, NOT of the named place"
60420,Michel Gardens 36,Indian Reserve,-123.9150000005,52.150277774,Michel Gardens 36,Indian Reserve-Réserve indienne,59410417,5,contains,0.0,5941879,Michel Gardens 36,Indian reserve,5,contains,0.0,yes,,,,,,,5,csd,"2021 Census, census subdivision",high,csd,5941879,0,,,FALSE,TRUE,indigenous,"the geoname names its containing census subdivision, so this is the population of Michel Gardens 36 itself"
64554,Nazco 20,Indian Reserve,-123.568081995,52.9498192999,Nazco 20,Indian Reserve-Réserve indienne,59410459,447,contains,0.0,5941837,Nazco 20,Indian reserve,81,nearest-name,351.2,yes,,,,,,,81,csd,"2021 Census, census subdivision",medium,csd,5941837,0,,,FALSE,TRUE,indigenous,"the point lies 351 m outside the same-named census subdivision, inside Cariboo I; the same-named one was taken; the geoname names its containing census subdivision, so this is the population of Nazco 20 itself"
64650,Puntzi Lake 2,Indian Reserve,-124.0680749733,52.2164729208,Puntzi Lake 2,Indian Reserve-Réserve indienne,59410480,348,contains,0.0,5941838,Puntzi Lake 2,Indian reserve,5,nearest-name,937.6,yes,,,,,,,5,csd,"2021 Census, census subdivision",medium,csd,5941838,0,,,FALSE,TRUE,indigenous,"the point lies 938 m outside the same-named census subdivision, inside Cariboo J; the same-named one was taken; the geoname names its containing census subdivision, so this is the population of Puntzi Lake 2 itself"
22304,Quesnel,City,-122.4936111113,52.979722219,Quesnel,City,59410275,544,contains,0.0,5941013,Quesnel,City,9889,contains,0.0,yes,Quesnel,City,10265,2021,10253,2025,10265,municipal,"BC Stats population estimate, July 1 2021",high,csd,5941013,0,,,FALSE,TRUE,municipality + population>1000,"this is the population of the municipality of Quesnel itself, as estimated by BC Stats for 2021 (the 2021 census counted 9,889)"
65036,Quesnel 1,Indian Reserve,-122.4847126828,52.9664988778,Quesnel 1,Indian Reserve-Réserve indienne,59410287,530,contains,0.0,5941809,Quesnel 1,Indian reserve,110,nearest-name,991.5,yes,,,,,,,110,csd,"2021 Census, census subdivision",medium,csd,5941809,0,,,FALSE,TRUE,indigenous,"the point lies 991 m outside the same-named census subdivision, inside Cariboo A; the same-named one was taken; the geoname names its containing census subdivision, so this is the population of Quesnel 1 itself"
64651,Redstone Flat 1,Indian Reserve,-123.9577777776,52.1374999917,Redstone Flat 1,Indian Reserve-Réserve indienne,59410418,181,contains,0.0,5941839,Redstone Flat 1,Indian reserve,181,contains,0.0,yes,,,,,,,181,csd,"2021 Census, census subdivision",high,csd,5941839,0,,,FALSE,TRUE,indigenous,"the geoname names its containing census subdivision, so this is the population of Redstone Flat 1 itself"
65839,Salmon River Meadow 7,Indian Reserve,-125.162579954,52.9706335035,Salmon River Meadow 7,Indian Reserve-Réserve indienne,59410437,0,contains,0.0,5941862,Salmon River Meadow 7,Indian reserve,0,contains,0.0,yes,,,,,,,0,csd,"2021 Census, census subdivision",high,csd,5941862,0,,,FALSE,TRUE,indigenous,"the geoname names its containing census subdivision, so this is the population of Salmon River Meadow 7 itself"
64470,Sandy Harry 4,Indian Reserve,-122.1013312512,51.8164923232,Sandy Harry 4,Indian Reserve-Réserve indienne,59410378,0,contains,0.0,5941868,Sandy Harry 4,Indian reserve,0,contains,0.0,yes,,,,,,,0,csd,"2021 Census, census subdivision",high,csd,5941868,0,,,FALSE,TRUE,indigenous,"the geoname names its containing census subdivision, so this is the population of Sandy Harry 4 itself"
65032,Soda Creek 1,Indian Reserve,-122.2680184637,52.316494878,Soda Creek 1,Indian Reserve-Réserve indienne,59410349,30,contains,0.0,5941810,Soda Creek 1,Indian reserve,30,contains,0.0,yes,,,,,,,30,csd,"2021 Census, census subdivision",high,csd,5941810,0,,,FALSE,TRUE,indigenous,"the geoname names its containing census subdivision, so this is the population of Soda Creek 1 itself"
65117,Squinas 2,Indian Reserve,-125.3014565018,52.4664602348,Squinas 2,Indian Reserve-Réserve indienne,59410479,268,contains,0.0,5941840,Squinas 2,Indian reserve,137,nearest-name,86.7,yes,,,,,,,137,csd,"2021 Census, census subdivision",medium,csd,5941840,0,,,FALSE,TRUE,indigenous,"the point lies 87 m outside the same-named census subdivision, inside Cariboo J; the same-named one was taken; the geoname names its containing census subdivision, so this is the population of Squinas 2 itself"
65030,Stone 1,Indian Reserve,-123.1496399995,51.9300899974,Stone 1,Indian Reserve-Réserve indienne,59410361,219,contains,0.0,5941841,Stone 1,Indian reserve,219,contains,0.0,yes,,,,,,,219,csd,"2021 Census, census subdivision",high,csd,5941841,0,,,FALSE,TRUE,indigenous,"the geoname names its containing census subdivision, so this is the population of Stone 1 itself"
64528,Sundayman's Meadow 3,Indian Reserve,-124.3347797599,53.1164784967,Sundayman's Meadow 3,Indian Reserve-Réserve indienne,59410459,447,contains,0.0,5941864,Sundayman's Meadow 3,Indian reserve,0,nearest-name,208.3,yes,,,,,,,0,csd,"2021 Census, census subdivision",medium,csd,5941864,0,,,FALSE,TRUE,indigenous,"the point lies 208 m outside the same-named census subdivision, inside Cariboo I; the same-named one was taken; the geoname names its containing census subdivision, so this is the population of Sundayman's Meadow 3 itself"
64460,Swan Lake 3,Indian Reserve,-122.1179994546,51.849825749,Swan Lake 3,Indian Reserve-Réserve indienne,59410370,476,contains,0.0,5941872,Swan Lake 3,Indian reserve,0,nearest-name,510.2,yes,,,,,,,0,csd,"2021 Census, census subdivision",medium,csd,5941872,0,,,FALSE,TRUE,indigenous,"the point lies 510 m outside the same-named census subdivision, inside Cariboo E; the same-named one was taken; the geoname names its containing census subdivision, so this is the population of Swan Lake 3 itself"
65120,Thomas Squinas Ranch 2A,Indian Reserve,-125.3181242569,52.4831268494,Thomas Squinas Ranch 2A,Indian Reserve-Réserve indienne,59410479,268,contains,0.0,5941845,Thomas Squinas Ranch 2A,Indian reserve,5,nearest-name,76.1,yes,,,,,,,5,csd,"2021 Census, census subdivision",medium,csd,5941845,0,,,FALSE,TRUE,indigenous,"the point lies 76 m outside the same-named census subdivision, inside Cariboo J; the same-named one was taken; the geoname names its containing census subdivision, so this is the population of Thomas Squinas Ranch 2A itself"
65134,Tilgatko 17,Indian Reserve,-125.7014828828,52.8664590953,Tilgatko 17,Indian Reserve-Réserve indienne,59410435,0,contains,0.0,5941039,Cariboo J,Regional district electoral area,616,contains,0.0,no,,,,,,,0,da,"2021 Census, dissemination area",high,da,59410435,0,,,FALSE,TRUE,indigenous,"no census subdivision carries this name, so this is the population of the surrounding dissemination area, NOT of the named place"
65114,Toosey 1,Indian Reserve,-122.4846803581,51.9192666113,Toosey 1,Indian Reserve-Réserve indienne,59410363,104,contains,0.0,5941850,Toosey 1,Indian reserve,104,contains,0.0,yes,,,,,,,104,csd,"2021 Census, census subdivision",high,csd,5941850,0,,,FALSE,TRUE,indigenous,"the geoname names its containing census subdivision, so this is the population of Toosey 1 itself"
65119,Towdystan Lake 3,Indian Reserve,-125.1181112357,52.283127496,Towdystan Lake 3,Indian Reserve-Réserve indienne,59410429,15,contains,0.0,5941851,Towdystan Lake 3,Indian reserve,15,contains,0.0,yes,,,,,,,15,csd,"2021 Census, census subdivision",high,csd,5941851,0,,,FALSE,TRUE,indigenous,"the geoname names its containing census subdivision, so this is the population of Towdystan Lake 3 itself"
64532,Trout Lake Alec 16,Indian Reserve,-123.5347552086,53.1831555125,Trout Lake Alec 16,Indian Reserve-Réserve indienne,59410256,0,contains,0.0,5941852,Trout Lake Alec 16,Indian reserve,0,contains,0.0,yes,,,,,,,0,csd,"2021 Census, census subdivision",high,csd,5941852,0,,,FALSE,TRUE,indigenous,"the geoname names its containing census subdivision, so this is the population of Trout Lake Alec 16 itself"
65129,Ulkatcho 13,Indian Reserve,-125.0347784646,52.3831294123,Ulkatcho 13,Indian Reserve-Réserve indienne,59410479,268,contains,0.0,5941854,Ulkatcho 13,Indian reserve,0,nearest-name,411.4,yes,,,,,,,0,csd,"2021 Census, census subdivision",medium,csd,5941854,0,,,FALSE,TRUE,indigenous,"the point lies 411 m outside the same-named census subdivision, inside Cariboo J; the same-named one was taken; the geoname names its containing census subdivision, so this is the population of Ulkatcho 13 itself"
65131,Ulkatcho 14A,Indian Reserve,-125.2681215398,52.4497938252,Ulkatcho 14A,Indian Reserve-Réserve indienne,59410444,116,contains,0.0,5941880,Ulkatcho 14A,Indian reserve,116,contains,0.0,yes,,,,,,,116,csd,"2021 Census, census subdivision",high,csd,5941880,0,,,FALSE,TRUE,indigenous,"the geoname names its containing census subdivision, so this is the population of Ulkatcho 14A itself"
54458,Wells,District Municipality,-121.5725000002,53.1044444414,Wells,District Municipality (1),59410306,218,contains,0.0,5941025,Wells,District municipality,218,contains,0.0,yes,Wells,District municipality,227,2021,231,2025,227,municipal,"BC Stats population estimate, July 1 2021",high,csd,5941025,1,,,FALSE,TRUE,municipality,"this is the population of the municipality of Wells itself, as estimated by BC Stats for 2021 (the 2021 census counted 218)"
25533,Williams Lake,City,-122.1400000002,52.129166663,Williams Lake,City,59410369,327,contains,0.0,5941009,Williams Lake,City,10947,contains,0.0,yes,Williams Lake,City,11437,2021,11462,2025,11437,municipal,"BC Stats population estimate, July 1 2021",high,csd,5941009,0,,,FALSE,TRUE,municipality + population>1000,"this is the population of the municipality of Williams Lake itself, as estimated by BC Stats for 2021 (the 2021 census counted 10,947)"
65136,Williams Lake 1,Indian Reserve,-122.0013368212,52.116496074,Williams Lake 1,Indian Reserve-Réserve indienne,59410315,248,contains,0.0,5941812,Williams Lake 1,Indian reserve,248,contains,0.0,yes,,,,,,,248,csd,"2021 Census, census subdivision",high,csd,5941812,0,,,FALSE,TRUE,indigenous,"the geoname names its containing census subdivision, so this is the population of Williams Lake 1 itself"
64466,Windy Mouth 7,Indian Reserve,-121.5846483334,51.8498317517,Windy Mouth 7,Indian Reserve-Réserve indienne,59410486,614,contains,0.0,5941855,Windy Mouth 7,Indian reserve,5,nearest-name,171.9,yes,,,,,,,5,csd,"2021 Census, census subdivision",medium,csd,5941855,0,,,FALSE,TRUE,indigenous,"the point lies 172 m outside the same-named census subdivision, inside Cariboo G; the same-named one was taken; the geoname names its containing census subdivision, so this is the population of Windy Mouth 7 itself"
752,Abbotsford,City,-122.3291666669,49.0522222178,Abbotsford,City,59090894,567,contains,0.0,5909052,Abbotsford,City,153524,contains,0.0,yes,Abbotsford,City,160759,2021,175358,2025,160759,municipal,"BC Stats population estimate, July 1 2021",high,csd,5909052,1,,,FALSE,TRUE,municipality + population>1000,"this is the population of the municipality of Abbotsford itself, as estimated by BC Stats for 2021 (the 2021 census counted 153,524)"
64902,Aitchelitch 9,Indian Reserve,-121.9845880402,49.1498114588,Aitchelitch 9,Indian Reserve-Réserve indienne,59090705,125,contains,0.0,5909835,Aitchelitch 9,Indian reserve,45,nearest-name,128.5,yes,,,,,,,45,csd,"2021 Census, census subdivision",medium,csd,5909835,0,,,FALSE,TRUE,indigenous,"the point lies 128 m outside the same-named census subdivision, inside Squiaala; the same-named one was taken; the geoname names its containing census subdivision, so this is the population of Aitchelitch 9 itself"
64628,Albert Flat 5,Indian Reserve,-121.4179127099,49.5164855694,Albert Flat 5,Indian Reserve-Réserve indienne,59090633,41,contains,0.0,5909876,Albert Flat 5,Indian reserve,41,contains,0.0,yes,,,,,,,41,csd,"2021 Census, census subdivision",high,csd,5909876,0,,,FALSE,TRUE,indigenous,"the geoname names its containing census subdivision, so this is the population of Albert Flat 5 itself"
60003,Antko 21,Indian Reserve,-120.7608333331,50.0841666624,Antko 21,Indian Reserve-Réserve indienne,59331654,377,contains,0.0,5933012,Thompson-Nicola N (Beautiful Nicola Valley - South),Regional district electoral area,717,contains,0.0,no,,,,,,,377,da,"2021 Census, dissemination area",high,da,59331654,3,,,FALSE,TRUE,indigenous,"no census subdivision carries this name, so this is the population of the surrounding dissemination area, NOT of the named place"
59020,Barriere,District Municipality,-120.1236111113,51.1797222187,Barriere,District Municipality (1),59331632,898,contains,0.0,5933074,Barriere,District municipality,1765,contains,0.0,yes,Barriere,District municipality,1816,2021,1913,2025,1816,municipal,"BC Stats population estimate, July 1 2021",high,csd,5933074,0,,,FALSE,TRUE,municipality + population>1000,"this is the population of the municipality of Barriere itself, as estimated by BC Stats for 2021 (the 2021 census counted 1,765)"
65631,Boothroyd 13,Indian Reserve,-121.4902777771,49.988888885,Boothroyd 13,Indian Reserve-Réserve indienne,59090811,0,contains,0.0,5909850,Boothroyd 13,Indian reserve,0,contains,0.0,yes,,,,,,,0,csd,"2021 Census, census subdivision",high,csd,5909850,0,,,FALSE,TRUE,indigenous,"the geoname names its containing census subdivision, so this is the population of Boothroyd 13 itself"
65642,Boothroyd 8A,Indian Reserve,-121.5345968916,50.0498200478,Boothroyd 8A,Indian Reserve-Réserve indienne,59090810,495,contains,0.0,5933897,Boothroyd 8A,Indian reserve,0,nearest-name,606.6,yes,,,,,,,0,csd,"2021 Census, census subdivision",medium,csd,5933897,0,,,FALSE,TRUE,indigenous,"the point lies 607 m outside the same-named census subdivision, inside Fraser Valley A; the same-named one was taken; the geoname names its containing census subdivision, so this is the population of Boothroyd 8A itself"
65633,Boston Bar 1A,Indian Reserve,-121.4179203963,49.8164868575,Boston Bar 1A,Indian Reserve-Réserve indienne,59090810,495,contains,0.0,5909836,Boston Bar 1A,Indian reserve,0,nearest-name,927.1,yes,,,,,,,0,csd,"2021 Census, census subdivision",medium,csd,5909836,0,,,FALSE,TRUE,indigenous,"the point lies 927 m outside the same-named census subdivision, inside Fraser Valley A; the same-named one was taken; the geoname names its containing census subdivision, so this is the population of Boston Bar 1A itself"
65671,Boulder Creek 5,Indian Reserve,-120.1345887605,51.4665111002,Boulder Creek 5,Indian Reserve-Réserve indienne,59331690,379,contains,0.0,5933072,Thompson-Nicola O (Lower North Thompson),Regional district electoral area,1523,contains,0.0,no,,,,,,,379,da,"2021 Census, dissemination area",high,da,59331690,0,,,FALSE,TRUE,indigenous,"no census subdivision carries this name, so this is the population of the surrounding dissemination area, NOT of the named place"
34731,Bridal Falls,Community,-121.7410100005,49.1873099966,Bridal Falls,Community,59090601,1046,contains,0.0,5909034,Fraser Valley D,Regional district electoral area,2092,contains,0.0,no,,,,,,,1046,da,"2021 Census, dissemination area",high,da,59090601,2,,,FALSE,TRUE,population>1000,"no census subdivision carries this name, so this is the population of the surrounding dissemination area, NOT of the named place"
65636,Bucktum 4,Indian Reserve,-121.4512573915,49.916486965,Bucktum 4,Indian Reserve-Réserve indienne,59090810,495,contains,0.0,5909847,Bucktum 4,Indian reserve,5,nearest-name,153.6,yes,,,,,,,5,csd,"2021 Census, census subdivision",medium,csd,5909847,0,,,FALSE,TRUE,indigenous,"the point lies 154 m outside the same-named census subdivision, inside Fraser Valley A; the same-named one was taken; the geoname names its containing census subdivision, so this is the population of Bucktum 4 itself"
38320,Chase,Village,-119.6861111116,50.8191666633,Chase,Village (1),59331514,484,contains,0.0,5933054,Chase,Village,2399,contains,0.0,yes,Chase,Village,2459,2021,2591,2025,2459,municipal,"BC Stats population estimate, July 1 2021",high,csd,5933054,0,,,FALSE,TRUE,municipality + population>1000,"this is the population of the municipality of Chase itself, as estimated by BC Stats for 2021 (the 2021 census counted 2,399)"
65831,Chawathil 4,Indian Reserve,-121.551246486,49.3664835575,Chawathil 4,Indian Reserve-Réserve indienne,59090803,472,contains,0.0,5909804,Chawathil 4,Indian reserve,182,nearest-name,39.4,yes,,,,,,,182,csd,"2021 Census, census subdivision",medium,csd,5909804,0,,,FALSE,TRUE,indigenous,"the point lies 39 m outside the same-named census subdivision, inside Fraser Valley B; the same-named one was taken; the geoname names its containing census subdivision, so this is the population of Chawathil 4 itself"
65009,Cheam 1,Indian Reserve,-121.7679158072,49.1998139693,Cheam 1,Indian Reserve-Réserve indienne,59090599,207,contains,0.0,5909837,Cheam 1,Indian reserve,207,contains,0.0,yes,,,,,,,207,csd,"2021 Census, census subdivision",high,csd,5909837,0,,,FALSE,TRUE,indigenous,"the geoname names its containing census subdivision, so this is the population of Cheam 1 itself"
64949,Chehalis 5,Indian Reserve,-121.9012558803,49.2998128634,Chehalis 5,Indian Reserve-Réserve indienne,59090451,500,contains,0.0,5909839,Chehalis 5,Indian reserve,500,contains,0.0,yes,,,,,,,500,csd,"2021 Census, census subdivision",high,csd,5909839,0,,,FALSE,TRUE,indigenous,"the geoname names its containing census subdivision, so this is the population of Chehalis 5 itself"
38675,Chilliwack,City,-121.9508333002,49.1577777667,Chilliwack,City,59090542,1223,contains,0.0,5909020,Chilliwack,City,93203,contains,0.0,yes,Chilliwack,City,97222,2021,105520,2025,97222,municipal,"BC Stats population estimate, July 1 2021",high,csd,5909020,1,,,FALSE,TRUE,municipality + population>1000,"this is the population of the municipality of Chilliwack itself, as estimated by BC Stats for 2021 (the 2021 census counted 93,203)"
29457,Clearwater,District Municipality,-120.0325000004,51.645555552,Clearwater,District Municipality (1),59331641,685,contains,0.0,5933067,Clearwater,District municipality,2388,contains,0.0,yes,Clearwater,District municipality,2462,2021,2500,2025,2462,municipal,"BC Stats population estimate, July 1 2021",high,csd,5933067,0,,,FALSE,TRUE,municipality + population>1000,"this is the population of the municipality of Clearwater itself, as estimated by BC Stats for 2021 (the 2021 census counted 2,388)"
65613,Coldwater 1,Indian Reserve,-120.8345738192,50.0331608477,Coldwater 1,Indian Reserve-Réserve indienne,59331553,350,contains,0.0,5933801,Coldwater 1,Indian reserve,350,contains,0.0,yes,,,,,,,350,csd,"2021 Census, census subdivision",high,csd,5933801,0,,,FALSE,TRUE,indigenous,"the geoname names its containing census subdivision, so this is the population of Coldwater 1 itself"
64951,Douglas 8,Indian Reserve,-122.1679426128,49.7498117064,Douglas 8,Indian Reserve-Réserve indienne,59090450,1133,contains,0.0,5909842,Douglas 8,Indian reserve,66,nearest-name,72.4,yes,,,,,,,66,csd,"2021 Census, census subdivision",medium,csd,5909842,0,,,FALSE,TRUE,indigenous,"the point lies 72 m outside the same-named census subdivision, inside Fraser Valley C; the same-named one was taken; the geoname names its containing census subdivision, so this is the population of Douglas 8 itself"
65187,Douglas Lake 3,Indian Reserve,-120.2512248776,50.1665010801,Douglas Lake 3,Indian Reserve-Réserve indienne,59331548,188,contains,0.0,5933802,Douglas Lake 3,Indian reserve,188,contains,0.0,yes,,,,,,,188,csd,"2021 Census, census subdivision",high,csd,5933802,0,,,FALSE,TRUE,indigenous,"the geoname names its containing census subdivision, so this is the population of Douglas Lake 3 itself"
64588,Franks 10,Indian Reserve,-122.3011111114,49.8897222184,Franks 10,Indian Reserve-Réserve indienne,59090458,0,contains,0.0,5909048,Fraser Valley C,Regional district electoral area,1133,contains,0.0,no,,,,,,,0,da,"2021 Census, dissemination area",high,da,59090458,0,,,FALSE,TRUE,indigenous,"no census subdivision carries this name, so this is the population of the surrounding dissemination area, NOT of the named place"
65562,Hamilton Creek 7,Indian Reserve,-120.5345649151,50.0664975487,Hamilton Creek 7,Indian Reserve-Réserve indienne,59331547,0,contains,0.0,5933008,Thompson-Nicola M (Beautiful Nicola Valley - North),Regional district electoral area,1637,contains,0.0,no,,,,,,,0,da,"2021 Census, dissemination area",high,da,59331547,0,,,FALSE,TRUE,indigenous,"no census subdivision carries this name, so this is the population of the surrounding dissemination area, NOT of the named place"
7698,Harrison Hot Springs,Village,-121.7844444443,49.2988888843,Harrison Hot Springs,Village (1),59090614,553,contains,0.0,5909027,Harrison Hot Springs,Village,1905,contains,0.0,yes,Harrison Hot Springs,Village,1975,2021,2148,2025,1975,municipal,"BC Stats population estimate, July 1 2021",high,csd,5909027,0,,,FALSE,TRUE,municipality + population>1000,"this is the population of the municipality of Harrison Hot Springs itself, as estimated by BC Stats for 2021 (the 2021 census counted 1,905)"
65017,Holachten 8,Indian Reserve,-122.0249999997,49.2083333287,Holachten 8,Indian Reserve-Réserve indienne,59090525,330,contains,0.0,5909879,Holachten 8,Indian reserve,330,contains,0.0,yes,,,,,,,330,csd,"2021 Census, census subdivision",high,csd,5909879,0,,,FALSE,TRUE,indigenous,"the geoname names its containing census subdivision, so this is the population of Holachten 8 itself"
17540,Hope,District Municipality,-121.4413888893,49.3799999959,Hope,District Municipality (1),59090645,422,contains,0.0,5909009,Hope,District municipality,6686,contains,0.0,yes,Hope,District municipality,6911,2021,7183,2025,6911,municipal,"BC Stats population estimate, July 1 2021",high,csd,5909009,0,,,FALSE,TRUE,municipality + population>1000,"this is the population of the municipality of Hope itself, as estimated by BC Stats for 2021 (the 2021 census counted 6,686)"
65637,Inkahtsaph 6,Indian Reserve,-121.5012611744,49.9998201617,Inkahtsaph 6,Indian Reserve-Réserve indienne,59090810,495,contains,0.0,5909805,Inkahtsaph 6,Indian reserve,0,nearest-name,54.8,yes,,,,,,,0,csd,"2021 Census, census subdivision",medium,csd,5909805,0,,,FALSE,TRUE,indigenous,"the point lies 55 m outside the same-named census subdivision, inside Fraser Valley A; the same-named one was taken; the geoname names its containing census subdivision, so this is the population of Inkahtsaph 6 itself"
65566,Joeyaska 2,Indian Reserve,-120.7512394957,50.099828751,Joeyaska 2,Indian Reserve-Réserve indienne,59331550,649,contains,0.0,5933805,Joeyaska 2,Indian reserve,58,nearest-name,109.2,yes,,,,,,,58,csd,"2021 Census, census subdivision",medium,csd,5933805,0,,,FALSE,TRUE,indigenous,"the point lies 109 m outside the same-named census subdivision, inside Merritt; the same-named one was taken; the geoname names its containing census subdivision, so this is the population of Joeyaska 2 itself"
65580,Kahmoose 4,Indian Reserve,-121.4845931,49.9664868458,Kahmoose 4,Indian Reserve-Réserve indienne,59090810,495,contains,0.0,5909819,Kahmoose 4,Indian reserve,5,nearest-name,184.7,yes,,,,,,,5,csd,"2021 Census, census subdivision",medium,csd,5909819,0,,,FALSE,TRUE,indigenous,"the point lies 185 m outside the same-named census subdivision, inside Fraser Valley A; the same-named one was taken; the geoname names its containing census subdivision, so this is the population of Kahmoose 4 itself"
3006,Kamloops,City,-120.3394444447,50.6758333294,Kamloops,City,59330114,1284,contains,0.0,5933042,Kamloops,City,97902,contains,0.0,yes,Kamloops,City,102271,2021,108793,2025,102271,municipal,"BC Stats population estimate, July 1 2021",high,csd,5933042,0,,,FALSE,TRUE,municipality + population>1000,"this is the population of the municipality of Kamloops itself, as estimated by BC Stats for 2021 (the 2021 census counted 97,902)"
65527,Kamloops 1,Indian Reserve,-120.2666666667,50.7374999966,Kamloops 1,Indian Reserve-Réserve indienne,59331661,494,contains,0.0,5933880,Kamloops 1,Indian reserve,3915,contains,0.0,yes,,,,,,,3915,csd,"2021 Census, census subdivision",high,csd,5933880,0,,,FALSE,TRUE,indigenous + population>1000,"the geoname names its containing census subdivision, so this is the population of Kamloops 1 itself"
65523,Kamloops 5,Indian Reserve,-120.0845704704,50.8498403791,Kamloops 5,Indian Reserve-Réserve indienne,59331650,623,contains,0.0,5933044,Thompson-Nicola P (Rivers and the Peaks),Regional district electoral area,4098,contains,0.0,no,,,,,,,623,da,"2021 Census, dissemination area",high,da,59331650,0,,,FALSE,TRUE,indigenous,"no census subdivision carries this name, so this is the population of the surrounding dissemination area, NOT of the named place"
3769,Kent,District Municipality,-121.7625000004,49.2380555511,Kent,District Municipality (1),59090607,778,contains,0.0,5909032,Kent,District municipality,6300,contains,0.0,yes,Kent,District municipality,6540,2021,7093,2025,6540,municipal,"BC Stats population estimate, July 1 2021",high,csd,5909032,0,,,FALSE,TRUE,municipality + population>1000,"this is the population of the municipality of Kent itself, as estimated by BC Stats for 2021 (the 2021 census counted 6,300)"
65634,Kopchitchin 2,Indian Reserve,-121.4512565258,49.8831534742,Kopchitchin 2,Indian Reserve-Réserve indienne,59090810,495,contains,0.0,5909806,Kopchitchin 2,Indian reserve,41,nearest-name,429.6,yes,,,,,,,41,csd,"2021 Census, census subdivision",medium,csd,5909806,0,,,FALSE,TRUE,indigenous,"the point lies 430 m outside the same-named census subdivision, inside Fraser Valley A; the same-named one was taken; the geoname names its containing census subdivision, so this is the population of Kopchitchin 2 itself"
65022,Kwawkwawapilt 6,Indian Reserve,-121.9845884613,49.1664781786,Kwawkwawapilt 6,Indian Reserve-Réserve indienne,59090872,295,contains,0.0,5909821,Kwawkwawapilt 6,Indian reserve,295,contains,0.0,yes,,,,,,,295,csd,"2021 Census, census subdivision",high,csd,5909821,0,,,FALSE,TRUE,indigenous,"the geoname names its containing census subdivision, so this is the population of Kwawkwawapilt 6 itself"
65014,Lakahahmen 11,Indian Reserve,-122.0763888892,49.1847222183,Lakahahmen 11,Indian Reserve-Réserve indienne,59090980,170,contains,0.0,5909880,Lakahahmen 11,Indian reserve,170,contains,0.0,yes,,,,,,,170,csd,"2021 Census, census subdivision",high,csd,5909880,0,,,FALSE,TRUE,indigenous,"the geoname names its containing census subdivision, so this is the population of Lakahahmen 11 itself"
7363,Lake Errock,Community,-122.0113760002,49.2201519967,Lake Errock,Community,59090450,1133,contains,0.0,5909048,Fraser Valley C,Regional district electoral area,1133,contains,0.0,no,,,,,,,1133,da,"2021 Census, dissemination area",high,da,59090450,17,,,FALSE,TRUE,population>1000,"no census subdivision carries this name, so this is the population of the surrounding dissemination area, NOT of the named place"
64558,Langley 2,Indian Reserve,-122.4179358194,49.1831401623,Langley 2,Indian Reserve-Réserve indienne,59090969,332,contains,0.0,5909856,Langley 2,Indian reserve,332,contains,0.0,yes,,,,,,,332,csd,"2021 Census, census subdivision",high,csd,5909856,0,,,FALSE,TRUE,indigenous,"the geoname names its containing census subdivision, so this is the population of Langley 2 itself"
10121,Logan Lake,District Municipality,-120.8133333333,50.4944444401,Logan Lake,District Municipality (1),59331489,556,contains,0.0,5933035,Logan Lake,District municipality,2255,contains,0.0,yes,Logan Lake,District municipality,2325,2021,2337,2025,2325,municipal,"BC Stats population estimate, July 1 2021",high,csd,5933035,0,,,FALSE,TRUE,municipality + population>1000,"this is the population of the municipality of Logan Lake itself, as estimated by BC Stats for 2021 (the 2021 census counted 2,255)"
65672,Louis Creek 4,Indian Reserve,-120.1179124753,51.1331753737,Louis Creek 4,Indian Reserve-Réserve indienne,59331728,755,contains,0.0,5933888,Louis Creek 4,Indian reserve,15,nearest-name,462.4,yes,,,,,,,15,csd,"2021 Census, census subdivision",medium,csd,5933888,0,,,FALSE,TRUE,indigenous,"the point lies 462 m outside the same-named census subdivision, inside Thompson-Nicola O (Lower North Thompson); the same-named one was taken; the geoname names its containing census subdivision, so this is the population of Louis Creek 4 itself"
64624,Lukseetsissum 9,Indian Reserve,-121.6179148464,49.3498161113,Lukseetsissum 9,Indian Reserve-Réserve indienne,59090603,408,contains,0.0,5909810,Lukseetsissum 9,Indian reserve,52,nearest-name,10.5,yes,,,,,,,52,csd,"2021 Census, census subdivision",medium,csd,5909810,0,,,FALSE,TRUE,indigenous,"the point lies 10 m outside the same-named census subdivision, inside Kent; the same-named one was taken; the geoname names its containing census subdivision, so this is the population of Lukseetsissum 9 itself"
64411,Matsqui Main 2,Indian Reserve,-122.3512653662,49.1164740203,Matsqui Main 2,Indian Reserve-Réserve indienne,59090740,508,contains,0.0,5909878,Matsqui Main 2,Indian reserve,119,nearest-name,246.9,yes,,,,,,,119,csd,"2021 Census, census subdivision",medium,csd,5909878,0,,,FALSE,TRUE,indigenous,"the point lies 247 m outside the same-named census subdivision, inside Mission; the same-named one was taken; the geoname names its containing census subdivision, so this is the population of Matsqui Main 2 itself"
30269,Merritt,City,-120.788333334,50.1124999965,Merritt,City,59331558,403,contains,0.0,5933006,Merritt,City,7051,contains,0.0,yes,Merritt,City,7330,2021,7190,2025,7330,municipal,"BC Stats population estimate, July 1 2021",high,csd,5933006,0,,,FALSE,TRUE,municipality + population>1000,"this is the population of the municipality of Merritt itself, as estimated by BC Stats for 2021 (the 2021 census counted 7,051)"
38229,Mission,District Municipality,-122.283888889,49.1591666625,Mission,District Municipality (1),59090513,923,contains,0.0,5909056,Mission,District municipality,41519,contains,0.0,yes,Mission,District municipality,43340,2021,47280,2025,43340,municipal,"BC Stats population estimate, July 1 2021",high,csd,5909056,1,,,FALSE,TRUE,municipality + population>1000,"this is the population of the municipality of Mission itself, as estimated by BC Stats for 2021 (the 2021 census counted 41,519)"
65674,Nekalliston 2,Indian Reserve,-120.2012563043,51.4165099868,Nekalliston 2,Indian Reserve-Réserve indienne,59331690,379,contains,0.0,5933886,Nekalliston 2,Indian reserve,0,nearest-name,536.1,yes,,,,,,,0,csd,"2021 Census, census subdivision",medium,csd,5933886,0,,,FALSE,TRUE,indigenous,"the point lies 536 m outside the same-named census subdivision, inside Thompson-Nicola O (Lower North Thompson); the same-named one was taken; the geoname names its containing census subdivision, so this is the population of Nekalliston 2 itself"
66043,Neskonlith 1,Indian Reserve,-119.7458333328,50.781944441,Neskonlith 1,Indian Reserve-Réserve indienne,59331666,109,contains,0.0,5933898,Neskonlith,Indian reserve,279,contains,0.0,no,,,,,,,109,da,"2021 Census, dissemination area",high,da,59331666,0,,,FALSE,TRUE,indigenous,"no census subdivision carries this name, so this is the population of the surrounding dissemination area, NOT of the named place"
66044,Neskonlith 2,Indian Reserve,-119.7319444442,50.7569444402,Neskonlith 2,Indian Reserve-Réserve indienne,59331667,170,contains,0.0,5933898,Neskonlith,Indian reserve,279,contains,0.0,no,,,,,,,170,da,"2021 Census, dissemination area",high,da,59331667,0,,,FALSE,TRUE,indigenous,"no census subdivision carries this name, so this is the population of the surrounding dissemination area, NOT of the named place"
65189,Nicola Lake 1,Indian Reserve,-120.4512327114,50.216499239,Nicola Lake 1,Indian Reserve-Réserve indienne,59331549,148,contains,0.0,5933806,Nicola Lake 1,Indian reserve,148,contains,0.0,yes,,,,,,,148,csd,"2021 Census, census subdivision",high,csd,5933806,0,,,FALSE,TRUE,indigenous,"the geoname names its containing census subdivision, so this is the population of Nicola Lake 1 itself"
65565,Nicola Mameet 1,Indian Reserve,-120.8345772667,50.1664948805,Nicola Mameet 1,Indian Reserve-Réserve indienne,59331570,513,contains,0.0,5933807,Nicola Mameet 1,Indian reserve,513,contains,0.0,yes,,,,,,,513,csd,"2021 Census, census subdivision",high,csd,5933807,0,,,FALSE,TRUE,indigenous,"the geoname names its containing census subdivision, so this is the population of Nicola Mameet 1 itself"
65676,Nooaitch 10,Indian Reserve,-121.0845862665,50.1998257072,Nooaitch 10,Indian Reserve-Réserve indienne,59331662,340,contains,0.0,5933808,Nooaitch 10,Indian reserve,170,nearest-name,304.4,yes,,,,,,,170,csd,"2021 Census, census subdivision",medium,csd,5933808,0,,,FALSE,TRUE,indigenous,"the point lies 304 m outside the same-named census subdivision, inside Thompson-Nicola N (Beautiful Nicola Valley - South); the same-named one was taken; the geoname names its containing census subdivision, so this is the population of Nooaitch 10 itself"
65675,North Thompson 1,Indian Reserve,-120.1679182098,51.28317597,North Thompson 1,Indian Reserve-Réserve indienne,59331687,389,contains,0.0,5933887,North Thompson 1,Indian reserve,181,nearest-name,307.7,yes,,,,,,,181,csd,"2021 Census, census subdivision",medium,csd,5933887,0,,,FALSE,TRUE,indigenous,"the point lies 308 m outside the same-named census subdivision, inside Thompson-Nicola O (Lower North Thompson); the same-named one was taken; the geoname names its containing census subdivision, so this is the population of North Thompson 1 itself"
64420,Ohamil 1,Indian Reserve,-121.6012472299,49.3331495641,Ohamil 1,Indian Reserve-Réserve indienne,59090804,397,contains,0.0,5909807,Ohamil 1,Indian reserve,150,nearest-name,42.2,yes,,,,,,,150,csd,"2021 Census, census subdivision",medium,csd,5909807,0,,,FALSE,TRUE,indigenous,"the point lies 42 m outside the same-named census subdivision, inside Fraser Valley B; the same-named one was taken; the geoname names its containing census subdivision, so this is the population of Ohamil 1 itself"
59880,Paqulh,Indian Reserve,-122.5280555552,50.1219444409,Paqulh,Indian Reserve-Réserve indienne,59090449,0,contains,0.0,5909852,Paqulh,Indian reserve,0,contains,0.0,yes,,,,,,,0,csd,"2021 Census, census subdivision",high,csd,5909852,0,,,FALSE,TRUE,indigenous,"the geoname names its containing census subdivision, so this is the population of Paqulh itself"
65616,Paul's Basin 2,Indian Reserve,-120.9512425513,49.9664925971,Paul's Basin 2,Indian Reserve-Réserve indienne,59331662,340,contains,0.0,5933809,Paul's Basin 2,Indian reserve,35,nearest-name,1143.9,yes,,,,,,,35,csd,"2021 Census, census subdivision",medium,csd,5933809,0,,,FALSE,TRUE,indigenous,"the point lies 1144 m outside the same-named census subdivision, inside Thompson-Nicola N (Beautiful Nicola Valley - South); the same-named one was taken; the geoname names its containing census subdivision, so this is the population of Paul's Basin 2 itself"
34730,Popkum,Community,-121.734581421,49.1998143301,Popkum,Community,59090600,1046,contains,0.0,5909034,Fraser Valley D,Regional district electoral area,2092,contains,0.0,no,,,,,,,1046,da,"2021 Census, dissemination area",high,da,59090600,0,,,FALSE,TRUE,population>1000,"no census subdivision carries this name, so this is the population of the surrounding dissemination area, NOT of the named place"
64437,Popkum 1,Indian Reserve,-121.7179142282,49.1998145098,Popkum 1,Indian Reserve-Réserve indienne,59090601,1046,contains,0.0,5909844,Popkum 1,Indian reserve,0,nearest-name,153.8,yes,,,,,,,0,csd,"2021 Census, census subdivision",medium,csd,5909844,0,,,FALSE,TRUE,indigenous,"the point lies 154 m outside the same-named census subdivision, inside Fraser Valley D; the same-named one was taken; the geoname names its containing census subdivision, so this is the population of Popkum 1 itself"
64638,Puckatholetchin 11,Indian Reserve,-121.4345782163,49.4498184623,Puckatholetchin 11,Indian Reserve-Réserve indienne,59090626,10,contains,0.0,5909808,Puckatholetchin 11,Indian reserve,10,contains,0.0,yes,,,,,,,10,csd,"2021 Census, census subdivision",high,csd,5909808,0,,,FALSE,TRUE,indigenous,"the geoname names its containing census subdivision, so this is the population of Puckatholetchin 11 itself"
59881,Q'aLaTKu7eM,Indian Reserve,-122.5333333329,50.0499999958,Q'aLaTKu7eM,Indian Reserve-Réserve indienne,59090450,1133,contains,0.0,5909875,Q'alatkú7em,Indian reserve,50,nearest-name,69.3,yes,,,,,,,50,csd,"2021 Census, census subdivision",medium,csd,5909875,0,,,FALSE,TRUE,indigenous,"the point lies 69 m outside the same-named census subdivision, inside Fraser Valley C; the same-named one was taken; the geoname names its containing census subdivision, so this is the population of Q'alatkú7em itself"
64567,Ruby Creek 2,Indian Reserve,-121.6179152687,49.3664828381,Ruby Creek 2,Indian Reserve-Réserve indienne,59090803,472,contains,0.0,5909851,Ruby Creek 2,Indian reserve,19,nearest-name,1095.8,yes,,,,,,,19,csd,"2021 Census, census subdivision",medium,csd,5909851,0,,,FALSE,TRUE,indigenous,"the point lies 1096 m outside the same-named census subdivision, inside Fraser Valley B; the same-named one was taken; the geoname names its containing census subdivision, so this is the population of Ruby Creek 2 itself"
64570,Sachteen 2A,Indian Reserve,-122.4530555562,49.9866666628,Sachteen 2A,Indian Reserve-Réserve indienne,59090454,5,contains,0.0,5909883,Sachteen,Indian reserve,5,contains,0.0,no,,,,,,,5,da,"2021 Census, dissemination area",high,da,59090454,0,,,FALSE,TRUE,indigenous,"no census subdivision carries this name, so this is the population of the surrounding dissemination area, NOT of the named place"
65092,Saddle Rock 9,Indian Reserve,-121.401248484,49.6331528958,Saddle Rock 9,Indian Reserve-Réserve indienne,59090803,472,contains,0.0,5909809,Saddle Rock 9,Indian reserve,0,nearest-name,199.1,yes,,,,,,,0,csd,"2021 Census, census subdivision",medium,csd,5909809,0,,,FALSE,TRUE,indigenous,"the point lies 199 m outside the same-named census subdivision, inside Fraser Valley B; the same-named one was taken; the geoname names its containing census subdivision, so this is the population of Saddle Rock 9 itself"
65596,Sahhaltkum 4,Indian Reserve,-119.7512251369,50.816510335,Sahhaltkum 4,Indian Reserve-Réserve indienne,59331519,316,contains,0.0,5933884,Sahhaltkum 4,Indian reserve,316,contains,0.0,yes,,,,,,,316,csd,"2021 Census, census subdivision",high,csd,5933884,0,,,FALSE,TRUE,indigenous,"the geoname names its containing census subdivision, so this is the population of Sahhaltkum 4 itself"
64583,Schelowat 1,Indian Reserve,-121.834584158,49.1831465261,Schelowat 1,Indian Reserve-Réserve indienne,59090595,5,contains,0.0,5909838,Schelowat 1,Indian reserve,5,contains,0.0,yes,,,,,,,5,csd,"2021 Census, census subdivision",high,csd,5909838,0,,,FALSE,TRUE,indigenous,"the geoname names its containing census subdivision, so this is the population of Schelowat 1 itself"
65055,Schkam 2,Indian Reserve,-121.4512441497,49.3998180917,Schkam 2,Indian Reserve-Réserve indienne,59090640,62,contains,0.0,5909812,Schkam 2,Indian reserve,62,contains,0.0,yes,,,,,,,62,csd,"2021 Census, census subdivision",high,csd,5909812,0,,,FALSE,TRUE,indigenous,"the geoname names its containing census subdivision, so this is the population of Schkam 2 itself"
64576,Scowlitz 1,Indian Reserve,-121.9345885738,49.2331456067,Scowlitz 1,Indian Reserve-Réserve indienne,59090618,5,contains,0.0,5909833,Scowlitz 1,Indian reserve,5,contains,0.0,yes,,,,,,,5,csd,"2021 Census, census subdivision",high,csd,5909833,0,,,FALSE,TRUE,indigenous,"the geoname names its containing census subdivision, so this is the population of Scowlitz 1 itself"
65771,Seabird Island,Indian Reserve,-121.7179159086,49.2664814019,Seabird Island,Indian Reserve-Réserve indienne,59090611,800,contains,0.0,5909832,Seabird Island,Indian reserve,800,contains,0.0,yes,,,,,,,800,csd,"2021 Census, census subdivision",high,csd,5909832,0,,,FALSE,TRUE,indigenous,"the geoname names its containing census subdivision, so this is the population of Seabird Island itself"
65587,Sho-ook 5,Indian Reserve,-121.484593535,49.9831535934,Sho-ook 5,Indian Reserve-Réserve indienne,59090779,0,contains,0.0,5909014,Fraser Valley A,Regional district electoral area,495,contains,0.0,no,,,,,,,0,da,"2021 Census, dissemination area",high,da,59090779,0,,,FALSE,TRUE,indigenous,"no census subdivision carries this name, so this is the population of the surrounding dissemination area, NOT of the named place"
64566,Skawahlook 1,Indian Reserve,-121.584580877,49.3664831981,Skawahlook 1,Indian Reserve-Réserve indienne,59090803,472,contains,0.0,5909814,Skawahlook 1,Indian reserve,10,nearest-name,340.7,yes,,,,,,,10,csd,"2021 Census, census subdivision",medium,csd,5909814,0,,,FALSE,TRUE,indigenous,"the point lies 341 m outside the same-named census subdivision, inside Fraser Valley B; the same-named one was taken; the geoname names its containing census subdivision, so this is the population of Skawahlook 1 itself"
64590,Skookumchuck 4,Indian Reserve,-122.4108333334,49.9441666624,Skookumchuck 4,Indian Reserve-Réserve indienne,59090453,30,contains,0.0,5909845,Skookumchuck 4,Indian reserve,30,contains,0.0,yes,,,,,,,30,csd,"2021 Census, census subdivision",high,csd,5909845,0,,,FALSE,TRUE,indigenous,"the geoname names its containing census subdivision, so this is the population of Skookumchuck 4 itself"
64578,Skwah 4,Indian Reserve,-121.9679216913,49.1831450803,Skwah 4,Indian Reserve-Réserve indienne,59090590,0,contains,0.0,5909824,Skwah 4,Indian reserve,245,nearest-name,236.2,yes,,,,,,,245,csd,"2021 Census, census subdivision",medium,csd,5909824,0,,,FALSE,TRUE,indigenous,"the point lies 236 m outside the same-named census subdivision, inside Skwali 3; the same-named one was taken; the geoname names its containing census subdivision, so this is the population of Skwah 4 itself"
64577,Skwali 3,Indian Reserve,-121.9679216913,49.1831450803,Skwali 3,Indian Reserve-Réserve indienne,59090590,0,contains,0.0,5909825,Skwali 3,Indian reserve,0,contains,0.0,yes,,,,,,,0,csd,"2021 Census, census subdivision",high,csd,5909825,0,,,FALSE,TRUE,indigenous,"the geoname names its containing census subdivision, so this is the population of Skwali 3 itself"
64580,Skway 5,Indian Reserve,-122.001255653,49.1664779972,Skway 5,Indian Reserve-Réserve indienne,59090528,89,contains,0.0,5909826,Skway 5,Indian reserve,89,contains,0.0,yes,,,,,,,89,csd,"2021 Census, census subdivision",high,csd,5909826,0,,,FALSE,TRUE,indigenous,"the geoname names its containing census subdivision, so this is the population of Skway 5 itself"
65015,Skweahm 10,Indian Reserve,-122.0808333338,49.1733333292,Skweahm 10,Indian Reserve-Réserve indienne,59090523,228,contains,0.0,5909881,Skweahm 10,Indian reserve,228,contains,0.0,yes,,,,,,,228,csd,"2021 Census, census subdivision",high,csd,5909881,0,,,FALSE,TRUE,indigenous,"the geoname names its containing census subdivision, so this is the population of Skweahm 10 itself"
64602,Soowahlie 14,Indian Reserve,-121.9512519793,49.0831449464,Soowahlie 14,Indian Reserve-Réserve indienne,59090731,255,contains,0.0,5909827,Soowahlie 14,Indian reserve,255,contains,0.0,yes,,,,,,,255,csd,"2021 Census, census subdivision",high,csd,5909827,0,,,FALSE,TRUE,indigenous,"the geoname names its containing census subdivision, so this is the population of Soowahlie 14 itself"
65557,Speous 8,Indian Reserve,-121.0012484863,50.133159581,Speous 8,Indian Reserve-Réserve indienne,59331662,340,contains,0.0,5933012,Thompson-Nicola N (Beautiful Nicola Valley - South),Regional district electoral area,717,contains,0.0,no,,,,,,,340,da,"2021 Census, dissemination area",high,da,59331662,1,,,FALSE,TRUE,indigenous,"no census subdivision carries this name, so this is the population of the surrounding dissemination area, NOT of the named place"
65581,Speyum 3,Indian Reserve,-121.4679250283,49.9331535314,Speyum 3,Indian Reserve-Réserve indienne,59090775,0,contains,0.0,5909815,Speyum 3,Indian reserve,0,contains,0.0,yes,,,,,,,0,csd,"2021 Census, census subdivision",high,csd,5909815,0,,,FALSE,TRUE,indigenous,"the geoname names its containing census subdivision, so this is the population of Speyum 3 itself"
65073,Spuzzum 1,Indian Reserve,-121.417916536,49.6664861911,Spuzzum 1,Indian Reserve-Réserve indienne,59090803,472,contains,0.0,5909816,Spuzzum 1,Indian reserve,55,nearest-name,50.2,yes,,,,,,,55,csd,"2021 Census, census subdivision",medium,csd,5909816,0,,,FALSE,TRUE,indigenous,"the point lies 50 m outside the same-named census subdivision, inside Fraser Valley B; the same-named one was taken; the geoname names its containing census subdivision, so this is the population of Spuzzum 1 itself"
65598,Squaam 2,Indian Reserve,-119.7845666208,51.0831785386,Squaam 2,Indian Reserve-Réserve indienne,59331728,755,contains,0.0,5933889,Squaam 2,Indian reserve,0,nearest-name,328.7,yes,,,,,,,0,csd,"2021 Census, census subdivision",medium,csd,5933889,0,,,FALSE,TRUE,indigenous,"the point lies 329 m outside the same-named census subdivision, inside Thompson-Nicola O (Lower North Thompson); the same-named one was taken; the geoname names its containing census subdivision, so this is the population of Squaam 2 itself"
64573,Squawkum Creek 3,Indian Reserve,-122.0012577642,49.2498116042,Squawkum Creek 3,Indian Reserve-Réserve indienne,59090450,1133,contains,0.0,5909882,Squawkum Creek 3,Indian reserve,130,nearest-name,355.6,yes,,,,,,,130,csd,"2021 Census, census subdivision",medium,csd,5909882,0,,,FALSE,TRUE,indigenous,"the point lies 356 m outside the same-named census subdivision, inside Fraser Valley C; the same-named one was taken; the geoname names its containing census subdivision, so this is the population of Squawkum Creek 3 itself"
64611,Squiaala 7,Indian Reserve,-121.9845880402,49.1498114588,Squiaala 7,Indian Reserve-Réserve indienne,59090705,125,contains,0.0,5909885,Squiaala,Indian reserve,158,contains,0.0,no,,,,,,,125,da,"2021 Census, dissemination area",high,da,59090705,0,,,FALSE,TRUE,indigenous,"no census subdivision carries this name, so this is the population of the surrounding dissemination area, NOT of the named place"
65597,Stequmwhulpa 5,Indian Reserve,-119.6012209894,50.8498454688,Stequmwhulpa 5,Indian Reserve-Réserve indienne,59331746,590,contains,0.0,5933892,Stequmwhulpa 5,Indian reserve,26,nearest-name,81.2,yes,,,,,,,26,csd,"2021 Census, census subdivision",medium,csd,5933892,0,,,FALSE,TRUE,indigenous,"the point lies 81 m outside the same-named census subdivision, inside Thompson-Nicola L (Grasslands); the same-named one was taken; the geoname names its containing census subdivision, so this is the population of Stequmwhulpa 5 itself"
64625,Stullawheets 8,Indian Reserve,-121.4179114416,49.4664853729,Stullawheets 8,Indian Reserve-Réserve indienne,59090803,472,contains,0.0,5909841,Stullawheets 8,Indian reserve,76,nearest-name,269.9,yes,,,,,,,76,csd,"2021 Census, census subdivision",medium,csd,5909841,0,,,FALSE,TRUE,indigenous,"the point lies 270 m outside the same-named census subdivision, inside Fraser Valley B; the same-named one was taken; the geoname names its containing census subdivision, so this is the population of Stullawheets 8 itself"
65013,Sumas Cemetery 12,Indian Reserve,-122.1012579527,49.13314347,Sumas Cemetery 12,Indian Reserve-Réserve indienne,59090807,0,contains,0.0,5909062,Fraser Valley G,Regional district electoral area,1692,contains,0.0,no,,,,,,,0,da,"2021 Census, dissemination area",high,da,59090807,0,,,FALSE,TRUE,indigenous,"no census subdivision carries this name, so this is the population of the surrounding dissemination area, NOT of the named place"
64954,Tipella 7,Indian Reserve,-122.2179450769,49.783144635,Tipella 7,Indian Reserve-Réserve indienne,59090450,1133,contains,0.0,5909848,Tipella 7,Indian reserve,0,nearest-name,985.6,yes,,,,,,,0,csd,"2021 Census, census subdivision",medium,csd,5909848,0,,,FALSE,TRUE,indigenous,"the point lies 986 m outside the same-named census subdivision, inside Fraser Valley C; the same-named one was taken; the geoname names its containing census subdivision, so this is the population of Tipella 7 itself"
65008,Tseatah 2,Indian Reserve,-121.7512490341,49.2164808719,Tseatah 2,Indian Reserve-Réserve indienne,59090604,15,contains,0.0,5909834,Tseatah 2,Indian reserve,15,contains,0.0,yes,,,,,,,15,csd,"2021 Census, census subdivision",high,csd,5909834,0,,,FALSE,TRUE,indigenous,"the geoname names its containing census subdivision, so this is the population of Tseatah 2 itself"
65632,Tuckkwiowhum 1,Indian Reserve,-121.434588029,49.8331534206,Tuckkwiowhum 1,Indian Reserve-Réserve indienne,59090780,31,contains,0.0,5909817,Tuckkwiowhum 1,Indian reserve,31,contains,0.0,yes,,,,,,,31,csd,"2021 Census, census subdivision",high,csd,5909817,0,,,FALSE,TRUE,indigenous,"the geoname names its containing census subdivision, so this is the population of Tuckkwiowhum 1 itself"
64609,Tzeachten 13,Indian Reserve,-121.9345856277,49.1164785631,Tzeachten 13,Indian Reserve-Réserve indienne,59090834,553,contains,0.0,5909830,Tzeachten 13,Indian reserve,3089,contains,0.0,yes,,,,,,,3089,csd,"2021 Census, census subdivision",high,csd,5909830,0,,,FALSE,TRUE,indigenous + population>1000,"the geoname names its containing census subdivision, so this is the population of Tzeachten 13 itself"
64610,Upper Sumas 6,Indian Reserve,-122.2012589818,49.0498087942,Upper Sumas 6,Indian Reserve-Réserve indienne,59090722,232,contains,0.0,5909877,Upper Sumas 6,Indian reserve,232,contains,0.0,yes,,,,,,,232,csd,"2021 Census, census subdivision",high,csd,5909877,0,,,FALSE,TRUE,indigenous,"the geoname names its containing census subdivision, so this is the population of Upper Sumas 6 itself"
23523,Valemount,Village,-119.2732832999,52.8285282773,Valemount,Village (1),59530261,547,contains,0.0,5953007,Valemount,Village,1052,contains,0.0,yes,Valemount,Village,1091,2021,1082,2025,1091,municipal,"BC Stats population estimate, July 1 2021",high,csd,5953007,0,,,FALSE,TRUE,municipality + population>1000,"this is the population of the municipality of Valemount itself, as estimated by BC Stats for 2021 (the 2021 census counted 1,052)"
65627,Whispering Pines 4,Indian Reserve,-120.2415239166,50.9915063632,Whispering Pines 4,Indian Reserve-Réserve indienne,59331495,57,contains,0.0,5933877,Whispering Pines 4,Indian reserve,57,contains,0.0,yes,,,,,,,57,csd,"2021 Census, census subdivision",high,csd,5933877,0,,,FALSE,TRUE,indigenous,"the geoname names its containing census subdivision, so this is the population of Whispering Pines 4 itself"
64633,Yakweakwioose 12,Indian Reserve,-121.9345860466,49.1331452818,Yakweakwioose 12,Indian Reserve-Réserve indienne,59090699,49,contains,0.0,5909831,Yakweakwioose 12,Indian reserve,49,contains,0.0,yes,,,,,,,49,csd,"2021 Census, census subdivision",high,csd,5909831,0,,,FALSE,TRUE,indigenous,"the geoname names its containing census subdivision, so this is the population of Yakweakwioose 12 itself"
64631,Yale Town 1,Indian Reserve,-121.43458118,49.5664855924,Yale Town 1,Indian Reserve-Réserve indienne,59090803,472,contains,0.0,5909818,Yale Town 1,Indian reserve,5,nearest-name,728.3,yes,,,,,,,5,csd,"2021 Census, census subdivision",medium,csd,5909818,0,,,FALSE,TRUE,indigenous,"the point lies 728 m outside the same-named census subdivision, inside Fraser Valley B; the same-named one was taken; the geoname names its containing census subdivision, so this is the population of Yale Town 1 itself"
65561,Zoht 4,Indian Reserve,-120.6679055993,50.1831634189,Zoht 4,Indian Reserve-Réserve indienne,59331546,20,contains,0.0,5933811,Zoht 4,Indian reserve,20,contains,0.0,yes,,,,,,,20,csd,"2021 Census, census subdivision",high,csd,5933811,0,,,FALSE,TRUE,indigenous,"the geoname names its containing census subdivision, so this is the population of Zoht 4 itself"
29163,Canal Flats,Village,-115.8088888885,50.1602777738,Canal Flats,Village (1),59010139,802,contains,0.0,5901043,Canal Flats,Village,802,contains,0.0,yes,Canal Flats,Village,830,2021,889,2025,830,municipal,"BC Stats population estimate, July 1 2021",high,csd,5901043,0,,,FALSE,TRUE,municipality,"this is the population of the municipality of Canal Flats itself, as estimated by BC Stats for 2021 (the 2021 census counted 802)"
65096,Cassimayooks 5,Indian Reserve,-115.5649414893,49.4915436535,Cassimayooks 5,Indian Reserve-Réserve indienne,59010203,5,contains,0.0,5901805,Cassimayooks (Mayook) 5,Indian reserve,5,contains,0.0,no,,,,,,,5,da,"2021 Census, dissemination area",high,da,59010203,0,,,FALSE,TRUE,indigenous,"no census subdivision carries this name, so this is the population of the surrounding dissemination area, NOT of the named place"
29230,Castlegar,City,-117.6669444444,49.3244444406,Castlegar,City,59030185,471,contains,0.0,5903045,Castlegar,City,8338,contains,0.0,yes,Castlegar,City,8661,2021,9465,2025,8661,municipal,"BC Stats population estimate, July 1 2021",high,csd,5903045,0,,,FALSE,TRUE,municipality + population>1000,"this is the population of the municipality of Castlegar itself, as estimated by BC Stats for 2021 (the 2021 census counted 8,338)"
65618,Columbia Lake 3,Indian Reserve,-115.9177518106,50.4165456658,Columbia Lake 3,Indian Reserve-Réserve indienne,59010136,149,contains,0.0,5901804,Columbia Lake 3,Indian reserve,149,contains,0.0,yes,,,,,,,149,csd,"2021 Census, census subdivision",high,csd,5901804,0,,,FALSE,TRUE,indigenous,"the geoname names its containing census subdivision, so this is the population of Columbia Lake 3 itself"
4786,Cranbrook,City,-115.7469444448,49.5080555511,Cranbrook,City,59010179,433,contains,0.0,5901022,Cranbrook,City,20499,contains,0.0,yes,Cranbrook,City,21417,2021,22703,2025,21417,municipal,"BC Stats population estimate, July 1 2021",high,csd,5901022,0,,,FALSE,TRUE,municipality + population>1000,"this is the population of the municipality of Cranbrook itself, as estimated by BC Stats for 2021 (the 2021 census counted 20,499)"
4864,Creston,Town,-116.5130555559,49.0974999962,Creston,Town,59030216,535,contains,0.0,5903004,Creston,Town,5583,contains,0.0,yes,Creston,Town,5733,2021,5976,2025,5733,municipal,"BC Stats population estimate, July 1 2021",high,csd,5903004,0,,,FALSE,TRUE,municipality + population>1000,"this is the population of the municipality of Creston itself, as estimated by BC Stats for 2021 (the 2021 census counted 5,583)"
65573,Creston 1,Indian Reserve,-116.5344090388,49.0498661582,Creston 1,Indian Reserve-Réserve indienne,59030206,93,contains,0.0,5903807,Creston 1,Indian reserve,93,contains,0.0,yes,,,,,,,93,csd,"2021 Census, census subdivision",high,csd,5903807,0,,,FALSE,TRUE,indigenous,"the geoname names its containing census subdivision, so this is the population of Creston 1 itself"
9449,Elkford,District Municipality,-114.9216666668,50.0244444407,Elkford,District Municipality (1),59010239,475,contains,0.0,5901003,Elkford,District municipality,2749,contains,0.0,yes,Elkford,District municipality,2873,2021,3030,2025,2873,municipal,"BC Stats population estimate, July 1 2021",high,csd,5901003,0,,,FALSE,TRUE,municipality + population>1000,"this is the population of the municipality of Elkford itself, as estimated by BC Stats for 2021 (the 2021 census counted 2,749)"
11937,Fernie,City,-115.0627777773,49.5041666623,Fernie,City,59010219,499,contains,0.0,5901012,Fernie,City,6320,contains,0.0,yes,Fernie,City,6623,2021,7086,2025,6623,municipal,"BC Stats population estimate, July 1 2021",high,csd,5901012,0,,,FALSE,TRUE,municipality + population>1000,"this is the population of the municipality of Fernie itself, as estimated by BC Stats for 2021 (the 2021 census counted 6,320)"
4479,Fruitvale,Village,-117.5427777778,49.1149999955,Fruitvale,Village (1),59050108,484,contains,0.0,5905005,Fruitvale,Village,1958,contains,0.0,yes,Fruitvale,Village,2033,2021,2068,2025,2033,municipal,"BC Stats population estimate, July 1 2021",high,csd,5905005,0,,,FALSE,TRUE,municipality + population>1000,"this is the population of the municipality of Fruitvale itself, as estimated by BC Stats for 2021 (the 2021 census counted 1,958)"
28894,Golden,Town,-116.964722222,51.2977777742,Golden,Town,59390220,426,contains,0.0,5939007,Golden,Town,3986,contains,0.0,yes,Golden,Town,4187,2021,4433,2025,4187,municipal,"BC Stats population estimate, July 1 2021",high,csd,5939007,0,,,FALSE,TRUE,municipality + population>1000,"this is the population of the municipality of Golden itself, as estimated by BC Stats for 2021 (the 2021 census counted 3,986)"
1792,Invermere,District Municipality,-116.030555555,50.5058333298,Invermere,District Municipality (1),59010130,708,contains,0.0,5901039,Invermere,District municipality,3917,contains,0.0,yes,Invermere,District municipality,4073,2021,4305,2025,4073,municipal,"BC Stats population estimate, July 1 2021",high,csd,5901039,0,,,FALSE,TRUE,municipality + population>1000,"this is the population of the municipality of Invermere itself, as estimated by BC Stats for 2021 (the 2021 census counted 3,917)"
65089,Isidore's Ranch 4,Indian Reserve,-115.617722313,49.5498767899,Isidore's Ranch 4,Indian Reserve-Réserve indienne,59010143,679,contains,0.0,5901802,Isidore's Ranch 4,Indian reserve,0,nearest-name,459.9,yes,,,,,,,0,csd,"2021 Census, census subdivision",medium,csd,5901802,0,,,FALSE,TRUE,indigenous,"the point lies 460 m outside the same-named census subdivision, inside East Kootenay C; the same-named one was taken; the geoname names its containing census subdivision, so this is the population of Isidore's Ranch 4 itself"
3045,Kaslo,Village,-116.9049999994,49.9105555513,Kaslo,Village (1),59030239,577,contains,0.0,5903023,Kaslo,Village,1049,contains,0.0,yes,Kaslo,Village,1077,2021,1141,2025,1077,municipal,"BC Stats population estimate, July 1 2021",high,csd,5903023,0,,,FALSE,TRUE,municipality + population>1000,"this is the population of the municipality of Kaslo itself, as estimated by BC Stats for 2021 (the 2021 census counted 1,049)"
3865,Kimberley,City,-115.9816666659,49.6849999961,Kimberley,City,59010158,576,contains,0.0,5901028,Kimberley,City,8115,contains,0.0,yes,Kimberley,City,8422,2021,9037,2025,8422,municipal,"BC Stats population estimate, July 1 2021",high,csd,5901028,0,,,FALSE,TRUE,municipality + population>1000,"this is the population of the municipality of Kimberley itself, as estimated by BC Stats for 2021 (the 2021 census counted 8,115)"
65090,Kootenay 1,Indian Reserve,-115.7010599185,49.6165430255,Kootenay 1,Indian Reserve-Réserve indienne,59010146,145,contains,0.0,5901803,Kootenay 1,Indian reserve,145,contains,0.0,yes,,,,,,,145,csd,"2021 Census, census subdivision",high,csd,5901803,0,,,FALSE,TRUE,indigenous,"the geoname names its containing census subdivision, so this is the population of Kootenay 1 itself"
65574,Lower Kootenay 1A,Indian Reserve,-116.5344086786,49.0331994291,Lower Kootenay 1A,Indian Reserve-Réserve indienne,59030205,576,contains,0.0,5903017,Central Kootenay C,Regional district electoral area,1475,contains,0.0,no,,,,,,,576,da,"2021 Census, dissemination area",high,da,59030205,1,,,FALSE,TRUE,indigenous,"no census subdivision carries this name, so this is the population of the surrounding dissemination area, NOT of the named place"
65564,Lower Kootenay 5,Indian Reserve,-116.5844132324,49.1665328144,Lower Kootenay 5,Indian Reserve-Réserve indienne,59030204,493,contains,0.0,5903017,Central Kootenay C,Regional district electoral area,1475,contains,0.0,no,,,,,,,493,da,"2021 Census, dissemination area",high,da,59030204,4,,,FALSE,TRUE,indigenous,"no census subdivision carries this name, so this is the population of the surrounding dissemination area, NOT of the named place"
7111,Montrose,Village,-117.5941666663,49.0788888846,Montrose,Village (1),59050103,541,contains,0.0,5905009,Montrose,Village,1013,contains,0.0,yes,Montrose,Village,1055,2021,1072,2025,1055,municipal,"BC Stats population estimate, July 1 2021",high,csd,5905009,0,,,FALSE,TRUE,municipality + population>1000,"this is the population of the municipality of Montrose itself, as estimated by BC Stats for 2021 (the 2021 census counted 1,013)"
38677,Nakusp,Village,-117.7974999997,50.2391666624,Nakusp,Village (1),59030131,689,contains,0.0,5903050,Nakusp,Village,1589,contains,0.0,yes,Nakusp,Village,1640,2021,1740,2025,1640,municipal,"BC Stats population estimate, July 1 2021",high,csd,5903050,0,,,FALSE,TRUE,municipality + population>1000,"this is the population of the municipality of Nakusp itself, as estimated by BC Stats for 2021 (the 2021 census counted 1,589)"
13493,Nelson,City,-117.2958333335,49.4933333293,Nelson,City,59030149,489,contains,0.0,5903015,Nelson,City,11106,contains,0.0,yes,Nelson,City,11586,2021,12126,2025,11586,municipal,"BC Stats population estimate, July 1 2021",high,csd,5903015,0,,,FALSE,TRUE,municipality + population>1000,"this is the population of the municipality of Nelson itself, as estimated by BC Stats for 2021 (the 2021 census counted 11,106)"
13574,New Denver,Village,-117.3772222218,49.9913888846,New Denver,Village (1),59030135,487,contains,0.0,5903032,New Denver,Village,487,contains,0.0,yes,New Denver,Village,496,2021,527,2025,496,municipal,"BC Stats population estimate, July 1 2021",high,csd,5903032,0,,,FALSE,TRUE,municipality,"this is the population of the municipality of New Denver itself, as estimated by BC Stats for 2021 (the 2021 census counted 487)"
18651,Old Town,Locality,-115.9677341805,49.5498735791,Old Town,Locality,59010164,1129,contains,0.0,5901035,East Kootenay C,Regional district electoral area,6536,contains,0.0,no,,,,,,,1129,da,"2021 Census, dissemination area",high,da,59010164,0,,,FALSE,TRUE,population>1000,"no census subdivision carries this name, so this is the population of the surrounding dissemination area, NOT of the named place"
23207,Radium Hot Springs,Village,-116.0761111111,50.6199999957,Radium Hot Springs,Village (1),59010126,1339,contains,0.0,5901040,Radium Hot Springs,Village,1339,contains,0.0,yes,Radium Hot Springs,Village,1392,2021,1489,2025,1392,municipal,"BC Stats population estimate, July 1 2021",high,csd,5901040,0,,,FALSE,TRUE,municipality + population>1000,"this is the population of the municipality of Radium Hot Springs itself, as estimated by BC Stats for 2021 (the 2021 census counted 1,339)"
19010,Revelstoke,City,-118.1960497006,50.9981748375,Revelstoke,City,59390206,452,contains,0.0,5939019,Revelstoke,City,8275,contains,0.0,yes,Revelstoke,City,8696,2021,9464,2025,8696,municipal,"BC Stats population estimate, July 1 2021",high,csd,5939019,0,,,FALSE,TRUE,municipality + population>1000,"this is the population of the municipality of Revelstoke itself, as estimated by BC Stats for 2021 (the 2021 census counted 8,275)"
21861,Rossland,City,-117.8016419994,49.0803361469,Rossland,City,59050082,670,contains,0.0,5905023,Rossland,City,4140,contains,0.0,yes,Rossland,City,4328,2021,4355,2025,4328,municipal,"BC Stats population estimate, July 1 2021",high,csd,5905023,0,,,FALSE,TRUE,municipality + population>1000,"this is the population of the municipality of Rossland itself, as estimated by BC Stats for 2021 (the 2021 census counted 4,140)"
13633,Salmo,Village,-117.2786111108,49.1933333287,Salmo,Village (1),59030200,595,contains,0.0,5903011,Salmo,Village,1140,contains,0.0,yes,Salmo,Village,1171,2021,1310,2025,1171,municipal,"BC Stats population estimate, July 1 2021",high,csd,5903011,0,,,FALSE,TRUE,municipality + population>1000,"this is the population of the municipality of Salmo itself, as estimated by BC Stats for 2021 (the 2021 census counted 1,140)"
65773,Shuswap,Indian Reserve,-116.0344251804,50.5332120213,Shuswap,Indian Reserve-Réserve indienne,59010268,319,contains,0.0,5901806,Shuswap,Indian reserve,319,contains,0.0,yes,,,,,,,319,csd,"2021 Census, census subdivision",high,csd,5901806,1,,,FALSE,TRUE,indigenous,"the geoname names its containing census subdivision, so this is the population of Shuswap itself"
20485,Silverton,Village,-117.3572222227,49.9527777739,Silverton,Village (1),59030136,149,contains,0.0,5903027,Silverton,Village,149,contains,0.0,yes,Silverton,Village,185,2021,196,2025,185,municipal,"BC Stats population estimate, July 1 2021",high,csd,5903027,0,,,FALSE,TRUE,municipality,"this is the population of the municipality of Silverton itself, as estimated by BC Stats for 2021 (the 2021 census counted 149)"
22406,Slocan,Village,-117.4661111118,49.7677777738,Slocan,Village (1),59030138,379,contains,0.0,5903019,Slocan,Village,379,contains,0.0,yes,Slocan,Village,391,2021,488,2025,391,municipal,"BC Stats population estimate, July 1 2021",high,csd,5903019,0,,,FALSE,TRUE,municipality,"this is the population of the municipality of Slocan itself, as estimated by BC Stats for 2021 (the 2021 census counted 379)"
21659,Sparwood,District Municipality,-114.885833333,49.7333333292,Sparwood,District Municipality (1),59010231,269,contains,0.0,5901006,Sparwood,District municipality,4148,contains,0.0,yes,Sparwood,District municipality,4345,2021,4486,2025,4345,municipal,"BC Stats population estimate, July 1 2021",high,csd,5901006,0,,,FALSE,TRUE,municipality + population>1000,"this is the population of the municipality of Sparwood itself, as estimated by BC Stats for 2021 (the 2021 census counted 4,148)"
13191,St. Eugene Mission,Community,-115.7547504004,49.5871652971,St. Eugene Mission,Community,59010259,10,contains,0.0,5901808,St. Mary's,Indian reserve,10,contains,0.0,no,,,,,,,10,da,"2021 Census, dissemination area",high,da,59010259,1,,,FALSE,TRUE,indigenous,"no census subdivision carries this name, so this is the population of the surrounding dissemination area, NOT of the named place"
65093,Tobacco Plains 2,Indian Reserve,-115.1010276071,49.0498792203,Tobacco Plains 2,Indian Reserve-Réserve indienne,59010214,96,contains,0.0,5901801,Tobacco Plains 2,Indian reserve,96,contains,0.0,yes,,,,,,,96,csd,"2021 Census, census subdivision",high,csd,5901801,0,,,FALSE,TRUE,indigenous,"the geoname names its containing census subdivision, so this is the population of Tobacco Plains 2 itself"
21966,Trail,City,-117.7091666666,49.0944444401,Trail,City,59050092,564,contains,0.0,5905014,Trail,City,7920,contains,0.0,yes,Trail,City,8209,2021,8539,2025,8209,municipal,"BC Stats population estimate, July 1 2021",high,csd,5905014,0,,,FALSE,TRUE,municipality + population>1000,"this is the population of the municipality of Trail itself, as estimated by BC Stats for 2021 (the 2021 census counted 7,920)"
19132,Warfield,Village,-117.7491666665,49.0941666626,Warfield,Village (1),59050087,720,contains,0.0,5905018,Warfield,Village,1753,contains,0.0,yes,Warfield,Village,1830,2021,1729,2025,1830,municipal,"BC Stats population estimate, July 1 2021",high,csd,5905018,0,,,FALSE,TRUE,municipality + population>1000,"this is the population of the municipality of Warfield itself, as estimated by BC Stats for 2021 (the 2021 census counted 1,753)"
65550,Alexis 9,Indian Reserve,-119.9011899603,49.2165004048,Alexis 9,Indian Reserve-Réserve indienne,59070146,409,contains,0.0,5907808,Alexis 9,Indian reserve,10,nearest-name,442.8,yes,,,,,,,10,csd,"2021 Census, census subdivision",medium,csd,5907808,0,,,FALSE,TRUE,indigenous,"the point lies 443 m outside the same-named census subdivision, inside Okanagan-Similkameen G; the same-named one was taken; the geoname names its containing census subdivision, so this is the population of Alexis 9 itself"
9213,Armstrong,City,-119.1966666672,50.4483333291,Armstrong,City,59370312,424,contains,0.0,5937028,Armstrong,City,5323,contains,0.0,yes,Armstrong,City,5499,2021,5643,2025,5499,municipal,"BC Stats population estimate, July 1 2021",high,csd,5937028,0,,,FALSE,TRUE,municipality + population>1000,"this is the population of the municipality of Armstrong itself, as estimated by BC Stats for 2021 (the 2021 census counted 5,323)"
65549,Ashnola 10,Indian Reserve,-120.0011931851,49.2164993736,Ashnola 10,Indian Reserve-Réserve indienne,59070148,58,contains,0.0,5907809,Ashnola 10,Indian reserve,58,contains,0.0,yes,,,,,,,58,csd,"2021 Census, census subdivision",high,csd,5907809,0,,,FALSE,TRUE,indigenous,"the geoname names its containing census subdivision, so this is the population of Ashnola 10 itself"
38321,Beaverdell,Community,-119.0887872997,49.4344430672,Beaverdell,Community,59050062,1316,contains,0.0,5905054,Kootenay Boundary E / West Boundary,Regional district electoral area,3004,contains,0.0,no,,,,,,,1316,da,"2021 Census, dissemination area",high,da,59050062,1,,,FALSE,TRUE,population>1000,"no census subdivision carries this name, so this is the population of the surrounding dissemination area, NOT of the named place"
65553,Blind Creek 6,Indian Reserve,-119.7345171136,49.1831686637,Blind Creek 6,Indian Reserve-Réserve indienne,59070159,26,contains,0.0,5907806,Blind Creek 6,Indian reserve,26,contains,0.0,yes,,,,,,,26,csd,"2021 Census, census subdivision",high,csd,5907806,0,,,FALSE,TRUE,indigenous,"the geoname names its containing census subdivision, so this is the population of Blind Creek 6 itself"
65552,Blind Creek 6A,Indian Reserve,-119.7511843187,49.1831684932,Blind Creek 6A,Indian Reserve-Réserve indienne,59070157,692,contains,0.0,5907026,Okanagan-Similkameen B,Regional district electoral area,1151,contains,0.0,no,,,,,,,692,da,"2021 Census, dissemination area",high,da,59070157,0,,,FALSE,TRUE,indigenous,"no census subdivision carries this name, so this is the population of the surrounding dissemination area, NOT of the named place"
65801,Chopaka 7 & 8,Indian Reserve,-119.7192355104,49.0428905574,Chopaka 7 & 8,Indian Reserve-Réserve indienne,59070158,86,contains,0.0,5907805,Chopaka 7 & 8,Indian reserve,86,contains,0.0,yes,,,,,,,86,csd,"2021 Census, census subdivision",high,csd,5907805,0,,,FALSE,TRUE,indigenous,"the geoname names its containing census subdivision, so this is the population of Chopaka 7 & 8 itself"
65184,Chuchuwayha 2,Indian Reserve,-120.0678652274,49.3498325165,Chuchuwayha 2,Indian Reserve-Réserve indienne,59070309,807,contains,0.0,5907807,Chuchuwayha 2,Indian reserve,86,nearest-name,194.7,yes,,,,,,,86,csd,"2021 Census, census subdivision",medium,csd,5907807,0,,,FALSE,TRUE,indigenous,"the point lies 195 m outside the same-named census subdivision, inside Okanagan-Similkameen G; the same-named one was taken; the geoname names its containing census subdivision, so this is the population of Chuchuwayha 2 itself"
65195,Chuchuwayha 2C,Indian Reserve,-120.1345332361,49.3164983632,Chuchuwayha 2C,Indian Reserve-Réserve indienne,59070146,409,contains,0.0,5907053,Okanagan-Similkameen G,Regional district electoral area,2298,contains,0.0,no,,,,,,,409,da,"2021 Census, dissemination area",high,da,59070146,0,,,FALSE,TRUE,indigenous,"no census subdivision carries this name, so this is the population of the surrounding dissemination area, NOT of the named place"
65577,Chum Creek 2,Indian Reserve,-119.5845541992,50.8665124254,Chum Creek 2,Indian Reserve-Réserve indienne,59390134,53,contains,0.0,5939801,Chum Creek 2,Indian reserve,53,contains,0.0,yes,,,,,,,53,csd,"2021 Census, census subdivision",high,csd,5939801,0,,,FALSE,TRUE,indigenous,"the geoname names its containing census subdivision, so this is the population of Chum Creek 2 itself"
10820,Coldstream,District Municipality,-119.2300000005,50.2238888851,Coldstream,District Municipality (1),59370219,1712,contains,0.0,5937010,Coldstream,District municipality,11171,contains,0.0,yes,Coldstream,District municipality,11576,2021,11380,2025,11576,municipal,"BC Stats population estimate, July 1 2021",high,csd,5937010,0,,,FALSE,TRUE,municipality + population>1000,"this is the population of the municipality of Coldstream itself, as estimated by BC Stats for 2021 (the 2021 census counted 11,171)"
65649,Duck Lake 7,Indian Reserve,-119.4013888883,49.9991666622,Duck Lake 7,Indian Reserve-Réserve indienne,59350271,647,contains,0.0,5935801,Duck Lake 7,Indian reserve,1847,contains,0.0,yes,,,,,,,1847,csd,"2021 Census, census subdivision",high,csd,5935801,0,,,FALSE,TRUE,indigenous + population>1000,"the geoname names its containing census subdivision, so this is the population of Duck Lake 7 itself"
9990,Enderby,City,-119.1394444452,50.5505555514,Enderby,City,59370134,481,contains,0.0,5937033,Enderby,City,3028,contains,0.0,yes,Enderby,City,3129,2021,3292,2025,3129,municipal,"BC Stats population estimate, July 1 2021",high,csd,5937033,0,,,FALSE,TRUE,municipality + population>1000,"this is the population of the municipality of Enderby itself, as estimated by BC Stats for 2021 (the 2021 census counted 3,028)"
65085,Enderby 2,Indian Reserve,-119.1345309842,50.5498483156,Enderby 2,Indian Reserve-Réserve indienne,59370137,440,contains,0.0,5937802,Enderby 2,Indian reserve,440,contains,0.0,yes,,,,,,,440,csd,"2021 Census, census subdivision",high,csd,5937802,0,,,FALSE,TRUE,indigenous,"the geoname names its containing census subdivision, so this is the population of Enderby 2 itself"
2010,Glenemma,Locality,-119.3512027723,50.4665122246,Glenemma,Locality,59390181,91,contains,0.0,5939804,Okanagan (Part) 1,Indian reserve,91,contains,0.0,no,,,,,,,91,da,"2021 Census, dissemination area",high,da,59390181,0,,,FALSE,TRUE,indigenous,"no census subdivision carries this name, so this is the population of the surrounding dissemination area, NOT of the named place"
11640,Grand Forks,City,-118.4391666663,49.0311111068,Grand Forks,City,59050072,423,contains,0.0,5905032,Grand Forks,City,4112,contains,0.0,yes,Grand Forks,City,4233,2021,4308,2025,4233,municipal,"BC Stats population estimate, July 1 2021",high,csd,5905032,0,,,FALSE,TRUE,municipality + population>1000,"this is the population of the municipality of Grand Forks itself, as estimated by BC Stats for 2021 (the 2021 census counted 4,112)"
2712,Greenwood,City,-118.6763888892,49.0883333293,Greenwood,City,59050064,702,contains,0.0,5905042,Greenwood,City,702,contains,0.0,yes,Greenwood,City,718,2021,730,2025,718,municipal,"BC Stats population estimate, July 1 2021",high,csd,5905042,0,,,FALSE,TRUE,municipality,"this is the population of the municipality of Greenwood itself, as estimated by BC Stats for 2021 (the 2021 census counted 702)"
65651,Harris 3,Indian Reserve,-119.2345301141,50.3831795846,Harris 3,Indian Reserve-Réserve indienne,59370152,661,contains,0.0,5937805,Harris 3,Indian reserve,0,nearest-name,87.6,yes,,,,,,,0,csd,"2021 Census, census subdivision",medium,csd,5937805,0,,,FALSE,TRUE,indigenous,"the point lies 88 m outside the same-named census subdivision, inside Spallumcheen; the same-named one was taken; the geoname names its containing census subdivision, so this is the population of Harris 3 itself"
65610,Hustalen 1,Indian Reserve,-119.651225724,50.9665124313,Hustalen 1,Indian Reserve-Réserve indienne,59390127,828,contains,0.0,5939802,Hustalen 1,Indian reserve,44,nearest-name,344.8,yes,,,,,,,44,csd,"2021 Census, census subdivision",medium,csd,5939802,0,,,FALSE,TRUE,indigenous,"the point lies 345 m outside the same-named census subdivision, inside Columbia-Shuswap F; the same-named one was taken; the geoname names its containing census subdivision, so this is the population of Hustalen 1 itself"
66541,Iltcoola 7,Indian Reserve,-120.2661111113,49.4261111071,Iltcoola 7,Indian Reserve-Réserve indienne,59070320,444,contains,0.0,5907055,Okanagan-Similkameen H,Regional district electoral area,2232,contains,0.0,no,,,,,,,444,da,"2021 Census, dissemination area",high,da,59070320,2,,,FALSE,TRUE,indigenous,"no census subdivision carries this name, so this is the population of the surrounding dissemination area, NOT of the named place"
3157,Kelowna,City,-119.4955555559,49.8880555516,Kelowna,City,59350190,1600,contains,0.0,5935010,Kelowna,City,144576,contains,0.0,yes,Kelowna,City,151516,2021,167654,2025,151516,municipal,"BC Stats population estimate, July 1 2021",high,csd,5935010,0,,,FALSE,TRUE,municipality + population>1000,"this is the population of the municipality of Kelowna itself, as estimated by BC Stats for 2021 (the 2021 census counted 144,576)"
3779,Keremeos,Village,-119.8297222219,49.2047222181,Keremeos,Village (1),59070153,735,contains,0.0,5907009,Keremeos,Village,1608,contains,0.0,yes,Keremeos,Village,1648,2021,1779,2025,1648,municipal,"BC Stats population estimate, July 1 2021",high,csd,5907009,0,,,FALSE,TRUE,municipality + population>1000,"this is the population of the municipality of Keremeos itself, as estimated by BC Stats for 2021 (the 2021 census counted 1,608)"
41197,Lake Country,District Municipality,-119.4024999999,50.0302777734,Lake Country,District Municipality (1),59350262,1142,contains,0.0,5935016,Lake Country,District municipality,15817,contains,0.0,yes,Lake Country,District municipality,16513,2021,17637,2025,16513,municipal,"BC Stats population estimate, July 1 2021",high,csd,5935016,0,,,FALSE,TRUE,municipality + population>1000,"this is the population of the municipality of Lake Country itself, as estimated by BC Stats for 2021 (the 2021 census counted 15,817)"
65559,Lower Similkameen 2,Indian Reserve,-119.7511827312,49.1165015915,Lower Similkameen 2,Indian Reserve-Réserve indienne,59070156,76,contains,0.0,5907801,Lower Similkameen 2,Indian reserve,76,contains,0.0,yes,,,,,,,76,csd,"2021 Census, census subdivision",high,csd,5907801,0,,,FALSE,TRUE,indigenous,"the geoname names its containing census subdivision, so this is the population of Lower Similkameen 2 itself"
65196,Lulu 5,Indian Reserve,-120.2345384948,49.3998309797,Lulu 5,Indian Reserve-Réserve indienne,59070302,674,contains,0.0,5907850,Lulu 5,Indian reserve,15,nearest-name,278.0,yes,,,,,,,15,csd,"2021 Census, census subdivision",medium,csd,5907850,0,,,FALSE,TRUE,indigenous,"the point lies 278 m outside the same-named census subdivision, inside Okanagan-Similkameen H; the same-named one was taken; the geoname names its containing census subdivision, so this is the population of Lulu 5 itself"
11520,Lumby,Village,-118.9619444446,50.2508333289,Lumby,Village (1),59370242,504,contains,0.0,5937005,Lumby,Village,2063,contains,0.0,yes,Lumby,Village,2145,2021,2257,2025,2145,municipal,"BC Stats population estimate, July 1 2021",high,csd,5937005,0,,,FALSE,TRUE,municipality + population>1000,"this is the population of the municipality of Lumby itself, as estimated by BC Stats for 2021 (the 2021 census counted 2,063)"
5638,Marron Valley,Locality,-119.6678526793,49.3665033744,Marron Valley,Locality,59070311,1031,contains,0.0,5907048,Okanagan-Similkameen I,Regional district electoral area,2307,contains,0.0,no,,,,,,,1031,da,"2021 Census, dissemination area",high,da,59070311,0,,,FALSE,TRUE,population>1000,"no census subdivision carries this name, so this is the population of the surrounding dissemination area, NOT of the named place"
60422,Medicine Creek 12,Indian Reserve,-119.3202777771,49.8472222185,Medicine Creek 12,Indian Reserve-Réserve indienne,59350280,683,contains,0.0,5935012,Central Okanagan,Regional district electoral area,4258,contains,0.0,no,,,,,,,683,da,"2021 Census, dissemination area",high,da,59350280,3,,,FALSE,TRUE,indigenous,"no census subdivision carries this name, so this is the population of the surrounding dissemination area, NOT of the named place"
32234,Midway,Village,-118.7783333331,49.0083333295,Midway,Village (1),59050112,651,contains,0.0,5905037,Midway,Village,651,contains,0.0,yes,Midway,Village,669,2021,671,2025,669,municipal,"BC Stats population estimate, July 1 2021",high,csd,5905037,0,,,FALSE,TRUE,municipality,"this is the population of the municipality of Midway itself, as estimated by BC Stats for 2021 (the 2021 census counted 651)"
9014,Nahun,Locality,-119.5011981068,50.083175118,Nahun,Locality,59350255,1329,contains,0.0,5935020,Central Okanagan West,Regional district electoral area,2897,contains,0.0,no,,,,,,,1329,da,"2021 Census, dissemination area",high,da,59350255,0,,,FALSE,TRUE,population>1000,"no census subdivision carries this name, so this is the population of the surrounding dissemination area, NOT of the named place"
65572,North Bay 5,Indian Reserve,-119.3178764259,50.7831812959,North Bay 5,Indian Reserve-Réserve indienne,59390144,45,contains,0.0,5939803,North Bay 5,Indian reserve,45,contains,0.0,yes,,,,,,,45,csd,"2021 Census, census subdivision",high,csd,5939803,0,,,FALSE,TRUE,indigenous,"the geoname names its containing census subdivision, so this is the population of North Bay 5 itself"
65670,Okanagan 1,Indian Reserve,-119.3178653812,50.349845193,Okanagan 1,Indian Reserve-Réserve indienne,59370329,1153,contains,0.0,5937801,Okanagan (Part) 1,Indian reserve,3244,contains,0.0,no,,,,,,,1153,da,"2021 Census, dissemination area",high,da,59370329,0,,,FALSE,TRUE,indigenous + population>1000,"no census subdivision carries this name, so this is the population of the surrounding dissemination area, NOT of the named place"
18667,Oliver,Town,-119.5508333328,49.1824999959,Oliver,Town,59070165,695,contains,0.0,5907014,Oliver,Town,5094,contains,0.0,yes,Oliver,Town,5231,2021,5262,2025,5231,municipal,"BC Stats population estimate, July 1 2021",high,csd,5907014,0,,,FALSE,TRUE,municipality + population>1000,"this is the population of the municipality of Oliver itself, as estimated by BC Stats for 2021 (the 2021 census counted 5,094)"
18788,Osoyoos,Town,-119.4683333327,49.032499996,Osoyoos,Town,59070288,691,contains,0.0,5907005,Osoyoos,Town,5556,contains,0.0,yes,Osoyoos,Town,5690,2021,5724,2025,5690,municipal,"BC Stats population estimate, July 1 2021",high,csd,5907005,0,,,FALSE,TRUE,municipality + population>1000,"this is the population of the municipality of Osoyoos itself, as estimated by BC Stats for 2021 (the 2021 census counted 5,556)"
65660,Osoyoos 1,Indian Reserve,-119.4999999998,49.1499999956,Osoyoos 1,Indian Reserve-Réserve indienne,59070303,1247,contains,0.0,5907802,Osoyoos 1,Indian reserve,1426,contains,0.0,yes,,,,,,,1426,csd,"2021 Census, census subdivision",high,csd,5907802,0,,,FALSE,TRUE,indigenous + population>1000,"the geoname names its containing census subdivision, so this is the population of Osoyoos 1 itself"
38679,Peachland,District Municipality,-119.7363888889,49.7738888844,Peachland,District Municipality (1),59350326,907,contains,0.0,5935018,Peachland,District municipality,5789,contains,0.0,yes,Peachland,District municipality,5953,2021,6302,2025,5953,municipal,"BC Stats population estimate, July 1 2021",high,csd,5935018,0,,,FALSE,TRUE,municipality + population>1000,"this is the population of the municipality of Peachland itself, as estimated by BC Stats for 2021 (the 2021 census counted 5,789)"
38678,Penticton,City,-119.5938888893,49.5008333289,Penticton,City,59070214,1129,contains,0.0,5907041,Penticton,City,36885,contains,0.0,yes,Penticton,City,38115,2021,39068,2025,38115,municipal,"BC Stats population estimate, July 1 2021",high,csd,5907041,0,,,FALSE,TRUE,municipality + population>1000,"this is the population of the municipality of Penticton itself, as estimated by BC Stats for 2021 (the 2021 census counted 36,885)"
65658,Penticton 1,Indian Reserve,-119.6678558992,49.4998372541,Penticton 1,Indian Reserve-Réserve indienne,59070308,1000,contains,0.0,5907803,Penticton 1,Indian reserve,2080,contains,0.0,yes,,,,,,,2080,csd,"2021 Census, census subdivision",high,csd,5907803,0,,,FALSE,TRUE,indigenous + population>1000,"the geoname names its containing census subdivision, so this is the population of Penticton 1 itself"
65655,Penticton 3A,Indian Reserve,-119.784527983,49.5665030049,Penticton 3A,Indian Reserve-Réserve indienne,59070205,458,contains,0.0,5907051,Okanagan-Similkameen F,Regional district electoral area,2092,contains,0.0,no,,,,,,,458,da,"2021 Census, dissemination area",high,da,59070205,1,,,FALSE,TRUE,indigenous,"no census subdivision carries this name, so this is the population of the surrounding dissemination area, NOT of the named place"
65652,Priest's Valley 6,Indian Reserve,-119.3345300899,50.2498444344,Priest's Valley 6,Indian Reserve-Réserve indienne,59370261,472,contains,0.0,5937803,Priest's Valley 6,Indian reserve,367,nearest-name,159.3,yes,,,,,,,367,csd,"2021 Census, census subdivision",medium,csd,5937803,0,,,FALSE,TRUE,indigenous,"the point lies 159 m outside the same-named census subdivision, inside Vernon; the same-named one was taken; the geoname names its containing census subdivision, so this is the population of Priest's Valley 6 itself"
30980,Princeton,Town,-120.5089678006,49.4590345969,Princeton,Town,59070139,373,contains,0.0,5907024,Princeton,Town,2894,contains,0.0,yes,Princeton,Town,3000,2021,3050,2025,3000,municipal,"BC Stats population estimate, July 1 2021",high,csd,5907024,0,,,FALSE,TRUE,municipality + population>1000,"this is the population of the municipality of Princeton itself, as estimated by BC Stats for 2021 (the 2021 census counted 2,894)"
65576,Quaaout 1,Indian Reserve,-119.5845546347,50.8831792085,Quaaout 1,Indian Reserve-Réserve indienne,59390135,284,contains,0.0,5939805,Quaaout 1,Indian reserve,284,contains,0.0,yes,,,,,,,284,csd,"2021 Census, census subdivision",high,csd,5939805,0,,,FALSE,TRUE,indigenous,"the geoname names its containing census subdivision, so this is the population of Quaaout 1 itself"
65551,Range 13,Indian Reserve,-119.8345191494,49.133167461,Range 13,Indian Reserve-Réserve indienne,59070152,594,contains,0.0,5907053,Okanagan-Similkameen G,Regional district electoral area,2298,contains,0.0,no,,,,,,,594,da,"2021 Census, dissemination area",high,da,59070152,0,,,FALSE,TRUE,indigenous,"no census subdivision carries this name, so this is the population of the surrounding dissemination area, NOT of the named place"
34991,Salmon Arm,City,-119.2780692004,50.7013964768,Salmon Arm,City,59390153,710,contains,0.0,5939032,Salmon Arm,City,19432,contains,0.0,yes,Salmon Arm,City,20081,2021,20891,2025,20081,municipal,"BC Stats population estimate, July 1 2021",high,csd,5939032,1,,,FALSE,TRUE,municipality + population>1000,"this is the population of the municipality of Salmon Arm itself, as estimated by BC Stats for 2021 (the 2021 census counted 19,432)"
65579,Scotch Creek 4,Indian Reserve,-119.4845521497,50.9165138201,Scotch Creek 4,Indian Reserve-Réserve indienne,59390129,30,contains,0.0,5939807,Scotch Creek 4,Indian reserve,30,contains,0.0,yes,,,,,,,30,csd,"2021 Census, census subdivision",high,csd,5939807,0,,,FALSE,TRUE,indigenous,"the geoname names its containing census subdivision, so this is the population of Scotch Creek 4 itself"
19504,Sicamous,District Municipality,-118.9800000003,50.8361111076,Sicamous,District Municipality (1),59390193,508,contains,0.0,5939045,Sicamous,District municipality,2613,contains,0.0,yes,Sicamous,District municipality,2695,2021,2854,2025,2695,municipal,"BC Stats population estimate, July 1 2021",high,csd,5939045,0,,,FALSE,TRUE,municipality + population>1000,"this is the population of the municipality of Sicamous itself, as estimated by BC Stats for 2021 (the 2021 census counted 2,613)"
20754,Spallumcheen,District Municipality,-119.2175000007,50.4024999957,Spallumcheen,District Municipality (1),59370309,536,contains,0.0,5937024,Spallumcheen,District municipality,5307,contains,0.0,yes,Spallumcheen,District municipality,5490,2021,5843,2025,5490,municipal,"BC Stats population estimate, July 1 2021",high,csd,5937024,0,,,FALSE,TRUE,municipality + population>1000,"this is the population of the municipality of Spallumcheen itself, as estimated by BC Stats for 2021 (the 2021 census counted 5,307)"
13335,Summerland,District Municipality,-119.6819444441,49.6022222178,Summerland,District Municipality (1),59070190,586,contains,0.0,5907035,Summerland,District municipality,12042,contains,0.0,yes,Summerland,District municipality,12426,2021,12343,2025,12426,municipal,"BC Stats population estimate, July 1 2021",high,csd,5907035,0,,,FALSE,TRUE,municipality + population>1000,"this is the population of the municipality of Summerland itself, as estimated by BC Stats for 2021 (the 2021 census counted 12,042)"
60460,Swan Lake 4,Indian Reserve,-119.2588888883,50.3377777742,Swan Lake 4,Indian Reserve-Réserve indienne,59370326,1206,contains,0.0,5937017,North Okanagan B,Regional district electoral area,3274,contains,0.0,no,,,,,,,1206,da,"2021 Census, dissemination area",high,da,59370326,0,,,FALSE,TRUE,indigenous + population>1000,"no census subdivision carries this name, so this is the population of the surrounding dissemination area, NOT of the named place"
65743,Switsemalph 3,Indian Reserve,-119.329166666,50.7111111076,Switsemalph 3,Indian Reserve-Réserve indienne,59390171,64,contains,0.0,5939808,Switsemalph 3,Indian reserve,64,contains,0.0,yes,,,,,,,64,csd,"2021 Census, census subdivision",high,csd,5939808,0,,,FALSE,TRUE,indigenous,"the geoname names its containing census subdivision, so this is the population of Switsemalph 3 itself"
65603,Switsemalph 6,Indian Reserve,-119.3222222218,50.730555552,Switsemalph 6,Indian Reserve-Réserve indienne,59390172,161,contains,0.0,5939811,Switsemalph,Indian reserve,209,contains,0.0,no,,,,,,,161,da,"2021 Census, dissemination area",high,da,59390172,0,,,FALSE,TRUE,indigenous,"no census subdivision carries this name, so this is the population of the surrounding dissemination area, NOT of the named place"
65604,Switsemalph 7,Indian Reserve,-119.3069444452,50.6972222181,Switsemalph 7,Indian Reserve-Réserve indienne,59390168,48,contains,0.0,5939811,Switsemalph,Indian reserve,209,contains,0.0,no,,,,,,,48,da,"2021 Census, dissemination area",high,da,59390168,0,,,FALSE,TRUE,indigenous,"no census subdivision carries this name, so this is the population of the surrounding dissemination area, NOT of the named place"
65175,Tsinstikeptum 10,Indian Reserve,-119.5372222228,49.8838888851,Tsinstikeptum 10,Indian Reserve-Réserve indienne,59350378,1151,contains,0.0,5935803,Tsinstikeptum 10,Indian reserve,1766,contains,0.0,yes,,,,,,,1766,csd,"2021 Census, census subdivision",high,csd,5935803,0,,,FALSE,TRUE,indigenous + population>1000,"the geoname names its containing census subdivision, so this is the population of Tsinstikeptum 10 itself"
65191,Tsinstikeptum 9,Indian Reserve,-119.6011956119,49.8498395451,Tsinstikeptum 9,Indian Reserve-Réserve indienne,59350452,1142,contains,0.0,5935802,Tsinstikeptum 9,Indian reserve,9134,nearest-name,26.4,yes,,,,,,,9134,csd,"2021 Census, census subdivision",medium,csd,5935802,0,,,FALSE,TRUE,indigenous + population>1000,"the point lies 26 m outside the same-named census subdivision, inside West Kelowna; the same-named one was taken; the geoname names its containing census subdivision, so this is the population of Tsinstikeptum 9 itself"
22451,Vernon,City,-119.2716666665,50.2658333291,Vernon,City,59370280,407,contains,0.0,5937014,Vernon,City,44519,contains,0.0,yes,Vernon,City,46199,2021,49527,2025,46199,municipal,"BC Stats population estimate, July 1 2021",high,csd,5937014,0,,,FALSE,TRUE,municipality + population>1000,"this is the population of the municipality of Vernon itself, as estimated by BC Stats for 2021 (the 2021 census counted 44,519)"
60300,"West Kelowna, City of",City,-119.5636153,49.8628611371,City of West Kelowna,City,59350417,859,contains,0.0,5935029,West Kelowna,City,36078,contains,0.0,yes,West Kelowna,City,37568,2021,40274,2025,37568,municipal,"BC Stats population estimate, July 1 2021",high,csd,5935029,0,,,FALSE,TRUE,municipality + population>1000,"this is the population of the municipality of West Kelowna itself, as estimated by BC Stats for 2021 (the 2021 census counted 36,078)"
65778,105 Mile Post 2,Indian Reserve,-121.3179414276,50.7331596601,105 Mile Post 2,Indian Reserve-Réserve indienne,59331465,5,contains,0.0,5933845,105 Mile Post 2,Indian reserve,5,contains,0.0,yes,,,,,,,5,csd,"2021 Census, census subdivision",high,csd,5933845,0,,,FALSE,TRUE,indigenous,"the geoname names its containing census subdivision, so this is the population of 105 Mile Post 2 itself"
27623,Ashcroft,Village,-121.2836111116,50.7213888854,Ashcroft,Village (1),59331468,378,contains,0.0,5933019,Ashcroft,Village,1670,contains,0.0,yes,Ashcroft,Village,1705,2021,1744,2025,1705,municipal,"BC Stats population estimate, July 1 2021",high,csd,5933019,0,,,FALSE,TRUE,municipality + population>1000,"this is the population of the municipality of Ashcroft itself, as estimated by BC Stats for 2021 (the 2021 census counted 1,670)"
65591,Ashcroft 4,Indian Reserve,-121.3179409759,50.7164928866,Ashcroft 4,Indian Reserve-Réserve indienne,59331468,378,contains,0.0,5933844,Ashcroft 4,Indian reserve,42,nearest-name,103.0,yes,,,,,,,42,csd,"2021 Census, census subdivision",medium,csd,5933844,0,,,FALSE,TRUE,indigenous,"the point lies 103 m outside the same-named census subdivision, inside Ashcroft; the same-named one was taken; the geoname names its containing census subdivision, so this is the population of Ashcroft 4 itself"
65595,Bonaparte 3,Indian Reserve,-121.3679462468,50.8498265406,Bonaparte 3,Indian Reserve-Réserve indienne,59331474,159,contains,0.0,5933812,Bonaparte 3,Indian reserve,159,contains,0.0,yes,,,,,,,159,csd,"2021 Census, census subdivision",high,csd,5933812,0,,,FALSE,TRUE,indigenous,"the geoname names its containing census subdivision, so this is the population of Bonaparte 3 itself"
65001,Bridge River 1,Indian Reserve,-122.001297519,50.749818896,Bridge River 1,Indian Reserve-Réserve indienne,59310251,373,contains,0.0,5931813,Bridge River 1,Indian reserve,242,nearest-name,1487.7,yes,,,,,,,242,csd,"2021 Census, census subdivision",medium,csd,5931813,0,,,FALSE,TRUE,indigenous,"the point lies 1488 m outside the same-named census subdivision, inside Squamish-Lillooet B; the same-named one was taken; the geoname names its containing census subdivision, so this is the population of Bridge River 1 itself"
37726,Britannia Beach,Community,-123.2036111105,49.6263888844,Britannia Beach,Community,59310221,1057,contains,0.0,5931021,Squamish-Lillooet D,Regional district electoral area,1057,contains,0.0,no,,,,,,,1057,da,"2021 Census, dissemination area",high,da,59310221,11,,,FALSE,TRUE,population>1000,"no census subdivision carries this name, so this is the population of the surrounding dissemination area, NOT of the named place"
27638,Cache Creek,Village,-121.3233333334,50.8119444405,Cache Creek,Village (1),59331478,548,contains,0.0,5933024,Cache Creek,Village,969,contains,0.0,yes,Cache Creek,Village,999,2021,1053,2025,999,municipal,"BC Stats population estimate, July 1 2021",high,csd,5933024,0,,,FALSE,TRUE,municipality,"this is the population of the municipality of Cache Creek itself, as estimated by BC Stats for 2021 (the 2021 census counted 969)"
64513,Canoe Creek 1,Indian Reserve,-122.1346554729,51.4664891171,Canoe Creek 1,Indian Reserve-Réserve indienne,59331451,260,contains,0.0,5933814,Canoe Creek 1,Indian reserve,56,nearest-name,811.1,yes,,,,,,,56,csd,"2021 Census, census subdivision",medium,csd,5933814,0,,,FALSE,TRUE,indigenous,"the point lies 811 m outside the same-named census subdivision, inside Thompson-Nicola E (Bonaparte Plateau); the same-named one was taken; the geoname names its containing census subdivision, so this is the population of Canoe Creek 1 itself"
64511,Canoe Creek 2,Indian Reserve,-122.0513184311,51.4331564653,Canoe Creek 2,Indian Reserve-Réserve indienne,59331456,104,contains,0.0,5933821,Canoe Creek 2,Indian reserve,104,contains,0.0,yes,,,,,,,104,csd,"2021 Census, census subdivision",high,csd,5933821,0,,,FALSE,TRUE,indigenous,"the geoname names its containing census subdivision, so this is the population of Canoe Creek 2 itself"
65004,Cayoosh Creek 1,Indian Reserve,-121.9346263901,50.6664857812,Cayoosh Creek 1,Indian Reserve-Réserve indienne,59310134,406,contains,0.0,5931814,Cayoosh Creek 1,Indian reserve,66,nearest-name,85.1,yes,,,,,,,66,csd,"2021 Census, census subdivision",medium,csd,5931814,0,,,FALSE,TRUE,indigenous,"the point lies 85 m outside the same-named census subdivision, inside Lillooet; the same-named one was taken; the geoname names its containing census subdivision, so this is the population of Cayoosh Creek 1 itself"
64593,Cheakamus 11,Indian Reserve,-123.1846427209,49.7998005797,Cheakamus 11,Indian Reserve-Réserve indienne,59310186,95,contains,0.0,5931801,Cheakamus 11,Indian reserve,95,contains,0.0,yes,,,,,,,95,csd,"2021 Census, census subdivision",high,csd,5931801,0,,,FALSE,TRUE,indigenous,"the geoname names its containing census subdivision, so this is the population of Cheakamus 11 itself"
64965,Chilhil 6,Indian Reserve,-121.8012878117,50.6331537185,Chilhil 6,Indian Reserve-Réserve indienne,59310126,63,contains,0.0,5931815,Chilhil 6,Indian reserve,63,contains,0.0,yes,,,,,,,63,csd,"2021 Census, census subdivision",high,csd,5931815,0,,,FALSE,TRUE,indigenous,"the geoname names its containing census subdivision, so this is the population of Chilhil 6 itself"
29466,Clinton,Village,-121.5866666671,51.0916666632,Clinton,Village (1),59331454,568,contains,0.0,5933028,Clinton,Village,568,contains,0.0,yes,Clinton,Village,659,2021,707,2025,659,municipal,"BC Stats population estimate, July 1 2021",high,csd,5933028,0,,,FALSE,TRUE,municipality,"this is the population of the municipality of Clinton itself, as estimated by BC Stats for 2021 (the 2021 census counted 568)"
65532,Entlqwekkinh 19,Indian Reserve,-121.3137674426,50.4664913966,Entlqwekkinh 19,Indian Reserve-Réserve indienne,59331734,0,contains,0.0,5933899,Entlqwekkinh 19,Indian reserve,5,contains,0.0,yes,,,,,,,5,csd,"2021 Census, census subdivision",high,csd,5933899,0,,,FALSE,TRUE,indigenous,"the geoname names its containing census subdivision, so this is the population of Entlqwekkinh 19 itself"
64952,Fountain 1,Indian Reserve,-121.862403729,50.7359314619,Fountain 1,Indian Reserve-Réserve indienne,59310132,93,contains,0.0,5931816,Fountain 1,Indian reserve,93,contains,0.0,yes,,,,,,,93,csd,"2021 Census, census subdivision",high,csd,5931816,0,,,FALSE,TRUE,indigenous,"the geoname names its containing census subdivision, so this is the population of Fountain 1 itself"
64969,Fountain 10,Indian Reserve,-121.9179619353,50.7664865955,Fountain 10,Indian Reserve-Réserve indienne,59310121,242,contains,0.0,5931818,Fountain 10,Indian reserve,5,nearest-name,191.5,yes,,,,,,,5,csd,"2021 Census, census subdivision",medium,csd,5931818,0,,,FALSE,TRUE,indigenous,"the point lies 191 m outside the same-named census subdivision, inside Bridge River 1; the same-named one was taken; the geoname names its containing census subdivision, so this is the population of Fountain 10 itself"
64968,Fountain 11,Indian Reserve,-121.9110160006,50.7206530482,Fountain 11,Indian Reserve-Réserve indienne,59310133,0,contains,0.0,5931819,Fountain 11,Indian reserve,0,contains,0.0,yes,,,,,,,0,csd,"2021 Census, census subdivision",high,csd,5931819,0,,,FALSE,TRUE,indigenous,"the geoname names its containing census subdivision, so this is the population of Fountain 11 itself"
64967,Fountain 12,Indian Reserve,-121.8179563886,50.6831538441,Fountain 12,Indian Reserve-Réserve indienne,59310251,373,contains,0.0,5931820,Fountain 12,Indian reserve,10,nearest-name,433.5,yes,,,,,,,10,csd,"2021 Census, census subdivision",medium,csd,5931820,0,,,FALSE,TRUE,indigenous,"the point lies 434 m outside the same-named census subdivision, inside Squamish-Lillooet B; the same-named one was taken; the geoname names its containing census subdivision, so this is the population of Fountain 12 itself"
64958,Fountain 1B,Indian Reserve,-121.8762932227,50.7414868988,Fountain 1B,Indian Reserve-Réserve indienne,59310247,63,contains,0.0,5931842,Fountain 1B,Indian reserve,63,contains,0.0,yes,,,,,,,63,csd,"2021 Census, census subdivision",high,csd,5931842,0,,,FALSE,TRUE,indigenous,"the geoname names its containing census subdivision, so this is the population of Fountain 1B itself"
64956,Fountain 1D,Indian Reserve,-121.8679598478,50.7498203769,Fountain 1D,Indian Reserve-Réserve indienne,59310251,373,contains,0.0,5931825,Fountain 1D,Indian reserve,25,nearest-name,295.1,yes,,,,,,,25,csd,"2021 Census, census subdivision",medium,csd,5931825,0,,,FALSE,TRUE,indigenous,"the point lies 295 m outside the same-named census subdivision, inside Squamish-Lillooet B; the same-named one was taken; the geoname names its containing census subdivision, so this is the population of Fountain 1D itself"
64962,Fountain 3,Indian Reserve,-121.8457377055,50.7789874771,Fountain 3,Indian Reserve-Réserve indienne,59310251,373,contains,0.0,5931817,Fountain 3,Indian reserve,10,nearest-name,27.1,yes,,,,,,,10,csd,"2021 Census, census subdivision",medium,csd,5931817,0,,,FALSE,TRUE,indigenous,"the point lies 27 m outside the same-named census subdivision, inside Squamish-Lillooet B; the same-named one was taken; the geoname names its containing census subdivision, so this is the population of Fountain 3 itself"
64959,Fountain 3A,Indian Reserve,-121.834625888,50.7664875196,Fountain 3A,Indian Reserve-Réserve indienne,59310130,10,contains,0.0,5931834,Fountain 3A,Indian reserve,0,nearest-name,87.6,yes,,,,,,,0,csd,"2021 Census, census subdivision",medium,csd,5931834,0,,,FALSE,TRUE,indigenous,"the point lies 88 m outside the same-named census subdivision, inside Fountain 3; the same-named one was taken; the geoname names its containing census subdivision, so this is the population of Fountain 3A itself"
64963,Fountain Creek 8,Indian Reserve,-121.8346240537,50.6998204305,Fountain Creek 8,Indian Reserve-Réserve indienne,59310251,373,contains,0.0,5931822,Fountain Creek 8,Indian reserve,0,nearest-name,467.7,yes,,,,,,,0,csd,"2021 Census, census subdivision",medium,csd,5931822,0,,,FALSE,TRUE,indigenous,"the point lies 468 m outside the same-named census subdivision, inside Squamish-Lillooet B; the same-named one was taken; the geoname names its containing census subdivision, so this is the population of Fountain Creek 8 itself"
65714,Halhalaeden 14,Indian Reserve,-121.6346067382,50.2998202745,Halhalaeden 14,Indian Reserve-Réserve indienne,59331626,10,contains,0.0,5933813,Halhalaeden,Indian reserve,10,contains,0.0,no,,,,,,,10,da,"2021 Census, dissemination area",high,da,59331626,0,,,FALSE,TRUE,indigenous,"no census subdivision carries this name, so this is the population of the surrounding dissemination area, NOT of the named place"
65530,High Bar 1,Indian Reserve,-122.0013072915,51.0998212387,High Bar 1,Indian Reserve-Réserve indienne,59331452,0,contains,0.0,5933819,High Bar 1,Indian reserve,0,contains,0.0,yes,,,,,,,0,csd,"2021 Census, census subdivision",high,csd,5933819,0,,,FALSE,TRUE,indigenous,"the geoname names its containing census subdivision, so this is the population of High Bar 1 itself"
65171,Hihium Lake 6,Indian Reserve,-121.1512783901,51.0664970694,Hihium Lake 6,Indian Reserve-Réserve indienne,59331457,382,contains,0.0,5933032,Thompson-Nicola E (Bonaparte Plateau),Regional district electoral area,1162,contains,0.0,no,,,,,,,382,da,"2021 Census, dissemination area",high,da,59331457,6,,,FALSE,TRUE,indigenous,"no census subdivision carries this name, so this is the population of the surrounding dissemination area, NOT of the named place"
65757,Inkluckcheen 21B,Indian Reserve,-121.6012718814,50.2831538813,Inkluckcheen 21B,Indian Reserve-Réserve indienne,59331589,0,contains,0.0,5933833,Inkluckcheen,Indian reserve,190,contains,0.0,no,,,,,,,0,da,"2021 Census, dissemination area",high,da,59331589,0,,,FALSE,TRUE,indigenous,"no census subdivision carries this name, so this is the population of the surrounding dissemination area, NOT of the named place"
65084,Inklyuhkinatko 2,Indian Reserve,-121.5846020193,50.1831535248,Inklyuhkinatko 2,Indian Reserve-Réserve indienne,59331684,247,contains,0.0,5933825,Inklyuhkinatko 2,Indian reserve,26,nearest-name,392.5,yes,,,,,,,26,csd,"2021 Census, census subdivision",medium,csd,5933825,0,,,FALSE,TRUE,indigenous,"the point lies 392 m outside the same-named census subdivision, inside Thompson-Nicola I (Blue Sky Country); the same-named one was taken; the geoname names its containing census subdivision, so this is the population of Inklyuhkinatko 2 itself"
3013,Kanaka Bar,Locality,-121.5679330529,50.1164866912,Kanaka Bar,Locality,59331684,247,contains,0.0,5933882,Kanaka Bar,Indian reserve,0,nearest-name,42.2,yes,,,,,,,0,csd,"2021 Census, census subdivision",medium,csd,5933882,0,,,FALSE,TRUE,indigenous,"the point lies 42 m outside the same-named census subdivision, inside Thompson-Nicola I (Blue Sky Country); the same-named one was taken; the geoname names its containing census subdivision, so this is the population of Kanaka Bar itself"
65756,Kitzowit 20,Indian Reserve,-121.5679352574,50.1998204618,Kitzowit 20,Indian Reserve-Réserve indienne,59331684,247,contains,0.0,5933823,Kitzowit 20,Indian reserve,21,nearest-name,40.0,yes,,,,,,,21,csd,"2021 Census, census subdivision",medium,csd,5933823,0,,,FALSE,TRUE,indigenous,"the point lies 40 m outside the same-named census subdivision, inside Thompson-Nicola I (Blue Sky Country); the same-named one was taken; the geoname names its containing census subdivision, so this is the population of Kitzowit 20 itself"
65718,Klahkamich 17,Indian Reserve,-121.5846033463,50.2331537922,Klahkamich 17,Indian Reserve-Réserve indienne,59331592,210,contains,0.0,5933829,Klahkamich 17,Indian reserve,33,nearest-name,477.7,yes,,,,,,,33,csd,"2021 Census, census subdivision",medium,csd,5933829,0,,,FALSE,TRUE,indigenous,"the point lies 478 m outside the same-named census subdivision, inside Lytton; the same-named one was taken; the geoname names its containing census subdivision, so this is the population of Klahkamich 17 itself"
65760,Kleetlekut 22,Indian Reserve,-121.5679370262,50.266487488,Kleetlekut 22,Indian Reserve-Réserve indienne,59331599,15,contains,0.0,5933831,Kleetlekut 22,Indian reserve,15,contains,0.0,yes,,,,,,,15,csd,"2021 Census, census subdivision",high,csd,5933831,0,,,FALSE,TRUE,indigenous,"the geoname names its containing census subdivision, so this is the population of Kleetlekut 22 itself"
65754,Klickkumcheen 18,Indian Reserve,-121.5846033463,50.2331537922,Klickkumcheen 18,Indian Reserve-Réserve indienne,59331592,210,contains,0.0,5933832,Klickkumcheen 18,Indian reserve,82,nearest-name,309.2,yes,,,,,,,82,csd,"2021 Census, census subdivision",medium,csd,5933832,0,,,FALSE,TRUE,indigenous,"the point lies 309 m outside the same-named census subdivision, inside Lytton; the same-named one was taken; the geoname names its containing census subdivision, so this is the population of Klickkumcheen 18 itself"
64622,Kowtain 17,Indian Reserve,-123.1346393588,49.7331341967,Kowtain 17,Indian Reserve-Réserve indienne,59310211,1607,contains,0.0,5931802,Kowtain 17,Indian reserve,59,nearest-name,716.2,yes,,,,,,,59,csd,"2021 Census, census subdivision",medium,csd,5931802,0,,,FALSE,TRUE,indigenous,"the point lies 716 m outside the same-named census subdivision, inside Squamish; the same-named one was taken; the geoname names its containing census subdivision, so this is the population of Kowtain 17 itself"
65695,Kupchynalth 2,Indian Reserve,-121.5679334926,50.1331534446,Kupchynalth 2,Indian Reserve-Réserve indienne,59331628,101,contains,0.0,5933849,Siska Flat,Indian reserve,101,contains,0.0,no,,,,,,,101,da,"2021 Census, dissemination area",high,da,59331628,3,,,FALSE,TRUE,indigenous,"no census subdivision carries this name, so this is the population of the surrounding dissemination area, NOT of the named place"
64428,Leon Creek 2A,Indian Reserve,-121.917968421,50.9998214743,Leon Creek 2A,Indian Reserve-Réserve indienne,59331453,0,contains,0.0,5933032,Thompson-Nicola E (Bonaparte Plateau),Regional district electoral area,1162,contains,0.0,no,,,,,,,0,da,"2021 Census, dissemination area",high,da,59331453,1,,,FALSE,TRUE,indigenous,"no census subdivision carries this name, so this is the population of the surrounding dissemination area, NOT of the named place"
1843,Lillooet,District Municipality,-121.9336111111,50.693888885,Lillooet,District Municipality (1),59310142,557,contains,0.0,5931026,Lillooet,District municipality,2302,contains,0.0,yes,Lillooet,District municipality,2383,2021,2065,2025,2383,municipal,"BC Stats population estimate, July 1 2021",high,csd,5931026,0,,,FALSE,TRUE,municipality + population>1000,"this is the population of the municipality of Lillooet itself, as estimated by BC Stats for 2021 (the 2021 census counted 2,302)"
64549,Lillooet 1,Indian Reserve,-121.934627306,50.6998193223,Lillooet 1,Indian Reserve-Réserve indienne,59310143,464,contains,0.0,5931821,Lillooet 1,Indian reserve,285,nearest-name,904.0,yes,,,,,,,285,csd,"2021 Census, census subdivision",medium,csd,5931821,0,,,FALSE,TRUE,indigenous,"the point lies 904 m outside the same-named census subdivision, inside Lillooet; the same-named one was taken; the geoname names its containing census subdivision, so this is the population of Lillooet 1 itself"
65588,Lower Hat Creek 2,Indian Reserve,-121.501284869,50.8831586323,Lower Hat Creek 2,Indian Reserve-Réserve indienne,59331476,61,contains,0.0,5933836,Lower Hat Creek 2,Indian reserve,61,contains,0.0,yes,,,,,,,61,csd,"2021 Census, census subdivision",high,csd,5933836,0,,,FALSE,TRUE,indigenous,"the geoname names its containing census subdivision, so this is the population of Lower Hat Creek 2 itself"
35858,Lytton,Village,-121.5813888885,50.2311111068,Lytton,Village (1),59331592,210,contains,0.0,5933015,Lytton,Village,210,contains,0.0,yes,Lytton,Village,216,2021,228,2025,216,municipal,"BC Stats population estimate, July 1 2021",high,csd,5933015,0,,,FALSE,TRUE,municipality,"this is the population of the municipality of Lytton itself, as estimated by BC Stats for 2021 (the 2021 census counted 210)"
65725,Lytton 4A,Indian Reserve,-121.7179467946,50.4498202089,Lytton 4A,Indian Reserve-Réserve indienne,59331684,247,contains,0.0,5933839,Lytton 4A,Indian reserve,0,nearest-name,553.4,yes,,,,,,,0,csd,"2021 Census, census subdivision",medium,csd,5933839,0,,,FALSE,TRUE,indigenous,"the point lies 553 m outside the same-named census subdivision, inside Thompson-Nicola I (Blue Sky Country); the same-named one was taken; the geoname names its containing census subdivision, so this is the population of Lytton 4A itself"
65729,Lytton 4E,Indian Reserve,-121.7012791396,50.4331536294,Lytton 4E,Indian Reserve-Réserve indienne,59331684,247,contains,0.0,5933840,Lytton 4E,Indian reserve,5,nearest-name,173.1,yes,,,,,,,5,csd,"2021 Census, census subdivision",medium,csd,5933840,0,,,FALSE,TRUE,indigenous,"the point lies 173 m outside the same-named census subdivision, inside Thompson-Nicola I (Blue Sky Country); the same-named one was taken; the geoname names its containing census subdivision, so this is the population of Lytton 4E itself"
65711,Lytton 9A,Indian Reserve,-121.6512739437,50.2998200919,Lytton 9A,Indian Reserve-Réserve indienne,59331603,10,contains,0.0,5933841,Lytton 9A,Indian reserve,10,contains,0.0,yes,,,,,,,10,csd,"2021 Census, census subdivision",high,csd,5933841,0,,,FALSE,TRUE,indigenous,"the geoname names its containing census subdivision, so this is the population of Lytton 9A itself"
65704,Lytton 9B,Indian Reserve,-121.6179386439,50.2664869416,Lytton 9B,Indian Reserve-Réserve indienne,59331684,247,contains,0.0,5933842,Lytton 9B,Indian reserve,0,nearest-name,223.3,yes,,,,,,,0,csd,"2021 Census, census subdivision",medium,csd,5933842,0,,,FALSE,TRUE,indigenous,"the point lies 223 m outside the same-named census subdivision, inside Thompson-Nicola I (Blue Sky Country); the same-named one was taken; the geoname names its containing census subdivision, so this is the population of Lytton 9B itself"
64427,Marble Canyon 3,Indian Reserve,-121.6679551586,50.8164896871,Marble Canyon 3,Indian Reserve-Réserve indienne,59331475,97,contains,0.0,5933872,Marble Canyon 3,Indian reserve,97,contains,0.0,yes,,,,,,,97,csd,"2021 Census, census subdivision",high,csd,5933872,0,,,FALSE,TRUE,indigenous,"the geoname names its containing census subdivision, so this is the population of Marble Canyon 3 itself"
60401,Marshy Lake 1,Indian Reserve,-120.8177777784,51.0922222184,Marshy Lake 1,Indian Reserve-Réserve indienne,59331492,361,contains,0.0,5933039,Thompson-Nicola J (Copper Desert Country),Regional district electoral area,1796,contains,0.0,no,,,,,,,361,da,"2021 Census, dissemination area",high,da,59331492,3,,,FALSE,TRUE,indigenous,"no census subdivision carries this name, so this is the population of the surrounding dissemination area, NOT of the named place"
64410,McCartney's Flat 4,Indian Reserve,-121.9012915164,50.6498193814,McCartney's Flat 4,Indian Reserve-Réserve indienne,59310135,57,contains,0.0,5931823,McCartney's Flat 4,Indian reserve,24,nearest-name,401.2,yes,,,,,,,24,csd,"2021 Census, census subdivision",medium,csd,5931823,0,,,FALSE,TRUE,indigenous,"the point lies 401 m outside the same-named census subdivision, inside Pashilqua 2; the same-named one was taken; the geoname names its containing census subdivision, so this is the population of McCartney's Flat 4 itself"
64568,Mission 5,Indian Reserve,-122.2846386562,50.6998154201,Mission 5,Indian Reserve-Réserve indienne,59310251,373,contains,0.0,5931833,Mission 5,Indian reserve,19,nearest-name,334.3,yes,,,,,,,19,csd,"2021 Census, census subdivision",medium,csd,5931833,0,,,FALSE,TRUE,indigenous,"the point lies 334 m outside the same-named census subdivision, inside Squamish-Lillooet B; the same-named one was taken; the geoname names its containing census subdivision, so this is the population of Mission 5 itself"
8170,Mount Currie,Community,-122.7174630998,50.3164132967,Mount Currie,Community,59310232,807,contains,0.0,5931843,Mount Currie,Indian reserve,1242,nearest-name,90.3,yes,,,,,,,1242,csd,"2021 Census, census subdivision",medium,csd,5931843,0,,,FALSE,TRUE,indigenous + population>1000,"the point lies 90 m outside the same-named census subdivision, inside Squamish-Lillooet C; the same-named one was taken; the geoname names its containing census subdivision, so this is the population of Mount Currie itself"
64553,Mount Currie 8,Indian Reserve,-122.7013076808,50.299808434,Mount Currie 8,Indian Reserve-Réserve indienne,59310236,224,contains,0.0,5931017,Squamish-Lillooet C,Regional district electoral area,2000,contains,0.0,no,,,,,,,224,da,"2021 Census, dissemination area",high,da,59310236,0,,,FALSE,TRUE,indigenous,"no census subdivision carries this name, so this is the population of the surrounding dissemination area, NOT of the named place"
64569,Necait 6,Indian Reserve,-122.2846386562,50.6998154201,Necait 6,Indian Reserve-Réserve indienne,59310251,373,contains,0.0,5931826,Necait 6,Indian reserve,5,nearest-name,658.0,yes,,,,,,,5,csd,"2021 Census, census subdivision",medium,csd,5931826,0,,,FALSE,TRUE,indigenous,"the point lies 658 m outside the same-named census subdivision, inside Squamish-Lillooet B; the same-named one was taken; the geoname names its containing census subdivision, so this is the population of Necait 6 itself"
65522,Nekliptum 1,Indian Reserve,-121.5512658496,50.1164868731,Nekliptum 1,Indian Reserve-Réserve indienne,59331684,247,contains,0.0,5933896,Nekliptum 1,Indian reserve,66,nearest-name,632.0,yes,,,,,,,66,csd,"2021 Census, census subdivision",medium,csd,5933896,0,,,FALSE,TRUE,indigenous,"the point lies 632 m outside the same-named census subdivision, inside Thompson-Nicola I (Blue Sky Country); the same-named one was taken; the geoname names its containing census subdivision, so this is the population of Nekliptum 1 itself"
64901,Nequatque 1,Indian Reserve,-122.4846409539,50.5498122715,Nequatque 1,Indian Reserve-Réserve indienne,59310150,140,contains,0.0,5931844,Nequatque,Indian reserve,155,contains,0.0,no,,,,,,,140,da,"2021 Census, dissemination area",high,da,59310150,0,,,FALSE,TRUE,indigenous,"no census subdivision carries this name, so this is the population of the surrounding dissemination area, NOT of the named place"
65733,Nesikep 6,Indian Reserve,-121.784618332,50.5498200637,Nesikep 6,Indian Reserve-Réserve indienne,59310127,5,contains,0.0,5931827,Nesikep 6,Indian reserve,5,contains,0.0,yes,,,,,,,5,csd,"2021 Census, census subdivision",high,csd,5931827,0,,,FALSE,TRUE,indigenous,"the geoname names its containing census subdivision, so this is the population of Nesikep 6 itself"
64416,Nesuch 3,Indian Reserve,-122.634638885,50.2998091833,Nesuch 3,Indian Reserve-Réserve indienne,59310236,224,contains,0.0,5931812,Nesuch 3,Indian reserve,95,nearest-name,437.7,yes,,,,,,,95,csd,"2021 Census, census subdivision",medium,csd,5931812,0,,,FALSE,TRUE,indigenous,"the point lies 438 m outside the same-named census subdivision, inside Squamish-Lillooet C; the same-named one was taken; the geoname names its containing census subdivision, so this is the population of Nesuch 3 itself"
65726,Nickel Palm 4,Indian Reserve,-121.7012795889,50.4498203924,Nickel Palm 4,Indian Reserve-Réserve indienne,59331625,5,contains,0.0,5933848,Nickel Palm 4,Indian reserve,5,contains,0.0,yes,,,,,,,5,csd,"2021 Census, census subdivision",high,csd,5933848,0,,,FALSE,TRUE,indigenous,"the geoname names its containing census subdivision, so this is the population of Nickel Palm 4 itself"
65764,Nickeyeah 25,Indian Reserve,-121.5846024614,50.1998202796,Nickeyeah 25,Indian Reserve-Réserve indienne,59331592,210,contains,0.0,5933850,Nickeyeah 25,Indian reserve,34,nearest-name,78.6,yes,,,,,,,34,csd,"2021 Census, census subdivision",medium,csd,5933850,0,,,FALSE,TRUE,indigenous,"the point lies 79 m outside the same-named census subdivision, inside Lytton; the same-named one was taken; the geoname names its containing census subdivision, so this is the population of Nickeyeah 25 itself"
65744,Nicomen 1,Indian Reserve,-121.4012649635,50.2664893062,Nicomen 1,Indian Reserve-Réserve indienne,59331582,41,contains,0.0,5933851,Nicomen 1,Indian reserve,41,contains,0.0,yes,,,,,,,41,csd,"2021 Census, census subdivision",high,csd,5933851,0,,,FALSE,TRUE,indigenous,"the geoname names its containing census subdivision, so this is the population of Nicomen 1 itself"
65712,Nkaih 10,Indian Reserve,-121.6512743896,50.3164868515,Nkaih 10,Indian Reserve-Réserve indienne,59331603,10,contains,0.0,5933870,Nkaih 10,Indian reserve,5,nearest-name,89.8,yes,,,,,,,5,csd,"2021 Census, census subdivision",medium,csd,5933870,0,,,FALSE,TRUE,indigenous,"the point lies 90 m outside the same-named census subdivision, inside Lytton 9A; the same-named one was taken; the geoname names its containing census subdivision, so this is the population of Nkaih 10 itself"
65762,Nohomeen 23,Indian Reserve,-121.6012709944,50.2498203666,Nohomeen 23,Indian Reserve-Réserve indienne,59331684,247,contains,0.0,5933852,Nohomeen 23,Indian reserve,5,nearest-name,19.5,yes,,,,,,,5,csd,"2021 Census, census subdivision",medium,csd,5933852,0,,,FALSE,TRUE,indigenous,"the point lies 19 m outside the same-named census subdivision, inside Thompson-Nicola I (Blue Sky Country); the same-named one was taken; the geoname names its containing census subdivision, so this is the population of Nohomeen 23 itself"
65723,Nuuautin 2,Indian Reserve,-121.5846042328,50.2664873061,Nuuautin 2,Indian Reserve-Réserve indienne,59331684,247,contains,0.0,5933853,Nuuautin 2,Indian reserve,101,nearest-name,101.4,yes,,,,,,,101,csd,"2021 Census, census subdivision",medium,csd,5933853,0,,,FALSE,TRUE,indigenous,"the point lies 101 m outside the same-named census subdivision, inside Thompson-Nicola I (Blue Sky Country); the same-named one was taken; the geoname names its containing census subdivision, so this is the population of Nuuautin 2 itself"
65645,Oregon Jack Creek 5,Indian Reserve,-121.3179378229,50.5998254876,Oregon Jack Creek 5,Indian Reserve-Réserve indienne,59331482,0,contains,0.0,5933846,Oregon Jack Creek 5,Indian reserve,0,contains,0.0,yes,,,,,,,0,csd,"2021 Census, census subdivision",high,csd,5933846,0,,,FALSE,TRUE,indigenous,"the geoname names its containing census subdivision, so this is the population of Oregon Jack Creek 5 itself"
65765,Papyum 27,Indian Reserve,-121.5846033463,50.2331537922,Papyum 27,Indian Reserve-Réserve indienne,59331592,210,contains,0.0,5933855,Papyum 27,Indian reserve,35,nearest-name,197.2,yes,,,,,,,35,csd,"2021 Census, census subdivision",medium,csd,5933855,0,,,FALSE,TRUE,indigenous,"the point lies 197 m outside the same-named census subdivision, inside Lytton; the same-named one was taken; the geoname names its containing census subdivision, so this is the population of Papyum 27 itself"
65007,Pashilqua 2,Indian Reserve,-121.9179587244,50.6498191961,Pashilqua 2,Indian Reserve-Réserve indienne,59310135,57,contains,0.0,5931828,Pashilqua 2,Indian reserve,57,contains,0.0,yes,,,,,,,57,csd,"2021 Census, census subdivision",high,csd,5931828,0,,,FALSE,TRUE,indigenous,"the geoname names its containing census subdivision, so this is the population of Pashilqua 2 itself"
66041,Paska Island 3,Indian Reserve,-121.3161111117,50.614444441,Paska Island 3,Indian Reserve-Réserve indienne,59331480,0,contains,0.0,5933854,Paska Island 3,Indian reserve,0,contains,0.0,yes,,,,,,,0,csd,"2021 Census, census subdivision",high,csd,5933854,0,,,FALSE,TRUE,indigenous,"the geoname names its containing census subdivision, so this is the population of Paska Island 3 itself"
64430,Pavilion 1,Indian Reserve,-121.8512963238,50.8831547624,Pavilion 1,Indian Reserve-Réserve indienne,59310129,48,contains,0.0,5931829,Pavilion 1,Indian reserve,48,contains,0.0,yes,,,,,,,48,csd,"2021 Census, census subdivision",high,csd,5931829,0,,,FALSE,TRUE,indigenous,"the geoname names its containing census subdivision, so this is the population of Pavilion 1 itself"
38511,Pemberton,Village,-122.8077777772,50.3205555512,Pemberton,Village (1),59310231,1151,contains,0.0,5931012,Pemberton,Village,3407,contains,0.0,yes,Pemberton,Village,3622,2021,3620,2025,3622,municipal,"BC Stats population estimate, July 1 2021",high,csd,5931012,0,,,FALSE,TRUE,municipality + population>1000,"this is the population of the municipality of Pemberton itself, as estimated by BC Stats for 2021 (the 2021 census counted 3,407)"
65540,Pemynoos 9,Indian Reserve,-121.2679335058,50.4998254262,Pemynoos 9,Indian Reserve-Réserve indienne,59331585,0,contains,0.0,5933857,Pemynoos 9,Indian reserve,0,contains,0.0,yes,,,,,,,0,csd,"2021 Census, census subdivision",high,csd,5933857,0,,,FALSE,TRUE,indigenous,"the geoname names its containing census subdivision, so this is the population of Pemynoos 9 itself"
59963,Peq-Paq 22,Indian Reserve,-121.3800000006,50.6152777735,Peq-Paq 22,Indian Reserve-Réserve indienne,59331483,0,contains,0.0,5933837,Peq-Paq 22,Indian reserve,0,contains,0.0,yes,,,,,,,0,csd,"2021 Census, census subdivision",high,csd,5933837,0,,,FALSE,TRUE,indigenous,"the geoname names its containing census subdivision, so this is the population of Peq-Paq 22 itself"
65735,Seah 5,Indian Reserve,-121.7346153544,50.4998203178,Seah 5,Indian Reserve-Réserve indienne,59331575,10,contains,0.0,5933858,Seah 5,Indian reserve,10,contains,0.0,yes,,,,,,,10,csd,"2021 Census, census subdivision",high,csd,5933858,0,,,FALSE,TRUE,indigenous,"the geoname names its containing census subdivision, so this is the population of Seah 5 itself"
64621,Seaichem 16,Indian Reserve,-123.1346398066,49.7498009335,Seaichem 16,Indian Reserve-Réserve indienne,59310215,1074,contains,0.0,5931806,Seaichem 16,Indian reserve,15,nearest-name,523.3,yes,,,,,,,15,csd,"2021 Census, census subdivision",medium,csd,5931806,0,,,FALSE,TRUE,indigenous,"the point lies 523 m outside the same-named census subdivision, inside Squamish; the same-named one was taken; the geoname names its containing census subdivision, so this is the population of Seaichem 16 itself"
64407,Seton Lake 5,Indian Reserve,-121.9846280135,50.6664852264,Seton Lake 5,Indian Reserve-Réserve indienne,59310134,406,contains,0.0,5931824,Seton Lake 5,Indian reserve,0,nearest-name,272.5,yes,,,,,,,0,csd,"2021 Census, census subdivision",medium,csd,5931824,0,,,FALSE,TRUE,indigenous,"the point lies 272 m outside the same-named census subdivision, inside Lillooet; the same-named one was taken; the geoname names its containing census subdivision, so this is the population of Seton Lake 5 itself"
64563,Seton Lake 5A,Indian Reserve,-122.3013063261,50.7164820038,Seton Lake 5A,Indian Reserve-Réserve indienne,59310148,0,contains,0.0,5931034,Squamish-Lillooet B,Regional district electoral area,373,contains,0.0,no,,,,,,,0,da,"2021 Census, dissemination area",high,da,59310148,0,,,FALSE,TRUE,indigenous,"no census subdivision carries this name, so this is the population of the surrounding dissemination area, NOT of the named place"
65656,Shackan 11,Indian Reserve,-121.2012589138,50.2831582361,Shackan 11,Indian Reserve-Réserve indienne,59331588,50,contains,0.0,5933859,Shackan 11,Indian reserve,50,contains,0.0,yes,,,,,,,50,csd,"2021 Census, census subdivision",high,csd,5933859,0,,,FALSE,TRUE,indigenous,"the geoname names its containing census subdivision, so this is the population of Shackan 11 itself"
65546,Shawniken 4B,Indian Reserve,-121.351267328,50.4164906955,Shawniken 4B,Indian Reserve-Réserve indienne,59331684,247,contains,0.0,5933895,Shawniken 4B,Indian reserve,,nearest-name,211.6,yes,,,,,,,247,da,"2021 Census, dissemination area",high,da,59331684,65,,,FALSE,TRUE,indigenous,"the point lies 212 m outside the same-named census subdivision, inside Thompson-Nicola I (Blue Sky Country); the same-named one was taken; census subdivision population suppressed or unavailable; no census subdivision carries this name, so this is the population of the surrounding dissemination area, NOT of the named place"
65774,Skeetchestn,Indian Reserve,-120.9595982759,50.8053862546,Skeetchestn,Indian Reserve-Réserve indienne,59331493,242,contains,0.0,5933817,Skeetchestn,Indian reserve,242,contains,0.0,yes,,,,,,,242,csd,"2021 Census, census subdivision",high,csd,5933817,0,,,FALSE,TRUE,indigenous,"the geoname names its containing census subdivision, so this is the population of Skeetchestn itself"
65083,Skuppah 2A,Indian Reserve,-121.5846024614,50.1998202796,Skuppah 2A,Indian Reserve-Réserve indienne,59331592,210,contains,0.0,5933824,Skuppah 2A,Indian reserve,0,nearest-name,349.1,yes,,,,,,,0,csd,"2021 Census, census subdivision",medium,csd,5933824,0,,,FALSE,TRUE,indigenous,"the point lies 349 m outside the same-named census subdivision, inside Lytton; the same-named one was taken; the geoname names its containing census subdivision, so this is the population of Skuppah 2A itself"
65087,Skuppah 4,Indian Reserve,-121.5846015788,50.1664867698,Skuppah 4,Indian Reserve-Réserve indienne,59331684,247,contains,0.0,5933865,Skuppah 4,Indian reserve,10,nearest-name,551.3,yes,,,,,,,10,csd,"2021 Census, census subdivision",medium,csd,5933865,0,,,FALSE,TRUE,indigenous,"the point lies 551 m outside the same-named census subdivision, inside Thompson-Nicola I (Blue Sky Country); the same-named one was taken; the geoname names its containing census subdivision, so this is the population of Skuppah 4 itself"
65763,Skwayaynope 26,Indian Reserve,-121.5846024614,50.1998202796,Skwayaynope 26,Indian Reserve-Réserve indienne,59331592,210,contains,0.0,5933866,Skwayaynope 26,Indian reserve,5,nearest-name,227.1,yes,,,,,,,5,csd,"2021 Census, census subdivision",medium,csd,5933866,0,,,FALSE,TRUE,indigenous,"the point lies 227 m outside the same-named census subdivision, inside Lytton; the same-named one was taken; the geoname names its containing census subdivision, so this is the population of Skwayaynope 26 itself"
64564,Slosh 1,Indian Reserve,-122.2179707571,50.7331497071,Slosh 1,Indian Reserve-Réserve indienne,59310250,149,contains,0.0,5931831,Slosh 1,Indian reserve,215,contains,0.0,yes,,,,,,,215,csd,"2021 Census, census subdivision",high,csd,5931831,0,,,FALSE,TRUE,indigenous,"the geoname names its containing census subdivision, so this is the population of Slosh 1 itself"
16462,Spences Bridge,Community,-121.343888889,50.4219444401,Spences Bridge,Community,59331737,217,contains,0.0,5933881,Spences Bridge,Indian reserve,,nearest-name,706.0,yes,,,,,,,217,da,"2021 Census, dissemination area",high,da,59331737,17,,,FALSE,TRUE,indigenous,"the point lies 706 m outside the same-named census subdivision, inside Thompson-Nicola I (Blue Sky Country); the same-named one was taken; census subdivision population suppressed or unavailable; no census subdivision carries this name, so this is the population of the surrounding dissemination area, NOT of the named place"
65728,Spintlum Flat 3,Indian Reserve,-121.6512748343,50.3331536103,Spintlum Flat 3,Indian Reserve-Réserve indienne,59331584,5,contains,0.0,5933868,Spintlum Flat 3,Indian reserve,5,contains,0.0,yes,,,,,,,5,csd,"2021 Census, census subdivision",high,csd,5933868,0,,,FALSE,TRUE,indigenous,"the geoname names its containing census subdivision, so this is the population of Spintlum Flat 3 itself"
38680,Squamish,District Municipality,-123.1558333337,49.6980555518,Squamish,District Municipality (1),59310202,1385,contains,0.0,5931006,Squamish,District municipality,23819,contains,0.0,yes,Squamish,District municipality,25063,2021,28578,2025,25063,municipal,"BC Stats population estimate, July 1 2021",high,csd,5931006,0,,,FALSE,TRUE,municipality + population>1000,"this is the population of the municipality of Squamish itself, as estimated by BC Stats for 2021 (the 2021 census counted 23,819)"
64617,Stawamus 24,Indian Reserve,-123.1513052073,49.6831338044,Stawamus 24,Indian Reserve-Réserve indienne,59310205,495,contains,0.0,5931807,Stawamus 24,Indian reserve,98,nearest-name,482.8,yes,,,,,,,98,csd,"2021 Census, census subdivision",medium,csd,5931807,0,,,FALSE,TRUE,indigenous,"the point lies 483 m outside the same-named census subdivision, inside Squamish; the same-named one was taken; the geoname names its containing census subdivision, so this is the population of Stawamus 24 itself"
65707,Stryen 9,Indian Reserve,-121.6346062936,50.2831535163,Stryen 9,Indian Reserve-Réserve indienne,59331602,57,contains,0.0,5933873,Stryen 9,Indian reserve,57,contains,0.0,yes,,,,,,,57,csd,"2021 Census, census subdivision",high,csd,5933873,0,,,FALSE,TRUE,indigenous,"the geoname names its containing census subdivision, so this is the population of Stryen 9 itself"
64408,Towinock 2,Indian Reserve,-121.8512880701,50.5831528613,Towinock 2,Indian Reserve-Réserve indienne,59310124,16,contains,0.0,5931832,Towinock 2,Indian reserve,16,contains,0.0,yes,,,,,,,16,csd,"2021 Census, census subdivision",high,csd,5931832,0,,,FALSE,TRUE,indigenous,"the geoname names its containing census subdivision, so this is the population of Towinock 2 itself"
65710,Tsaukan 12,Indian Reserve,-121.6846101404,50.3664867654,Tsaukan 12,Indian Reserve-Réserve indienne,59331684,247,contains,0.0,5933874,Tsaukan 12,Indian reserve,0,nearest-name,229.9,yes,,,,,,,0,csd,"2021 Census, census subdivision",medium,csd,5933874,0,,,FALSE,TRUE,indigenous,"the point lies 230 m outside the same-named census subdivision, inside Thompson-Nicola I (Blue Sky Country); the same-named one was taken; the geoname names its containing census subdivision, so this is the population of Tsaukan 12 itself"
65794,Twoyqhalsht 16,Indian Reserve,-121.3369444447,50.4280555514,Twoyqhalsht 16,Indian Reserve-Réserve indienne,59331733,0,contains,0.0,5933893,Twoyqhalsht 16,Indian reserve,0,contains,0.0,yes,,,,,,,0,csd,"2021 Census, census subdivision",high,csd,5933893,0,,,FALSE,TRUE,indigenous,"the geoname names its containing census subdivision, so this is the population of Twoyqhalsht 16 itself"
65589,Upper Hat Creek 1,Indian Reserve,-121.5846191009,50.8164906067,Upper Hat Creek 1,Indian Reserve-Réserve indienne,59331473,15,contains,0.0,5933875,Upper Hat Creek 1,Indian reserve,15,contains,0.0,yes,,,,,,,15,csd,"2021 Census, census subdivision",high,csd,5933875,0,,,FALSE,TRUE,indigenous,"the geoname names its containing census subdivision, so this is the population of Upper Hat Creek 1 itself"
65646,Upper Nepa 6,Indian Reserve,-121.2679379856,50.6664931153,Upper Nepa 6,Indian Reserve-Réserve indienne,59331461,15,contains,0.0,5933876,Upper Nepa 6,Indian reserve,15,contains,0.0,yes,,,,,,,15,csd,"2021 Census, census subdivision",high,csd,5933876,0,,,FALSE,TRUE,indigenous,"the geoname names its containing census subdivision, so this is the population of Upper Nepa 6 itself"
64623,Waiwakum 14,Indian Reserve,-123.167974633,49.7664672936,Waiwakum 14,Indian Reserve-Réserve indienne,59310253,583,contains,0.0,5931808,Waiwakum 14,Indian reserve,224,nearest-name,546.6,yes,,,,,,,224,csd,"2021 Census, census subdivision",medium,csd,5931808,0,,,FALSE,TRUE,indigenous,"the point lies 547 m outside the same-named census subdivision, inside Squamish; the same-named one was taken; the geoname names its containing census subdivision, so this is the population of Waiwakum 14 itself"
40939,Whistler,Resort Municipality,-122.9547222227,50.1172222183,Whistler,Resort Municipality,59310174,627,contains,0.0,5931020,Whistler,District municipality,13982,contains,0.0,yes,Whistler,District municipality,14771,2021,15090,2025,14771,municipal,"BC Stats population estimate, July 1 2021",high,csd,5931020,0,,,FALSE,TRUE,municipality + population>1000,"this is the population of the municipality of Whistler itself, as estimated by BC Stats for 2021 (the 2021 census counted 13,982)"
65709,Yawaucht 11,Indian Reserve,-121.6679424864,50.3498201874,Yawaucht 11,Indian Reserve-Réserve indienne,59331684,247,contains,0.0,5933878,Yawaucht 11,Indian reserve,5,nearest-name,42.3,yes,,,,,,,5,csd,"2021 Census, census subdivision",medium,csd,5933878,0,,,FALSE,TRUE,indigenous,"the point lies 42 m outside the same-named census subdivision, inside Thompson-Nicola I (Blue Sky Country); the same-named one was taken; the geoname names its containing census subdivision, so this is the population of Yawaucht 11 itself"
64619,Yekwaupsum 18,Indian Reserve,-123.1513061011,49.7164672734,Yekwaupsum 18,Indian Reserve-Réserve indienne,59310200,1371,contains,0.0,5931809,Yekwaupsum 18,Indian reserve,17,nearest-name,1162.3,yes,,,,,,,17,csd,"2021 Census, census subdivision",medium,csd,5931809,0,,,FALSE,TRUE,indigenous,"the point lies 1162 m outside the same-named census subdivision, inside Squamish; the same-named one was taken; the geoname names its containing census subdivision, so this is the population of Yekwaupsum 18 itself"
65692,Zacht 5,Indian Reserve,-121.5755555553,50.153611107,Zacht 5,Indian Reserve-Réserve indienne,59331613,5,contains,0.0,5933879,Zacht 5,Indian reserve,5,contains,0.0,yes,,,,,,,5,csd,"2021 Census, census subdivision",high,csd,5933879,0,,,FALSE,TRUE,indigenous,"the geoname names its containing census subdivision, so this is the population of Zacht 5 itself"
65292,Ahahswinis 1,Indian Reserve,-124.8180120848,49.2664465849,Ahahswinis 1,Indian Reserve-Réserve indienne,59230104,623,contains,0.0,5923801,Ahahswinis 1,Indian reserve,150,nearest-name,337.4,yes,,,,,,,150,csd,"2021 Census, census subdivision",medium,csd,5923801,0,,,FALSE,TRUE,indigenous,"the point lies 337 m outside the same-named census subdivision, inside Port Alberni; the same-named one was taken; the geoname names its containing census subdivision, so this is the population of Ahahswinis 1 itself"
65024,Ahpokum 9,Indian Reserve,-124.5846985109,50.2331197691,Ahpokum 9,Indian Reserve-Réserve indienne,59270048,645,contains,0.0,5927010,qathet A,Regional district electoral area,1250,contains,0.0,no,,,,,,,645,da,"2021 Census, dissemination area",high,da,59270048,6,,,FALSE,TRUE,indigenous,"no census subdivision carries this name, so this is the population of the surrounding dissemination area, NOT of the named place"
65279,Alberni 2,Indian Reserve,-124.8180107276,49.216446441,Alberni 2,Indian Reserve-Réserve indienne,59230115,575,nearest,74.2,5923802,Alberni 2,Indian reserve,0,nearest-name,177.6,yes,,,,,,,0,csd,"2021 Census, census subdivision",medium,csd,5923802,0,,,FALSE,TRUE,indigenous,"the point lies 178 m outside the same-named census subdivision, inside Alberni-Clayoquot F; the same-named one was taken; the geoname names its containing census subdivision, so this is the population of Alberni 2 itself; point falls outside every boundary - typically over water - and adopted the nearest within 2000 m"
64975,Aupe 6,Indian Reserve,-125.0680497275,50.3331145517,Aupe 6,Indian Reserve-Réserve indienne,59240420,0,contains,0.0,5924054,Strathcona C,Regional district electoral area,2737,contains,0.0,no,,,,,,,0,da,"2021 Census, dissemination area",high,da,59240420,2,,,FALSE,TRUE,indigenous,"no census subdivision carries this name, so this is the population of the surrounding dissemination area, NOT of the named place"
65319,Bare Island 9,Indian Reserve,-123.2846153263,48.633129175,Bare Island 9,Indian Reserve-Réserve indienne,59170642,1326,contains,0.0,5917029,Southern Gulf Islands,Regional district electoral area,6101,contains,0.0,no,,,,,,,1326,da,"2021 Census, dissemination area",high,da,59170642,0,,,FALSE,TRUE,indigenous + population>1000,"no census subdivision carries this name, so this is the population of the surrounding dissemination area, NOT of the named place"
5168,Black Creek,Community,-125.1299977001,49.8338207665,Black Creek,Community,59260289,1067,contains,0.0,5926024,Comox Valley C (Puntledge - Black Creek),Regional district electoral area,9158,contains,0.0,no,,,,,,,1067,da,"2021 Census, dissemination area",high,da,59260289,0,,,FALSE,TRUE,population>1000,"no census subdivision carries this name, so this is the population of the surrounding dissemination area, NOT of the named place"
459,Bowen Island,District Municipality,-123.3441666667,49.3797222184,Bowen Island,District Municipality (1),59153665,1223,contains,0.0,5915062,Bowen Island,Island municipality,4256,contains,0.0,yes,Bowen Island,Island municipality,4401,2021,4501,2025,4401,municipal,"BC Stats population estimate, July 1 2021",high,csd,5915062,0,,,FALSE,TRUE,municipality + population>1000,"this is the population of the municipality of Bowen Island itself, as estimated by BC Stats for 2021 (the 2021 census counted 4,256)"
34755,Campbell River,City,-125.2436111117,50.0230555517,Campbell River,City,59240260,410,contains,0.0,5924034,Campbell River,City,35519,contains,0.0,yes,Campbell River,City,36872,2021,38300,2025,36872,municipal,"BC Stats population estimate, July 1 2021",high,csd,5924034,0,,,FALSE,TRUE,municipality + population>1000,"this is the population of the municipality of Campbell River itself, as estimated by BC Stats for 2021 (the 2021 census counted 35,519)"
65352,Campbell River 11,Indian Reserve,-125.2513800624,50.0331109593,Campbell River 11,Indian Reserve-Réserve indienne,59240263,506,contains,0.0,5924804,Campbell River 11,Indian reserve,506,contains,0.0,yes,,,,,,,506,csd,"2021 Census, census subdivision",high,csd,5924804,0,,,FALSE,TRUE,indigenous,"the geoname names its containing census subdivision, so this is the population of Campbell River 11 itself"
65348,Cape Mudge 10,Indian Reserve,-125.184710394,49.9997782728,Cape Mudge 10,Indian Reserve-Réserve indienne,59240267,145,contains,0.0,5924817,Cape Mudge 10,Indian reserve,145,contains,0.0,yes,,,,,,,145,csd,"2021 Census, census subdivision",high,csd,5924817,0,,,FALSE,TRUE,indigenous,"the geoname names its containing census subdivision, so this is the population of Cape Mudge 10 itself"
64615,Chekwelp 26,Indian Reserve,-123.5013090077,49.4164621836,Chekwelp 26,Indian Reserve-Réserve indienne,59290194,770,contains,0.0,5929801,Chekwelp 26,Indian reserve,0,nearest-name,643.0,yes,,,,,,,0,csd,"2021 Census, census subdivision",medium,csd,5929801,0,,,FALSE,TRUE,indigenous,"the point lies 643 m outside the same-named census subdivision, inside Sunshine Coast F; the same-named one was taken; the geoname names its containing census subdivision, so this is the population of Chekwelp 26 itself"
65235,Chemainus 13,Indian Reserve,-123.7846400895,48.9997910524,Chemainus 13,Indian Reserve-Réserve indienne,59190303,818,contains,0.0,5919804,Chemainus 13,Indian reserve,818,contains,0.0,yes,,,,,,,818,csd,"2021 Census, census subdivision",high,csd,5919804,0,,,FALSE,TRUE,indigenous,"the geoname names its containing census subdivision, so this is the population of Chemainus 13 itself"
38659,Comox,Town,-124.9277777777,49.6727777739,Comox,Town,59260326,660,contains,0.0,5926005,Comox,Town,14806,contains,0.0,yes,Comox,Town,15265,2021,15884,2025,15265,municipal,"BC Stats population estimate, July 1 2021",high,csd,5926005,0,,,FALSE,TRUE,municipality + population>1000,"this is the population of the municipality of Comox itself, as estimated by BC Stats for 2021 (the 2021 census counted 14,806)"
65350,Comox 1,Indian Reserve,-124.9513609651,49.6831130829,Comox 1,Indian Reserve-Réserve indienne,59260363,1803,contains,0.0,5926801,Comox 1,Indian reserve,291,nearest-name,48.0,yes,,,,,,,291,csd,"2021 Census, census subdivision",medium,csd,5926801,0,,,FALSE,TRUE,indigenous,"the point lies 48 m outside the same-named census subdivision, inside Comox; the same-named one was taken; the geoname names its containing census subdivision, so this is the population of Comox 1 itself"
4059,Courtenay,City,-124.9958333334,49.6894444405,Courtenay,City,59260310,1023,contains,0.0,5926010,Courtenay,City,28420,contains,0.0,yes,Courtenay,City,29519,2021,32869,2025,29519,municipal,"BC Stats population estimate, July 1 2021",high,csd,5926010,0,,,FALSE,TRUE,municipality + population>1000,"this is the population of the municipality of Courtenay itself, as estimated by BC Stats for 2021 (the 2021 census counted 28,420)"
65293,Cous 3,Indian Reserve,-124.8346769967,49.183112821,Cous 3,Indian Reserve-Réserve indienne,59230094,375,contains,0.0,5923035,Alberni-Clayoquot D,Regional district electoral area,1843,contains,0.0,no,,,,,,,375,da,"2021 Census, dissemination area",high,da,59230094,0,,,FALSE,TRUE,indigenous,"no census subdivision carries this name, so this is the population of the surrounding dissemination area, NOT of the named place"
65217,Cowichan 1,Indian Reserve,-123.5012916007,48.7497936579,Cowichan 1,Indian Reserve-Réserve indienne,59170635,3255,contains,0.0,5917027,Saltspring Island,Regional district electoral area,11635,contains,0.0,no,,,,,,,3255,da,"2021 Census, dissemination area",high,da,59170635,1,,,FALSE,TRUE,indigenous + population>1000,"no census subdivision carries this name, so this is the population of the surrounding dissemination area, NOT of the named place"
65224,Cowichan 9,Indian Reserve,-123.6512961897,48.7497919739,Cowichan 9,Indian Reserve-Réserve indienne,59190175,630,contains,0.0,5919013,Cowichan Valley D,Regional district electoral area,3530,contains,0.0,no,,,,,,,630,da,"2021 Census, dissemination area",high,da,59190175,0,,,FALSE,TRUE,indigenous,"no census subdivision carries this name, so this is the population of the surrounding dissemination area, NOT of the named place"
65800,Cowichan Lake,Indian Reserve,-124.0679777233,48.833120773,Cowichan Lake,Indian Reserve-Réserve indienne,59190153,695,contains,0.0,5919812,Cowichan Lake,Indian reserve,20,nearest-name,194.0,yes,,,,,,,20,csd,"2021 Census, census subdivision",medium,csd,5919812,0,,,FALSE,TRUE,indigenous,"the point lies 194 m outside the same-named census subdivision, inside Cowichan Valley I; the same-named one was taken; the geoname names its containing census subdivision, so this is the population of Cowichan Lake itself"
6507,Cumberland,Village,-125.0324999997,49.6186111071,Cumberland,Village (1),59260402,570,contains,0.0,5926014,Cumberland,Village,4447,contains,0.0,yes,Cumberland,Village,4649,2021,4974,2025,4649,municipal,"BC Stats population estimate, July 1 2021",high,csd,5926014,0,,,FALSE,TRUE,municipality + population>1000,"this is the population of the municipality of Cumberland itself, as estimated by BC Stats for 2021 (the 2021 census counted 4,447)"
15595,Duncan,City,-123.708055555,48.7786111072,Duncan,City,59190235,572,contains,0.0,5919012,Duncan,City,5047,contains,0.0,yes,Duncan,City,5184,2021,5745,2025,5184,municipal,"BC Stats population estimate, July 1 2021",high,csd,5919012,0,,,FALSE,TRUE,municipality + population>1000,"this is the population of the municipality of Duncan itself, as estimated by BC Stats for 2021 (the 2021 census counted 5,047)"
65221,Est-patrolas 4,Indian Reserve,-123.6012938055,48.7164591329,Est-patrolas 4,Indian Reserve-Réserve indienne,59190182,486,contains,0.0,5919820,Est-Patrolas 4,Indian reserve,26,nearest-name,128.9,yes,,,,,,,26,csd,"2021 Census, census subdivision",medium,csd,5919820,0,,,FALSE,TRUE,indigenous,"the point lies 129 m outside the same-named census subdivision, inside Cowichan Valley C; the same-named one was taken; the geoname names its containing census subdivision, so this is the population of Est-Patrolas 4 itself"
65207,Gabriola Island 5,Indian Reserve,-123.7179748734,49.1331255026,Gabriola Island 5,Indian Reserve-Réserve indienne,59210468,603,contains,0.0,5921014,Nanaimo B,Regional district electoral area,4500,contains,0.0,no,,,,,,,603,da,"2021 Census, dissemination area",high,da,59210468,1,,,FALSE,TRUE,indigenous,"no census subdivision carries this name, so this is the population of the surrounding dissemination area, NOT of the named place"
65278,Galiano Island 9,Indian Reserve,-123.5846343829,49.0164600231,Galiano Island 9,Indian Reserve-Réserve indienne,59170629,0,nearest,409.7,5917805,Galiano Island 9,Indian reserve,0,nearest,409.7,yes,,,,,,,0,csd,"2021 Census, census subdivision",medium,csd,5917805,0,,,FALSE,TRUE,indigenous,"the geoname names its containing census subdivision, so this is the population of Galiano Island 9 itself; point falls outside every boundary - typically over water - and adopted the nearest within 2000 m"
35874,Gibsons,Town,-123.5088888883,49.4002777739,Gibsons,Town,59290171,411,contains,0.0,5929005,Gibsons,Town,4758,contains,0.0,yes,Gibsons,Town,4909,2021,5090,2025,4909,municipal,"BC Stats population estimate, July 1 2021",high,csd,5929005,0,,,FALSE,TRUE,municipality + population>1000,"this is the population of the municipality of Gibsons itself, as estimated by BC Stats for 2021 (the 2021 census counted 4,758)"
65227,Halalt 2,Indian Reserve,-123.6846339867,48.883125228,Halalt 2,Indian Reserve-Réserve indienne,59190271,363,contains,0.0,5919801,Halalt 2,Indian reserve,156,nearest-name,269.8,yes,,,,,,,156,csd,"2021 Census, census subdivision",medium,csd,5919801,0,,,FALSE,TRUE,indigenous,"the point lies 270 m outside the same-named census subdivision, inside North Cowichan; the same-named one was taken; the geoname names its containing census subdivision, so this is the population of Halalt 2 itself"
65226,Halalt Island 1,Indian Reserve,-123.667967241,48.899792123,Halalt Island 1,Indian Reserve-Réserve indienne,59190180,695,nearest,4.0,5919013,Cowichan Valley D,Regional district electoral area,3530,nearest,4.0,no,,,,,,,695,da,"2021 Census, dissemination area",medium,da,59190180,0,,,FALSE,TRUE,indigenous,"no census subdivision carries this name, so this is the population of the surrounding dissemination area, NOT of the named place; point falls outside every boundary - typically over water - and adopted the nearest within 2000 m"
65282,Hatch Point 12,Indian Reserve,-123.5346242483,48.683126481,Hatch Point 12,Indian Reserve-Réserve indienne,59190316,333,contains,0.0,5919049,Cowichan Valley C,Regional district electoral area,5046,contains,0.0,no,,,,,,,333,da,"2021 Census, dissemination area",high,da,59190316,0,,,FALSE,TRUE,indigenous,"no census subdivision carries this name, so this is the population of the surrounding dissemination area, NOT of the named place"
60160,Homalco 9,Indian Reserve,-125.2436111105,49.9491666626,Homalco 9,Indian Reserve-Réserve indienne,59240226,214,contains,0.0,5924840,Homalco 9,Indian reserve,214,contains,0.0,yes,,,,,,,214,csd,"2021 Census, census subdivision",high,csd,5924840,0,,,FALSE,TRUE,indigenous,"the geoname names its containing census subdivision, so this is the population of Homalco 9 itself"
65223,Kakalatza 6,Indian Reserve,-123.8679698985,48.7664562312,Kakalatza 6,Indian Reserve-Réserve indienne,59190171,757,contains,0.0,5919051,Cowichan Valley E,Regional district electoral area,4253,contains,0.0,no,,,,,,,757,da,"2021 Census, dissemination area",high,da,59190171,0,,,FALSE,TRUE,indigenous,"no census subdivision carries this name, so this is the population of the surrounding dissemination area, NOT of the named place"
65218,Kil-pah-las 3,Indian Reserve,-123.6012942324,48.7331258339,Kil-pah-las 3,Indian Reserve-Réserve indienne,59190180,695,contains,0.0,5919808,Kil-pah-las 3,Indian reserve,0,nearest-name,506.6,yes,,,,,,,0,csd,"2021 Census, census subdivision",medium,csd,5919808,0,,,FALSE,TRUE,indigenous,"the point lies 507 m outside the same-named census subdivision, inside Cowichan Valley D; the same-named one was taken; the geoname names its containing census subdivision, so this is the population of Kil-pah-las 3 itself"
65290,Klehkoot 2,Indian Reserve,-124.9002777772,49.2908333296,Klehkoot 2,Indian Reserve-Réserve indienne,59230097,15,contains,0.0,5923822,Klehkoot 2,Indian reserve,15,contains,0.0,yes,,,,,,,15,csd,"2021 Census, census subdivision",high,csd,5923822,0,,,FALSE,TRUE,indigenous,"the geoname names its containing census subdivision, so this is the population of Klehkoot 2 itself"
7329,Ladysmith,Town,-123.8155555555,48.9933333289,Ladysmith,Town,59190291,541,contains,0.0,5919021,Ladysmith,Town,8990,contains,0.0,yes,Ladysmith,Town,9291,2021,9926,2025,9291,municipal,"BC Stats population estimate, July 1 2021",high,csd,5919021,0,,,FALSE,TRUE,municipality + population>1000,"this is the population of the municipality of Ladysmith itself, as estimated by BC Stats for 2021 (the 2021 census counted 8,990)"
7359,Lake Cowichan,Town,-124.0563888882,48.8258333293,Lake Cowichan,Town,59190161,732,contains,0.0,5919016,Lake Cowichan,Town,3325,contains,0.0,yes,Lake Cowichan,Town,3432,2021,3757,2025,3432,municipal,"BC Stats population estimate, July 1 2021",high,csd,5919016,0,,,FALSE,TRUE,municipality + population>1000,"this is the population of the municipality of Lake Cowichan itself, as estimated by BC Stats for 2021 (the 2021 census counted 3,325)"
8858,Lantzville,District Municipality,-124.0744444438,49.2505555511,Lantzville,District Municipality (1),59210288,510,contains,0.0,5921008,Lantzville,District municipality,3817,contains,0.0,yes,Lantzville,District municipality,3938,2021,4276,2025,3938,municipal,"BC Stats population estimate, July 1 2021",high,csd,5921008,0,,,FALSE,TRUE,municipality + population>1000,"this is the population of the municipality of Lantzville itself, as estimated by BC Stats for 2021 (the 2021 census counted 3,817)"
1387,Lighthouse Point,Community,-123.2872381003,48.8715527163,Lighthouse Point,Community,59170646,1304,contains,0.0,5917029,Southern Gulf Islands,Regional district electoral area,6101,contains,0.0,no,,,,,,,1304,da,"2021 Census, dissemination area",high,da,59170646,1,,,FALSE,TRUE,population>1000,"no census subdivision carries this name, so this is the population of the surrounding dissemination area, NOT of the named place"
65202,Lyacksun 3,Indian Reserve,-123.6679724586,49.0997926414,Lyacksun 3,Indian Reserve-Réserve indienne,59190308,30,nearest,10.4,5919813,Lyacksun 3,Indian reserve,30,nearest,10.4,yes,,,,,,,30,csd,"2021 Census, census subdivision",medium,csd,5919813,0,,,FALSE,TRUE,indigenous,"the geoname names its containing census subdivision, so this is the population of Lyacksun 3 itself; point falls outside every boundary - typically over water - and adopted the nearest within 2000 m"
65203,Malahat 11,Indian Reserve,-123.5179553721,48.6164598724,Malahat 11,Indian Reserve-Réserve indienne,59190198,165,nearest,141.1,5919815,Malahat 11,Indian reserve,165,nearest,141.1,yes,,,,,,,165,csd,"2021 Census, census subdivision",medium,csd,5919815,0,,,FALSE,TRUE,indigenous,"the geoname names its containing census subdivision, so this is the population of Malahat 11 itself; point falls outside every boundary - typically over water - and adopted the nearest within 2000 m"
65263,Mayne Island 6,Indian Reserve,-123.3291666671,48.8527777731,Mayne Island 6,Indian Reserve-Réserve indienne,59170647,0,contains,0.0,5917029,Southern Gulf Islands,Regional district electoral area,6101,contains,0.0,no,,,,,,,0,da,"2021 Census, dissemination area",high,da,59170647,0,,,FALSE,TRUE,indigenous,"no census subdivision carries this name, so this is the population of the surrounding dissemination area, NOT of the named place"
9032,Nanaimo,City,-123.9380555549,49.1638888848,Nanaimo,City,59210405,922,contains,0.0,5921007,Nanaimo,City,99863,contains,0.0,yes,Nanaimo,City,104022,2021,111845,2025,104022,municipal,"BC Stats population estimate, July 1 2021",high,csd,5921007,0,,,FALSE,TRUE,municipality + population>1000,"this is the population of the municipality of Nanaimo itself, as estimated by BC Stats for 2021 (the 2021 census counted 99,863)"
65208,Nanaimo River 2,Indian Reserve,-123.8846462224,49.116456897,Nanaimo River 2,Indian Reserve-Réserve indienne,59210441,37,contains,0.0,5921807,Nanaimo River,Indian reserve,323,contains,0.0,no,,,,,,,37,da,"2021 Census, dissemination area",high,da,59210441,1,,,FALSE,TRUE,indigenous,"no census subdivision carries this name, so this is the population of the surrounding dissemination area, NOT of the named place"
65206,Nanaimo Town 1,Indian Reserve,-123.9346486369,49.1497897555,Nanaimo Town 1,Indian Reserve-Réserve indienne,59210419,591,contains,0.0,5921804,Nanaimo Town 1,Indian reserve,386,nearest-name,290.7,yes,,,,,,,386,csd,"2021 Census, census subdivision",medium,csd,5921804,0,,,FALSE,TRUE,indigenous,"the point lies 291 m outside the same-named census subdivision, inside Nanaimo; the same-named one was taken; the geoname names its containing census subdivision, so this is the population of Nanaimo Town 1 itself"
65811,Nanoose,Indian Reserve,-124.1179902572,49.2497879541,Nanoose,Indian Reserve-Réserve indienne,59210283,245,contains,0.0,5921805,Nanoose,Indian reserve,245,contains,0.0,yes,,,,,,,245,csd,"2021 Census, census subdivision",high,csd,5921805,0,,,FALSE,TRUE,indigenous,"the geoname names its containing census subdivision, so this is the population of Nanoose itself"
17071,North Cowichan,District Municipality,-123.7197222225,48.8247222182,North Cowichan,District Municipality (1),59190253,552,contains,0.0,5919008,North Cowichan,District municipality,31990,contains,0.0,yes,North Cowichan,District municipality,33087,2021,34525,2025,33087,municipal,"BC Stats population estimate, July 1 2021",high,csd,5919008,0,,,FALSE,TRUE,municipality + population>1000,"this is the population of the municipality of North Cowichan itself, as estimated by BC Stats for 2021 (the 2021 census counted 31,990)"
65237,Oyster Bay 12,Indian Reserve,-123.8513092361,49.0164570067,Oyster Bay 12,Indian Reserve-Réserve indienne,59190300,105,contains,0.0,5919816,Oyster Bay 12,Indian reserve,105,contains,0.0,yes,,,,,,,105,csd,"2021 Census, census subdivision",high,csd,5919816,0,,,FALSE,TRUE,indigenous,"the geoname names its containing census subdivision, so this is the population of Oyster Bay 12 itself"
30438,Parksville,City,-124.3113888891,49.3180555511,Parksville,City,59210265,456,contains,0.0,5921018,Parksville,City,13642,contains,0.0,yes,Parksville,City,14042,2021,15371,2025,14042,municipal,"BC Stats population estimate, July 1 2021",high,csd,5921018,0,,,FALSE,TRUE,municipality + population>1000,"this is the population of the municipality of Parksville itself, as estimated by BC Stats for 2021 (the 2021 census counted 13,642)"
60661,Penelakut Island 7,Indian Reserve,-123.6461111104,48.9630555513,Penelakut Island 7,Indian Reserve-Réserve indienne,59190306,513,contains,0.0,5919809,Penelakut Island 7,Indian reserve,513,contains,0.0,yes,,,,,,,513,csd,"2021 Census, census subdivision",high,csd,5919809,0,,,FALSE,TRUE,indigenous,"the geoname names its containing census subdivision, so this is the population of Penelakut Island 7 itself"
65345,Pentledge 2,Indian Reserve,-125.0013629606,49.6997792241,Pentledge 2,Indian Reserve-Réserve indienne,59260311,5,contains,0.0,5926802,Pentledge 2,Indian reserve,5,contains,0.0,yes,,,,,,,5,csd,"2021 Census, census subdivision",high,csd,5926802,0,,,FALSE,TRUE,indigenous,"the geoname names its containing census subdivision, so this is the population of Pentledge 2 itself"
19255,Port Alberni,City,-124.8058333332,49.23444444,Port Alberni,City,59230140,504,contains,0.0,5923008,Port Alberni,City,18259,contains,0.0,yes,Port Alberni,City,18938,2021,19671,2025,18938,municipal,"BC Stats population estimate, July 1 2021",high,csd,5923008,0,,,FALSE,TRUE,municipality + population>1000,"this is the population of the municipality of Port Alberni itself, as estimated by BC Stats for 2021 (the 2021 census counted 18,259)"
65201,Portier Pass 5,Indian Reserve,-123.6013015626,49.0164598345,Portier Pass 5,Indian Reserve-Réserve indienne,59190305,838,contains,0.0,5919817,Portier Pass 5,Indian reserve,0,nearest-name,256.1,yes,,,,,,,0,csd,"2021 Census, census subdivision",medium,csd,5919817,0,,,FALSE,TRUE,indigenous,"the point lies 256 m outside the same-named census subdivision, inside Cowichan Valley G; the same-named one was taken; the geoname names its containing census subdivision, so this is the population of Portier Pass 5 itself"
38681,Powell River,City,-124.5244444444,49.8355555486,Powell River,City,59270065,677,contains,0.0,5927008,Powell River,City,13943,contains,0.0,yes,Powell River,City,14392,2021,14947,2025,14392,municipal,"BC Stats population estimate, July 1 2021",high,csd,5927008,0,,,FALSE,TRUE,municipality + population>1000,"this is the population of the municipality of Powell River itself, as estimated by BC Stats for 2021 (the 2021 census counted 13,943)"
65769,Qualicum,Indian Reserve,-124.6180096193,49.3997826555,Qualicum,Indian Reserve-Réserve indienne,59210211,82,contains,0.0,5921806,Qualicum,Indian reserve,82,contains,0.0,yes,,,,,,,82,csd,"2021 Census, census subdivision",high,csd,5921806,0,,,FALSE,TRUE,indigenous,"the geoname names its containing census subdivision, so this is the population of Qualicum itself"
22222,Qualicum Beach,Town,-124.4438888886,49.3480555511,Qualicum Beach,Town,59210219,636,contains,0.0,5921023,Qualicum Beach,Town,9303,contains,0.0,yes,Qualicum Beach,Town,9453,2021,9640,2025,9453,municipal,"BC Stats population estimate, July 1 2021",high,csd,5921023,0,,,FALSE,TRUE,municipality + population>1000,"this is the population of the municipality of Qualicum Beach itself, as estimated by BC Stats for 2021 (the 2021 census counted 9,303)"
65351,Quinsam 12,Indian Reserve,-125.3013811192,50.0164436252,Quinsam 12,Indian Reserve-Réserve indienne,59240223,312,contains,0.0,5924812,Quinsam 12,Indian reserve,312,contains,0.0,yes,,,,,,,312,csd,"2021 Census, census subdivision",high,csd,5924812,0,,,FALSE,TRUE,indigenous,"the geoname names its containing census subdivision, so this is the population of Quinsam 12 itself"
65347,Salmon River 1,Indian Reserve,-125.9355400004,50.3812199967,Salmon River 1,Indian Reserve-Réserve indienne,59240210,454,contains,0.0,5924048,Strathcona A,Regional district electoral area,864,contains,0.0,no,,,,,,,454,da,"2021 Census, dissemination area",high,da,59240210,4,,,FALSE,TRUE,indigenous,"no census subdivision carries this name, so this is the population of the surrounding dissemination area, NOT of the named place"
37502,Saratoga Beach,Community,-125.1180378903,49.8664451678,Saratoga Beach,Community,59260295,1111,contains,0.0,5926024,Comox Valley C (Puntledge - Black Creek),Regional district electoral area,9158,contains,0.0,no,,,,,,,1111,da,"2021 Census, dissemination area",high,da,59260295,0,,,FALSE,TRUE,population>1000,"no census subdivision carries this name, so this is the population of the surrounding dissemination area, NOT of the named place"
65320,Saturna Island 7,Indian Reserve,-123.0846129898,48.7831317125,Saturna Island 7,Indian Reserve-Réserve indienne,59170645,771,contains,0.0,5917029,Southern Gulf Islands,Regional district electoral area,6101,contains,0.0,no,,,,,,,771,da,"2021 Census, dissemination area",high,da,59170645,2,,,FALSE,TRUE,indigenous,"no census subdivision carries this name, so this is the population of the surrounding dissemination area, NOT of the named place"
35009,Sayward,Village,-125.9594444443,50.3788888846,Sayward,Village (1),59240211,334,contains,0.0,5924039,Sayward,Village,334,contains,0.0,yes,Sayward,Village,346,2021,329,2025,346,municipal,"BC Stats population estimate, July 1 2021",high,csd,5924039,0,,,FALSE,TRUE,municipality,"this is the population of the municipality of Sayward itself, as estimated by BC Stats for 2021 (the 2021 census counted 334)"
18110,Sechelt,District Municipality,-123.7633333333,49.471666662,Sechelt,District Municipality (1),59290186,835,contains,0.0,5929011,Sechelt,District municipality,10847,contains,0.0,yes,Sechelt District Municipality,District municipality,11145,2021,11558,2025,11145,municipal,"BC Stats population estimate, July 1 2021",high,csd,5929011,0,,,FALSE,TRUE,municipality + population>1000,"this is the population of the municipality of Sechelt District Municipality itself, as estimated by BC Stats for 2021 (the 2021 census counted 10,847)"
40840,Sechelt Indian Government District,Indian Government District,-123.7429848351,49.4789596573,Sechelt Indian Government District,Indian Government District,59290133,597,contains,0.0,5929803,Sechelt (Part),Indian government district,744,contains,0.0,no,shíshálh Nation Gov Dist (Part-Sunshine Coast),Indian government district,773,2021,806,2025,597,da,"2021 Census, dissemination area",high,da,59290133,1,,,FALSE,TRUE,indigenous,"no census subdivision carries this name, so this is the population of the surrounding dissemination area, NOT of the named place (it lies within the municipality of shíshálh Nation Gov Dist (Part-Sunshine Coast))"
65204,Shingle Point 4,Indian Reserve,-123.6391666668,49.0436111065,Shingle Point 4,Indian Reserve-Réserve indienne,59190307,0,contains,0.0,5919811,Shingle Point 4,Indian reserve,0,contains,0.0,yes,,,,,,,0,csd,"2021 Census, census subdivision",high,csd,5919811,0,,,FALSE,TRUE,indigenous,"the geoname names its containing census subdivision, so this is the population of Shingle Point 4 itself"
65236,Squaw-Hay-One 11,Indian Reserve,-123.701301596,48.8997917461,Squaw-Hay-One 11,Indian Reserve-Réserve indienne,59190271,363,contains,0.0,5919802,Squaw-Hay-One 11,Indian reserve,29,nearest-name,30.2,yes,,,,,,,29,csd,"2021 Census, census subdivision",medium,csd,5919802,0,,,FALSE,TRUE,indigenous,"the point lies 30 m outside the same-named census subdivision, inside North Cowichan; the same-named one was taken; the geoname names its containing census subdivision, so this is the population of Squaw-Hay-One 11 itself"
65060,Squirrel Cove 8,Indian Reserve,-124.9180393226,50.133115363,Squirrel Cove 8,Indian Reserve-Réserve indienne,59240274,426,nearest,34.4,5924818,Squirrel Cove 8,Indian reserve,0,nearest-name,1016.2,yes,,,,,,,0,csd,"2021 Census, census subdivision",medium,csd,5924818,0,,,FALSE,TRUE,indigenous,"the point lies 1016 m outside the same-named census subdivision, inside Strathcona B; the same-named one was taken; the geoname names its containing census subdivision, so this is the population of Squirrel Cove 8 itself; point falls outside every boundary - typically over water - and adopted the nearest within 2000 m"
8757,Sturdies Bay,Community,-123.3171977003,48.8785954069,Sturdies Bay,Community,59170630,1412,contains,0.0,5917029,Southern Gulf Islands,Regional district electoral area,6101,contains,0.0,no,,,,,,,1412,da,"2021 Census, dissemination area",high,da,59170630,1,,,FALSE,TRUE,population>1000,"no census subdivision carries this name, so this is the population of the surrounding dissemination area, NOT of the named place"
56243,Teeshohsum,Community,-124.6083333334,49.8972222178,Teeshohsum,Community,59270089,662,contains,0.0,5927802,Sliammon 1,Tla'amin Lands,797,contains,0.0,no,,,,,,,662,da,"2021 Census, dissemination area",high,da,59270089,0,,,FALSE,TRUE,indigenous,"no census subdivision carries this name, so this is the population of the surrounding dissemination area, NOT of the named place"
65219,Theik 2,Indian Reserve,-123.6346285857,48.7331254595,Theik 2,Indian Reserve-Réserve indienne,59190175,630,contains,0.0,5919818,Theik 2,Indian reserve,48,nearest-name,862.6,yes,,,,,,,48,csd,"2021 Census, census subdivision",medium,csd,5919818,0,,,FALSE,TRUE,indigenous,"the point lies 863 m outside the same-named census subdivision, inside Cowichan Valley D; the same-named one was taken; the geoname names its containing census subdivision, so this is the population of Theik 2 itself"
65059,Tork 7,Indian Reserve,-124.9347065056,50.1331151667,Tork 7,Indian Reserve-Réserve indienne,59240276,60,contains,0.0,5924820,Tork 7,Indian reserve,60,contains,0.0,yes,,,,,,,60,csd,"2021 Census, census subdivision",high,csd,5924820,0,,,FALSE,TRUE,indigenous,"the geoname names its containing census subdivision, so this is the population of Tork 7 itself"
65277,Tsahaheh 1,Indian Reserve,-124.8591666661,49.2697222181,Tsahaheh 1,Indian Reserve-Réserve indienne,59230142,596,contains,0.0,5923816,Tsahaheh 1,Indian reserve,596,contains,0.0,yes,,,,,,,596,csd,"2021 Census, census subdivision",high,csd,5923816,0,,,FALSE,TRUE,indigenous,"the geoname names its containing census subdivision, so this is the population of Tsahaheh 1 itself"
65281,Tsussie 6,Indian Reserve,-123.6758333327,48.883611107,Tsussie 6,Indian Reserve-Réserve indienne,59190273,82,contains,0.0,5919803,Tsussie 6,Indian reserve,82,contains,0.0,yes,,,,,,,82,csd,"2021 Census, census subdivision",high,csd,5919803,0,,,FALSE,TRUE,indigenous,"the geoname names its containing census subdivision, so this is the population of Tsussie 6 itself"
65220,Tzart-lam 5,Indian Reserve,-123.8346355491,48.7664566087,Tzart-lam 5,Indian Reserve-Réserve indienne,59190169,715,contains,0.0,5919821,Tzart-Lam 5,Indian reserve,27,nearest-name,684.3,yes,,,,,,,27,csd,"2021 Census, census subdivision",medium,csd,5919821,0,,,FALSE,TRUE,indigenous,"the point lies 684 m outside the same-named census subdivision, inside Cowichan Valley E; the same-named one was taken; the geoname names its containing census subdivision, so this is the population of Tzart-Lam 5 itself"
52920,Tzouhalem,Community,-123.6520145003,48.7799976661,Tzouhalem,Community,59190317,1060,contains,0.0,5919822,Cowichan,Indian reserve,2420,contains,0.0,no,,,,,,,1060,da,"2021 Census, dissemination area",high,da,59190317,0,,,FALSE,TRUE,indigenous + population>1000,"no census subdivision carries this name, so this is the population of the surrounding dissemination area, NOT of the named place"
65419,Ahaminaquus 12,Indian Reserve,-126.1180630577,49.683099193,Ahaminaquus 12,Indian Reserve-Réserve indienne,59240208,0,contains,0.0,5924803,Ahaminaquus 12,Indian reserve,0,contains,0.0,yes,,,,,,,0,csd,"2021 Census, census subdivision",high,csd,5924803,0,,,FALSE,TRUE,indigenous,"the geoname names its containing census subdivision, so this is the population of Ahaminaquus 12 itself"
63302,Ak:tiis,First Nation Village,-127.3969444446,50.0119444405,Ak:tiis,First Nation Village,59240202,0,contains,0.0,5924813,Village Island 1,Indian reserve,0,contains,0.0,no,,,,,,,0,da,"2021 Census, dissemination area",high,da,59240202,0,,,FALSE,TRUE,indigenous,"no census subdivision carries this name, so this is the population of the surrounding dissemination area, NOT of the named place"
62791,Anaqtl'a,First Nation Village,-125.1197222224,48.7999999955,Anaqtl'a,First Nation Village,59230150,104,contains,0.0,5923803,Anacla 12,Indian reserve,104,contains,0.0,no,,,,,,,104,da,"2021 Census, dissemination area",high,da,59230150,0,,,FALSE,TRUE,indigenous,"no census subdivision carries this name, so this is the population of the surrounding dissemination area, NOT of the named place"
65342,Chenahkint 12,Indian Reserve,-126.9680943684,49.8830895682,Chenahkint 12,Indian Reserve-Réserve indienne,59240429,33,contains,0.0,5924805,Chenahkint 12,Indian reserve,0,nearest-name,814.2,yes,,,,,,,0,csd,"2021 Census, census subdivision",medium,csd,5924805,0,,,FALSE,TRUE,indigenous,"the point lies 814 m outside the same-named census subdivision, inside Strathcona A; the same-named one was taken; the geoname names its containing census subdivision, so this is the population of Chenahkint 12 itself"
65343,Ehatis 11,Indian Reserve,-126.8608700003,49.982759997,Ehatis 11,Indian Reserve-Réserve indienne,59240203,91,contains,0.0,5924836,Ehatis 11,Indian reserve,91,contains,0.0,yes,,,,,,,91,csd,"2021 Census, census subdivision",high,csd,5924836,0,,,FALSE,TRUE,indigenous,"the geoname names its containing census subdivision, so this is the population of Ehatis 11 itself"
65241,Esowista 3,Indian Reserve,-125.7847024255,49.0664346938,Esowista 3,Indian Reserve-Réserve indienne,59230154,875,nearest,8.4,5923823,Esowista 3,Indian reserve,90,nearest-name,299.5,yes,,,,,,,90,csd,"2021 Census, census subdivision",medium,csd,5923823,0,,,FALSE,TRUE,indigenous,"the point lies 299 m outside the same-named census subdivision, inside Alberni-Clayoquot C; the same-named one was taken; the geoname names its containing census subdivision, so this is the population of Esowista 3 itself; point falls outside every boundary - typically over water - and adopted the nearest within 2000 m"
9765,Gold River,Village,-126.0469444448,49.781388885,Gold River,Village (1),59240207,421,contains,0.0,5924025,Gold River,Village,1246,contains,0.0,yes,Gold River,Village,1286,2021,1339,2025,1286,municipal,"BC Stats population estimate, July 1 2021",high,csd,5924025,0,,,FALSE,TRUE,municipality + population>1000,"this is the population of the municipality of Gold River itself, as estimated by BC Stats for 2021 (the 2021 census counted 1,246)"
65284,Gordon River 2,Indian Reserve,-124.4013146548,48.5831164964,Gordon River 2,Indian Reserve-Réserve indienne,59170703,399,contains,0.0,5917815,Gordon River 2,Indian reserve,79,nearest-name,28.1,yes,,,,,,,79,csd,"2021 Census, census subdivision",medium,csd,5917815,0,,,FALSE,TRUE,indigenous,"the point lies 28 m outside the same-named census subdivision, inside Juan de Fuca (Part 2); the same-named one was taken; the geoname names its containing census subdivision, so this is the population of Gordon River 2 itself"
63103,Hitacu,First Nation Village,-125.5266666666,48.9369444406,Hitacu,First Nation Village,59230080,321,contains,0.0,5923807,Ittatsoo 1,Indian reserve,321,contains,0.0,no,,,,,,,321,da,"2021 Census, dissemination area",high,da,59230080,0,,,FALSE,TRUE,indigenous,"no census subdivision carries this name, so this is the population of the surrounding dissemination area, NOT of the named place"
62968,Hi'tatis,First Nation Village,-125.0374999995,49.0205555508,Hi'tatis,First Nation Village,59230146,10,contains,0.0,5923805,Elhlateese 2,Indian reserve,10,contains,0.0,no,,,,,,,10,da,"2021 Census, dissemination area",high,da,59230146,0,,,FALSE,TRUE,indigenous,"no census subdivision carries this name, so this is the population of the surrounding dissemination area, NOT of the named place"
65443,Hope Island 1,Indian Reserve,-127.9014873855,50.9164161086,Hope Island 1,Indian Reserve-Réserve indienne,59430057,0,contains,0.0,5943836,Hope Island 1,Indian reserve,0,contains,0.0,yes,,,,,,,0,csd,"2021 Census, census subdivision",high,csd,5943836,0,,,FALSE,TRUE,indigenous,"the geoname names its containing census subdivision, so this is the population of Hope Island 1 itself"
63350,Houpsitas,First Nation Village,-127.3786111109,50.030555552,Houpsitas,First Nation Village,59240427,157,contains,0.0,5924806,Houpsitas 6,Indian reserve,157,contains,0.0,no,,,,,,,157,da,"2021 Census, dissemination area",high,da,59240427,0,,,FALSE,TRUE,indigenous,"no census subdivision carries this name, so this is the population of the surrounding dissemination area, NOT of the named place"
65298,Malachan 11,Indian Reserve,-124.6679954768,48.8164472009,Malachan 11,Indian Reserve-Réserve indienne,59190163,653,contains,0.0,5919814,Malachan 11,Indian reserve,178,nearest-name,322.0,yes,,,,,,,178,csd,"2021 Census, census subdivision",medium,csd,5919814,0,,,FALSE,TRUE,indigenous,"the point lies 322 m outside the same-named census subdivision, inside Cowichan Valley F; the same-named one was taken; the geoname names its containing census subdivision, so this is the population of Malachan 11 itself"
65149,Marktosis 15,Indian Reserve,-126.0559999997,49.2759799968,Marktosis 15,Indian Reserve-Réserve indienne,59230084,760,contains,0.0,5923808,Marktosis 15,Indian reserve,760,contains,0.0,yes,,,,,,,760,csd,"2021 Census, census subdivision",high,csd,5923808,0,,,FALSE,TRUE,indigenous,"the geoname names its containing census subdivision, so this is the population of Marktosis 15 itself"
65430,Oclucje 7,Indian Reserve,-126.9415799994,49.9894899972,Oclucje 7,Indian Reserve-Réserve indienne,59240197,29,contains,0.0,5924833,Oclucje 7,Indian reserve,29,contains,0.0,yes,,,,,,,29,csd,"2021 Census, census subdivision",high,csd,5924833,0,,,FALSE,TRUE,indigenous,"the geoname names its containing census subdivision, so this is the population of Oclucje 7 itself"
65242,Opitsat 1,Indian Reserve,-125.918042964,49.183100063,Opitsat 1,Indian Reserve-Réserve indienne,59230154,875,contains,0.0,5923813,Opitsat 1,Indian reserve,153,nearest-name,414.2,yes,,,,,,,153,csd,"2021 Census, census subdivision",medium,csd,5923813,0,,,FALSE,TRUE,indigenous,"the point lies 414 m outside the same-named census subdivision, inside Alberni-Clayoquot C; the same-named one was taken; the geoname names its containing census subdivision, so this is the population of Opitsat 1 itself"
25917,Port Alice,Village,-127.4880555559,50.4266666627,Port Alice,Village (1),59430083,388,contains,0.0,5943017,Port Alice,Village,739,contains,0.0,yes,Port Alice,Village,763,2021,789,2025,763,municipal,"BC Stats population estimate, July 1 2021",high,csd,5943017,0,,,FALSE,TRUE,municipality,"this is the population of the municipality of Port Alice itself, as estimated by BC Stats for 2021 (the 2021 census counted 739)"
30878,Tahsis,Village,-126.6644444446,49.9163888846,Tahsis,Village (1),59240200,393,contains,0.0,5924030,Tahsis,Village,393,contains,0.0,yes,Tahsis,Village,401,2021,418,2025,401,municipal,"BC Stats population estimate, July 1 2021",high,csd,5924030,0,,,FALSE,TRUE,municipality,"this is the population of the municipality of Tahsis itself, as estimated by BC Stats for 2021 (the 2021 census counted 393)"
60001,Tin-Wis 11,Indian Reserve,-125.8986111115,49.1308333257,Tin-Wis 11,Indian Reserve-Réserve indienne,59230088,26,contains,0.0,5923825,Tin Wis 11,Indian reserve,26,contains,0.0,yes,,,,,,,26,csd,"2021 Census, census subdivision",high,csd,5923825,0,,,FALSE,TRUE,indigenous,"the geoname names its containing census subdivision, so this is the population of Tin Wis 11 itself"
20919,Tofino,District Municipality,-125.9044444438,49.1530555515,Tofino,District Municipality (1),59230090,1023,contains,0.0,5923025,Tofino,District municipality,2516,contains,0.0,yes,Tofino,District municipality,2664,2021,2772,2025,2664,municipal,"BC Stats population estimate, July 1 2021",high,csd,5923025,0,,,FALSE,TRUE,municipality + population>1000,"this is the population of the municipality of Tofino itself, as estimated by BC Stats for 2021 (the 2021 census counted 2,516)"
60005,Tsa Xana 18,Indian Reserve,-126.0736111107,49.8133333295,Tsa Xana 18,Indian Reserve-Réserve indienne,59240195,205,contains,0.0,5924835,Tsa Xana 18,Indian reserve,205,contains,0.0,yes,,,,,,,205,csd,"2021 Census, census subdivision",high,csd,5924835,0,,,FALSE,TRUE,indigenous,"the geoname names its containing census subdivision, so this is the population of Tsa Xana 18 itself"
24419,Ucluelet,District Municipality,-125.546111111,48.9427777737,Ucluelet,District Municipality (1),59230093,675,contains,0.0,5923019,Ucluelet,District municipality,2066,contains,0.0,yes,Ucluelet,District municipality,2179,2021,2452,2025,2179,municipal,"BC Stats population estimate, July 1 2021",high,csd,5923019,0,,,FALSE,TRUE,municipality + population>1000,"this is the population of the municipality of Ucluelet itself, as estimated by BC Stats for 2021 (the 2021 census counted 2,066)"
65508,Yuquot 1,Indian Reserve,-126.6180751756,49.5830927972,Yuquot 1,Indian Reserve-Réserve indienne,59240429,33,nearest,594.6,5924814,Yuquot 1,Indian reserve,0,nearest-name,714.2,yes,,,,,,,0,csd,"2021 Census, census subdivision",medium,csd,5924814,0,,,FALSE,TRUE,indigenous,"the point lies 714 m outside the same-named census subdivision, inside Strathcona A; the same-named one was taken; the geoname names its containing census subdivision, so this is the population of Yuquot 1 itself; point falls outside every boundary - typically over water - and adopted the nearest within 2000 m"
25342,Zeballos,Village,-126.846111111,49.9824999956,Zeballos,Village (1),59240204,126,contains,0.0,5924029,Zeballos,Village,126,contains,0.0,yes,Zeballos,Village,130,2021,136,2025,130,municipal,"BC Stats population estimate, July 1 2021",high,csd,5924029,0,,,FALSE,TRUE,municipality,"this is the population of the municipality of Zeballos itself, as estimated by BC Stats for 2021 (the 2021 census counted 126)"
30143,Anmore,Village,-122.8563888894,49.31444444,Anmore,Village (1),59153592,1505,contains,0.0,5915038,Anmore,Village,2356,contains,0.0,yes,Anmore,Village,2456,2021,2508,2025,2456,municipal,"BC Stats population estimate, July 1 2021",high,csd,5915038,0,,,FALSE,TRUE,municipality + population>1000,"this is the population of the municipality of Anmore itself, as estimated by BC Stats for 2021 (the 2021 census counted 2,356)"
65051,Barnston Island 3,Indian Reserve,-122.701278008,49.1831370374,Barnston Island 3,Indian Reserve-Réserve indienne,59153723,329,contains,0.0,5915809,Barnston Island 3,Indian reserve,,nearest-name,178.5,yes,,,,,,,329,da,"2021 Census, dissemination area",high,da,59153723,0,,,FALSE,TRUE,indigenous,"the point lies 178 m outside the same-named census subdivision, inside Surrey; the same-named one was taken; census subdivision population suppressed or unavailable; no census subdivision carries this name, so this is the population of the surrounding dissemination area, NOT of the named place"
65262,Becher Bay 1,Indian Reserve,-123.5997222226,48.3394444399,Becher Bay 1,Indian Reserve-Réserve indienne,59170685,221,contains,0.0,5917809,Becher Bay 1,Indian reserve,221,contains,0.0,yes,,,,,,,221,csd,"2021 Census, census subdivision",high,csd,5917809,0,,,FALSE,TRUE,indigenous,"the geoname names its containing census subdivision, so this is the population of Becher Bay 1 itself"
35893,Belcarra,Village,-122.9150000004,49.3136111065,Belcarra,Village (1),59153593,687,contains,0.0,5915036,Belcarra,Village,687,contains,0.0,yes,Belcarra,Village,710,2021,702,2025,710,municipal,"BC Stats population estimate, July 1 2021",high,csd,5915036,0,,,FALSE,TRUE,municipality,"this is the population of the municipality of Belcarra itself, as estimated by BC Stats for 2021 (the 2021 census counted 687)"
2210,Burnaby,City,-122.9727777774,49.2427777739,Burnaby,City,59152917,509,contains,0.0,5915025,Burnaby,City,249125,contains,0.0,yes,Burnaby,City,261800,2021,299682,2025,261800,municipal,"BC Stats population estimate, July 1 2021",high,csd,5915025,0,,,FALSE,TRUE,municipality + population>1000,"this is the population of the municipality of Burnaby itself, as estimated by BC Stats for 2021 (the 2021 census counted 249,125)"
65003,Burrard Inlet 3,Indian Reserve,-122.9846236359,49.3164676524,Burrard Inlet 3,Indian Reserve-Réserve indienne,59150230,1161,contains,0.0,5915806,Burrard Inlet 3,Indian reserve,2373,nearest-name,409.1,yes,,,,,,,2373,csd,"2021 Census, census subdivision",medium,csd,5915806,0,,,FALSE,TRUE,indigenous + population>1000,"the point lies 409 m outside the same-named census subdivision, inside North Vancouver; the same-named one was taken; the geoname names its containing census subdivision, so this is the population of Burrard Inlet 3 itself"
64598,Capilano 5,Indian Reserve,-123.1346283072,49.3164659744,Capilano 5,Indian Reserve-Réserve indienne,59150056,708,nearest,87.5,5915808,Capilano 5,Indian reserve,2899,nearest-name,107.8,yes,,,,,,,2899,csd,"2021 Census, census subdivision",medium,csd,5915808,0,,,FALSE,TRUE,indigenous + population>1000,"the point lies 108 m outside the same-named census subdivision, inside West Vancouver; the same-named one was taken; the geoname names its containing census subdivision, so this is the population of Capilano 5 itself; point falls outside every boundary - typically over water - and adopted the nearest within 2000 m"
38674,Central Saanich,District Municipality,-123.4208333333,48.5944444397,Central Saanich,District Municipality (1),59170731,484,contains,0.0,5917015,Central Saanich,District municipality,17385,contains,0.0,yes,Central Saanich,District municipality,17989,2021,18184,2025,17989,municipal,"BC Stats population estimate, July 1 2021",high,csd,5917015,0,,,FALSE,TRUE,municipality + population>1000,"this is the population of the municipality of Central Saanich itself, as estimated by BC Stats for 2021 (the 2021 census counted 17,385)"
65287,Cole Bay 3,Indian Reserve,-123.4512866688,48.6164606186,Cole Bay 3,Indian Reserve-Réserve indienne,59170544,266,contains,0.0,5917801,Cole Bay 3,Indian reserve,266,contains,0.0,yes,,,,,,,266,csd,"2021 Census, census subdivision",high,csd,5917801,0,,,FALSE,TRUE,indigenous,"the geoname names its containing census subdivision, so this is the population of Cole Bay 3 itself"
35878,Colwood,City,-123.4933333335,48.4236111067,Colwood,City,59170793,546,contains,0.0,5917041,Colwood,City,18961,contains,0.0,yes,Colwood,City,19798,2021,22794,2025,19798,municipal,"BC Stats population estimate, July 1 2021",high,csd,5917041,0,,,FALSE,TRUE,municipality + population>1000,"this is the population of the municipality of Colwood itself, as estimated by BC Stats for 2021 (the 2021 census counted 18,961)"
13021,Coquitlam,City,-122.7936111117,49.2841666625,Coquitlam,City,59152995,5969,contains,0.0,5915034,Coquitlam,City,148625,contains,0.0,yes,Coquitlam,City,155554,2021,173599,2025,155554,municipal,"BC Stats population estimate, July 1 2021",high,csd,5915034,0,,,FALSE,TRUE,municipality + population>1000,"this is the population of the municipality of Coquitlam itself, as estimated by BC Stats for 2021 (the 2021 census counted 148,625)"
64947,Coquitlam 1,Indian Reserve,-122.8052299999,49.2303599968,Coquitlam 1,Indian Reserve-Réserve indienne,59154117,55,contains,0.0,5915805,Coquitlam 1,Indian reserve,55,contains,0.0,yes,,,,,,,55,csd,"2021 Census, census subdivision",high,csd,5915805,0,,,FALSE,TRUE,indigenous,"the geoname names its containing census subdivision, so this is the population of Coquitlam 1 itself"
64948,Coquitlam 2,Indian Reserve,-122.7922600002,49.2474199963,Coquitlam 2,Indian Reserve-Réserve indienne,59153004,0,contains,0.0,5915804,Coquitlam 2,Indian reserve,0,contains,0.0,yes,,,,,,,0,csd,"2021 Census, census subdivision",high,csd,5915804,0,,,FALSE,TRUE,indigenous,"the geoname names its containing census subdivision, so this is the population of Coquitlam 2 itself"
13789,Delta,City,-123.0586111113,49.084722218,Delta,City,59152700,588,contains,0.0,5915011,Delta,City,108455,contains,0.0,yes,Delta,City,113091,2021,124670,2025,113091,municipal,"BC Stats population estimate, July 1 2021",high,csd,5915011,0,,,FALSE,TRUE,municipality + population>1000,"this is the population of the municipality of Delta itself, as estimated by BC Stats for 2021 (the 2021 census counted 108,455)"
65265,East Saanich 2,Indian Reserve,-123.3846171193,48.583127968,East Saanich 2,Indian Reserve-Réserve indienne,59170066,1291,contains,0.0,5917803,East Saanich 2,Indian reserve,1790,contains,0.0,yes,,,,,,,1790,csd,"2021 Census, census subdivision",high,csd,5917803,0,,,FALSE,TRUE,indigenous + population>1000,"the geoname names its containing census subdivision, so this is the population of East Saanich 2 itself"
10640,Esquimalt,District Municipality,-123.4144444445,48.4297222174,Esquimalt,District Municipality (1),59170325,610,contains,0.0,5917040,Esquimalt,District municipality,17533,contains,0.0,yes,Esquimalt,District municipality,18298,2021,19512,2025,18298,municipal,"BC Stats population estimate, July 1 2021",high,csd,5917040,0,,,FALSE,TRUE,municipality + population>1000,"this is the population of the municipality of Esquimalt itself, as estimated by BC Stats for 2021 (the 2021 census counted 17,533)"
65798,Esquimalt,Indian Reserve,-123.4297222225,48.4438888848,Esquimalt,Indian Reserve-Réserve indienne,59170332,120,contains,0.0,5917811,Esquimalt,Indian reserve,120,contains,0.0,yes,,,,,,,120,csd,"2021 Census, census subdivision",high,csd,5917811,0,,,FALSE,TRUE,indigenous,"the geoname names its containing census subdivision, so this is the population of Esquimalt itself"
41023,Highlands,District Municipality,-123.5119444449,48.4805555515,Highlands,District Municipality (1),59170650,918,contains,0.0,5917049,Highlands,District municipality,2482,contains,0.0,yes,Highlands,District municipality,2581,2021,2753,2025,2581,municipal,"BC Stats population estimate, July 1 2021",high,csd,5917049,0,,,FALSE,TRUE,municipality + population>1000,"this is the population of the municipality of Highlands itself, as estimated by BC Stats for 2021 (the 2021 census counted 2,482)"
65005,Inlailawatash 4A,Indian Reserve,-122.8846248804,49.4831360223,Inlailawatash 4A,Indian Reserve-Réserve indienne,59153569,205,contains,0.0,5915020,Metro Vancouver A,Regional district electoral area,18612,contains,0.0,no,,,,,,,205,da,"2021 Census, dissemination area",high,da,59153569,2,,,FALSE,TRUE,indigenous,"no census subdivision carries this name, so this is the population of the surrounding dissemination area, NOT of the named place"
65052,Katzie 1,Indian Reserve,-122.6679440642,49.1998041258,Katzie 1,Indian Reserve-Réserve indienne,59151808,476,contains,0.0,5915830,Katzie 1,Indian reserve,244,nearest-name,111.0,yes,,,,,,,244,csd,"2021 Census, census subdivision",medium,csd,5915830,0,,,FALSE,TRUE,indigenous,"the point lies 111 m outside the same-named census subdivision, inside Maple Ridge; the same-named one was taken; the geoname names its containing census subdivision, so this is the population of Katzie 1 itself"
64441,Katzie 2,Indian Reserve,-122.6512768771,49.19980431,Katzie 2,Indian Reserve-Réserve indienne,59152432,1091,contains,0.0,5915813,Katzie 2,Indian reserve,26,nearest-name,202.4,yes,,,,,,,26,csd,"2021 Census, census subdivision",medium,csd,5915813,0,,,FALSE,TRUE,indigenous,"the point lies 202 m outside the same-named census subdivision, inside Langley; the same-named one was taken; the geoname names its containing census subdivision, so this is the population of Katzie 2 itself"
8837,Langford,City,-123.5044444447,48.4497222179,Langford,City,59170432,2576,contains,0.0,5917044,Langford,City,46584,contains,0.0,yes,Langford,City,49199,2021,59664,2025,49199,municipal,"BC Stats population estimate, July 1 2021",high,csd,5917044,0,,,FALSE,TRUE,municipality + population>1000,"this is the population of the municipality of Langford itself, as estimated by BC Stats for 2021 (the 2021 census counted 46,584)"
8845,Langley,City,-122.6590582005,49.1044518469,Langley,City,59152391,1260,contains,0.0,5915002,Langley,City,28963,contains,0.0,yes,"Langley, City of",City,30333,2021,35444,2025,30333,municipal,"BC Stats population estimate, July 1 2021",high,csd,5915002,0,,,FALSE,TRUE,municipality + population>1000,"this is the population of the municipality of Langley, City of itself, as estimated by BC Stats for 2021 (the 2021 census counted 28,963)"
8848,Langley,District Municipality,-122.6597222224,49.1202777737,Langley,District Municipality (1),59153864,835,contains,0.0,5915001,Langley,District municipality,132603,contains,0.0,yes,"Langley, District Municipality",District municipality,138426,2021,163885,2025,138426,municipal,"BC Stats population estimate, July 1 2021",high,csd,5915001,0,,,FALSE,TRUE,municipality + population>1000,"this is the population of the municipality of Langley, District Municipality itself, as estimated by BC Stats for 2021 (the 2021 census counted 132,603)"
34982,Lions Bay,Village,-123.2352777778,49.4586111065,Lions Bay,Village (1),59153567,951,contains,0.0,5915065,Lions Bay,Village,1390,contains,0.0,yes,Lions Bay,Village,1432,2021,1375,2025,1432,municipal,"BC Stats population estimate, July 1 2021",high,csd,5915065,0,,,FALSE,TRUE,municipality + population>1000,"this is the population of the municipality of Lions Bay itself, as estimated by BC Stats for 2021 (the 2021 census counted 1,390)"
5536,Maple Ridge,City,-122.5988888885,49.2199999959,Maple Ridge,City,59152437,1238,contains,0.0,5915075,Maple Ridge,City,90990,contains,0.0,yes,Maple Ridge,City,95107,2021,105925,2025,95107,municipal,"BC Stats population estimate, July 1 2021",high,csd,5915075,0,,,FALSE,TRUE,municipality + population>1000,"this is the population of the municipality of Maple Ridge itself, as estimated by BC Stats for 2021 (the 2021 census counted 90,990)"
64403,McMillan Island 6,Indian Reserve,-122.5679405119,49.1831385107,McMillan Island 6,Indian Reserve-Réserve indienne,59152483,1505,contains,0.0,5915816,McMillan Island 6,Indian reserve,96,nearest-name,377.1,yes,,,,,,,96,csd,"2021 Census, census subdivision",medium,csd,5915816,0,,,FALSE,TRUE,indigenous,"the point lies 377 m outside the same-named census subdivision, inside Maple Ridge; the same-named one was taken; the geoname names its containing census subdivision, so this is the population of McMillan Island 6 itself"
38033,Metchosin,District Municipality,-123.5358333327,48.3791666623,Metchosin,District Municipality (1),59170680,476,contains,0.0,5917042,Metchosin,District municipality,5067,contains,0.0,yes,Metchosin,District municipality,5252,2021,5207,2025,5252,municipal,"BC Stats population estimate, July 1 2021",high,csd,5917042,0,,,FALSE,TRUE,municipality + population>1000,"this is the population of the municipality of Metchosin itself, as estimated by BC Stats for 2021 (the 2021 census counted 5,067)"
64604,Mission 1,Indian Reserve,-123.1012939357,49.3164663483,Mission 1,Indian Reserve-Réserve indienne,59153241,2505,contains,0.0,5915807,Mission 1,Indian reserve,570,nearest-name,698.9,yes,,,,,,,570,csd,"2021 Census, census subdivision",medium,csd,5915807,0,,,FALSE,TRUE,indigenous,"the point lies 699 m outside the same-named census subdivision, inside North Vancouver; the same-named one was taken; the geoname names its containing census subdivision, so this is the population of Mission 1 itself"
64421,Musqueam 2,Indian Reserve,-123.2179620471,49.2331314384,Musqueam 2,Indian Reserve-Réserve indienne,59154013,376,nearest,180.4,5915803,Musqueam 2,Indian reserve,1646,nearest,180.4,yes,,,,,,,1646,csd,"2021 Census, census subdivision",medium,csd,5915803,0,,,FALSE,TRUE,indigenous + population>1000,"the geoname names its containing census subdivision, so this is the population of Musqueam 2 itself; point falls outside every boundary - typically over water - and adopted the nearest within 2000 m"
64422,Musqueam 4,Indian Reserve,-123.1262882064,49.0664653012,Musqueam 4,Indian Reserve-Réserve indienne,59153604,10,contains,0.0,5915810,Musqueam 4,Indian reserve,10,contains,0.0,yes,,,,,,,10,csd,"2021 Census, census subdivision",high,csd,5915810,0,,,FALSE,TRUE,indigenous,"the geoname names its containing census subdivision, so this is the population of Musqueam 4 itself"
65270,New Songhees 1A,Indian Reserve,-123.4179481048,48.4497940405,New Songhees 1A,Indian Reserve-Réserve indienne,59170336,1190,contains,0.0,5917812,New Songhees 1A,Indian reserve,1839,nearest-name,154.8,yes,,,,,,,1839,csd,"2021 Census, census subdivision",medium,csd,5917812,0,,,FALSE,TRUE,indigenous + population>1000,"the point lies 155 m outside the same-named census subdivision, inside Esquimalt; the same-named one was taken; the geoname names its containing census subdivision, so this is the population of New Songhees 1A itself"
14255,New Westminster,City,-122.9105555554,49.2066666625,New Westminster,City,59152842,848,contains,0.0,5915029,New Westminster,City,78916,contains,0.0,yes,New Westminster,City,82943,2021,92124,2025,82943,municipal,"BC Stats population estimate, July 1 2021",high,csd,5915029,0,,,FALSE,TRUE,municipality + population>1000,"this is the population of the municipality of New Westminster itself, as estimated by BC Stats for 2021 (the 2021 census counted 78,916)"
17127,North Saanich,District Municipality,-123.4322222225,48.6563888844,North Saanich,District Municipality (1),59170545,998,contains,0.0,5917005,North Saanich,District municipality,12235,contains,0.0,yes,North Saanich,District municipality,12623,2021,12986,2025,12623,municipal,"BC Stats population estimate, July 1 2021",high,csd,5917005,0,,,FALSE,TRUE,municipality + population>1000,"this is the population of the municipality of North Saanich itself, as estimated by BC Stats for 2021 (the 2021 census counted 12,235)"
17802,North Vancouver,City,-123.0738888884,49.3205555512,North Vancouver,City,59153327,1451,contains,0.0,5915051,North Vancouver,City,58120,contains,0.0,yes,"North Vancouver, City of",City,60951,2021,66624,2025,60951,municipal,"BC Stats population estimate, July 1 2021",high,csd,5915051,0,,,FALSE,TRUE,municipality + population>1000,"this is the population of the municipality of North Vancouver, City of itself, as estimated by BC Stats for 2021 (the 2021 census counted 58,120)"
17805,North Vancouver,District Municipality,-123.0780555558,49.3361111073,North Vancouver,District Municipality (1),59150137,557,contains,0.0,5915046,North Vancouver,District municipality,88168,contains,0.0,yes,"North Vancouver, District Municipality",District municipality,91599,2021,97845,2025,91599,municipal,"BC Stats population estimate, July 1 2021",high,csd,5915046,0,,,FALSE,TRUE,municipality + population>1000,"this is the population of the municipality of North Vancouver, District Municipality itself, as estimated by BC Stats for 2021 (the 2021 census counted 88,168)"
17883,Oak Bay,District Municipality,-123.3180555554,48.4258333285,Oak Bay,District Municipality (1),59170195,543,contains,0.0,5917030,Oak Bay,District municipality,17990,contains,0.0,yes,Oak Bay,District municipality,18533,2021,18626,2025,18533,municipal,"BC Stats population estimate, July 1 2021",high,csd,5917030,0,,,FALSE,TRUE,municipality + population>1000,"this is the population of the municipality of Oak Bay itself, as estimated by BC Stats for 2021 (the 2021 census counted 17,990)"
16886,Pitt Meadows,City,-122.6902777995,49.2205555468,Pitt Meadows,City,59151817,774,contains,0.0,5915070,Pitt Meadows,City,19146,contains,0.0,yes,Pitt Meadows,City,19919,2021,20892,2025,19919,municipal,"BC Stats population estimate, July 1 2021",high,csd,5915070,1,,,FALSE,TRUE,municipality + population>1000,"this is the population of the municipality of Pitt Meadows itself, as estimated by BC Stats for 2021 (the 2021 census counted 19,146)"
17769,Port Coquitlam,City,-122.7802777773,49.2619444401,Port Coquitlam,City,59152989,1573,contains,0.0,5915039,Port Coquitlam,City,61498,contains,0.0,yes,Port Coquitlam,City,64205,2021,67724,2025,64205,municipal,"BC Stats population estimate, July 1 2021",high,csd,5915039,0,,,FALSE,TRUE,municipality + population>1000,"this is the population of the municipality of Port Coquitlam itself, as estimated by BC Stats for 2021 (the 2021 census counted 61,498)"
16164,Port Moody,City,-122.8294444446,49.2822222184,Port Moody,City,59154004,1875,contains,0.0,5915043,Port Moody,City,33535,contains,0.0,yes,Port Moody,City,34987,2021,38285,2025,34987,municipal,"BC Stats population estimate, July 1 2021",high,csd,5915043,0,,,FALSE,TRUE,municipality + population>1000,"this is the population of the municipality of Port Moody itself, as estimated by BC Stats for 2021 (the 2021 census counted 33,535)"
19823,Richmond,City,-123.1375271997,49.1630465362,Richmond,City,59153530,770,contains,0.0,5915015,Richmond,City,209937,contains,0.0,yes,Richmond,City,221178,2021,239584,2025,221178,municipal,"BC Stats population estimate, July 1 2021",high,csd,5915015,0,,,FALSE,TRUE,municipality + population>1000,"this is the population of the municipality of Richmond itself, as estimated by BC Stats for 2021 (the 2021 census counted 209,937)"
40827,Saanich,District Municipality,-123.3733333334,48.456666662,Saanich,District Municipality (1),59170393,491,contains,0.0,5917021,Saanich,District municipality,117735,contains,0.0,yes,Saanich,District municipality,122889,2021,126011,2025,122889,municipal,"BC Stats population estimate, July 1 2021",high,csd,5917021,0,,,FALSE,TRUE,municipality + population>1000,"this is the population of the municipality of Saanich itself, as estimated by BC Stats for 2021 (the 2021 census counted 117,735)"
65772,Semiahmoo,Indian Reserve,-122.7679420485,48.9998024288,Semiahmoo,Indian Reserve-Réserve indienne,59152631,0,nearest,744.2,5915801,Semiahmoo,Indian reserve,71,nearest-name,848.0,yes,,,,,,,71,csd,"2021 Census, census subdivision",medium,csd,5915801,0,,,FALSE,TRUE,indigenous,"the point lies 848 m outside the same-named census subdivision, inside Surrey; the same-named one was taken; the geoname names its containing census subdivision, so this is the population of Semiahmoo itself; point falls outside every boundary - typically over water - and adopted the nearest within 2000 m"
64603,Seymour Creek 2,Indian Reserve,-123.0346247573,49.299800372,Seymour Creek 2,Indian Reserve-Réserve indienne,59153576,1540,contains,0.0,5915811,Seymour Creek 2,Indian reserve,105,nearest-name,340.0,yes,,,,,,,105,csd,"2021 Census, census subdivision",medium,csd,5915811,0,,,FALSE,TRUE,indigenous,"the point lies 340 m outside the same-named census subdivision, inside North Vancouver; the same-named one was taken; the geoname names its containing census subdivision, so this is the population of Seymour Creek 2 itself"
27029,Sidney,Town,-123.3983333334,48.650555551,Sidney,Town,59170044,688,contains,0.0,5917010,Sidney,Town,12318,contains,0.0,yes,Sidney,Town,12614,2021,13445,2025,12614,municipal,"BC Stats population estimate, July 1 2021",high,csd,5917010,0,,,FALSE,TRUE,municipality + population>1000,"this is the population of the municipality of Sidney itself, as estimated by BC Stats for 2021 (the 2021 census counted 12,318)"
19762,Sooke,District Municipality,-123.731944444,48.3827777729,Sooke,District Municipality (1),59170659,726,contains,0.0,5917052,Sooke,District municipality,15086,contains,0.0,yes,Sooke,District municipality,15712,2021,17248,2025,15712,municipal,"BC Stats population estimate, July 1 2021",high,csd,5917052,0,,,FALSE,TRUE,municipality + population>1000,"this is the population of the municipality of Sooke itself, as estimated by BC Stats for 2021 (the 2021 census counted 15,086)"
65266,South Saanich 1,Indian Reserve,-123.4512858233,48.5831272238,South Saanich 1,Indian Reserve-Réserve indienne,59170458,712,contains,0.0,5917804,South Saanich 1,Indian reserve,712,contains,0.0,yes,,,,,,,712,csd,"2021 Census, census subdivision",high,csd,5917804,0,,,FALSE,TRUE,indigenous,"the geoname names its containing census subdivision, so this is the population of South Saanich 1 itself"
14024,Surrey,City,-122.8500613995,49.1916339166,Surrey,City,59152203,967,contains,0.0,5915004,Surrey,City,568322,contains,0.0,yes,Surrey,City,597141,2021,703531,2025,597141,municipal,"BC Stats population estimate, July 1 2021",high,csd,5915004,0,,,FALSE,TRUE,municipality + population>1000,"this is the population of the municipality of Surrey itself, as estimated by BC Stats for 2021 (the 2021 census counted 568,322)"
23827,Tsawwassen,Community,-123.08461896,49.0164656272,Tsawwassen,Community,59152734,595,contains,0.0,5915802,Tsawwassen,Tsawwassen Lands,2256,nearest-name,642.9,yes,,,,,,,2256,csd,"2021 Census, census subdivision",medium,csd,5915802,0,,,FALSE,TRUE,indigenous + population>1000,"the point lies 643 m outside the same-named census subdivision, inside Delta; the same-named one was taken; the geoname names its containing census subdivision, so this is the population of Tsawwassen itself"
65268,T'Sou-ke 1,Indian Reserve,-123.6963888882,48.386111107,T'Sou-ke 1,Indian Reserve-Réserve indienne,59170655,115,contains,0.0,5917819,T'Sou-ke,Indian reserve,230,contains,0.0,no,,,,,,,115,da,"2021 Census, dissemination area",high,da,59170655,0,,,FALSE,TRUE,indigenous,"no census subdivision carries this name, so this is the population of the surrounding dissemination area, NOT of the named place"
65272,T'Sou-ke 2,Indian Reserve,-123.7472222229,48.3630555511,T'Sou-ke 2,Indian Reserve-Réserve indienne,59170666,115,contains,0.0,5917819,T'Sou-ke,Indian reserve,230,contains,0.0,no,,,,,,,115,da,"2021 Census, dissemination area",high,da,59170666,0,,,FALSE,TRUE,indigenous,"no census subdivision carries this name, so this is the population of the surrounding dissemination area, NOT of the named place"
65231,Twin Island 10,Indian Reserve,-123.5049999994,48.3797222173,Twin Island 10,Indian Reserve-Réserve indienne,59170688,0,contains,0.0,5917054,Juan de Fuca (Part 1),Regional district electoral area,5132,contains,0.0,no,,,,,,,0,da,"2021 Census, dissemination area",high,da,59170688,6,,,FALSE,TRUE,indigenous,"no census subdivision carries this name, so this is the population of the surrounding dissemination area, NOT of the named place"
65323,Union Bay 4,Indian Reserve,-123.4512879413,48.6664607135,Union Bay 4,Indian Reserve-Réserve indienne,59170545,998,contains,0.0,5917802,Union Bay 4,Indian reserve,109,nearest-name,28.4,yes,,,,,,,109,csd,"2021 Census, census subdivision",medium,csd,5917802,0,,,FALSE,TRUE,indigenous,"the point lies 28 m outside the same-named census subdivision, inside North Saanich; the same-named one was taken; the geoname names its containing census subdivision, so this is the population of Union Bay 4 itself"
24320,Vancouver,City,-123.1138888883,49.2611111068,Vancouver,City,59153151,632,contains,0.0,5915022,Vancouver,City,662248,contains,0.0,yes,Vancouver,City,696031,2021,740454,2025,696031,municipal,"BC Stats population estimate, July 1 2021",high,csd,5915022,0,,,FALSE,TRUE,municipality + population>1000,"this is the population of the municipality of Vancouver itself, as estimated by BC Stats for 2021 (the 2021 census counted 662,248)"
22474,Victoria,City,-123.3647222226,48.4283333286,Victoria,City,59170809,787,contains,0.0,5917034,Victoria,City,91867,contains,0.0,yes,Victoria,City,96277,2021,103888,2025,96277,municipal,"BC Stats population estimate, July 1 2021",high,csd,5917034,0,,,FALSE,TRUE,municipality + population>1000,"this is the population of the municipality of Victoria itself, as estimated by BC Stats for 2021 (the 2021 census counted 91,867)"
23448,View Royal,Town,-123.4341666664,48.45194444,View Royal,Town,59170331,745,contains,0.0,5917047,View Royal,Town,11575,contains,0.0,yes,View Royal,Town,12062,2021,12795,2025,12062,municipal,"BC Stats population estimate, July 1 2021",high,csd,5917047,0,,,FALSE,TRUE,municipality + population>1000,"this is the population of the municipality of View Royal itself, as estimated by BC Stats for 2021 (the 2021 census counted 11,575)"
20235,West Vancouver,District Municipality,-123.1597222216,49.3311111066,West Vancouver,District Municipality (1),59150044,565,contains,0.0,5915055,West Vancouver,District municipality,44122,contains,0.0,yes,West Vancouver,District municipality,45539,2021,47929,2025,45539,municipal,"BC Stats population estimate, July 1 2021",high,csd,5915055,0,,,FALSE,TRUE,municipality + population>1000,"this is the population of the municipality of West Vancouver itself, as estimated by BC Stats for 2021 (the 2021 census counted 44,122)"
38424,White Rock,City,-122.7983333331,49.0236111067,White Rock,City,59152628,406,contains,0.0,5915007,White Rock,City,21939,contains,0.0,yes,White Rock,City,22567,2021,25057,2025,22567,municipal,"BC Stats population estimate, July 1 2021",high,csd,5915007,0,,,FALSE,TRUE,municipality + population>1000,"this is the population of the municipality of White Rock itself, as estimated by BC Stats for 2021 (the 2021 census counted 21,939)"
64401,Whonnock 1,Indian Reserve,-122.4679369573,49.1664728935,Whonnock 1,Indian Reserve-Réserve indienne,59153944,342,contains,0.0,5915840,Whonnock 1,Indian reserve,5,nearest-name,710.1,yes,,,,,,,5,csd,"2021 Census, census subdivision",medium,csd,5915840,0,,,FALSE,TRUE,indigenous,"the point lies 710 m outside the same-named census subdivision, inside Langley; the same-named one was taken; the geoname names its containing census subdivision, so this is the population of Whonnock 1 itself"
