geoname_id,bc_geographic_name,geoname_type,lat,lon,place_population,cd_uid,district,district_label,basin_district,basin_district_label,basin,basin_label,basin_hub,is_hub,basin_access,place_access,assigned_by,hub_distance_km
752,Abbotsford,City,49.0522222,-122.3291667,160759,5909,fraser-valley,Fraser Valley,fraser-valley,Fraser Valley,abbotsford-mission,Abbotsford & Mission,Abbotsford,TRUE,road,road,hub,0.0
22601,Abbotsford,Community,49.0498079,-122.2845949,160759,5909,fraser-valley,Fraser Valley,fraser-valley,Fraser Valley,abbotsford-mission,Abbotsford & Mission,Abbotsford,FALSE,road,road,nearest,3.3
38229,Mission,District Municipality,49.1591667,-122.2838889,43340,5909,fraser-valley,Fraser Valley,fraser-valley,Fraser Valley,abbotsford-mission,Abbotsford & Mission,Abbotsford,FALSE,road,road,nearest,12.3
38230,Mission,Community,49.1402778,-122.3166667,43340,5909,fraser-valley,Fraser Valley,fraser-valley,Fraser Valley,abbotsford-mission,Abbotsford & Mission,Abbotsford,FALSE,road,road,nearest,9.8
20699,South Poplar,Community,49.0169901,-122.3152338,1152,5909,fraser-valley,Fraser Valley,fraser-valley,Fraser Valley,abbotsford-mission,Abbotsford & Mission,Abbotsford,FALSE,road,road,nearest,4.0
24812,Clearbrook,Community,49.0498073,-122.3345965,798,5909,fraser-valley,Fraser Valley,fraser-valley,Fraser Valley,abbotsford-mission,Abbotsford & Mission,Abbotsford,FALSE,road,road,nearest,0.5
19838,Ridgedale,Community,49.1182731,-122.2469296,787,5909,fraser-valley,Fraser Valley,fraser-valley,Fraser Valley,abbotsford-mission,Abbotsford & Mission,Abbotsford,FALSE,road,road,nearest,9.5
64409,Sahhacum 1,Indian Reserve,49.0831413,-122.2845958,787,5909,fraser-valley,Fraser Valley,fraser-valley,Fraser Valley,abbotsford-mission,Abbotsford & Mission,Abbotsford,FALSE,road,road,nearest,4.7
1452,Alvin,Locality,49.5998059,-122.6346201,781,5909,fraser-valley,Fraser Valley,fraser-valley,Fraser Valley,abbotsford-mission,Abbotsford & Mission,Abbotsford,FALSE,road,road,nearest,64.8
16417,Durieu,Community,49.2166800,-122.2421000,781,5909,fraser-valley,Fraser Valley,fraser-valley,Fraser Valley,abbotsford-mission,Abbotsford & Mission,Abbotsford,FALSE,road,road,nearest,19.4
24272,Miracle Valley,Community,49.2504668,-122.2476152,781,5909,fraser-valley,Fraser Valley,fraser-valley,Fraser Valley,abbotsford-mission,Abbotsford & Mission,Abbotsford,FALSE,road,road,nearest,22.8
39101,Williams Landing,Locality,49.4331399,-122.5179454,781,5909,fraser-valley,Fraser Valley,fraser-valley,Fraser Valley,abbotsford-mission,Abbotsford & Mission,Abbotsford,FALSE,road,road,nearest,44.5
15669,Huntingdon,Community,49.0059573,-122.2652604,743,5909,fraser-valley,Fraser Valley,fraser-valley,Fraser Valley,abbotsford-mission,Abbotsford & Mission,Abbotsford,FALSE,road,road,nearest,6.9
24472,Stave Falls,Community,49.2289425,-122.3577823,734,5909,fraser-valley,Fraser Valley,fraser-valley,Fraser Valley,abbotsford-mission,Abbotsford & Mission,Abbotsford,FALSE,road,road,nearest,19.8
34972,Clayburn,Community,49.0819375,-122.2611047,693,5909,fraser-valley,Fraser Valley,fraser-valley,Fraser Valley,abbotsford-mission,Abbotsford & Mission,Abbotsford,FALSE,road,road,nearest,6.0
8595,Hatzic,Community,49.1498086,-122.2512631,664,5909,fraser-valley,Fraser Valley,fraser-valley,Fraser Valley,abbotsford-mission,Abbotsford & Mission,Abbotsford,FALSE,road,road,nearest,12.2
59960,Pekw'Xe:yles,Indian Reserve,49.1413889,-122.2722222,664,5909,fraser-valley,Fraser Valley,fraser-valley,Fraser Valley,abbotsford-mission,Abbotsford & Mission,Abbotsford,FALSE,road,road,nearest,10.7
580,Bradner,Community,49.1012957,-122.4265600,646,5909,fraser-valley,Fraser Valley,fraser-valley,Fraser Valley,abbotsford-mission,Abbotsford & Mission,Abbotsford,FALSE,road,road,nearest,8.9
27429,Mount Lehman,Community,49.1181662,-122.3821830,609,5909,fraser-valley,Fraser Valley,fraser-valley,Fraser Valley,abbotsford-mission,Abbotsford & Mission,Abbotsford,FALSE,road,road,nearest,8.3
24480,Steelhead,Community,49.2193840,-122.3152100,563,5909,fraser-valley,Fraser Valley,fraser-valley,Fraser Valley,abbotsford-mission,Abbotsford & Mission,Abbotsford,FALSE,road,road,nearest,18.6
9229,Arnold,Community,49.0081426,-122.1512564,561,5909,fraser-valley,Fraser Valley,fraser-valley,Fraser Valley,abbotsford-mission,Abbotsford & Mission,Abbotsford,FALSE,road,road,nearest,13.9
64402,Langley 4,Indian Reserve,49.1831403,-122.4012686,561,5909,fraser-valley,Fraser Valley,fraser-valley,Fraser Valley,abbotsford-mission,Abbotsford & Mission,Abbotsford,FALSE,road,road,nearest,15.5
64412,Three Islands 3,Indian Reserve,49.1164742,-122.3345982,508,5909,fraser-valley,Fraser Valley,fraser-valley,Fraser Valley,abbotsford-mission,Abbotsford & Mission,Abbotsford,FALSE,road,road,nearest,7.2
20183,West Heights,Community,49.1395848,-122.3384276,508,5909,fraser-valley,Fraser Valley,fraser-valley,Fraser Valley,abbotsford-mission,Abbotsford & Mission,Abbotsford,FALSE,road,road,nearest,9.7
136,Aberdeen,Community,49.0496657,-122.4151207,507,5909,fraser-valley,Fraser Valley,fraser-valley,Fraser Valley,abbotsford-mission,Abbotsford & Mission,Abbotsford,FALSE,road,road,nearest,6.3
6112,Gifford,Locality,49.0998075,-122.3345978,506,5909,fraser-valley,Fraser Valley,fraser-valley,Fraser Valley,abbotsford-mission,Abbotsford & Mission,Abbotsford,FALSE,road,road,nearest,5.3
25776,Matsqui,Urban Community,49.1081413,-122.2929300,506,5909,fraser-valley,Fraser Valley,fraser-valley,Fraser Valley,abbotsford-mission,Abbotsford & Mission,Abbotsford,FALSE,road,road,nearest,6.8
23787,Silverhill,Community,49.1839459,-122.3799704,503,5909,fraser-valley,Fraser Valley,fraser-valley,Fraser Valley,abbotsford-mission,Abbotsford & Mission,Abbotsford,FALSE,road,road,nearest,15.1
17283,Dewdney,Community,49.1648870,-122.1963953,425,5909,fraser-valley,Fraser Valley,fraser-valley,Fraser Valley,abbotsford-mission,Abbotsford & Mission,Abbotsford,FALSE,road,road,nearest,15.8
34995,Straiton,Community,49.0805224,-122.2050732,343,5909,fraser-valley,Fraser Valley,fraser-valley,Fraser Valley,abbotsford-mission,Abbotsford & Mission,Abbotsford,FALSE,road,road,nearest,9.6
64558,Langley 2,Indian Reserve,49.1831402,-122.4179358,332,5909,fraser-valley,Fraser Valley,fraser-valley,Fraser Valley,abbotsford-mission,Abbotsford & Mission,Abbotsford,FALSE,road,road,nearest,15.9
64404,Langley 3,Indian Reserve,49.1831402,-122.4179358,332,5909,fraser-valley,Fraser Valley,fraser-valley,Fraser Valley,abbotsford-mission,Abbotsford & Mission,Abbotsford,FALSE,road,road,nearest,15.9
3841,Kilgard,Community,49.0576989,-122.1980851,232,5909,fraser-valley,Fraser Valley,fraser-valley,Fraser Valley,abbotsford-mission,Abbotsford & Mission,Abbotsford,FALSE,road,road,nearest,9.6
64610,Upper Sumas 6,Indian Reserve,49.0498088,-122.2012590,232,5909,fraser-valley,Fraser Valley,fraser-valley,Fraser Valley,abbotsford-mission,Abbotsford & Mission,Abbotsford,FALSE,road,road,nearest,9.3
17120,North Poplar,Community,49.0322946,-122.3377531,185,5909,fraser-valley,Fraser Valley,fraser-valley,Fraser Valley,abbotsford-mission,Abbotsford & Mission,Abbotsford,FALSE,road,road,nearest,2.3
64411,Matsqui Main 2,Indian Reserve,49.1164740,-122.3512654,119,5909,fraser-valley,Fraser Valley,fraser-valley,Fraser Valley,abbotsford-mission,Abbotsford & Mission,Abbotsford,FALSE,road,road,nearest,7.3
38677,Nakusp,Village,50.2391667,-117.7975000,1640,5903,central-kootenay,Central Kootenay,central-kootenay,Central Kootenay,arrow-lakes,Arrow Lakes,Nakusp,TRUE,ferry,road,hub,0.0
39883,Arrow Park,Locality,50.1286111,-117.9041667,539,5903,central-kootenay,Central Kootenay,central-kootenay,Central Kootenay,arrow-lakes,Arrow Lakes,Nakusp,FALSE,ferry,road,nearest,14.5
1200,East Arrow Park,Locality,50.0913889,-117.9191667,539,5903,central-kootenay,Central Kootenay,central-kootenay,Central Kootenay,arrow-lakes,Arrow Lakes,Nakusp,FALSE,ferry,road,nearest,18.6
25856,Fosthall,Locality,50.3500000,-117.9333333,539,5903,central-kootenay,Central Kootenay,central-kootenay,Central Kootenay,arrow-lakes,Arrow Lakes,Nakusp,FALSE,ferry,road,nearest,15.7
21177,Makinson,Locality,50.0665243,-117.9178117,539,5903,central-kootenay,Central Kootenay,central-kootenay,Central Kootenay,arrow-lakes,Arrow Lakes,Nakusp,FALSE,ferry,road,nearest,21.0
16326,Shoreholme,Locality,50.2998597,-117.8511484,539,5903,central-kootenay,Central Kootenay,central-kootenay,Central Kootenay,arrow-lakes,Arrow Lakes,Nakusp,FALSE,ferry,road,nearest,7.8
9185,Argenta,Community,50.1665346,-116.9177803,508,5903,central-kootenay,Central Kootenay,central-kootenay,Central Kootenay,arrow-lakes,Arrow Lakes,Nakusp,FALSE,ferry,road,nearest,63.1
12320,Cooper Creek,Community,50.2014328,-116.9628354,508,5903,central-kootenay,Central Kootenay,central-kootenay,Central Kootenay,arrow-lakes,Arrow Lakes,Nakusp,FALSE,ferry,road,nearest,59.5
25883,Howser,Locality,50.3027778,-116.9500000,508,5903,central-kootenay,Central Kootenay,central-kootenay,Central Kootenay,arrow-lakes,Arrow Lakes,Nakusp,FALSE,ferry,road,nearest,60.6
11831,Johnsons Landing,Community,50.0806758,-116.8766220,508,5903,central-kootenay,Central Kootenay,central-kootenay,Central Kootenay,arrow-lakes,Arrow Lakes,Nakusp,FALSE,ferry,road,nearest,67.9
10272,Cody,Locality,49.9665308,-117.2011186,498,5903,central-kootenay,Central Kootenay,central-kootenay,Central Kootenay,arrow-lakes,Arrow Lakes,Nakusp,FALSE,ferry,road,nearest,52.2
35899,Hills,Community,50.1022222,-117.4850000,498,5903,central-kootenay,Central Kootenay,central-kootenay,Central Kootenay,arrow-lakes,Arrow Lakes,Nakusp,FALSE,ferry,road,nearest,27.0
21798,Rosebery,Locality,50.0331958,-117.4122383,498,5903,central-kootenay,Central Kootenay,central-kootenay,Central Kootenay,arrow-lakes,Arrow Lakes,Nakusp,FALSE,ferry,road,nearest,35.8
13711,Sandon,Locality,49.9755556,-117.2272222,498,5903,central-kootenay,Central Kootenay,central-kootenay,Central Kootenay,arrow-lakes,Arrow Lakes,Nakusp,FALSE,ferry,road,nearest,50.1
13355,Summit Lake,Locality,50.1665274,-117.6678057,498,5903,central-kootenay,Central Kootenay,central-kootenay,Central Kootenay,arrow-lakes,Arrow Lakes,Nakusp,FALSE,ferry,road,nearest,12.3
40909,Three Forks,Locality,50.0165302,-117.2844559,498,5903,central-kootenay,Central Kootenay,central-kootenay,Central Kootenay,arrow-lakes,Arrow Lakes,Nakusp,FALSE,ferry,road,nearest,44.2
13574,New Denver,Village,49.9913889,-117.3772222,496,5903,central-kootenay,Central Kootenay,central-kootenay,Central Kootenay,arrow-lakes,Arrow Lakes,Nakusp,FALSE,ferry,road,nearest,40.7
8879,Lardeau,Community,50.1461313,-116.9524866,485,5903,central-kootenay,Central Kootenay,central-kootenay,Central Kootenay,arrow-lakes,Arrow Lakes,Nakusp,FALSE,ferry,road,nearest,61.0
5558,Marblehead,Locality,50.2498680,-116.9677839,485,5903,central-kootenay,Central Kootenay,central-kootenay,Central Kootenay,arrow-lakes,Arrow Lakes,Nakusp,FALSE,ferry,road,nearest,59.0
21596,Meadow Creek,Community,50.2367900,-116.9758097,485,5903,central-kootenay,Central Kootenay,central-kootenay,Central Kootenay,arrow-lakes,Arrow Lakes,Nakusp,FALSE,ferry,road,nearest,58.4
17734,Poplar Creek,Locality,50.4165341,-117.1344602,485,5903,central-kootenay,Central Kootenay,central-kootenay,Central Kootenay,arrow-lakes,Arrow Lakes,Nakusp,FALSE,ferry,road,nearest,51.0
19001,Retallack,Locality,50.0498652,-117.1344516,485,5903,central-kootenay,Central Kootenay,central-kootenay,Central Kootenay,arrow-lakes,Arrow Lakes,Nakusp,FALSE,ferry,road,nearest,51.7
25942,Zincton,Locality,50.0331978,-117.2011201,485,5903,central-kootenay,Central Kootenay,central-kootenay,Central Kootenay,arrow-lakes,Arrow Lakes,Nakusp,FALSE,ferry,road,nearest,48.3
38865,Brouse,Community,50.2327869,-117.7496542,442,5903,central-kootenay,Central Kootenay,central-kootenay,Central Kootenay,arrow-lakes,Arrow Lakes,Nakusp,FALSE,ferry,road,nearest,3.5
1435,Glenbank,Community,50.2503586,-117.7962331,442,5903,central-kootenay,Central Kootenay,central-kootenay,Central Kootenay,arrow-lakes,Arrow Lakes,Nakusp,FALSE,ferry,road,nearest,1.2
1724,Edgewood,Community,49.7808333,-118.1430556,422,5903,central-kootenay,Central Kootenay,central-kootenay,Central Kootenay,arrow-lakes,Arrow Lakes,Nakusp,FALSE,ferry,road,nearest,56.6
2134,Applegrove,Locality,49.7831879,-118.0844772,381,5903,central-kootenay,Central Kootenay,central-kootenay,Central Kootenay,arrow-lakes,Arrow Lakes,Nakusp,FALSE,ferry,road,nearest,54.7
2243,Burton,Community,49.9902778,-117.8777778,381,5903,central-kootenay,Central Kootenay,central-kootenay,Central Kootenay,arrow-lakes,Arrow Lakes,Nakusp,FALSE,ferry,road,nearest,28.3
54523,Carrolls Landing,Locality,50.0443022,-117.8969771,381,5903,central-kootenay,Central Kootenay,central-kootenay,Central Kootenay,arrow-lakes,Arrow Lakes,Nakusp,FALSE,ferry,road,nearest,22.8
11872,Fauquier,Community,49.8718400,-118.0686681,381,5903,central-kootenay,Central Kootenay,central-kootenay,Central Kootenay,arrow-lakes,Arrow Lakes,Nakusp,FALSE,ferry,road,nearest,45.2
20485,Silverton,Village,49.9527778,-117.3572222,185,5903,central-kootenay,Central Kootenay,central-kootenay,Central Kootenay,arrow-lakes,Arrow Lakes,Nakusp,FALSE,ferry,road,nearest,44.7
40235,Atlin,Community,59.5755736,-133.7001283,219,5957,stikine-region,Stikine Region,stikine-region,Stikine Region,atlin,Atlin & the Far Northwest,Atlin,TRUE,road,road,hub,0.0
65700,Alkhili 2,Indian Reserve,59.6180556,-133.6750000,180,5957,stikine-region,Stikine Region,stikine-region,Stikine Region,atlin,Atlin & the Far Northwest,Atlin,FALSE,road,road,nearest,4.9
65701,Atlin-Teslin Indian Cemetery 4,Indian Reserve,59.5664512,-133.6853906,180,5957,stikine-region,Stikine Region,stikine-region,Stikine Region,atlin,Atlin & the Far Northwest,Atlin,FALSE,road,road,nearest,1.3
65680,McDonald Lake 1,Indian Reserve,59.7331235,-133.5520629,180,5957,stikine-region,Stikine Region,stikine-region,Stikine Region,atlin,Atlin & the Far Northwest,Atlin,FALSE,road,road,nearest,19.4
14015,Surprise,Locality,59.6331234,-133.4187189,180,5957,stikine-region,Stikine Region,stikine-region,Stikine Region,atlin,Atlin & the Far Northwest,Atlin,FALSE,road,remote,zone:atlin-chilkoot,17.1
65682,Five Mile Point 3,Indian Reserve,59.4997834,-133.6687193,83,5957,stikine-region,Stikine Region,stikine-region,Stikine Region,atlin,Atlin & the Far Northwest,Atlin,FALSE,road,road,nearest,8.6
3395,Bennett,Locality,59.8497696,-135.0021193,25,5957,stikine-region,Stikine Region,stikine-region,Stikine Region,atlin,Atlin & the Far Northwest,Atlin,FALSE,road,remote,zone:atlin-chilkoot,79.1
38501,Engineer,Locality,59.4927778,-134.2466667,25,5957,stikine-region,Stikine Region,stikine-region,Stikine Region,atlin,Atlin & the Far Northwest,Atlin,FALSE,road,remote,zone:atlin-chilkoot,32.2
65677,Jennings River 8,Indian Reserve,59.6744444,-132.1472222,25,5957,stikine-region,Stikine Region,stikine-region,Stikine Region,atlin,Atlin & the Far Northwest,Atlin,FALSE,road,road,nearest,88.0
1892,Lindeman,Locality,59.7831002,-135.0854512,25,5957,stikine-region,Stikine Region,stikine-region,Stikine Region,atlin,Atlin & the Far Northwest,Atlin,FALSE,road,remote,zone:atlin-chilkoot,81.1
20302,Pleasant Camp,Locality,59.5050000,-136.4630556,25,5957,stikine-region,Stikine Region,stikine-region,Stikine Region,atlin,Atlin & the Far Northwest,Atlin,FALSE,road,remote,zone:atlin-chilkoot,155.9
23253,Rainy Hollow,Locality,59.5497383,-136.5354839,25,5957,stikine-region,Stikine Region,stikine-region,Stikine Region,atlin,Atlin & the Far Northwest,Atlin,FALSE,road,remote,zone:atlin-chilkoot,159.7
22782,Rupert,Locality,59.5997773,-134.1854096,25,5957,stikine-region,Stikine Region,stikine-region,Stikine Region,atlin,Atlin & the Far Northwest,Atlin,FALSE,road,remote,zone:atlin-chilkoot,27.4
18024,Scotia Bay,Locality,59.5997831,-133.8187305,25,5957,stikine-region,Stikine Region,stikine-region,Stikine Region,atlin,Atlin & the Far Northwest,Atlin,FALSE,road,remote,zone:atlin-chilkoot,7.2
65689,Silver Salmon Lake 5,Indian Reserve,59.2331182,-133.2186880,25,5957,stikine-region,Stikine Region,stikine-region,Stikine Region,atlin,Atlin & the Far Northwest,Atlin,FALSE,road,road,nearest,46.8
17571,Taku,Locality,59.6331166,-133.8520670,25,5957,stikine-region,Stikine Region,stikine-region,Stikine Region,atlin,Atlin & the Far Northwest,Atlin,FALSE,road,remote,zone:atlin-chilkoot,10.7
65683,Taku 6,Indian Reserve,59.1164524,-133.0020071,25,5957,stikine-region,Stikine Region,stikine-region,Stikine Region,atlin,Atlin & the Far Northwest,Atlin,FALSE,road,road,nearest,64.6
65684,Teslin Lake 7,Indian Reserve,59.5664755,-132.1186699,25,5957,stikine-region,Stikine Region,stikine-region,Stikine Region,atlin,Atlin & the Far Northwest,Atlin,FALSE,road,road,nearest,89.1
65685,Teslin Lake 9,Indian Reserve,59.7831442,-132.2853554,25,5957,stikine-region,Stikine Region,stikine-region,Stikine Region,atlin,Atlin & the Far Northwest,Atlin,FALSE,road,road,nearest,82.7
65793,Unnamed 10,Indian Reserve,59.5664509,-133.7020578,18,5957,stikine-region,Stikine Region,stikine-region,Stikine Region,atlin,Atlin & the Far Northwest,Atlin,FALSE,road,road,nearest,1.0
64995,Bella Coola 1,Indian Reserve,52.3664416,-126.7181651,937,5945,central-coast,Central Coast,central-coast,Central Coast,bella-coola,Bella Coola Valley,Hagensborg,FALSE,pass,road,zone:bella-coola-road,12.2
9836,Atnarko,Locality,52.3997864,-125.8348048,661,5945,central-coast,Central Coast,central-coast,Central Coast,bella-coola,Bella Coola Valley,Hagensborg,FALSE,pass,road,zone:bella-coola-road,48.0
12776,Firvale,Community,52.4417061,-126.2908918,661,5945,central-coast,Central Coast,central-coast,Central Coast,bella-coola,Bella Coola Valley,Hagensborg,FALSE,pass,road,zone:bella-coola-road,18.0
5189,Hagensborg,Community,52.3909088,-126.5426024,661,5945,central-coast,Central Coast,central-coast,Central Coast,bella-coola,Bella Coola Valley,Hagensborg,TRUE,pass,road,hub,0.0
8740,Stuie,Community,52.3699106,-126.0648061,661,5945,central-coast,Central Coast,central-coast,Central Coast,bella-coola,Bella Coola Valley,Hagensborg,FALSE,pass,road,zone:bella-coola-road,32.5
3350,Bella Coola,Community,52.3729611,-126.7535062,402,5945,central-coast,Central Coast,central-coast,Central Coast,bella-coola,Bella Coola Valley,Hagensborg,FALSE,pass,road,zone:bella-coola-road,14.5
11640,Grand Forks,City,49.0311111,-118.4391667,4233,5905,kootenay-boundary,Kootenay Boundary,kootenay-boundary,Kootenay Boundary,boundary,Boundary,Grand Forks,TRUE,pass,road,hub,0.0
38321,Beaverdell,Community,49.4344431,-119.0887873,1316,5905,kootenay-boundary,Kootenay Boundary,kootenay-boundary,Kootenay Boundary,boundary,Boundary,Grand Forks,FALSE,pass,road,nearest,65.1
19037,Rhone,Locality,49.2333333,-119.0166667,1316,5905,kootenay-boundary,Kootenay Boundary,kootenay-boundary,Kootenay Boundary,boundary,Boundary,Grand Forks,FALSE,pass,road,nearest,47.7
38319,Bridesville,Community,49.0370672,-119.1469618,767,5905,kootenay-boundary,Kootenay Boundary,kootenay-boundary,Kootenay Boundary,boundary,Boundary,Grand Forks,FALSE,pass,road,nearest,51.6
10505,Camp McKinney,Locality,49.1165074,-119.1844977,767,5905,kootenay-boundary,Kootenay Boundary,kootenay-boundary,Kootenay Boundary,boundary,Boundary,Grand Forks,FALSE,pass,road,nearest,55.1
20161,Westbridge,Locality,49.1665097,-118.9678252,767,5905,kootenay-boundary,Kootenay Boundary,kootenay-boundary,Kootenay Boundary,boundary,Boundary,Grand Forks,FALSE,pass,road,nearest,41.3
25338,Zamora,Locality,49.1498428,-118.9844920,767,5905,kootenay-boundary,Kootenay Boundary,kootenay-boundary,Kootenay Boundary,boundary,Boundary,Grand Forks,FALSE,pass,road,nearest,41.8
2712,Greenwood,City,49.0883333,-118.6763889,718,5905,kootenay-boundary,Kootenay Boundary,kootenay-boundary,Kootenay Boundary,boundary,Boundary,Grand Forks,FALSE,pass,road,nearest,18.4
6158,Gilpin,Community,49.0106598,-118.3207171,717,5905,kootenay-boundary,Kootenay Boundary,kootenay-boundary,Kootenay Boundary,boundary,Boundary,Grand Forks,FALSE,pass,road,nearest,8.9
17862,Nursery,Community,49.0177997,-118.4049652,717,5905,kootenay-boundary,Kootenay Boundary,kootenay-boundary,Kootenay Boundary,boundary,Boundary,Grand Forks,FALSE,pass,road,nearest,2.9
32234,Midway,Village,49.0083333,-118.7783333,669,5905,kootenay-boundary,Kootenay Boundary,kootenay-boundary,Kootenay Boundary,boundary,Boundary,Grand Forks,FALSE,pass,road,nearest,24.9
20203,West Midway,Community,49.0125974,-118.8307152,651,5905,kootenay-boundary,Kootenay Boundary,kootenay-boundary,Kootenay Boundary,boundary,Boundary,Grand Forks,FALSE,pass,road,nearest,28.6
1494,Anaconda,Locality,49.0831789,-118.6844807,616,5905,kootenay-boundary,Kootenay Boundary,kootenay-boundary,Kootenay Boundary,boundary,Boundary,Grand Forks,FALSE,pass,road,nearest,18.8
440,Boundary Falls,Locality,49.0331786,-118.7011467,616,5905,kootenay-boundary,Kootenay Boundary,kootenay-boundary,Kootenay Boundary,boundary,Boundary,Grand Forks,FALSE,pass,road,nearest,19.1
38866,Carmi,Locality,49.4998429,-119.1178379,616,5905,kootenay-boundary,Kootenay Boundary,kootenay-boundary,Kootenay Boundary,boundary,Boundary,Grand Forks,FALSE,pass,road,nearest,71.7
5933,Christian Valley,Locality,49.5498461,-118.8178293,616,5905,kootenay-boundary,Kootenay Boundary,kootenay-boundary,Kootenay Boundary,boundary,Boundary,Grand Forks,FALSE,pass,road,nearest,63.9
8540,Deadwood,Locality,49.0998455,-118.7011483,616,5905,kootenay-boundary,Kootenay Boundary,kootenay-boundary,Kootenay Boundary,boundary,Boundary,Grand Forks,FALSE,pass,road,nearest,20.6
3785,Kerr Creek,Locality,49.0498448,-118.7511488,616,5905,kootenay-boundary,Kootenay Boundary,kootenay-boundary,Kootenay Boundary,boundary,Boundary,Grand Forks,FALSE,pass,road,nearest,22.8
1063,Almond Gardens,Community,49.0165138,-118.5011398,605,5905,kootenay-boundary,Kootenay Boundary,kootenay-boundary,Kootenay Boundary,boundary,Boundary,Grand Forks,FALSE,pass,road,nearest,4.8
54588,Carson,Locality,49.0054026,-118.5094732,600,5905,kootenay-boundary,Kootenay Boundary,kootenay-boundary,Kootenay Boundary,boundary,Boundary,Grand Forks,FALSE,pass,road,nearest,5.9
2284,Eholt,Locality,49.1563889,-118.5433333,596,5905,kootenay-boundary,Kootenay Boundary,kootenay-boundary,Kootenay Boundary,boundary,Boundary,Grand Forks,FALSE,pass,road,nearest,15.9
14261,Niagara,Locality,49.0998478,-118.4678073,596,5905,kootenay-boundary,Kootenay Boundary,kootenay-boundary,Kootenay Boundary,boundary,Boundary,Grand Forks,FALSE,pass,road,nearest,7.9
5054,Billings,Locality,49.0165164,-118.2344645,572,5905,kootenay-boundary,Kootenay Boundary,kootenay-boundary,Kootenay Boundary,boundary,Boundary,Grand Forks,FALSE,pass,road,nearest,15.0
29225,Cascade,Locality,49.0165168,-118.2011300,572,5905,kootenay-boundary,Kootenay Boundary,kootenay-boundary,Kootenay Boundary,boundary,Boundary,Grand Forks,FALSE,pass,road,nearest,17.4
11972,Fife,Community,49.0635726,-118.2124780,537,5905,kootenay-boundary,Kootenay Boundary,kootenay-boundary,Kootenay Boundary,boundary,Boundary,Grand Forks,FALSE,pass,road,nearest,16.9
16138,Paulson,Locality,49.1998516,-118.1177981,537,5905,kootenay-boundary,Kootenay Boundary,kootenay-boundary,Kootenay Boundary,boundary,Boundary,Grand Forks,FALSE,pass,road,nearest,30.0
40503,Christina Lake,Community,49.0429057,-118.2094642,518,5905,kootenay-boundary,Kootenay Boundary,kootenay-boundary,Kootenay Boundary,boundary,Boundary,Grand Forks,FALSE,pass,road,nearest,16.8
3801,Kettle Valley,Community,49.0533982,-118.9429727,305,5905,kootenay-boundary,Kootenay Boundary,kootenay-boundary,Kootenay Boundary,boundary,Boundary,Grand Forks,FALSE,pass,road,nearest,36.8
20820,Rock Creek,Community,49.0566899,-118.9986573,305,5905,kootenay-boundary,Kootenay Boundary,kootenay-boundary,Kootenay Boundary,boundary,Boundary,Grand Forks,FALSE,pass,road,nearest,40.9
2226,Burns Lake,Village,54.2302778,-125.7644444,2004,5951,bulkley-nechako,Bulkley-Nechako,bulkley-nechako,Bulkley-Nechako,burns-lake,Lakes District,Burns Lake,TRUE,road,road,hub,0.0
9988,Endako,Community,54.0858837,-125.0214505,682,5951,bulkley-nechako,Bulkley-Nechako,bulkley-nechako,Bulkley-Nechako,burns-lake,Lakes District,Burns Lake,FALSE,road,road,nearest,51.0
2011,Glenannan,Locality,54.0164806,-125.0015000,682,5951,bulkley-nechako,Bulkley-Nechako,bulkley-nechako,Bulkley-Nechako,burns-lake,Lakes District,Burns Lake,FALSE,road,road,nearest,55.1
9693,Clemretta,Locality,53.9997975,-126.2848756,560,5951,bulkley-nechako,Bulkley-Nechako,bulkley-nechako,Bulkley-Nechako,burns-lake,Lakes District,Burns Lake,FALSE,road,road,nearest,42.5
64860,Francois Lake 7,Indian Reserve,54.0164686,-125.9515318,560,5951,bulkley-nechako,Bulkley-Nechako,bulkley-nechako,Bulkley-Nechako,burns-lake,Lakes District,Burns Lake,FALSE,road,road,nearest,26.7
3726,François Lake,Community,54.0511726,-125.7435314,560,5951,bulkley-nechako,Bulkley-Nechako,bulkley-nechako,Bulkley-Nechako,burns-lake,Lakes District,Burns Lake,FALSE,road,road,nearest,20.0
16355,McDonalds Landing,Locality,53.9998007,-126.0348673,560,5951,bulkley-nechako,Bulkley-Nechako,bulkley-nechako,Bulkley-Nechako,burns-lake,Lakes District,Burns Lake,FALSE,road,road,nearest,31.1
64920,Omineca 1,Indian Reserve,53.9998028,-125.8681951,560,5951,bulkley-nechako,Bulkley-Nechako,bulkley-nechako,Bulkley-Nechako,burns-lake,Lakes District,Burns Lake,FALSE,road,road,nearest,26.5
17668,Tatalrose,Locality,53.9831344,-125.9848650,560,5951,bulkley-nechako,Bulkley-Nechako,bulkley-nechako,Bulkley-Nechako,burns-lake,Lakes District,Burns Lake,FALSE,road,road,nearest,31.0
18543,Tchesinkut Lake,Community,54.0831388,-125.7348604,560,5951,bulkley-nechako,Bulkley-Nechako,bulkley-nechako,Bulkley-Nechako,burns-lake,Lakes District,Burns Lake,FALSE,road,road,nearest,16.5
23172,Wistaria,Locality,53.8497959,-126.2682028,560,5951,bulkley-nechako,Bulkley-Nechako,bulkley-nechako,Bulkley-Nechako,burns-lake,Lakes District,Burns Lake,FALSE,road,road,nearest,53.6
64882,Woyenne 27,Indian Reserve,54.2331403,-125.7682003,548,5951,bulkley-nechako,Bulkley-Nechako,bulkley-nechako,Bulkley-Nechako,burns-lake,Lakes District,Burns Lake,FALSE,road,road,nearest,0.4
64805,Holy Cross Lake 3,Indian Reserve,53.7164766,-125.0348238,531,5951,bulkley-nechako,Bulkley-Nechako,bulkley-nechako,Bulkley-Nechako,burns-lake,Lakes District,Burns Lake,FALSE,road,road,nearest,74.4
64807,Knapp Lake 6,Indian Reserve,53.8011111,-125.2325000,531,5951,bulkley-nechako,Bulkley-Nechako,bulkley-nechako,Bulkley-Nechako,burns-lake,Lakes District,Burns Lake,FALSE,road,road,nearest,59.0
64809,Leon 14,Indian Reserve,53.4664733,-125.0681494,531,5951,bulkley-nechako,Bulkley-Nechako,bulkley-nechako,Bulkley-Nechako,burns-lake,Lakes District,Burns Lake,FALSE,road,remote,zone:ootsa-south,96.4
64806,Murray Lake 4,Indian Reserve,53.6664752,-125.1014909,531,5951,bulkley-nechako,Bulkley-Nechako,bulkley-nechako,Bulkley-Nechako,burns-lake,Lakes District,Burns Lake,FALSE,road,road,nearest,76.2
64804,Alexis Thomas 1A,Indian Reserve,53.7331407,-125.2514983,530,5951,bulkley-nechako,Bulkley-Nechako,bulkley-nechako,Bulkley-Nechako,burns-lake,Lakes District,Burns Lake,FALSE,road,road,nearest,64.7
64808,Baptiste Louis 8,Indian Reserve,53.7498057,-125.4015038,530,5951,bulkley-nechako,Bulkley-Nechako,bulkley-nechako,Bulkley-Nechako,burns-lake,Lakes District,Burns Lake,FALSE,road,road,nearest,58.5
64915,Binta Lake 2,Indian Reserve,53.8577778,-125.4358333,530,5951,bulkley-nechako,Bulkley-Nechako,bulkley-nechako,Bulkley-Nechako,burns-lake,Lakes District,Burns Lake,FALSE,road,road,nearest,46.6
38871,Cheslatta,Locality,53.8164681,-125.8015195,530,5951,bulkley-nechako,Bulkley-Nechako,bulkley-nechako,Bulkley-Nechako,burns-lake,Lakes District,Burns Lake,FALSE,road,road,nearest,46.1
20352,Danskin,Locality,53.9886925,-125.7931922,530,5951,bulkley-nechako,Bulkley-Nechako,bulkley-nechako,Bulkley-Nechako,burns-lake,Lakes District,Burns Lake,FALSE,road,road,nearest,26.9
64858,Skin Lake 15,Indian Reserve,53.7831329,-125.9181889,530,5951,bulkley-nechako,Bulkley-Nechako,bulkley-nechako,Bulkley-Nechako,burns-lake,Lakes District,Burns Lake,FALSE,road,road,nearest,50.7
20648,Southbank,Community,54.0229100,-125.7638500,530,5951,bulkley-nechako,Bulkley-Nechako,bulkley-nechako,Bulkley-Nechako,burns-lake,Lakes District,Burns Lake,FALSE,road,road,nearest,23.1
17576,Takysie Lake,Locality,53.8831347,-125.8681908,530,5951,bulkley-nechako,Bulkley-Nechako,bulkley-nechako,Bulkley-Nechako,burns-lake,Lakes District,Burns Lake,FALSE,road,road,nearest,39.2
64857,Western Island 14,Indian Reserve,53.9331376,-125.6848532,530,5951,bulkley-nechako,Bulkley-Nechako,bulkley-nechako,Bulkley-Nechako,burns-lake,Lakes District,Burns Lake,FALSE,road,road,nearest,33.4
64814,Poison Creek 17,Indian Reserve,54.2331401,-125.7848676,442,5951,bulkley-nechako,Bulkley-Nechako,bulkley-nechako,Bulkley-Nechako,burns-lake,Lakes District,Burns Lake,FALSE,road,road,nearest,1.4
65848,Felix George 7,Indian Reserve,54.1130556,-126.7516667,437,5951,bulkley-nechako,Bulkley-Nechako,bulkley-nechako,Bulkley-Nechako,burns-lake,Lakes District,Burns Lake,FALSE,road,road,nearest,65.6
10857,Colleymount,Locality,54.0331329,-126.1515391,422,5951,bulkley-nechako,Bulkley-Nechako,bulkley-nechako,Bulkley-Nechako,burns-lake,Lakes District,Burns Lake,FALSE,road,road,nearest,33.4
65843,Gaichbin 8,Indian Reserve,54.0227778,-126.6775000,422,5951,bulkley-nechako,Bulkley-Nechako,bulkley-nechako,Bulkley-Nechako,burns-lake,Lakes District,Burns Lake,FALSE,road,road,nearest,63.8
65822,Klagookchew 9,Indian Reserve,54.0164598,-126.6348877,422,5951,bulkley-nechako,Bulkley-Nechako,bulkley-nechako,Bulkley-Nechako,burns-lake,Lakes District,Burns Lake,FALSE,road,road,nearest,61.5
5592,Marilla,Locality,53.6997995,-125.8515170,422,5951,bulkley-nechako,Bulkley-Nechako,bulkley-nechako,Bulkley-Nechako,burns-lake,Lakes District,Burns Lake,FALSE,road,road,nearest,59.3
27197,Noralee,Locality,53.9831287,-126.4348799,422,5951,bulkley-nechako,Bulkley-Nechako,bulkley-nechako,Bulkley-Nechako,burns-lake,Lakes District,Burns Lake,FALSE,road,road,nearest,51.6
25708,Ootsa Lake,Locality,53.7997981,-126.0515272,422,5951,bulkley-nechako,Bulkley-Nechako,bulkley-nechako,Bulkley-Nechako,burns-lake,Lakes District,Burns Lake,FALSE,road,road,nearest,51.4
8710,Streatham,Locality,53.8331293,-126.2515350,422,5951,bulkley-nechako,Bulkley-Nechako,bulkley-nechako,Bulkley-Nechako,burns-lake,Lakes District,Burns Lake,FALSE,road,road,nearest,54.4
54790,Tetachuk,Locality,53.2664586,-126.0681753,422,5951,bulkley-nechako,Bulkley-Nechako,bulkley-nechako,Bulkley-Nechako,burns-lake,Lakes District,Burns Lake,FALSE,road,remote,zone:ootsa-south,109.0
65847,Tsichgass 10,Indian Reserve,54.0497959,-126.4515496,422,5951,bulkley-nechako,Bulkley-Nechako,bulkley-nechako,Bulkley-Nechako,burns-lake,Lakes District,Burns Lake,FALSE,road,road,nearest,49.1
65105,Ulkatcho 5,Indian Reserve,53.0664569,-126.0348339,422,5951,bulkley-nechako,Bulkley-Nechako,bulkley-nechako,Bulkley-Nechako,burns-lake,Lakes District,Burns Lake,FALSE,road,remote,zone:ootsa-south,130.6
65108,Ulkatcho 6,Indian Reserve,53.0497951,-125.6348203,422,5951,bulkley-nechako,Bulkley-Nechako,bulkley-nechako,Bulkley-Nechako,burns-lake,Lakes District,Burns Lake,FALSE,road,remote,zone:ootsa-south,131.5
38781,Perow,Community,54.5177778,-126.4433333,399,5951,bulkley-nechako,Bulkley-Nechako,bulkley-nechako,Bulkley-Nechako,burns-lake,Lakes District,Burns Lake,FALSE,road,road,nearest,54.4
20985,Topley,Community,54.5044100,-126.2979000,399,5951,bulkley-nechako,Bulkley-Nechako,bulkley-nechako,Bulkley-Nechako,burns-lake,Lakes District,Burns Lake,FALSE,road,road,nearest,46.1
40943,Wiley,Community,54.5152568,-126.3358621,399,5951,bulkley-nechako,Bulkley-Nechako,bulkley-nechako,Bulkley-Nechako,burns-lake,Lakes District,Burns Lake,FALSE,road,road,nearest,48.7
64887,Bihl' K' A 18,Indian Reserve,55.0019444,-125.3836111,373,5951,bulkley-nechako,Bulkley-Nechako,bulkley-nechako,Bulkley-Nechako,burns-lake,Lakes District,Burns Lake,FALSE,road,road,nearest,89.2
60070,Dzin Tl'At 46,Indian Reserve,54.7630556,-125.4016667,373,5951,bulkley-nechako,Bulkley-Nechako,bulkley-nechako,Bulkley-Nechako,burns-lake,Lakes District,Burns Lake,FALSE,road,road,nearest,63.7
60023,Ihch'Az Uz Ta Tsoh 44,Indian Reserve,54.5883333,-125.1225000,373,5951,bulkley-nechako,Bulkley-Nechako,bulkley-nechako,Bulkley-Nechako,burns-lake,Lakes District,Burns Lake,FALSE,road,road,nearest,57.5
961,Leo Creek,Community,55.0829995,-125.5473193,373,5951,bulkley-nechako,Bulkley-Nechako,bulkley-nechako,Bulkley-Nechako,burns-lake,Lakes District,Burns Lake,FALSE,road,road,nearest,95.8
60020,Nak'a Lat 39,Indian Reserve,54.7000000,-125.2250000,373,5951,bulkley-nechako,Bulkley-Nechako,bulkley-nechako,Bulkley-Nechako,burns-lake,Lakes District,Burns Lake,FALSE,road,road,nearest,62.8
64940,Nan Tl'At 13,Indian Reserve,54.5072222,-125.1919444,373,5951,bulkley-nechako,Bulkley-Nechako,bulkley-nechako,Bulkley-Nechako,burns-lake,Lakes District,Burns Lake,FALSE,road,road,nearest,48.2
60161,O K'Ay Wha Cho 26,Indian Reserve,54.9375000,-125.2777778,373,5951,bulkley-nechako,Bulkley-Nechako,bulkley-nechako,Bulkley-Nechako,burns-lake,Lakes District,Burns Lake,FALSE,road,road,nearest,84.7
60021,Skooby Island 48,Indian Reserve,54.5752778,-125.2450000,373,5951,bulkley-nechako,Bulkley-Nechako,bulkley-nechako,Bulkley-Nechako,burns-lake,Lakes District,Burns Lake,FALSE,road,road,nearest,51.0
60006,Ta Duhl' 36,Indian Reserve,54.6000000,-125.4500000,373,5951,bulkley-nechako,Bulkley-Nechako,bulkley-nechako,Bulkley-Nechako,burns-lake,Lakes District,Burns Lake,FALSE,road,road,nearest,45.9
60089,Teh Noo'n Che 49,Indian Reserve,55.0797222,-125.5511111,373,5951,bulkley-nechako,Bulkley-Nechako,bulkley-nechako,Bulkley-Nechako,burns-lake,Lakes District,Burns Lake,FALSE,road,road,nearest,95.4
64937,Ucausley 16,Indian Reserve,54.5747222,-125.1619444,373,5951,bulkley-nechako,Bulkley-Nechako,bulkley-nechako,Bulkley-Nechako,burns-lake,Lakes District,Burns Lake,FALSE,road,road,nearest,54.7
64946,Ye Koos Lee 11,Indian Reserve,54.5833333,-125.2602778,373,5951,bulkley-nechako,Bulkley-Nechako,bulkley-nechako,Bulkley-Nechako,burns-lake,Lakes District,Burns Lake,FALSE,road,road,nearest,51.0
63902,Augier Lake 22,Indian Reserve,54.4422222,-125.6197222,364,5951,bulkley-nechako,Bulkley-Nechako,bulkley-nechako,Bulkley-Nechako,burns-lake,Lakes District,Burns Lake,FALSE,road,road,nearest,25.4
63921,Pendleton Bay,Locality,54.5166667,-125.7119444,364,5951,bulkley-nechako,Bulkley-Nechako,bulkley-nechako,Bulkley-Nechako,burns-lake,Lakes District,Burns Lake,FALSE,road,road,nearest,32.0
63901,Pinkut Lake 23,Indian Reserve,54.4166667,-125.6819444,364,5951,bulkley-nechako,Bulkley-Nechako,bulkley-nechako,Bulkley-Nechako,burns-lake,Lakes District,Burns Lake,FALSE,road,road,nearest,21.4
13212,Decker Lake,Community,54.2942455,-125.8335698,340,5951,bulkley-nechako,Bulkley-Nechako,bulkley-nechako,Bulkley-Nechako,burns-lake,Lakes District,Burns Lake,FALSE,road,road,nearest,8.4
15231,Palling,Community,54.3520557,-125.9127776,340,5951,bulkley-nechako,Bulkley-Nechako,bulkley-nechako,Bulkley-Nechako,burns-lake,Lakes District,Burns Lake,FALSE,road,road,nearest,16.6
3557,Forestdale,Locality,54.4138889,-126.1944444,306,5951,bulkley-nechako,Bulkley-Nechako,bulkley-nechako,Bulkley-Nechako,burns-lake,Lakes District,Burns Lake,FALSE,road,road,nearest,34.6
65845,Foxy Creek 6,Indian Reserve,54.3331368,-126.1415499,306,5951,bulkley-nechako,Bulkley-Nechako,bulkley-nechako,Bulkley-Nechako,burns-lake,Lakes District,Burns Lake,FALSE,road,road,nearest,27.0
65840,Maxan Creek 5,Indian Reserve,54.3331368,-126.1415499,306,5951,bulkley-nechako,Bulkley-Nechako,bulkley-nechako,Bulkley-Nechako,burns-lake,Lakes District,Burns Lake,FALSE,road,road,nearest,27.0
65844,Maxan Lake 3,Indian Reserve,54.3442476,-126.1709957,306,5951,bulkley-nechako,Bulkley-Nechako,bulkley-nechako,Bulkley-Nechako,burns-lake,Lakes District,Burns Lake,FALSE,road,road,nearest,29.3
21815,Rose Lake,Community,54.3998056,-126.0348822,306,5951,bulkley-nechako,Bulkley-Nechako,bulkley-nechako,Bulkley-Nechako,burns-lake,Lakes District,Burns Lake,FALSE,road,road,nearest,25.7
64881,Chapel Park 28,Indian Reserve,54.1666667,-125.5000000,254,5951,bulkley-nechako,Bulkley-Nechako,bulkley-nechako,Bulkley-Nechako,burns-lake,Lakes District,Burns Lake,FALSE,road,road,nearest,18.6
16265,Sheraton,Community,54.1664766,-125.4681878,254,5951,bulkley-nechako,Bulkley-Nechako,bulkley-nechako,Bulkley-Nechako,burns-lake,Lakes District,Burns Lake,FALSE,road,road,nearest,20.5
64818,Sheraton Creek 19,Indian Reserve,54.1831432,-125.4848557,254,5951,bulkley-nechako,Bulkley-Nechako,bulkley-nechako,Bulkley-Nechako,burns-lake,Lakes District,Burns Lake,FALSE,road,road,nearest,18.9
19966,Tintagel,Community,54.2042296,-125.6029551,254,5951,bulkley-nechako,Bulkley-Nechako,bulkley-nechako,Bulkley-Nechako,burns-lake,Lakes District,Burns Lake,FALSE,road,road,nearest,10.9
7759,Stellako,Community,54.0631563,-124.9114935,189,5951,bulkley-nechako,Bulkley-Nechako,bulkley-nechako,Bulkley-Nechako,burns-lake,Lakes District,Burns Lake,FALSE,road,road,nearest,58.6
64916,Stellaquo (Stella) 1,Indian Reserve,54.0498154,-124.9181651,189,5951,bulkley-nechako,Bulkley-Nechako,bulkley-nechako,Bulkley-Nechako,burns-lake,Lakes District,Burns Lake,FALSE,road,road,nearest,58.7
65849,Palling 1,Indian Reserve,54.3331396,-125.9182091,92,5951,bulkley-nechako,Bulkley-Nechako,bulkley-nechako,Bulkley-Nechako,burns-lake,Lakes District,Burns Lake,FALSE,road,road,nearest,15.2
54808,Wet'suwet'en Village,Community,54.3277802,-125.8826951,92,5951,bulkley-nechako,Bulkley-Nechako,bulkley-nechako,Bulkley-Nechako,burns-lake,Lakes District,Burns Lake,FALSE,road,road,nearest,13.3
64817,Cheslatta 1,Indian Reserve,53.9498037,-125.7515227,49,5951,bulkley-nechako,Bulkley-Nechako,bulkley-nechako,Bulkley-Nechako,burns-lake,Lakes District,Burns Lake,FALSE,road,road,nearest,31.2
64815,Burns Lake 18,Indian Reserve,54.2331403,-125.7682003,33,5951,bulkley-nechako,Bulkley-Nechako,bulkley-nechako,Bulkley-Nechako,burns-lake,Lakes District,Burns Lake,FALSE,road,road,nearest,0.4
64816,Poison Creek 17A,Indian Reserve,54.2164732,-125.7848669,10,5951,bulkley-nechako,Bulkley-Nechako,bulkley-nechako,Bulkley-Nechako,burns-lake,Lakes District,Burns Lake,FALSE,road,road,nearest,2.0
64859,Skins Lake 16A,Indian Reserve,53.9998024,-125.9015295,10,5951,bulkley-nechako,Bulkley-Nechako,bulkley-nechako,Bulkley-Nechako,burns-lake,Lakes District,Burns Lake,FALSE,road,road,nearest,27.1
37801,Broman Lake,Locality,54.4164712,-126.1348861,5,5951,bulkley-nechako,Bulkley-Nechako,bulkley-nechako,Bulkley-Nechako,burns-lake,Lakes District,Burns Lake,FALSE,road,road,nearest,31.7
65842,Duncan Lake 2,Indian Reserve,54.4331381,-126.1348868,5,5951,bulkley-nechako,Bulkley-Nechako,bulkley-nechako,Bulkley-Nechako,burns-lake,Lakes District,Burns Lake,FALSE,road,road,nearest,32.9
64828,Babine Lake 21B,Indian Reserve,54.4831449,-125.6515391,0,5951,bulkley-nechako,Bulkley-Nechako,bulkley-nechako,Bulkley-Nechako,burns-lake,Lakes District,Burns Lake,FALSE,road,road,nearest,29.1
18268,Donald Landing,Community,54.4909200,-125.6479500,0,5951,bulkley-nechako,Bulkley-Nechako,bulkley-nechako,Bulkley-Nechako,burns-lake,Lakes District,Burns Lake,FALSE,road,road,nearest,29.9
64862,Eastern Island 13,Indian Reserve,53.9331379,-125.6681860,,5951,bulkley-nechako,Bulkley-Nechako,bulkley-nechako,Bulkley-Nechako,burns-lake,Lakes District,Burns Lake,FALSE,road,road,nearest,33.6
12425,Grassy Plains,Locality,53.9664688,-125.8848611,0,5951,bulkley-nechako,Bulkley-Nechako,bulkley-nechako,Bulkley-Nechako,burns-lake,Lakes District,Burns Lake,FALSE,road,road,nearest,30.4
64861,Isaac (Gale Lake) 8,Indian Reserve,53.9845199,-126.2570963,0,5951,bulkley-nechako,Bulkley-Nechako,bulkley-nechako,Bulkley-Nechako,burns-lake,Lakes District,Burns Lake,FALSE,road,road,nearest,42.2
65824,Maxan Lake 4,Indian Reserve,54.3194444,-126.1138889,0,5951,bulkley-nechako,Bulkley-Nechako,bulkley-nechako,Bulkley-Nechako,burns-lake,Lakes District,Burns Lake,FALSE,road,road,nearest,24.8
64919,Skins Lake 16B,Indian Reserve,53.9498049,-125.6515194,0,5951,bulkley-nechako,Bulkley-Nechako,bulkley-nechako,Bulkley-Nechako,burns-lake,Lakes District,Burns Lake,FALSE,road,road,nearest,32.0
65846,Tatla West 11,Indian Reserve,53.9872946,-126.4987711,0,5951,bulkley-nechako,Bulkley-Nechako,bulkley-nechako,Bulkley-Nechako,burns-lake,Lakes District,Burns Lake,FALSE,road,road,nearest,55.0
65825,Tatla't East 2,Indian Reserve,53.9872947,-126.4890485,0,5951,bulkley-nechako,Bulkley-Nechako,bulkley-nechako,Bulkley-Nechako,burns-lake,Lakes District,Burns Lake,FALSE,road,road,nearest,54.4
64856,Uncha Lake 13A,Indian Reserve,53.9331379,-125.6681860,,5951,bulkley-nechako,Bulkley-Nechako,bulkley-nechako,Bulkley-Nechako,burns-lake,Lakes District,Burns Lake,FALSE,road,road,nearest,33.6
27623,Ashcroft,Village,50.7213889,-121.2836111,1705,5933,thompson-nicola,Thompson-Nicola,thompson-nicola,Thompson-Nicola,cache-creek,"Cache Creek, Ashcroft & Clinton",Cache Creek,FALSE,road,road,nearest,10.4
27638,Cache Creek,Village,50.8119444,-121.3233333,999,5933,thompson-nicola,Thompson-Nicola,thompson-nicola,Thompson-Nicola,cache-creek,"Cache Creek, Ashcroft & Clinton",Cache Creek,TRUE,road,road,hub,0.0
29466,Clinton,Village,51.0916667,-121.5866667,659,5933,thompson-nicola,Thompson-Nicola,thompson-nicola,Thompson-Nicola,cache-creek,"Cache Creek, Ashcroft & Clinton",Cache Creek,FALSE,road,road,nearest,36.2
30638,70 Mile House,Community,51.3039713,-121.3964139,520,5933,thompson-nicola,Thompson-Nicola,thompson-nicola,Thompson-Nicola,cache-creek,"Cache Creek, Ashcroft & Clinton",Cache Creek,FALSE,road,road,nearest,54.9
64508,Copper Johnny Meadow 8,Indian Reserve,51.3831594,-121.7513071,520,5933,thompson-nicola,Thompson-Nicola,thompson-nicola,Thompson-Nicola,cache-creek,"Cache Creek, Ashcroft & Clinton",Cache Creek,FALSE,road,road,nearest,70.2
64510,Fish Lake 5,Indian Reserve,51.4831578,-121.9679838,520,5933,thompson-nicola,Thompson-Nicola,thompson-nicola,Thompson-Nicola,cache-creek,"Cache Creek, Ashcroft & Clinton",Cache Creek,FALSE,road,road,nearest,87.1
64509,Spilmouse 4,Indian Reserve,51.4498238,-122.0013173,520,5933,thompson-nicola,Thompson-Nicola,thompson-nicola,Thompson-Nicola,cache-creek,"Cache Creek, Ashcroft & Clinton",Cache Creek,FALSE,road,road,nearest,85.3
64507,Tinmusket 5A,Indian Reserve,51.3831622,-121.5012988,520,5933,thompson-nicola,Thompson-Nicola,thompson-nicola,Thompson-Nicola,cache-creek,"Cache Creek, Ashcroft & Clinton",Cache Creek,FALSE,road,road,nearest,64.7
64523,Toby Lake 6,Indian Reserve,51.3831609,-121.6179694,520,5933,thompson-nicola,Thompson-Nicola,thompson-nicola,Thompson-Nicola,cache-creek,"Cache Creek, Ashcroft & Clinton",Cache Creek,FALSE,road,road,nearest,66.8
332,Boston Flats,Locality,50.7664934,-121.3012751,519,5933,thompson-nicola,Thompson-Nicola,thompson-nicola,Thompson-Nicola,cache-creek,"Cache Creek, Ashcroft & Clinton",Cache Creek,FALSE,road,road,nearest,5.3
65601,Cheetsum's Farm 1,Indian Reserve,50.6831593,-121.3179401,519,5933,thompson-nicola,Thompson-Nicola,thompson-nicola,Thompson-Nicola,cache-creek,"Cache Creek, Ashcroft & Clinton",Cache Creek,FALSE,road,road,nearest,14.3
65593,Mauvais Rocher 5,Indian Reserve,50.7831625,-121.0846018,519,5933,thompson-nicola,Thompson-Nicola,thompson-nicola,Thompson-Nicola,cache-creek,"Cache Creek, Ashcroft & Clinton",Cache Creek,FALSE,road,road,nearest,17.1
65659,South Nepa 7,Indian Reserve,50.6331596,-121.2679371,519,5933,thompson-nicola,Thompson-Nicola,thompson-nicola,Thompson-Nicola,cache-creek,"Cache Creek, Ashcroft & Clinton",Cache Creek,FALSE,road,road,nearest,20.3
65538,Spatsum 11,Indian Reserve,50.5664923,-121.2846025,519,5933,thompson-nicola,Thompson-Nicola,thompson-nicola,Thompson-Nicola,cache-creek,"Cache Creek, Ashcroft & Clinton",Cache Creek,FALSE,road,road,nearest,27.4
65535,Spatsum 11A,Indian Reserve,50.5831589,-121.3012702,519,5933,thompson-nicola,Thompson-Nicola,thompson-nicola,Thompson-Nicola,cache-creek,"Cache Creek, Ashcroft & Clinton",Cache Creek,FALSE,road,road,nearest,25.5
15889,Walhachin,Community,50.7543390,-120.9899160,519,5933,thompson-nicola,Thompson-Nicola,thompson-nicola,Thompson-Nicola,cache-creek,"Cache Creek, Ashcroft & Clinton",Cache Creek,FALSE,road,road,nearest,24.3
17180,Savona,Community,50.7529916,-120.8426749,499,5933,thompson-nicola,Thompson-Nicola,thompson-nicola,Thompson-Nicola,cache-creek,"Cache Creek, Ashcroft & Clinton",Cache Creek,FALSE,road,road,nearest,34.4
29257,Chasm,Locality,51.2164945,-121.4846269,382,5933,thompson-nicola,Thompson-Nicola,thompson-nicola,Thompson-Nicola,cache-creek,"Cache Creek, Ashcroft & Clinton",Cache Creek,FALSE,road,road,nearest,46.4
65171,Hihium Lake 6,Indian Reserve,51.0664971,-121.1512784,382,5933,thompson-nicola,Thompson-Nicola,thompson-nicola,Thompson-Nicola,cache-creek,"Cache Creek, Ashcroft & Clinton",Cache Creek,FALSE,road,road,nearest,30.8
65173,Hihium Lake 6A,Indian Reserve,51.0664971,-121.1512784,382,5933,thompson-nicola,Thompson-Nicola,thompson-nicola,Thompson-Nicola,cache-creek,"Cache Creek, Ashcroft & Clinton",Cache Creek,FALSE,road,road,nearest,30.8
65174,Hihium Lake 6B,Indian Reserve,51.0498310,-121.0846091,382,5933,thompson-nicola,Thompson-Nicola,thompson-nicola,Thompson-Nicola,cache-creek,"Cache Creek, Ashcroft & Clinton",Cache Creek,FALSE,road,road,nearest,31.3
29617,Loon Lake,Locality,51.0831622,-121.3012838,382,5933,thompson-nicola,Thompson-Nicola,thompson-nicola,Thompson-Nicola,cache-creek,"Cache Creek, Ashcroft & Clinton",Cache Creek,FALSE,road,road,nearest,30.2
65594,Loon Lake 4,Indian Reserve,51.0831618,-121.3346182,382,5933,thompson-nicola,Thompson-Nicola,thompson-nicola,Thompson-Nicola,cache-creek,"Cache Creek, Ashcroft & Clinton",Cache Creek,FALSE,road,road,nearest,30.2
29701,Criss Creek,Locality,51.0498348,-120.7345975,361,5933,thompson-nicola,Thompson-Nicola,thompson-nicola,Thompson-Nicola,cache-creek,"Cache Creek, Ashcroft & Clinton",Cache Creek,FALSE,road,road,nearest,49.0
60401,Marshy Lake 1,Indian Reserve,51.0922222,-120.8177778,361,5933,thompson-nicola,Thompson-Nicola,thompson-nicola,Thompson-Nicola,cache-creek,"Cache Creek, Ashcroft & Clinton",Cache Creek,FALSE,road,road,nearest,47.2
31045,Vidette,Locality,51.1665005,-120.9012729,361,5933,thompson-nicola,Thompson-Nicola,thompson-nicola,Thompson-Nicola,cache-creek,"Cache Creek, Ashcroft & Clinton",Cache Creek,FALSE,road,road,nearest,49.3
28616,Big Bar Creek,Community,51.1803874,-122.1157822,260,5933,thompson-nicola,Thompson-Nicola,thompson-nicola,Thompson-Nicola,cache-creek,"Cache Creek, Ashcroft & Clinton",Cache Creek,FALSE,road,road,nearest,68.9
66042,Clinton 1,Indian Reserve,51.0972222,-121.5986111,260,5933,thompson-nicola,Thompson-Nicola,thompson-nicola,Thompson-Nicola,cache-creek,"Cache Creek, Ashcroft & Clinton",Cache Creek,FALSE,road,road,nearest,37.1
65528,High Bar 2,Indian Reserve,51.0831548,-121.9679724,260,5933,thompson-nicola,Thompson-Nicola,thompson-nicola,Thompson-Nicola,cache-creek,"Cache Creek, Ashcroft & Clinton",Cache Creek,FALSE,road,road,nearest,54.3
27776,Jesmond,Locality,51.2498229,-121.9513099,260,5933,thompson-nicola,Thompson-Nicola,thompson-nicola,Thompson-Nicola,cache-creek,"Cache Creek, Ashcroft & Clinton",Cache Creek,FALSE,road,road,nearest,65.6
28075,Kelly Lake,Locality,51.0164899,-121.7679640,260,5933,thompson-nicola,Thompson-Nicola,thompson-nicola,Thompson-Nicola,cache-creek,"Cache Creek, Ashcroft & Clinton",Cache Creek,FALSE,road,road,nearest,38.6
65774,Skeetchestn,Indian Reserve,50.8053863,-120.9595983,242,5933,thompson-nicola,Thompson-Nicola,thompson-nicola,Thompson-Nicola,cache-creek,"Cache Creek, Ashcroft & Clinton",Cache Creek,FALSE,road,road,nearest,25.6
65592,Grasslands 7,Indian Reserve,50.7998258,-121.4012793,217,5933,thompson-nicola,Thompson-Nicola,thompson-nicola,Thompson-Nicola,cache-creek,"Cache Creek, Ashcroft & Clinton",Cache Creek,FALSE,road,road,nearest,5.6
65650,Hay Meadow 1,Indian Reserve,50.5998248,-121.3846067,217,5933,thompson-nicola,Thompson-Nicola,thompson-nicola,Thompson-Nicola,cache-creek,"Cache Creek, Ashcroft & Clinton",Cache Creek,FALSE,road,road,nearest,24.0
65590,McLean's Lake 3,Indian Reserve,50.7831591,-121.4012789,217,5933,thompson-nicola,Thompson-Nicola,thompson-nicola,Thompson-Nicola,cache-creek,"Cache Creek, Ashcroft & Clinton",Cache Creek,FALSE,road,road,nearest,6.3
65647,Oregon Jack Creek 2,Indian Reserve,50.6498243,-121.4512769,217,5933,thompson-nicola,Thompson-Nicola,thompson-nicola,Thompson-Nicola,cache-creek,"Cache Creek, Ashcroft & Clinton",Cache Creek,FALSE,road,road,nearest,20.2
65537,Pokheitsk 10,Indian Reserve,50.5331588,-121.2846016,217,5933,thompson-nicola,Thompson-Nicola,thompson-nicola,Thompson-Nicola,cache-creek,"Cache Creek, Ashcroft & Clinton",Cache Creek,FALSE,road,road,nearest,31.1
65531,Shpapzchinh 20,Indian Reserve,50.5436111,-121.2819444,217,5933,thompson-nicola,Thompson-Nicola,thompson-nicola,Thompson-Nicola,cache-creek,"Cache Creek, Ashcroft & Clinton",Cache Creek,FALSE,road,road,nearest,30.0
21666,Spatsum,Locality,50.5498254,-121.3012693,217,5933,thompson-nicola,Thompson-Nicola,thompson-nicola,Thompson-Nicola,cache-creek,"Cache Creek, Ashcroft & Clinton",Cache Creek,FALSE,road,road,nearest,29.2
65542,Tsinkahtl 8,Indian Reserve,50.4998252,-121.2846007,217,5933,thompson-nicola,Thompson-Nicola,thompson-nicola,Thompson-Nicola,cache-creek,"Cache Creek, Ashcroft & Clinton",Cache Creek,FALSE,road,road,nearest,34.8
65539,Upper Tsinkahtl 8A,Indian Reserve,50.5164918,-121.3012684,217,5933,thompson-nicola,Thompson-Nicola,thompson-nicola,Thompson-Nicola,cache-creek,"Cache Creek, Ashcroft & Clinton",Cache Creek,FALSE,road,road,nearest,32.9
65595,Bonaparte 3,Indian Reserve,50.8498265,-121.3679462,159,5933,thompson-nicola,Thompson-Nicola,thompson-nicola,Thompson-Nicola,cache-creek,"Cache Creek, Ashcroft & Clinton",Cache Creek,FALSE,road,road,nearest,5.2
64511,Canoe Creek 2,Indian Reserve,51.4331565,-122.0513184,104,5933,thompson-nicola,Thompson-Nicola,thompson-nicola,Thompson-Nicola,cache-creek,"Cache Creek, Ashcroft & Clinton",Cache Creek,FALSE,road,road,nearest,85.7
64427,Marble Canyon 3,Indian Reserve,50.8164897,-121.6679552,97,5933,thompson-nicola,Thompson-Nicola,thompson-nicola,Thompson-Nicola,cache-creek,"Cache Creek, Ashcroft & Clinton",Cache Creek,FALSE,road,road,nearest,24.2
64572,Pavilion 3A,Indian Reserve,50.8164899,-121.6512879,97,5933,thompson-nicola,Thompson-Nicola,thompson-nicola,Thompson-Nicola,cache-creek,"Cache Creek, Ashcroft & Clinton",Cache Creek,FALSE,road,road,nearest,23.0
64433,Pavilion 4,Indian Reserve,50.8164899,-121.6512879,97,5933,thompson-nicola,Thompson-Nicola,thompson-nicola,Thompson-Nicola,cache-creek,"Cache Creek, Ashcroft & Clinton",Cache Creek,FALSE,road,road,nearest,23.0
65588,Lower Hat Creek 2,Indian Reserve,50.8831586,-121.5012849,61,5933,thompson-nicola,Thompson-Nicola,thompson-nicola,Thompson-Nicola,cache-creek,"Cache Creek, Ashcroft & Clinton",Cache Creek,FALSE,road,road,nearest,14.8
64513,Canoe Creek 1,Indian Reserve,51.4664891,-122.1346555,56,5933,thompson-nicola,Thompson-Nicola,thompson-nicola,Thompson-Nicola,cache-creek,"Cache Creek, Ashcroft & Clinton",Cache Creek,FALSE,road,road,nearest,92.2
65591,Ashcroft 4,Indian Reserve,50.7164929,-121.3179410,42,5933,thompson-nicola,Thompson-Nicola,thompson-nicola,Thompson-Nicola,cache-creek,"Cache Creek, Ashcroft & Clinton",Cache Creek,FALSE,road,road,nearest,10.6
65589,Upper Hat Creek 1,Indian Reserve,50.8164906,-121.5846191,15,5933,thompson-nicola,Thompson-Nicola,thompson-nicola,Thompson-Nicola,cache-creek,"Cache Creek, Ashcroft & Clinton",Cache Creek,FALSE,road,road,nearest,18.4
65646,Upper Nepa 6,Indian Reserve,50.6664931,-121.2679380,15,5933,thompson-nicola,Thompson-Nicola,thompson-nicola,Thompson-Nicola,cache-creek,"Cache Creek, Ashcroft & Clinton",Cache Creek,FALSE,road,road,nearest,16.6
65778,105 Mile Post 2,Indian Reserve,50.7331597,-121.3179414,5,5933,thompson-nicola,Thompson-Nicola,thompson-nicola,Thompson-Nicola,cache-creek,"Cache Creek, Ashcroft & Clinton",Cache Creek,FALSE,road,road,nearest,8.8
65533,Basque 18,Indian Reserve,50.6300000,-121.3227778,,5933,thompson-nicola,Thompson-Nicola,thompson-nicola,Thompson-Nicola,cache-creek,"Cache Creek, Ashcroft & Clinton",Cache Creek,FALSE,road,road,nearest,20.2
65530,High Bar 1,Indian Reserve,51.0998212,-122.0013073,0,5933,thompson-nicola,Thompson-Nicola,thompson-nicola,Thompson-Nicola,cache-creek,"Cache Creek, Ashcroft & Clinton",Cache Creek,FALSE,road,road,nearest,57.3
65529,High Bar 1A,Indian Reserve,51.0998212,-122.0013073,0,5933,thompson-nicola,Thompson-Nicola,thompson-nicola,Thompson-Nicola,cache-creek,"Cache Creek, Ashcroft & Clinton",Cache Creek,FALSE,road,road,nearest,57.3
64429,Leon Creek 2,Indian Reserve,50.9998215,-121.9179684,0,5933,thompson-nicola,Thompson-Nicola,thompson-nicola,Thompson-Nicola,cache-creek,"Cache Creek, Ashcroft & Clinton",Cache Creek,FALSE,road,road,nearest,46.6
64428,Leon Creek 2A,Indian Reserve,50.9998215,-121.9179684,0,5933,thompson-nicola,Thompson-Nicola,thompson-nicola,Thompson-Nicola,cache-creek,"Cache Creek, Ashcroft & Clinton",Cache Creek,FALSE,road,road,nearest,46.6
65645,Oregon Jack Creek 5,Indian Reserve,50.5998255,-121.3179378,0,5933,thompson-nicola,Thompson-Nicola,thompson-nicola,Thompson-Nicola,cache-creek,"Cache Creek, Ashcroft & Clinton",Cache Creek,FALSE,road,road,nearest,23.6
66041,Paska Island 3,Indian Reserve,50.6144444,-121.3161111,0,5933,thompson-nicola,Thompson-Nicola,thompson-nicola,Thompson-Nicola,cache-creek,"Cache Creek, Ashcroft & Clinton",Cache Creek,FALSE,road,road,nearest,22.0
65540,Pemynoos 9,Indian Reserve,50.4998254,-121.2679335,0,5933,thompson-nicola,Thompson-Nicola,thompson-nicola,Thompson-Nicola,cache-creek,"Cache Creek, Ashcroft & Clinton",Cache Creek,FALSE,road,road,nearest,34.9
59963,Peq-Paq 22,Indian Reserve,50.6152778,-121.3800000,0,5933,thompson-nicola,Thompson-Nicola,thompson-nicola,Thompson-Nicola,cache-creek,"Cache Creek, Ashcroft & Clinton",Cache Creek,FALSE,road,road,nearest,22.2
34755,Campbell River,City,50.0230556,-125.2436111,36872,5924,strathcona,Strathcona,strathcona,Strathcona,campbell-river,Campbell River & Area,Campbell River,TRUE,road,road,hub,0.0
17917,Ocean Grove,Community,49.9497779,-125.2013761,1604,5924,strathcona,Strathcona,strathcona,Strathcona,campbell-river,Campbell River & Area,Campbell River,FALSE,road,road,nearest,8.7
34897,Cortes Bay,Community,50.0664156,-124.9388625,633,5924,strathcona,Strathcona,strathcona,Strathcona,campbell-river,Campbell River & Area,Campbell River,FALSE,road,ferry,zone:discovery-islands,22.3
34983,Mansons Landing,Community,50.0634483,-124.9817518,633,5924,strathcona,Strathcona,strathcona,Strathcona,campbell-river,Campbell River & Area,Campbell River,FALSE,road,ferry,zone:discovery-islands,19.2
18081,Seaford,Locality,50.0831153,-124.9013707,633,5924,strathcona,Strathcona,strathcona,Strathcona,campbell-river,Campbell River & Area,Campbell River,FALSE,road,ferry,zone:discovery-islands,25.3
35004,Quathiaski Cove,Community,50.0514123,-125.2187869,626,5924,strathcona,Strathcona,strathcona,Strathcona,campbell-river,Campbell River & Area,Campbell River,FALSE,road,ferry,zone:discovery-islands,3.6
10493,Campbellton,Community,50.0331108,-125.2680472,555,5924,strathcona,Strathcona,strathcona,Strathcona,campbell-river,Campbell River & Area,Campbell River,FALSE,road,road,nearest,2.1
17063,North Campbell River,Community,50.0492043,-125.2689947,555,5924,strathcona,Strathcona,strathcona,Strathcona,campbell-river,Campbell River & Area,Campbell River,FALSE,road,road,nearest,3.4
34752,Bold Point,Locality,50.1664459,-125.1680480,546,5924,strathcona,Strathcona,strathcona,Strathcona,campbell-river,Campbell River & Area,Campbell River,FALSE,road,ferry,zone:discovery-islands,16.8
34762,Granite Bay,Locality,50.2331113,-125.3013874,546,5924,strathcona,Strathcona,strathcona,Strathcona,campbell-river,Campbell River & Area,Campbell River,FALSE,road,ferry,zone:discovery-islands,23.7
34763,Heriot Bay,Community,50.1016781,-125.2092403,546,5924,strathcona,Strathcona,strathcona,Strathcona,campbell-river,Campbell River & Area,Campbell River,FALSE,road,ferry,zone:discovery-islands,9.1
65354,Open Bay 8,Indian Reserve,50.1497785,-125.2180491,546,5924,strathcona,Strathcona,strathcona,Strathcona,campbell-river,Campbell River & Area,Campbell River,FALSE,road,ferry,zone:discovery-islands,14.2
65355,Village Bay 7,Indian Reserve,50.1664455,-125.2013824,546,5924,strathcona,Strathcona,strathcona,Strathcona,campbell-river,Campbell River & Area,Campbell River,FALSE,road,ferry,zone:discovery-islands,16.2
40885,Stories Beach,Community,49.9192223,-125.1874860,514,5924,strathcona,Strathcona,strathcona,Strathcona,campbell-river,Campbell River & Area,Campbell River,FALSE,road,road,nearest,12.2
65352,Campbell River 11,Indian Reserve,50.0331110,-125.2513801,506,5924,strathcona,Strathcona,strathcona,Strathcona,campbell-river,Campbell River & Area,Campbell River,FALSE,road,road,nearest,1.2
34753,Bloedel,Locality,50.1164431,-125.3847199,454,5924,strathcona,Strathcona,strathcona,Strathcona,campbell-river,Campbell River & Area,Campbell River,FALSE,road,road,nearest,14.5
34759,Elk Bay,Locality,50.2777778,-125.4386111,454,5924,strathcona,Strathcona,strathcona,Strathcona,campbell-river,Campbell River & Area,Campbell River,FALSE,road,road,nearest,31.5
14690,Hkusam,Locality,50.3869444,-125.9275000,454,5924,strathcona,Strathcona,strathcona,Strathcona,campbell-river,Campbell River & Area,Campbell River,FALSE,road,road,nearest,63.3
35007,Rock Bay,Locality,50.3331096,-125.4847293,454,5924,strathcona,Strathcona,strathcona,Strathcona,campbell-river,Campbell River & Area,Campbell River,FALSE,road,road,nearest,38.5
65347,Salmon River 1,Indian Reserve,50.3812200,-125.9355400,454,5924,strathcona,Strathcona,strathcona,Strathcona,campbell-river,Campbell River & Area,Campbell River,FALSE,road,road,nearest,63.3
65053,Bartlett Island 7,Indian Reserve,50.3164476,-125.0847164,447,5924,strathcona,Strathcona,strathcona,Strathcona,campbell-river,Campbell River & Area,Campbell River,FALSE,road,road,nearest,34.5
65602,Bear Bay 8,Indian Reserve,50.8331187,-124.9513941,447,5924,strathcona,Strathcona,strathcona,Strathcona,campbell-river,Campbell River & Area,Campbell River,FALSE,road,road,nearest,92.4
4309,Big Bay,Locality,50.3997808,-125.1347204,447,5924,strathcona,Strathcona,strathcona,Strathcona,campbell-river,Campbell River & Area,Campbell River,FALSE,road,road,nearest,42.6
5775,Blind Channel,Community,50.4134756,-125.5030768,447,5924,strathcona,Strathcona,strathcona,Strathcona,campbell-river,Campbell River & Area,Campbell River,FALSE,road,road,nearest,47.2
54371,Brem River,Locality,50.4331198,-124.6680402,447,5924,strathcona,Strathcona,strathcona,Strathcona,campbell-river,Campbell River & Area,Campbell River,FALSE,road,road,nearest,61.3
65057,Deep Valley 5,Indian Reserve,50.3831164,-124.9347137,447,5924,strathcona,Strathcona,strathcona,Strathcona,campbell-river,Campbell River & Area,Campbell River,FALSE,road,road,nearest,45.7
65349,Drew Harbour 9,Indian Reserve,50.0831120,-125.1847128,447,5924,strathcona,Strathcona,strathcona,Strathcona,campbell-river,Campbell River & Area,Campbell River,FALSE,road,ferry,zone:discovery-islands,7.9
37732,George River,Locality,50.5580556,-125.5255556,447,5924,strathcona,Strathcona,strathcona,Strathcona,campbell-river,Campbell River & Area,Campbell River,FALSE,road,road,nearest,62.8
65609,Hanatsa 6,Indian Reserve,50.5331048,-125.9680834,447,5924,strathcona,Strathcona,strathcona,Strathcona,campbell-river,Campbell River & Area,Campbell River,FALSE,road,road,nearest,76.6
6686,Hardwicke Island,Locality,50.4164381,-125.9180784,447,5924,strathcona,Strathcona,strathcona,Strathcona,campbell-river,Campbell River & Area,Campbell River,FALSE,road,road,nearest,64.9
64974,Homalco 1,Indian Reserve,50.9497869,-124.8847289,447,5924,strathcona,Strathcona,strathcona,Strathcona,campbell-river,Campbell River & Area,Campbell River,FALSE,road,road,nearest,106.1
64973,Homalco 2,Indian Reserve,50.9664539,-124.8680622,447,5924,strathcona,Strathcona,strathcona,Strathcona,campbell-river,Campbell River & Area,Campbell River,FALSE,road,road,nearest,108.2
64972,Homalco 2A,Indian Reserve,50.9664539,-124.8680622,447,5924,strathcona,Strathcona,strathcona,Strathcona,campbell-river,Campbell River & Area,Campbell River,FALSE,road,road,nearest,108.2
65326,Homayno 2,Indian Reserve,50.5831099,-125.5680726,447,5924,strathcona,Strathcona,strathcona,Strathcona,campbell-river,Campbell River & Area,Campbell River,FALSE,road,road,nearest,66.4
65327,Loughborough 3,Indian Reserve,50.5164430,-125.5514034,447,5924,strathcona,Strathcona,strathcona,Strathcona,campbell-river,Campbell River & Area,Campbell River,FALSE,road,road,nearest,59.1
65353,Matlaten 4,Indian Reserve,50.4664430,-125.5347347,447,5924,strathcona,Strathcona,strathcona,Strathcona,campbell-river,Campbell River & Area,Campbell River,FALSE,road,road,nearest,53.5
65501,Matsayno 5,Indian Reserve,50.5331124,-125.3347305,447,5924,strathcona,Strathcona,strathcona,Strathcona,campbell-river,Campbell River & Area,Campbell River,FALSE,road,road,nearest,57.1
64977,Mushkin 5,Indian Reserve,50.3497805,-125.1347189,447,5924,strathcona,Strathcona,strathcona,Strathcona,campbell-river,Campbell River & Area,Campbell River,FALSE,road,road,nearest,37.1
64976,Mushkin 5A,Indian Reserve,50.3497803,-125.1513861,447,5924,strathcona,Strathcona,strathcona,Strathcona,campbell-river,Campbell River & Area,Campbell River,FALSE,road,road,nearest,36.9
64978,Orford Bay 4,Indian Reserve,50.6164520,-124.8513846,447,5924,strathcona,Strathcona,strathcona,Strathcona,campbell-river,Campbell River & Area,Campbell River,FALSE,road,road,nearest,71.6
34774,Owen Bay,Locality,50.3163889,-125.2216667,447,5924,strathcona,Strathcona,strathcona,Strathcona,campbell-river,Campbell River & Area,Campbell River,FALSE,road,road,nearest,32.7
65612,Pawala 5,Indian Reserve,50.6164391,-125.9180844,447,5924,strathcona,Strathcona,strathcona,Strathcona,campbell-river,Campbell River & Area,Campbell River,FALSE,road,road,nearest,81.5
35002,Phillips Arm,Community,50.5482137,-125.3530437,447,5924,strathcona,Strathcona,strathcona,Strathcona,campbell-river,Campbell River & Area,Campbell River,FALSE,road,road,nearest,58.9
65611,Port Neville 4,Indian Reserve,50.5664387,-125.9347500,447,5924,strathcona,Strathcona,strathcona,Strathcona,campbell-river,Campbell River & Area,Campbell River,FALSE,road,road,nearest,77.9
64971,Potato Point 3,Indian Reserve,50.9331203,-124.8680612,447,5924,strathcona,Strathcona,strathcona,Strathcona,campbell-river,Campbell River & Area,Campbell River,FALSE,road,road,nearest,104.6
65058,Quequa 6,Indian Reserve,50.1997821,-124.9347084,447,5924,strathcona,Strathcona,strathcona,Strathcona,campbell-river,Campbell River & Area,Campbell River,FALSE,road,ferry,zone:discovery-islands,29.5
35006,Read Island,Locality,50.1831136,-125.0847126,447,5924,strathcona,Strathcona,strathcona,Strathcona,campbell-river,Campbell River & Area,Campbell River,FALSE,road,ferry,zone:discovery-islands,21.1
34895,Refuge Cove,Locality,50.1164496,-124.8347029,447,5924,strathcona,Strathcona,strathcona,Strathcona,campbell-river,Campbell River & Area,Campbell River,FALSE,road,road,nearest,31.0
21907,Roy,Locality,50.5164432,-125.5347362,447,5924,strathcona,Strathcona,strathcona,Strathcona,campbell-river,Campbell River & Area,Campbell River,FALSE,road,road,nearest,58.6
65502,Saaiyouck 6,Indian Reserve,50.4164471,-125.1680553,447,5924,strathcona,Strathcona,strathcona,Strathcona,campbell-river,Campbell River & Area,Campbell River,FALSE,road,road,nearest,44.1
65063,Salmon Bay 3,Indian Reserve,50.4331200,-124.6513730,447,5924,strathcona,Strathcona,strathcona,Strathcona,campbell-river,Campbell River & Area,Campbell River,FALSE,road,road,nearest,62.1
65064,Siakin 4,Indian Reserve,50.2831177,-124.7847062,447,5924,strathcona,Strathcona,strathcona,Strathcona,campbell-river,Campbell River & Area,Campbell River,FALSE,road,road,nearest,43.6
8731,Stuart Island,Locality,50.3664473,-125.1347194,447,5924,strathcona,Strathcona,strathcona,Strathcona,campbell-river,Campbell River & Area,Campbell River,FALSE,road,road,nearest,39.0
14011,Surge Narrows,Locality,50.2329100,-125.1061400,447,5924,strathcona,Strathcona,strathcona,Strathcona,campbell-river,Campbell River & Area,Campbell River,FALSE,road,ferry,zone:discovery-islands,25.3
65023,Tatpo-oose 10,Indian Reserve,50.2331135,-125.1180484,447,5924,strathcona,Strathcona,strathcona,Strathcona,campbell-river,Campbell River & Area,Campbell River,FALSE,road,ferry,zone:discovery-islands,25.0
40907,Teakerne Arm,Locality,50.1858946,-124.8166488,447,5924,strathcona,Strathcona,strathcona,Strathcona,campbell-river,Campbell River & Area,Campbell River,FALSE,road,road,nearest,35.4
19066,Thurlow,Locality,50.4497782,-125.3680624,447,5924,strathcona,Strathcona,strathcona,Strathcona,campbell-river,Campbell River & Area,Campbell River,FALSE,road,road,nearest,48.3
19722,Squirrel Cove,Locality,50.1164486,-124.9180388,426,5924,strathcona,Strathcona,strathcona,Strathcona,campbell-river,Campbell River & Area,Campbell River,FALSE,road,ferry,zone:discovery-islands,25.5
35016,Whaletown,Locality,50.0995819,-125.0501436,426,5924,strathcona,Strathcona,strathcona,Strathcona,campbell-river,Campbell River & Area,Campbell River,FALSE,road,ferry,zone:discovery-islands,16.2
34756,Duncan Bay,Locality,50.0713889,-125.2866667,377,5924,strathcona,Strathcona,strathcona,Strathcona,campbell-river,Campbell River & Area,Campbell River,FALSE,road,road,nearest,6.2
16250,Shelter Point,Community,49.9331100,-125.1870400,362,5924,strathcona,Strathcona,strathcona,Strathcona,campbell-river,Campbell River & Area,Campbell River,FALSE,road,road,nearest,10.8
35009,Sayward,Village,50.3788889,-125.9594444,346,5924,strathcona,Strathcona,strathcona,Strathcona,campbell-river,Campbell River & Area,Campbell River,FALSE,road,road,nearest,64.5
22323,Quinsam,Community,50.0183564,-125.2895428,312,5924,strathcona,Strathcona,strathcona,Strathcona,campbell-river,Campbell River & Area,Campbell River,FALSE,road,road,nearest,3.3
65351,Quinsam 12,Indian Reserve,50.0164436,-125.3013811,312,5924,strathcona,Strathcona,strathcona,Strathcona,campbell-river,Campbell River & Area,Campbell River,FALSE,road,road,nearest,4.2
60160,Homalco 9,Indian Reserve,49.9491667,-125.2436111,214,5924,strathcona,Strathcona,strathcona,Strathcona,campbell-river,Campbell River & Area,Campbell River,FALSE,road,road,nearest,8.2
65348,Cape Mudge 10,Indian Reserve,49.9997783,-125.1847104,145,5924,strathcona,Strathcona,strathcona,Strathcona,campbell-river,Campbell River & Area,Campbell River,FALSE,road,ferry,zone:discovery-islands,4.9
35019,Yaculta,Community,50.0204500,-125.1966600,145,5924,strathcona,Strathcona,strathcona,Strathcona,campbell-river,Campbell River & Area,Campbell River,FALSE,road,ferry,zone:discovery-islands,3.4
65059,Tork 7,Indian Reserve,50.1331152,-124.9347065,60,5924,strathcona,Strathcona,strathcona,Strathcona,campbell-river,Campbell River & Area,Campbell River,FALSE,road,ferry,zone:discovery-islands,25.2
64975,Aupe 6,Indian Reserve,50.3331146,-125.0680497,0,5924,strathcona,Strathcona,strathcona,Strathcona,campbell-river,Campbell River & Area,Campbell River,FALSE,road,road,nearest,36.7
65054,Aupe 6A,Indian Reserve,50.3331146,-125.0680497,0,5924,strathcona,Strathcona,strathcona,Strathcona,campbell-river,Campbell River & Area,Campbell River,FALSE,road,road,nearest,36.7
5979,Church House,Locality,50.3331146,-125.0680497,0,5924,strathcona,Strathcona,strathcona,Strathcona,campbell-river,Campbell River & Area,Campbell River,FALSE,road,road,nearest,36.7
65060,Squirrel Cove 8,Indian Reserve,50.1331154,-124.9180393,0,5924,strathcona,Strathcona,strathcona,Strathcona,campbell-river,Campbell River & Area,Campbell River,FALSE,road,ferry,zone:discovery-islands,26.3
64912,Bella Bella 1,Indian Reserve,52.1497547,-128.1515359,1193,5945,central-coast,Central Coast,central-coast,Central Coast,central-coast-marine,Central Coast (Bella Bella & Klemtu),Bella Bella 1,TRUE,ferry,road,hub,0.0
29034,Campbell Island,Community,52.1694500,-128.1450400,582,5945,central-coast,Central Coast,central-coast,Central Coast,central-coast-marine,Central Coast (Bella Bella & Klemtu),Bella Bella 1,FALSE,ferry,ferry,zone:central-coast-water,2.2
65048,Kitasoo 1,Indian Reserve,52.5997535,-128.5348968,217,5949,kitimat-stikine,Kitimat-Stikine,central-coast,Central Coast,central-coast-marine,Central Coast (Bella Bella & Klemtu),Bella Bella 1,FALSE,ferry,ferry,zone:kitasoo-waters,56.4
28410,Klemtu,Community,52.5885230,-128.5207819,217,5949,kitimat-stikine,Kitimat-Stikine,central-coast,Central Coast,central-coast-marine,Central Coast (Bella Bella & Klemtu),Bella Bella 1,FALSE,ferry,ferry,zone:central-coast-water,54.9
17594,Tallheo,Locality,52.3904700,-126.8358800,162,5945,central-coast,Central Coast,central-coast,Central Coast,central-coast-marine,Central Coast (Bella Bella & Klemtu),Bella Bella 1,FALSE,ferry,ferry,zone:central-coast-water,93.4
59982,'Kluémt 15,Indian Reserve,52.1997800,-128.1657000,149,5945,central-coast,Central Coast,central-coast,Central Coast,central-coast-marine,Central Coast (Bella Bella & Klemtu),Bella Bella 1,FALSE,ferry,ferry,zone:central-coast-inlets,5.6
65370,Ann Island 7,Indian Reserve,51.2664195,-127.8014956,149,5945,central-coast,Central Coast,central-coast,Central Coast,central-coast-marine,Central Coast (Bella Bella & Klemtu),Bella Bella 1,FALSE,ferry,ferry,zone:central-coast-inlets,101.1
64999,Chatscah 2,Indian Reserve,52.8831084,-127.0848613,149,5945,central-coast,Central Coast,central-coast,Central Coast,central-coast-marine,Central Coast (Bella Bella & Klemtu),Bella Bella 1,FALSE,ferry,ferry,zone:central-coast-inlets,108.9
64907,Clatse 5,Indian Reserve,52.3330937,-127.8348657,149,5945,central-coast,Central Coast,central-coast,Central Coast,central-coast-marine,Central Coast (Bella Bella & Klemtu),Bella Bella 1,FALSE,ferry,ferry,zone:central-coast-inlets,29.7
64424,Cockmi 3,Indian Reserve,51.5164227,-127.6848336,149,5945,central-coast,Central Coast,central-coast,Central Coast,central-coast-marine,Central Coast (Bella Bella & Klemtu),Bella Bella 1,FALSE,ferry,ferry,zone:central-coast-inlets,77.4
26802,Dawsons Landing,Locality,51.5830911,-127.5848327,149,5945,central-coast,Central Coast,central-coast,Central Coast,central-coast-marine,Central Coast (Bella Bella & Klemtu),Bella Bella 1,FALSE,ferry,ferry,zone:central-coast-water,74.1
63861,Elcho 6,Indian Reserve,52.4008333,-127.5377778,149,5945,central-coast,Central Coast,central-coast,Central Coast,central-coast-marine,Central Coast (Bella Bella & Klemtu),Bella Bella 1,FALSE,ferry,ferry,zone:central-coast-inlets,50.2
64989,Grief Island 2,Indian Reserve,52.2803106,-128.2112644,149,5945,central-coast,Central Coast,central-coast,Central Coast,central-coast-marine,Central Coast (Bella Bella & Klemtu),Bella Bella 1,FALSE,ferry,ferry,zone:central-coast-inlets,15.1
65488,Halowis 5,Indian Reserve,51.2997626,-127.0514738,149,5945,central-coast,Central Coast,central-coast,Central Coast,central-coast-marine,Central Coast (Bella Bella & Klemtu),Bella Bella 1,FALSE,ferry,ferry,zone:central-coast-inlets,121.1
64910,Hoonees 2,Indian Reserve,52.3164252,-127.9682026,149,5945,central-coast,Central Coast,central-coast,Central Coast,central-coast-marine,Central Coast (Bella Bella & Klemtu),Bella Bella 1,FALSE,ferry,ferry,zone:central-coast-inlets,22.3
64980,Howeet 8,Indian Reserve,52.0497550,-128.0681965,149,5945,central-coast,Central Coast,central-coast,Central Coast,central-coast-marine,Central Coast (Bella Bella & Klemtu),Bella Bella 1,FALSE,ferry,ferry,zone:central-coast-inlets,12.5
64987,Island 14A,Indian Reserve,52.1497552,-128.1182015,149,5945,central-coast,Central Coast,central-coast,Central Coast,central-coast-marine,Central Coast (Bella Bella & Klemtu),Bella Bella 1,FALSE,ferry,ferry,zone:central-coast-inlets,2.3
64982,Kajustus 10,Indian Reserve,52.1497560,-128.0515328,149,5945,central-coast,Central Coast,central-coast,Central Coast,central-coast-marine,Central Coast (Bella Bella & Klemtu),Bella Bella 1,FALSE,ferry,ferry,zone:central-coast-inlets,6.8
64996,Kemsquit 1,Indian Reserve,52.8164426,-126.9681886,149,5945,central-coast,Central Coast,central-coast,Central Coast,central-coast-marine,Central Coast (Bella Bella & Klemtu),Bella Bella 1,FALSE,ferry,ferry,zone:central-coast-inlets,109.2
64426,Kiltala 2,Indian Reserve,51.7164283,-127.3514966,149,5945,central-coast,Central Coast,central-coast,Central Coast,central-coast-marine,Central Coast (Bella Bella & Klemtu),Bella Bella 1,FALSE,ferry,ferry,zone:central-coast-inlets,73.0
4519,Kimsquit,Locality,52.8331096,-126.9515219,149,5945,central-coast,Central Coast,central-coast,Central Coast,central-coast-marine,Central Coast (Bella Bella & Klemtu),Bella Bella 1,FALSE,ferry,ferry,zone:central-coast-water,111.2
64979,Kisameet 7,Indian Reserve,51.9664234,-127.8848547,149,5945,central-coast,Central Coast,central-coast,Central Coast,central-coast-marine,Central Coast (Bella Bella & Klemtu),Bella Bella 1,FALSE,ferry,ferry,zone:central-coast-inlets,27.3
64988,Kokyet 1,Indian Reserve,52.2830885,-128.2015420,149,5945,central-coast,Central Coast,central-coast,Central Coast,central-coast-marine,Central Coast (Bella Bella & Klemtu),Bella Bella 1,FALSE,ferry,ferry,zone:central-coast-inlets,15.2
64993,Koqui 6,Indian Reserve,52.2330859,-128.3682121,149,5945,central-coast,Central Coast,central-coast,Central Coast,central-coast-marine,Central Coast (Bella Bella & Klemtu),Bella Bella 1,FALSE,ferry,ferry,zone:central-coast-inlets,17.4
64981,Kunsoot 9,Indian Reserve,52.1497565,-128.0181984,149,5945,central-coast,Central Coast,central-coast,Central Coast,central-coast-marine,Central Coast (Bella Bella & Klemtu),Bella Bella 1,FALSE,ferry,ferry,zone:central-coast-inlets,9.1
64997,Kwatlena 4,Indian Reserve,52.0997646,-127.3515094,149,5945,central-coast,Central Coast,central-coast,Central Coast,central-coast-marine,Central Coast (Bella Bella & Klemtu),Bella Bella 1,FALSE,ferry,ferry,zone:central-coast-inlets,54.9
64990,Kyarti 3,Indian Reserve,52.2997553,-128.2015426,149,5945,central-coast,Central Coast,central-coast,Central Coast,central-coast-marine,Central Coast (Bella Bella & Klemtu),Bella Bella 1,FALSE,ferry,ferry,zone:central-coast-inlets,17.0
26635,Namu,Locality,51.8664228,-127.8681842,149,5945,central-coast,Central Coast,central-coast,Central Coast,central-coast-marine,Central Coast (Bella Bella & Klemtu),Bella Bella 1,FALSE,ferry,ferry,zone:central-coast-water,37.0
65486,Nathlegalis 3,Indian Reserve,51.2830882,-127.6514916,149,5945,central-coast,Central Coast,central-coast,Central Coast,central-coast-marine,Central Coast (Bella Bella & Klemtu),Bella Bella 1,FALSE,ferry,ferry,zone:central-coast-inlets,102.3
64991,Neekas 4,Indian Reserve,52.4497572,-128.1515463,149,5945,central-coast,Central Coast,central-coast,Central Coast,central-coast-marine,Central Coast (Bella Bella & Klemtu),Bella Bella 1,FALSE,ferry,ferry,zone:central-coast-inlets,33.4
65487,Nekite 2,Indian Reserve,51.4164296,-127.0848119,149,5945,central-coast,Central Coast,central-coast,Central Coast,central-coast-marine,Central Coast (Bella Bella & Klemtu),Bella Bella 1,FALSE,ferry,ferry,zone:central-coast-inlets,109.7
65777,Nooseseck 2,Indian Reserve,52.3331046,-126.9848391,149,5945,central-coast,Central Coast,central-coast,Central Coast,central-coast-marine,Central Coast (Bella Bella & Klemtu),Bella Bella 1,FALSE,ferry,ferry,zone:central-coast-inlets,82.0
64908,Noota 4,Indian Reserve,52.4830961,-127.7515350,149,5945,central-coast,Central Coast,central-coast,Central Coast,central-coast-marine,Central Coast (Bella Bella & Klemtu),Bella Bella 1,FALSE,ferry,ferry,zone:central-coast-inlets,46.0
17918,Ocean Falls,Community,52.3534262,-127.6896440,149,5945,central-coast,Central Coast,central-coast,Central Coast,central-coast-marine,Central Coast (Bella Bella & Klemtu),Bella Bella 1,FALSE,ferry,ferry,zone:central-coast-water,38.7
40476,Old Bella Bella,Community,52.1575579,-128.1067787,149,5945,central-coast,Central Coast,central-coast,Central Coast,central-coast-marine,Central Coast (Bella Bella & Klemtu),Bella Bella 1,FALSE,ferry,ferry,zone:central-coast-water,3.2
64986,Pole Island 14,Indian Reserve,52.1830890,-128.1015355,149,5945,central-coast,Central Coast,central-coast,Central Coast,central-coast-marine,Central Coast (Bella Bella & Klemtu),Bella Bella 1,FALSE,ferry,ferry,zone:central-coast-inlets,5.0
64909,Quartcha 3,Indian Reserve,52.5164286,-127.8348721,149,5945,central-coast,Central Coast,central-coast,Central Coast,central-coast-marine,Central Coast (Bella Bella & Klemtu),Bella Bella 1,FALSE,ferry,ferry,zone:central-coast-inlets,46.1
40848,Shearwater,Locality,52.1472222,-128.0927778,149,5945,central-coast,Central Coast,central-coast,Central Coast,central-coast-marine,Central Coast (Bella Bella & Klemtu),Bella Bella 1,FALSE,ferry,ferry,zone:central-coast-water,4.0
64998,Skowquiltz River 3,Indian Reserve,52.5997713,-127.1681874,149,5945,central-coast,Central Coast,central-coast,Central Coast,central-coast-marine,Central Coast (Bella Bella & Klemtu),Bella Bella 1,FALSE,ferry,ferry,zone:central-coast-inlets,83.4
40872,South Bentinck,Locality,52.0442173,-126.6681528,149,5945,central-coast,Central Coast,central-coast,Central Coast,central-coast-marine,Central Coast (Bella Bella & Klemtu),Bella Bella 1,FALSE,ferry,ferry,zone:central-coast-water,102.0
64994,Taleomy 3,Indian Reserve,52.0331061,-126.6681524,149,5945,central-coast,Central Coast,central-coast,Central Coast,central-coast-marine,Central Coast (Bella Bella & Klemtu),Bella Bella 1,FALSE,ferry,ferry,zone:central-coast-inlets,102.2
64992,Tankeah 5,Indian Reserve,52.2997547,-128.2515441,149,5945,central-coast,Central Coast,central-coast,Central Coast,central-coast-marine,Central Coast (Bella Bella & Klemtu),Bella Bella 1,FALSE,ferry,ferry,zone:central-coast-inlets,18.0
64911,Tcimotf 1A,Indian Reserve,52.1330881,-128.1348681,149,5945,central-coast,Central Coast,central-coast,Central Coast,central-coast-marine,Central Coast (Bella Bella & Klemtu),Bella Bella 1,FALSE,ferry,ferry,zone:central-coast-inlets,2.2
65489,Toksee 4,Indian Reserve,51.2330919,-127.3348137,149,5945,central-coast,Central Coast,central-coast,Central Coast,central-coast-marine,Central Coast (Bella Bella & Klemtu),Bella Bella 1,FALSE,ferry,ferry,zone:central-coast-inlets,116.4
65491,Tseetsum-Sawlasilah 6,Indian Reserve,51.3330927,-127.3181497,149,5945,central-coast,Central Coast,central-coast,Central Coast,central-coast-marine,Central Coast (Bella Bella & Klemtu),Bella Bella 1,FALSE,ferry,ferry,zone:central-coast-inlets,107.4
64983,Werkinellek 11,Indian Reserve,51.9211376,-128.4762602,149,5945,central-coast,Central Coast,central-coast,Central Coast,central-coast-marine,Central Coast (Bella Bella & Klemtu),Bella Bella 1,FALSE,ferry,ferry,zone:central-coast-inlets,33.8
65484,Wyclese 1,Indian Reserve,51.2830920,-127.3514824,149,5945,central-coast,Central Coast,central-coast,Central Coast,central-coast-marine,Central Coast (Bella Bella & Klemtu),Bella Bella 1,FALSE,ferry,ferry,zone:central-coast-inlets,111.0
64984,Yellertlee 12,Indian Reserve,51.9316934,-128.4607045,149,5945,central-coast,Central Coast,central-coast,Central Coast,central-coast-marine,Central Coast (Bella Bella & Klemtu),Bella Bella 1,FALSE,ferry,ferry,zone:central-coast-inlets,32.2
64985,Yeo Island 13,Indian Reserve,52.2997564,-128.1182067,149,5945,central-coast,Central Coast,central-coast,Central Coast,central-coast-marine,Central Coast (Bella Bella & Klemtu),Bella Bella 1,FALSE,ferry,ferry,zone:central-coast-inlets,16.8
64423,Katit 1,Indian Reserve,51.6830967,-127.2014908,77,5945,central-coast,Central Coast,central-coast,Central Coast,central-coast-marine,Central Coast (Bella Bella & Klemtu),Bella Bella 1,FALSE,ferry,ferry,zone:central-coast-water,83.3
54165,Oweekeno,First Nation Village,51.6803186,-127.2264915,77,5945,central-coast,Central Coast,central-coast,Central Coast,central-coast-marine,Central Coast (Bella Bella & Klemtu),Bella Bella 1,FALSE,ferry,ferry,zone:central-coast-water,82.2
65044,Dil-ma-sow 5,Indian Reserve,52.5664142,-128.9682423,0,5949,kitimat-stikine,Kitimat-Stikine,central-coast,Central Coast,central-coast-marine,Central Coast (Bella Bella & Klemtu),Bella Bella 1,FALSE,ferry,ferry,zone:kitasoo-waters,72.3
65388,Gander Island 14,Indian Reserve,52.6664090,-129.4182597,0,5949,kitimat-stikine,Kitimat-Stikine,central-coast,Central Coast,central-coast-marine,Central Coast (Bella Bella & Klemtu),Bella Bella 1,FALSE,ferry,ferry,zone:kitasoo-waters,103.4
65070,Goo-ewe 8,Indian Reserve,52.4664164,-128.7348982,0,5949,kitimat-stikine,Kitimat-Stikine,central-coast,Central Coast,central-coast-marine,Central Coast (Bella Bella & Klemtu),Bella Bella 1,FALSE,ferry,ferry,zone:kitasoo-waters,53.0
65041,Kdad-eesh 4,Indian Reserve,52.7330781,-129.2849247,0,5949,kitimat-stikine,Kitimat-Stikine,central-coast,Central Coast,central-coast-marine,Central Coast (Bella Bella & Klemtu),Bella Bella 1,FALSE,ferry,ferry,zone:kitasoo-waters,100.5
65043,Kinmakanksk 6,Indian Reserve,52.6997489,-128.9515799,0,5949,kitimat-stikine,Kitimat-Stikine,central-coast,Central Coast,central-coast-marine,Central Coast (Bella Bella & Klemtu),Bella Bella 1,FALSE,ferry,ferry,zone:kitasoo-waters,81.7
65309,Lackzuswadda 9,Indian Reserve,52.8997481,-129.1515933,0,5949,kitimat-stikine,Kitimat-Stikine,central-coast,Central Coast,central-coast-marine,Central Coast (Bella Bella & Klemtu),Bella Bella 1,FALSE,ferry,ferry,zone:kitasoo-waters,107.4
65071,Lattkaloup 9,Indian Reserve,52.6997518,-128.7349065,0,5949,kitimat-stikine,Kitimat-Stikine,central-coast,Central Coast,central-coast-marine,Central Coast (Bella Bella & Klemtu),Bella Bella 1,FALSE,ferry,ferry,zone:kitasoo-waters,72.8
65066,Mary Cove 12,Indian Reserve,52.6164214,-128.4515615,0,5949,kitimat-stikine,Kitimat-Stikine,central-coast,Central Coast,central-coast-marine,Central Coast (Bella Bella & Klemtu),Bella Bella 1,FALSE,ferry,ferry,zone:kitasoo-waters,55.7
65067,Oatswish 13,Indian Reserve,52.9330952,-128.1348962,0,5949,kitimat-stikine,Kitimat-Stikine,central-coast,Central Coast,central-coast-marine,Central Coast (Bella Bella & Klemtu),Bella Bella 1,FALSE,ferry,ferry,zone:kitasoo-waters,87.1
65069,Quckwa 7,Indian Reserve,52.5497509,-128.7015668,0,5949,kitimat-stikine,Kitimat-Stikine,central-coast,Central Coast,central-coast-marine,Central Coast (Bella Bella & Klemtu),Bella Bella 1,FALSE,ferry,ferry,zone:kitasoo-waters,58.1
65072,Saint Joe 10,Indian Reserve,52.8664206,-128.6849110,0,5949,kitimat-stikine,Kitimat-Stikine,central-coast,Central Coast,central-coast-marine,Central Coast (Bella Bella & Klemtu),Bella Bella 1,FALSE,ferry,ferry,zone:kitasoo-waters,87.5
65068,Skilak 14,Indian Reserve,52.7164241,-128.3182275,0,5949,kitimat-stikine,Kitimat-Stikine,central-coast,Central Coast,central-coast-marine,Central Coast (Bella Bella & Klemtu),Bella Bella 1,FALSE,ferry,ferry,zone:kitasoo-waters,64.0
65065,Ulthakoush 11,Indian Reserve,52.9664220,-128.6515803,0,5949,kitimat-stikine,Kitimat-Stikine,central-coast,Central Coast,central-coast-marine,Central Coast (Bella Bella & Klemtu),Bella Bella 1,FALSE,ferry,ferry,zone:kitasoo-waters,96.9
65042,Weeteeam 3,Indian Reserve,52.5330794,-129.0515770,0,5949,kitimat-stikine,Kitimat-Stikine,central-coast,Central Coast,central-coast-marine,Central Coast (Bella Bella & Klemtu),Bella Bella 1,FALSE,ferry,ferry,zone:kitasoo-waters,74.5
24595,Tumbler Ridge,District Municipality,55.1261111,-120.9980556,2513,5955,peace-river,Peace River,peace-river,Peace River,chetwynd,Chetwynd & Tumbler Ridge,Chetwynd,FALSE,pass,road,nearest,75.1
37513,Tumbler Ridge,Community,55.1332104,-121.0013995,2513,5955,peace-river,Peace River,peace-river,Peace River,chetwynd,Chetwynd & Tumbler Ridge,Chetwynd,FALSE,pass,road,nearest,74.4
37727,Chetwynd,District Municipality,55.6958333,-121.6383333,2420,5955,peace-river,Peace River,peace-river,Peace River,chetwynd,Chetwynd & Tumbler Ridge,Chetwynd,TRUE,pass,road,hub,0.0
14891,Hudson's Hope,District Municipality,56.0258333,-121.9136111,993,5955,peace-river,Peace River,peace-river,Peace River,chetwynd,Chetwynd & Tumbler Ridge,Chetwynd,FALSE,pass,road,nearest,40.5
6182,Moberly Lake,Community,55.8346162,-121.7434487,648,5955,peace-river,Peace River,peace-river,Peace River,chetwynd,Chetwynd & Tumbler Ridge,Chetwynd,FALSE,pass,road,nearest,16.8
11855,Farrell Creek,Locality,56.1208333,-121.7277778,477,5955,peace-river,Peace River,peace-river,Peace River,chetwynd,Chetwynd & Tumbler Ridge,Chetwynd,FALSE,pass,road,nearest,47.6
8572,Hasler Flat,Community,55.6084200,-121.9729600,449,5955,peace-river,Peace River,peace-river,Peace River,chetwynd,Chetwynd & Tumbler Ridge,Chetwynd,FALSE,pass,road,nearest,23.1
10148,Lone Prairie,Community,55.5678111,-121.3840640,449,5955,peace-river,Peace River,peace-river,Peace River,chetwynd,Chetwynd & Tumbler Ridge,Chetwynd,FALSE,pass,road,nearest,21.4
38890,Pine Valley,Locality,55.6332050,-122.1181248,449,5955,peace-river,Peace River,peace-river,Peace River,chetwynd,Chetwynd & Tumbler Ridge,Chetwynd,FALSE,pass,road,nearest,30.9
4263,Beryl Prairie,Locality,56.0832133,-122.0348054,428,5955,peace-river,Peace River,peace-river,Peace River,chetwynd,Chetwynd & Tumbler Ridge,Chetwynd,FALSE,pass,road,nearest,49.7
12177,Lynx Creek,Community,56.0683333,-121.8366667,428,5955,peace-river,Peace River,peace-river,Peace River,chetwynd,Chetwynd & Tumbler Ridge,Chetwynd,FALSE,pass,road,nearest,43.2
1233,East Pine,Locality,55.7258333,-121.2175000,405,5955,peace-river,Peace River,peace-river,Peace River,chetwynd,Chetwynd & Tumbler Ridge,Chetwynd,FALSE,pass,road,nearest,26.6
24985,Twidwell Bend,Locality,55.6165446,-121.5681042,405,5955,peace-river,Peace River,peace-river,Peace River,chetwynd,Chetwynd & Tumbler Ridge,Chetwynd,FALSE,pass,road,nearest,9.9
37731,Dokie Siding,Community,55.6498765,-121.7347781,377,5955,peace-river,Peace River,peace-river,Peace River,chetwynd,Chetwynd & Tumbler Ridge,Chetwynd,FALSE,pass,road,nearest,7.9
64922,East Moberly Lake 169,Indian Reserve,55.8332139,-121.6347813,297,5955,peace-river,Peace River,peace-river,Peace River,chetwynd,Chetwynd & Tumbler Ridge,Chetwynd,FALSE,pass,road,nearest,15.3
66021,Finlay Bay 21,Indian Reserve,55.9777778,-123.7991667,284,5955,peace-river,Peace River,peace-river,Peace River,chetwynd,Chetwynd & Tumbler Ridge,Chetwynd,FALSE,pass,remote,nearest+beyond-range,138.5
41033,Lemoray,Locality,55.5400000,-122.4805556,284,5955,peace-river,Peace River,peace-river,Peace River,chetwynd,Chetwynd & Tumbler Ridge,Chetwynd,FALSE,pass,road,nearest,55.7
64903,West Moberly Lake 168A,Indian Reserve,55.7998767,-121.9181237,99,5955,peace-river,Peace River,peace-river,Peace River,chetwynd,Chetwynd & Tumbler Ridge,Chetwynd,FALSE,pass,road,nearest,21.0
759,Alexis Creek,Community,52.0831477,-123.2847118,447,5941,cariboo,Cariboo,cariboo,Cariboo,chilcotin,Chilcotin,Alexis Creek,TRUE,road,road,hub,0.0
64497,Anahim 10,Indian Reserve,52.2498199,-122.9347053,447,5941,cariboo,Cariboo,cariboo,Cariboo,chilcotin,Chilcotin,Alexis Creek,FALSE,road,road,nearest,30.2
64492,Anahim 11,Indian Reserve,52.2831533,-122.9513736,447,5941,cariboo,Cariboo,cariboo,Cariboo,chilcotin,Chilcotin,Alexis Creek,FALSE,road,road,nearest,31.8
64495,Anahim 12,Indian Reserve,52.2998200,-122.9680413,447,5941,cariboo,Cariboo,cariboo,Cariboo,chilcotin,Chilcotin,Alexis Creek,FALSE,road,road,nearest,32.3
64490,Anahim 13,Indian Reserve,52.2664859,-123.0013747,447,5941,cariboo,Cariboo,cariboo,Cariboo,chilcotin,Chilcotin,Alexis Creek,FALSE,road,road,nearest,28.1
64493,Anahim 14,Indian Reserve,52.2831528,-123.0013752,447,5941,cariboo,Cariboo,cariboo,Cariboo,chilcotin,Chilcotin,Alexis Creek,FALSE,road,road,nearest,29.5
64505,Anahim 15,Indian Reserve,52.2831524,-123.0347097,447,5941,cariboo,Cariboo,cariboo,Cariboo,chilcotin,Chilcotin,Alexis Creek,FALSE,road,road,nearest,28.0
64491,Anahim 16,Indian Reserve,52.3331523,-123.0847129,447,5941,cariboo,Cariboo,cariboo,Cariboo,chilcotin,Chilcotin,Alexis Creek,FALSE,road,road,nearest,31.0
64503,Anahim 17,Indian Reserve,52.3664861,-123.0680467,447,5941,cariboo,Cariboo,cariboo,Cariboo,chilcotin,Chilcotin,Alexis Creek,FALSE,road,road,nearest,34.8
64504,Anahim 18,Indian Reserve,52.4331518,-123.2013866,447,5941,cariboo,Cariboo,cariboo,Cariboo,chilcotin,Chilcotin,Alexis Creek,FALSE,road,road,nearest,39.3
64484,Anahim 3,Indian Reserve,52.1998179,-123.0680415,447,5941,cariboo,Cariboo,cariboo,Cariboo,chilcotin,Chilcotin,Alexis Creek,FALSE,road,road,nearest,19.7
64487,Anahim 4,Indian Reserve,52.2164847,-123.0680421,447,5941,cariboo,Cariboo,cariboo,Cariboo,chilcotin,Chilcotin,Alexis Creek,FALSE,road,road,nearest,20.9
64482,Anahim 5,Indian Reserve,52.2164853,-123.0180404,447,5941,cariboo,Cariboo,cariboo,Cariboo,chilcotin,Chilcotin,Alexis Creek,FALSE,road,road,nearest,23.5
64485,Anahim 6,Indian Reserve,52.2164855,-123.0013732,447,5941,cariboo,Cariboo,cariboo,Cariboo,chilcotin,Chilcotin,Alexis Creek,FALSE,road,road,nearest,24.4
64496,Anahim 7,Indian Reserve,52.1998191,-122.9680382,447,5941,cariboo,Cariboo,cariboo,Cariboo,chilcotin,Chilcotin,Alexis Creek,FALSE,road,road,nearest,25.2
64483,Anahim 8,Indian Reserve,52.2164861,-122.9513715,447,5941,cariboo,Cariboo,cariboo,Cariboo,chilcotin,Chilcotin,Alexis Creek,FALSE,road,road,nearest,27.1
64494,Anahim 9,Indian Reserve,52.2164861,-122.9513715,447,5941,cariboo,Cariboo,cariboo,Cariboo,chilcotin,Chilcotin,Alexis Creek,FALSE,road,road,nearest,27.1
34749,Big Creek,Locality,51.7164808,-123.0346924,447,5941,cariboo,Cariboo,cariboo,Cariboo,chilcotin,Chilcotin,Alexis Creek,FALSE,road,road,nearest,44.2
65025,Brigham Creek 3,Indian Reserve,51.7664781,-123.3013693,447,5941,cariboo,Cariboo,cariboo,Cariboo,chilcotin,Chilcotin,Alexis Creek,FALSE,road,road,nearest,35.2
29106,Hanceville,Locality,51.9192602,-123.0430321,447,5941,cariboo,Cariboo,cariboo,Cariboo,chilcotin,Chilcotin,Alexis Creek,FALSE,road,road,nearest,24.6
28805,Lees Corner,Locality,51.9414819,-123.0999791,447,5941,cariboo,Cariboo,cariboo,Cariboo,chilcotin,Chilcotin,Alexis Creek,FALSE,road,road,nearest,20.2
65028,Saddle Horse 2,Indian Reserve,51.7998146,-123.0513621,447,5941,cariboo,Cariboo,cariboo,Cariboo,chilcotin,Chilcotin,Alexis Creek,FALSE,road,road,nearest,35.3
65027,Stone 1A,Indian Reserve,51.9091300,-123.1451800,447,5941,cariboo,Cariboo,cariboo,Cariboo,chilcotin,Chilcotin,Alexis Creek,FALSE,road,road,nearest,21.6
65026,Stone 4,Indian Reserve,51.8498133,-123.2013686,447,5941,cariboo,Cariboo,cariboo,Cariboo,chilcotin,Chilcotin,Alexis Creek,FALSE,road,road,nearest,26.6
64488,Anahim's Flat 1,Indian Reserve,52.0331486,-123.1680397,437,5941,cariboo,Cariboo,cariboo,Cariboo,chilcotin,Chilcotin,Alexis Creek,FALSE,road,road,nearest,9.7
70044,Tl'etinqox,Community,52.0146109,-123.1715635,437,5941,cariboo,Cariboo,cariboo,Cariboo,chilcotin,Chilcotin,Alexis Creek,FALSE,road,road,nearest,10.9
64440,Alexis Creek 12,Indian Reserve,52.2331377,-124.2347476,348,5941,cariboo,Cariboo,cariboo,Cariboo,chilcotin,Chilcotin,Alexis Creek,FALSE,road,road,nearest,66.9
64438,Alexis Creek 13,Indian Reserve,52.2164703,-124.2847487,348,5941,cariboo,Cariboo,cariboo,Cariboo,chilcotin,Chilcotin,Alexis Creek,FALSE,road,road,nearest,69.8
64444,Alexis Creek 15,Indian Reserve,52.1998031,-124.3180826,348,5941,cariboo,Cariboo,cariboo,Cariboo,chilcotin,Chilcotin,Alexis Creek,FALSE,road,road,nearest,71.7
64449,Alexis Creek 20,Indian Reserve,52.3164716,-124.2514175,348,5941,cariboo,Cariboo,cariboo,Cariboo,chilcotin,Chilcotin,Alexis Creek,FALSE,road,road,nearest,70.8
64654,Alexis Creek 6,Indian Reserve,52.3498073,-124.0847464,348,5941,cariboo,Cariboo,cariboo,Cariboo,chilcotin,Chilcotin,Alexis Creek,FALSE,road,road,nearest,62.0
5825,Chezacut,Community,52.3998083,-124.0347464,348,5941,cariboo,Cariboo,cariboo,Cariboo,chilcotin,Chilcotin,Alexis Creek,FALSE,road,road,nearest,62.0
64653,Chezacut Cemetery 5,Indian Reserve,52.3498077,-124.0514120,348,5941,cariboo,Cariboo,cariboo,Cariboo,chilcotin,Chilcotin,Alexis Creek,FALSE,road,road,nearest,60.1
37728,Chilanko Forks,Community,52.1125835,-124.0654815,348,5941,cariboo,Cariboo,cariboo,Cariboo,chilcotin,Chilcotin,Alexis Creek,FALSE,road,road,nearest,53.4
64686,Freddie Charley Boy 7,Indian Reserve,52.3498069,-124.1180808,348,5941,cariboo,Cariboo,cariboo,Cariboo,chilcotin,Chilcotin,Alexis Creek,FALSE,road,road,nearest,64.1
65010,Garden 2,Indian Reserve,51.4831338,-124.0513851,348,5941,cariboo,Cariboo,cariboo,Cariboo,chilcotin,Chilcotin,Alexis Creek,FALSE,road,road,nearest,85.0
30050,Nemaiah Valley,Locality,51.4831357,-123.8847130,348,5941,cariboo,Cariboo,cariboo,Cariboo,chilcotin,Chilcotin,Alexis Creek,FALSE,road,road,nearest,78.5
15746,Redstone,Locality,52.1331432,-123.7013937,348,5941,cariboo,Cariboo,cariboo,Cariboo,chilcotin,Chilcotin,Alexis Creek,FALSE,road,road,nearest,29.0
64649,Redstone Cemetery 1B,Indian Reserve,52.1447222,-123.9283333,348,5941,cariboo,Cariboo,cariboo,Cariboo,chilcotin,Chilcotin,Alexis Creek,FALSE,road,road,nearest,44.5
64644,Redstone Flat 1A,Indian Reserve,52.1511111,-123.9541667,348,5941,cariboo,Cariboo,cariboo,Cariboo,chilcotin,Chilcotin,Alexis Creek,FALSE,road,road,nearest,46.3
30910,Tatlayoko Lake,Locality,51.7164644,-124.4347379,348,5941,cariboo,Cariboo,cariboo,Cariboo,chilcotin,Chilcotin,Alexis Creek,FALSE,road,road,nearest,88.8
64687,Toby Helenes Meadow 10,Indian Reserve,52.2164723,-124.1180766,348,5941,cariboo,Cariboo,cariboo,Cariboo,chilcotin,Chilcotin,Alexis Creek,FALSE,road,road,nearest,58.8
64689,Toby Helenes Meadow 11,Indian Reserve,52.2164721,-124.1347438,348,5941,cariboo,Cariboo,cariboo,Cariboo,chilcotin,Chilcotin,Alexis Creek,FALSE,road,road,nearest,59.9
64688,Toby Helenes Meadow 9,Indian Reserve,52.2664722,-124.1680798,348,5941,cariboo,Cariboo,cariboo,Cariboo,chilcotin,Chilcotin,Alexis Creek,FALSE,road,road,nearest,63.6
64648,Toby's Meadow 4,Indian Reserve,52.2998056,-124.1847481,348,5941,cariboo,Cariboo,cariboo,Cariboo,chilcotin,Chilcotin,Alexis Creek,FALSE,road,road,nearest,65.9
65038,Tsunnia Lake 5,Indian Reserve,51.5331330,-124.1513898,348,5941,cariboo,Cariboo,cariboo,Cariboo,chilcotin,Chilcotin,Alexis Creek,FALSE,road,road,nearest,85.4
65030,Stone 1,Indian Reserve,51.9300900,-123.1496400,219,5941,cariboo,Cariboo,cariboo,Cariboo,chilcotin,Chilcotin,Alexis Creek,FALSE,road,road,nearest,19.4
70042,Yuneŝit'in,Community,51.9244444,-123.1363889,219,5941,cariboo,Cariboo,cariboo,Cariboo,chilcotin,Chilcotin,Alexis Creek,FALSE,road,road,nearest,20.4
64651,Redstone Flat 1,Indian Reserve,52.1375000,-123.9577778,181,5941,cariboo,Cariboo,cariboo,Cariboo,chilcotin,Chilcotin,Alexis Creek,FALSE,road,road,nearest,46.4
73403,Tŝideldel,Community,52.1391667,-123.9522222,181,5941,cariboo,Cariboo,cariboo,Cariboo,chilcotin,Chilcotin,Alexis Creek,FALSE,road,road,nearest,46.0
64486,Anahim's Meadow 2,Indian Reserve,52.1164819,-123.2347111,10,5941,cariboo,Cariboo,cariboo,Cariboo,chilcotin,Chilcotin,Alexis Creek,FALSE,road,road,nearest,5.0
64489,Anahim's Meadow 2A,Indian Reserve,52.0998153,-123.2180434,10,5941,cariboo,Cariboo,cariboo,Cariboo,chilcotin,Chilcotin,Alexis Creek,FALSE,road,road,nearest,4.9
64439,Alexis Creek 14,Indian Reserve,52.1998033,-124.3014154,5,5941,cariboo,Cariboo,cariboo,Cariboo,chilcotin,Chilcotin,Alexis Creek,FALSE,road,road,nearest,70.6
60420,Michel Gardens 36,Indian Reserve,52.1502778,-123.9150000,5,5941,cariboo,Cariboo,cariboo,Cariboo,chilcotin,Chilcotin,Alexis Creek,FALSE,road,road,nearest,43.7
64650,Puntzi Lake 2,Indian Reserve,52.2164729,-124.0680750,5,5941,cariboo,Cariboo,cariboo,Cariboo,chilcotin,Chilcotin,Alexis Creek,FALSE,road,road,nearest,55.5
64652,Agats Meadow 8,Indian Reserve,52.2831391,-124.1625246,0,5941,cariboo,Cariboo,cariboo,Cariboo,chilcotin,Chilcotin,Alexis Creek,FALSE,road,road,nearest,63.8
64445,Alexis Creek 16,Indian Reserve,52.1831363,-124.3180821,0,5941,cariboo,Cariboo,cariboo,Cariboo,chilcotin,Chilcotin,Alexis Creek,FALSE,road,road,nearest,71.4
64655,Charley Boy's Meadow 3,Indian Reserve,52.2998052,-124.2180825,0,5941,cariboo,Cariboo,cariboo,Cariboo,chilcotin,Chilcotin,Alexis Creek,FALSE,road,road,nearest,68.0
65012,Chilco Lake 1,Indian Reserve,51.4164658,-124.1180519,,5941,cariboo,Cariboo,cariboo,Cariboo,chilcotin,Chilcotin,Alexis Creek,FALSE,road,road,nearest,93.7
65011,Chilco Lake 1A,Indian Reserve,51.4164660,-124.1013847,,5941,cariboo,Cariboo,cariboo,Cariboo,chilcotin,Chilcotin,Alexis Creek,FALSE,road,road,nearest,93.0
65039,Garden 2A,Indian Reserve,51.4331334,-124.0513836,,5941,cariboo,Cariboo,cariboo,Cariboo,chilcotin,Chilcotin,Alexis Creek,FALSE,road,road,nearest,89.5
71861,K'i Deldel,Locality,52.3044444,-124.2313889,0,5941,cariboo,Cariboo,cariboo,Cariboo,chilcotin,Chilcotin,Alexis Creek,FALSE,road,road,nearest,69.1
65035,Lezbye 6,Indian Reserve,51.4164664,-124.0680503,,5941,cariboo,Cariboo,cariboo,Cariboo,chilcotin,Chilcotin,Alexis Creek,FALSE,road,road,nearest,91.7
65040,Lohbiee 3,Indian Reserve,51.4664684,-123.9347141,,5941,cariboo,Cariboo,cariboo,Cariboo,chilcotin,Chilcotin,Alexis Creek,FALSE,road,road,nearest,81.9
65037,Tanakut 4,Indian Reserve,51.4831361,-123.8513786,,5941,cariboo,Cariboo,cariboo,Cariboo,chilcotin,Chilcotin,Alexis Creek,FALSE,road,road,nearest,77.3
70241,Xeni,Community,51.4672222,-123.9447222,,5941,cariboo,Cariboo,cariboo,Cariboo,chilcotin,Chilcotin,Alexis Creek,FALSE,road,road,nearest,82.2
38675,Chilliwack,City,49.1577778,-121.9508333,97222,5909,fraser-valley,Fraser Valley,fraser-valley,Fraser Valley,chilliwack,Chilliwack & Agassiz,Chilliwack,TRUE,road,road,hub,0.0
38676,Chilliwack,Community,49.1664785,-121.9512541,97222,5909,fraser-valley,Fraser Valley,fraser-valley,Fraser Valley,chilliwack,Chilliwack & Agassiz,Chilliwack,FALSE,road,road,nearest,1.0
3769,Kent,District Municipality,49.2380556,-121.7625000,6540,5909,fraser-valley,Fraser Valley,fraser-valley,Fraser Valley,chilliwack,Chilliwack & Agassiz,Chilliwack,FALSE,road,road,nearest,16.3
64609,Tzeachten 13,Indian Reserve,49.1164786,-121.9345856,3089,5909,fraser-valley,Fraser Valley,fraser-valley,Fraser Valley,chilliwack,Chilliwack & Agassiz,Chilliwack,FALSE,road,road,nearest,4.7
7698,Harrison Hot Springs,Village,49.2988889,-121.7844444,1975,5909,fraser-valley,Fraser Valley,fraser-valley,Fraser Valley,chilliwack,Chilliwack & Agassiz,Chilliwack,FALSE,road,road,nearest,19.8
38252,Promontory,Community,49.0998118,-121.9345852,1886,5909,fraser-valley,Fraser Valley,fraser-valley,Fraser Valley,chilliwack,Chilliwack & Agassiz,Chilliwack,FALSE,road,road,nearest,6.6
65019,Lakway Cemetery 3,Indian Reserve,49.1498107,-122.0512568,1801,5909,fraser-valley,Fraser Valley,fraser-valley,Fraser Valley,chilliwack,Chilliwack & Agassiz,Chilliwack,FALSE,road,road,nearest,7.4
24371,Vedder Crossing,Community,49.1022564,-121.9625987,1235,5909,fraser-valley,Fraser Valley,fraser-valley,Fraser Valley,chilliwack,Chilliwack & Agassiz,Chilliwack,FALSE,road,road,nearest,6.2
64582,Glazier Creek 12,Indian Reserve,49.8664758,-122.4512880,1133,5909,fraser-valley,Fraser Valley,fraser-valley,Fraser Valley,chilliwack,Chilliwack & Agassiz,Chilliwack,FALSE,road,road,nearest,86.7
7701,Harrison Mills,Community,49.2604802,-121.9491991,1133,5909,fraser-valley,Fraser Valley,fraser-valley,Fraser Valley,chilliwack,Chilliwack & Agassiz,Chilliwack,FALSE,road,road,nearest,11.4
7363,Lake Errock,Community,49.2201520,-122.0113760,1133,5909,fraser-valley,Fraser Valley,fraser-valley,Fraser Valley,chilliwack,Chilliwack & Agassiz,Chilliwack,FALSE,road,road,nearest,8.2
64575,Sachteen 2,Indian Reserve,49.9906429,-122.4596249,1133,5909,fraser-valley,Fraser Valley,fraser-valley,Fraser Valley,chilliwack,Chilliwack & Agassiz,Chilliwack,FALSE,road,road,nearest,99.6
64436,Samahquam 1,Indian Reserve,50.0164755,-122.5346280,1133,5909,fraser-valley,Fraser Valley,fraser-valley,Fraser Valley,chilliwack,Chilliwack & Agassiz,Chilliwack,FALSE,road,road,nearest,104.3
64589,Sweeteen 3,Indian Reserve,49.9736111,-122.4450000,1133,5909,fraser-valley,Fraser Valley,fraser-valley,Fraser Valley,chilliwack,Chilliwack & Agassiz,Chilliwack,FALSE,road,road,nearest,97.5
64574,Williams 2,Indian Reserve,49.2331454,-121.9512558,1133,5909,fraser-valley,Fraser Valley,fraser-valley,Fraser Valley,chilliwack,Chilliwack & Agassiz,Chilliwack,FALSE,road,road,nearest,8.4
34731,Bridal Falls,Community,49.1873100,-121.7410100,1046,5909,fraser-valley,Fraser Valley,fraser-valley,Fraser Valley,chilliwack,Chilliwack & Agassiz,Chilliwack,FALSE,road,road,nearest,15.6
34741,Cheam View,Locality,49.2498150,-121.6845811,1046,5909,fraser-valley,Fraser Valley,fraser-valley,Fraser Valley,chilliwack,Chilliwack & Agassiz,Chilliwack,FALSE,road,road,nearest,21.9
34730,Popkum,Community,49.1998143,-121.7345814,1046,5909,fraser-valley,Fraser Valley,fraser-valley,Fraser Valley,chilliwack,Chilliwack & Agassiz,Chilliwack,FALSE,road,road,nearest,16.4
64432,Popkum 2,Indian Reserve,49.1838889,-121.7455556,1046,5909,fraser-valley,Fraser Valley,fraser-valley,Fraser Valley,chilliwack,Chilliwack & Agassiz,Chilliwack,FALSE,road,road,nearest,15.2
22385,Slesse Park,Community,49.0763200,-121.8304020,879,5909,fraser-valley,Fraser Valley,fraser-valley,Fraser Valley,chilliwack,Chilliwack & Agassiz,Chilliwack,FALSE,road,road,nearest,12.6
1893,Lindell Beach,Community,49.0331441,-122.0179195,823,5909,fraser-valley,Fraser Valley,fraser-valley,Fraser Valley,chilliwack,Chilliwack & Agassiz,Chilliwack,FALSE,road,road,nearest,14.7
65771,Seabird Island,Indian Reserve,49.2664814,-121.7179159,800,5909,fraser-valley,Fraser Valley,fraser-valley,Fraser Valley,chilliwack,Chilliwack & Agassiz,Chilliwack,FALSE,road,road,nearest,20.8
363,Agassiz,Community,49.2331474,-121.7679166,778,5909,fraser-valley,Fraser Valley,fraser-valley,Fraser Valley,chilliwack,Chilliwack & Agassiz,Chilliwack,FALSE,road,road,nearest,15.7
24791,Yarrow,Community,49.0825561,-122.0495973,672,5909,fraser-valley,Fraser Valley,fraser-valley,Fraser Valley,chilliwack,Chilliwack & Agassiz,Chilliwack,FALSE,road,road,nearest,11.0
65776,Skowkale 11,Indian Reserve,49.1331451,-121.9512532,618,5909,fraser-valley,Fraser Valley,fraser-valley,Fraser Valley,chilliwack,Chilliwack & Agassiz,Chilliwack,FALSE,road,road,nearest,2.7
21807,Rosedale,Community,49.1830222,-121.8001364,617,5909,fraser-valley,Fraser Valley,fraser-valley,Fraser Valley,chilliwack,Chilliwack & Agassiz,Chilliwack,FALSE,road,road,nearest,11.3
2682,Greendale,Community,49.1183366,-122.0455699,608,5909,fraser-valley,Fraser Valley,fraser-valley,Fraser Valley,chilliwack,Chilliwack & Agassiz,Chilliwack,FALSE,road,road,nearest,8.2
11700,Barrowtown,Community,49.1035101,-122.0952421,577,5909,fraser-valley,Fraser Valley,fraser-valley,Fraser Valley,chilliwack,Chilliwack & Agassiz,Chilliwack,FALSE,road,road,nearest,12.1
64584,Skwahla 2,Indian Reserve,49.1831454,-121.9345873,544,5909,fraser-valley,Fraser Valley,fraser-valley,Fraser Valley,chilliwack,Chilliwack & Agassiz,Chilliwack,FALSE,road,road,nearest,3.1
64950,Chehalis 6,Indian Reserve,49.2831463,-121.8845883,541,5909,fraser-valley,Fraser Valley,fraser-valley,Fraser Valley,chilliwack,Chilliwack & Agassiz,Chilliwack,FALSE,road,road,nearest,14.7
64142,Aylechootlook 5,Indian Reserve,49.1238889,-122.1011111,529,5909,fraser-valley,Fraser Valley,fraser-valley,Fraser Valley,chilliwack,Chilliwack & Agassiz,Chilliwack,FALSE,road,road,nearest,11.6
64949,Chehalis 5,Indian Reserve,49.2998129,-121.9012559,500,5909,fraser-valley,Fraser Valley,fraser-valley,Fraser Valley,chilliwack,Chilliwack & Agassiz,Chilliwack,FALSE,road,road,nearest,16.2
38228,Minto Landing,Locality,49.1998120,-121.9512549,453,5909,fraser-valley,Fraser Valley,fraser-valley,Fraser Valley,chilliwack,Chilliwack & Agassiz,Chilliwack,FALSE,road,road,nearest,4.7
14446,Sardis,Community,49.1306191,-121.9604244,443,5909,fraser-valley,Fraser Valley,fraser-valley,Fraser Valley,chilliwack,Chilliwack & Agassiz,Chilliwack,FALSE,road,road,nearest,3.1
11394,Fairfield,Community,49.1861111,-121.9416667,436,5909,fraser-valley,Fraser Valley,fraser-valley,Fraser Valley,chilliwack,Chilliwack & Agassiz,Chilliwack,FALSE,road,road,nearest,3.2
1890,Lindell,Locality,49.0164770,-122.0512534,419,5909,fraser-valley,Fraser Valley,fraser-valley,Fraser Valley,chilliwack,Chilliwack & Agassiz,Chilliwack,FALSE,road,road,nearest,17.3
64661,Grass 15,Indian Reserve,49.1331458,-121.8845845,411,5909,fraser-valley,Fraser Valley,fraser-valley,Fraser Valley,chilliwack,Chilliwack & Agassiz,Chilliwack,FALSE,road,road,nearest,5.5
22837,Ryder Lake,Community,49.1074005,-121.8938371,403,5909,fraser-valley,Fraser Valley,fraser-valley,Fraser Valley,chilliwack,Chilliwack & Agassiz,Chilliwack,FALSE,road,road,nearest,7.0
9816,Atchelitz,Community,49.1190299,-122.0067546,399,5909,fraser-valley,Fraser Valley,fraser-valley,Fraser Valley,chilliwack,Chilliwack & Agassiz,Chilliwack,FALSE,road,road,nearest,5.9
20715,South Sumas,Community,49.1185634,-121.9929695,399,5909,fraser-valley,Fraser Valley,fraser-valley,Fraser Valley,chilliwack,Chilliwack & Agassiz,Chilliwack,FALSE,road,road,nearest,5.3
65020,Lackaway 2,Indian Reserve,49.1331440,-122.0512564,397,5909,fraser-valley,Fraser Valley,fraser-valley,Fraser Valley,chilliwack,Chilliwack & Agassiz,Chilliwack,FALSE,road,road,nearest,7.8
14508,Deroche,Community,49.1831440,-122.0679248,382,5909,fraser-valley,Fraser Valley,fraser-valley,Fraser Valley,chilliwack,Chilliwack & Agassiz,Chilliwack,FALSE,road,road,nearest,9.0
65018,Papekwatchin 4,Indian Reserve,49.1498100,-122.1179256,382,5909,fraser-valley,Fraser Valley,fraser-valley,Fraser Valley,chilliwack,Chilliwack & Agassiz,Chilliwack,FALSE,road,road,nearest,12.2
64666,Skumalasph 16,Indian Reserve,49.1998111,-122.0345909,382,5909,fraser-valley,Fraser Valley,fraser-valley,Fraser Valley,chilliwack,Chilliwack & Agassiz,Chilliwack,FALSE,road,road,nearest,7.7
65021,Yaalstrick 1,Indian Reserve,49.1664775,-122.0512572,382,5909,fraser-valley,Fraser Valley,fraser-valley,Fraser Valley,chilliwack,Chilliwack & Agassiz,Chilliwack,FALSE,road,road,nearest,7.4
65016,Zaitscullachan 9,Indian Reserve,49.1831444,-122.0345905,382,5909,fraser-valley,Fraser Valley,fraser-valley,Fraser Valley,chilliwack,Chilliwack & Agassiz,Chilliwack,FALSE,road,road,nearest,6.7
65017,Holachten 8,Indian Reserve,49.2083333,-122.0250000,330,5909,fraser-valley,Fraser Valley,fraser-valley,Fraser Valley,chilliwack,Chilliwack & Agassiz,Chilliwack,FALSE,road,road,nearest,7.8
65022,Kwawkwawapilt 6,Indian Reserve,49.1664782,-121.9845885,295,5909,fraser-valley,Fraser Valley,fraser-valley,Fraser Valley,chilliwack,Chilliwack & Agassiz,Chilliwack,FALSE,road,road,nearest,2.6
6502,Cultus Lake,Community,49.0664780,-121.9679188,291,5909,fraser-valley,Fraser Valley,fraser-valley,Fraser Valley,chilliwack,Chilliwack & Agassiz,Chilliwack,FALSE,road,road,nearest,10.2
64602,Soowahlie 14,Indian Reserve,49.0831449,-121.9512520,255,5909,fraser-valley,Fraser Valley,fraser-valley,Fraser Valley,chilliwack,Chilliwack & Agassiz,Chilliwack,FALSE,road,road,nearest,8.3
64578,Skwah 4,Indian Reserve,49.1831451,-121.9679217,245,5909,fraser-valley,Fraser Valley,fraser-valley,Fraser Valley,chilliwack,Chilliwack & Agassiz,Chilliwack,FALSE,road,road,nearest,3.1
65015,Skweahm 10,Indian Reserve,49.1733333,-122.0808333,228,5909,fraser-valley,Fraser Valley,fraser-valley,Fraser Valley,chilliwack,Chilliwack & Agassiz,Chilliwack,FALSE,road,road,nearest,9.6
65009,Cheam 1,Indian Reserve,49.1998140,-121.7679158,207,5909,fraser-valley,Fraser Valley,fraser-valley,Fraser Valley,chilliwack,Chilliwack & Agassiz,Chilliwack,FALSE,road,road,nearest,14.1
65014,Lakahahmen 11,Indian Reserve,49.1847222,-122.0763889,170,5909,fraser-valley,Fraser Valley,fraser-valley,Fraser Valley,chilliwack,Chilliwack & Agassiz,Chilliwack,FALSE,road,road,nearest,9.6
64573,Squawkum Creek 3,Indian Reserve,49.2498116,-122.0012578,130,5909,fraser-valley,Fraser Valley,fraser-valley,Fraser Valley,chilliwack,Chilliwack & Agassiz,Chilliwack,FALSE,road,road,nearest,10.9
64611,Squiaala 7,Indian Reserve,49.1498115,-121.9845880,125,5909,fraser-valley,Fraser Valley,fraser-valley,Fraser Valley,chilliwack,Chilliwack & Agassiz,Chilliwack,FALSE,road,road,nearest,2.6
64580,Skway 5,Indian Reserve,49.1664780,-122.0012557,89,5909,fraser-valley,Fraser Valley,fraser-valley,Fraser Valley,chilliwack,Chilliwack & Agassiz,Chilliwack,FALSE,road,road,nearest,3.8
64612,Squiaala 8,Indian Reserve,49.1664780,-122.0012557,89,5909,fraser-valley,Fraser Valley,fraser-valley,Fraser Valley,chilliwack,Chilliwack & Agassiz,Chilliwack,FALSE,road,road,nearest,3.8
64418,Challetkohum 5,Indian Reserve,50.0498090,-122.5346289,50,5909,fraser-valley,Fraser Valley,fraser-valley,Fraser Valley,chilliwack,Chilliwack & Agassiz,Chilliwack,FALSE,road,road,nearest,107.7
64551,Challetkohum 9,Indian Reserve,50.0498090,-122.5346289,50,5909,fraser-valley,Fraser Valley,fraser-valley,Fraser Valley,chilliwack,Chilliwack & Agassiz,Chilliwack,FALSE,road,road,nearest,107.7
59881,Q'aLaTKu7eM,Indian Reserve,50.0500000,-122.5333333,50,5909,fraser-valley,Fraser Valley,fraser-valley,Fraser Valley,chilliwack,Chilliwack & Agassiz,Chilliwack,FALSE,road,road,nearest,107.7
65775,Skowkale 10,Indian Reserve,49.1331453,-121.9345860,49,5909,fraser-valley,Fraser Valley,fraser-valley,Fraser Valley,chilliwack,Chilliwack & Agassiz,Chilliwack,FALSE,road,road,nearest,3.0
64633,Yakweakwioose 12,Indian Reserve,49.1331453,-121.9345860,49,5909,fraser-valley,Fraser Valley,fraser-valley,Fraser Valley,chilliwack,Chilliwack & Agassiz,Chilliwack,FALSE,road,road,nearest,3.0
64902,Aitchelitch 9,Indian Reserve,49.1498115,-121.9845880,45,5909,fraser-valley,Fraser Valley,fraser-valley,Fraser Valley,chilliwack,Chilliwack & Agassiz,Chilliwack,FALSE,road,road,nearest,2.6
21510,Skookumchuck,Locality,49.9377778,-122.4083333,30,5909,fraser-valley,Fraser Valley,fraser-valley,Fraser Valley,chilliwack,Chilliwack & Agassiz,Chilliwack,FALSE,road,road,nearest,92.8
64590,Skookumchuck 4,Indian Reserve,49.9441667,-122.4108333,30,5909,fraser-valley,Fraser Valley,fraser-valley,Fraser Valley,chilliwack,Chilliwack & Agassiz,Chilliwack,FALSE,road,road,nearest,93.5
65008,Tseatah 2,Indian Reserve,49.2164809,-121.7512490,15,5909,fraser-valley,Fraser Valley,fraser-valley,Fraser Valley,chilliwack,Chilliwack & Agassiz,Chilliwack,FALSE,road,road,nearest,15.9
64570,Sachteen 2A,Indian Reserve,49.9866667,-122.4530556,5,5909,fraser-valley,Fraser Valley,fraser-valley,Fraser Valley,chilliwack,Chilliwack & Agassiz,Chilliwack,FALSE,road,road,nearest,99.0
64583,Schelowat 1,Indian Reserve,49.1831465,-121.8345842,5,5909,fraser-valley,Fraser Valley,fraser-valley,Fraser Valley,chilliwack,Chilliwack & Agassiz,Chilliwack,FALSE,road,road,nearest,8.9
64576,Scowlitz 1,Indian Reserve,49.2331456,-121.9345886,5,5909,fraser-valley,Fraser Valley,fraser-valley,Fraser Valley,chilliwack,Chilliwack & Agassiz,Chilliwack,FALSE,road,road,nearest,8.5
64437,Popkum 1,Indian Reserve,49.1998145,-121.7179142,0,5909,fraser-valley,Fraser Valley,fraser-valley,Fraser Valley,chilliwack,Chilliwack & Agassiz,Chilliwack,FALSE,road,road,nearest,17.6
64577,Skwali 3,Indian Reserve,49.1831451,-121.9679217,0,5909,fraser-valley,Fraser Valley,fraser-valley,Fraser Valley,chilliwack,Chilliwack & Agassiz,Chilliwack,FALSE,road,road,nearest,3.1
65013,Sumas Cemetery 12,Indian Reserve,49.1331435,-122.1012580,0,5909,fraser-valley,Fraser Valley,fraser-valley,Fraser Valley,chilliwack,Chilliwack & Agassiz,Chilliwack,FALSE,road,road,nearest,11.3
1792,Invermere,District Municipality,50.5058333,-116.0305556,4073,5901,east-kootenay,East Kootenay,east-kootenay,East Kootenay,columbia-valley,Columbia Valley,Invermere,TRUE,road,road,hub,0.0
23207,Radium Hot Springs,Village,50.6200000,-116.0761111,1392,5901,east-kootenay,East Kootenay,east-kootenay,East Kootenay,columbia-valley,Columbia Valley,Invermere,FALSE,road,road,nearest,13.1
9817,Athalmer,Community,50.5185724,-116.0404030,900,5901,east-kootenay,East Kootenay,east-kootenay,East Kootenay,columbia-valley,Columbia Valley,Invermere,FALSE,road,road,nearest,1.6
25727,Windermere,Community,50.4636111,-115.9888889,846,5901,east-kootenay,East Kootenay,east-kootenay,East Kootenay,columbia-valley,Columbia Valley,Invermere,FALSE,road,road,nearest,5.5
29163,Canal Flats,Village,50.1602778,-115.8088889,830,5901,east-kootenay,East Kootenay,east-kootenay,East Kootenay,columbia-valley,Columbia Valley,Invermere,FALSE,road,road,nearest,41.5
1096,Brisco,Community,50.8282423,-116.2707922,602,5901,east-kootenay,East Kootenay,east-kootenay,East Kootenay,columbia-valley,Columbia Valley,Invermere,FALSE,road,road,nearest,39.6
6255,Kootenay Crossing,Locality,50.8832144,-116.0511006,602,5901,east-kootenay,East Kootenay,east-kootenay,East Kootenay,columbia-valley,Columbia Valley,Invermere,FALSE,road,road,nearest,42.0
24410,Vermilion Crossing,Locality,51.0332161,-115.9844351,602,5901,east-kootenay,East Kootenay,east-kootenay,East Kootenay,columbia-valley,Columbia Valley,Invermere,FALSE,road,road,nearest,58.7
38027,Toby Creek,Locality,50.3332071,-116.4177671,587,5901,east-kootenay,East Kootenay,east-kootenay,East Kootenay,columbia-valley,Columbia Valley,Invermere,FALSE,road,road,nearest,33.5
1722,Edgewater,Community,50.6997222,-116.1355556,579,5901,east-kootenay,East Kootenay,east-kootenay,East Kootenay,columbia-valley,Columbia Valley,Invermere,FALSE,road,road,nearest,22.8
15530,Dry Gulch,Community,50.5827020,-116.0390362,473,5901,east-kootenay,East Kootenay,east-kootenay,East Kootenay,columbia-valley,Columbia Valley,Invermere,FALSE,road,road,nearest,8.6
16493,Spillimacheen,Community,50.9058717,-116.3656607,473,5901,east-kootenay,East Kootenay,east-kootenay,East Kootenay,columbia-valley,Columbia Valley,Invermere,FALSE,road,road,nearest,50.4
38427,Wilmer,Community,50.5400180,-116.0653155,473,5901,east-kootenay,East Kootenay,east-kootenay,East Kootenay,columbia-valley,Columbia Valley,Invermere,FALSE,road,road,nearest,4.5
19474,Shuswap,Locality,50.5332122,-116.0177579,319,5901,east-kootenay,East Kootenay,east-kootenay,East Kootenay,columbia-valley,Columbia Valley,Invermere,FALSE,road,road,nearest,3.2
65773,Shuswap,Indian Reserve,50.5332120,-116.0344252,319,5901,east-kootenay,East Kootenay,east-kootenay,East Kootenay,columbia-valley,Columbia Valley,Invermere,FALSE,road,road,nearest,3.1
65618,Columbia Lake 3,Indian Reserve,50.4165457,-115.9177518,149,5901,east-kootenay,East Kootenay,east-kootenay,East Kootenay,columbia-valley,Columbia Valley,Invermere,FALSE,road,road,nearest,12.7
4059,Courtenay,City,49.6894444,-124.9958333,29519,5926,comox-valley,Comox Valley,comox-valley,Comox Valley,comox-valley,Comox Valley,Courtenay,TRUE,road,road,hub,0.0
38659,Comox,Town,49.6727778,-124.9277778,15265,5926,comox-valley,Comox Valley,comox-valley,Comox Valley,comox-valley,Comox Valley,Courtenay,FALSE,road,road,nearest,5.2
6507,Cumberland,Village,49.6186111,-125.0325000,4649,5926,comox-valley,Comox Valley,comox-valley,Comox Valley,comox-valley,Comox Valley,Courtenay,FALSE,road,road,nearest,8.3
37502,Saratoga Beach,Community,49.8664452,-125.1180379,1111,5926,comox-valley,Comox Valley,comox-valley,Comox Valley,comox-valley,Comox Valley,Courtenay,FALSE,road,road,nearest,21.5
5168,Black Creek,Community,49.8338208,-125.1299977,1067,5926,comox-valley,Comox Valley,comox-valley,Comox Valley,comox-valley,Comox Valley,Courtenay,FALSE,road,road,nearest,18.7
4284,Bevan,Locality,49.6664448,-125.0846979,961,5926,comox-valley,Comox Valley,comox-valley,Comox Valley,comox-valley,Comox Valley,Courtenay,FALSE,road,road,nearest,6.9
38069,Puntledge,Locality,49.6664452,-125.0513636,961,5926,comox-valley,Comox Valley,comox-valley,Comox Valley,comox-valley,Comox Valley,Courtenay,FALSE,road,road,nearest,4.7
15171,Oyster River,Community,49.8664450,-125.1347051,950,5926,comox-valley,Comox Valley,comox-valley,Comox Valley,comox-valley,Comox Valley,Courtenay,FALSE,road,road,nearest,22.1
38031,Merville,Community,49.7955399,-125.0507093,852,5926,comox-valley,Comox Valley,comox-valley,Comox Valley,comox-valley,Comox Valley,Courtenay,FALSE,road,road,nearest,12.4
22168,Williams Beach,Community,49.8209591,-125.0509086,852,5926,comox-valley,Comox Valley,comox-valley,Comox Valley,comox-valley,Comox Valley,Courtenay,FALSE,road,road,nearest,15.1
14470,Denman Island,Community,49.5343393,-124.8163479,808,5926,comox-valley,Comox Valley,comox-valley,Comox Valley,comox-valley,Comox Valley,Courtenay,FALSE,road,ferry,zone:hornby-denman,21.6
29266,Headquarters,Locality,49.7664448,-125.1180351,799,5926,comox-valley,Comox Valley,comox-valley,Comox Valley,comox-valley,Comox Valley,Courtenay,FALSE,road,road,nearest,12.3
38339,Buckley Bay,Community,49.5322876,-124.8571448,698,5926,comox-valley,Comox Valley,comox-valley,Comox Valley,comox-valley,Comox Valley,Courtenay,FALSE,road,road,nearest,20.1
11468,Fanny Bay,Community,49.4900000,-124.8119444,698,5926,comox-valley,Comox Valley,comox-valley,Comox Valley,comox-valley,Comox Valley,Courtenay,FALSE,road,road,nearest,25.8
8226,Mud Bay,Locality,49.4664474,-124.8013504,698,5926,comox-valley,Comox Valley,comox-valley,Comox Valley,comox-valley,Comox Valley,Courtenay,FALSE,road,road,nearest,28.5
12378,Grantham,Community,49.7627969,-125.0212649,655,5926,comox-valley,Comox Valley,comox-valley,Comox Valley,comox-valley,Comox Valley,Courtenay,FALSE,road,road,nearest,8.4
18344,Hornby Island,Community,49.5321382,-124.6647362,603,5926,comox-valley,Comox Valley,comox-valley,Comox Valley,comox-valley,Comox Valley,Courtenay,FALSE,road,ferry,zone:hornby-denman,29.6
21917,Royston,Community,49.6459985,-124.9462770,585,5926,comox-valley,Comox Valley,comox-valley,Comox Valley,comox-valley,Comox Valley,Courtenay,FALSE,road,road,nearest,6.0
25063,Union Bay,Community,49.5835806,-124.8864203,575,5926,comox-valley,Comox Valley,comox-valley,Comox Valley,comox-valley,Comox Valley,Courtenay,FALSE,road,road,nearest,14.2
2511,Little River,Community,49.7361700,-124.9150400,550,5926,comox-valley,Comox Valley,comox-valley,Comox Valley,comox-valley,Comox Valley,Courtenay,FALSE,road,road,nearest,7.8
65344,Goose Spit 3,Indian Reserve,49.6664467,-124.9180261,522,5926,comox-valley,Comox Valley,comox-valley,Comox Valley,comox-valley,Comox Valley,Courtenay,FALSE,road,road,nearest,6.2
13129,Lazo,Community,49.7139400,-124.9095000,500,5926,comox-valley,Comox Valley,comox-valley,Comox Valley,comox-valley,Comox Valley,Courtenay,FALSE,road,road,nearest,6.8
30351,Sandwick,Community,49.6997794,-124.9846958,450,5926,comox-valley,Comox Valley,comox-valley,Comox Valley,comox-valley,Comox Valley,Courtenay,FALSE,road,road,nearest,1.4
9927,Balmoral Beach,Community,49.6694200,-124.9021600,399,5926,comox-valley,Comox Valley,comox-valley,Comox Valley,comox-valley,Comox Valley,Courtenay,FALSE,road,road,nearest,7.1
65350,Comox 1,Indian Reserve,49.6831131,-124.9513610,291,5926,comox-valley,Comox Valley,comox-valley,Comox Valley,comox-valley,Comox Valley,Courtenay,FALSE,road,road,nearest,3.3
65345,Pentledge 2,Indian Reserve,49.6997792,-125.0013630,5,5926,comox-valley,Comox Valley,comox-valley,Comox Valley,comox-valley,Comox Valley,Courtenay,FALSE,road,road,nearest,1.2
17071,North Cowichan,District Municipality,48.8247222,-123.7197222,33087,5919,cowichan-valley,Cowichan Valley,cowichan-valley,Cowichan Valley,cowichan,Cowichan Valley,Duncan,FALSE,pass,road,nearest,5.2
7329,Ladysmith,Town,48.9933333,-123.8155556,9291,5919,cowichan-valley,Cowichan Valley,cowichan-valley,Cowichan Valley,cowichan,Cowichan Valley,Duncan,FALSE,pass,road,nearest,25.1
15595,Duncan,City,48.7786111,-123.7080556,5184,5919,cowichan-valley,Cowichan Valley,cowichan-valley,Cowichan Valley,cowichan,Cowichan Valley,Duncan,TRUE,pass,road,hub,0.0
7359,Lake Cowichan,Town,48.8258333,-124.0563889,3432,5919,cowichan-valley,Cowichan Valley,cowichan-valley,Cowichan Valley,cowichan,Cowichan Valley,Duncan,FALSE,pass,road,nearest,26.0
38318,Chemainus,Community,48.9164583,-123.7179692,1174,5919,cowichan-valley,Cowichan Valley,cowichan-valley,Cowichan Valley,cowichan,Cowichan Valley,Duncan,FALSE,pass,road,nearest,15.3
52920,Tzouhalem,Community,48.7799977,-123.6520145,1060,5919,cowichan-valley,Cowichan Valley,cowichan-valley,Cowichan Valley,cowichan,Cowichan Valley,Duncan,FALSE,pass,road,nearest,4.1
65283,Tent Island 8,Indian Reserve,48.9331259,-123.6346338,838,5919,cowichan-valley,Cowichan Valley,cowichan-valley,Cowichan Valley,cowichan,Cowichan Valley,Duncan,FALSE,pass,road,nearest,18.0
65235,Chemainus 13,Indian Reserve,48.9997911,-123.7846401,818,5919,cowichan-valley,Cowichan Valley,cowichan-valley,Cowichan Valley,cowichan,Cowichan Valley,Duncan,FALSE,pass,road,nearest,25.2
40629,Hillcrest,Locality,48.7997904,-123.8013021,772,5919,cowichan-valley,Cowichan Valley,cowichan-valley,Cowichan Valley,cowichan,Cowichan Valley,Duncan,FALSE,pass,road,nearest,7.2
65223,Kakalatza 6,Indian Reserve,48.7664562,-123.8679699,757,5919,cowichan-valley,Cowichan Valley,cowichan-valley,Cowichan Valley,cowichan,Cowichan Valley,Duncan,FALSE,pass,road,nearest,11.8
25300,Youbou,Community,48.8722145,-124.1963444,728,5919,cowichan-valley,Cowichan Valley,cowichan-valley,Cowichan Valley,cowichan,Cowichan Valley,Duncan,FALSE,pass,road,nearest,37.2
13739,Deerholme,Locality,48.7525685,-123.7596329,715,5919,cowichan-valley,Cowichan Valley,cowichan-valley,Cowichan Valley,cowichan,Cowichan Valley,Duncan,FALSE,pass,road,nearest,4.8
40830,Sahtlam,Community,48.7664570,-123.8013012,715,5919,cowichan-valley,Cowichan Valley,cowichan-valley,Cowichan Valley,cowichan,Cowichan Valley,Duncan,FALSE,pass,road,nearest,7.0
13655,Saltair,Community,48.9506736,-123.7672792,701,5919,cowichan-valley,Cowichan Valley,cowichan-valley,Cowichan Valley,cowichan,Cowichan Valley,Duncan,FALSE,pass,road,nearest,19.6
65226,Halalt Island 1,Indian Reserve,48.8997921,-123.6679672,695,5919,cowichan-valley,Cowichan Valley,cowichan-valley,Cowichan Valley,cowichan,Cowichan Valley,Duncan,FALSE,pass,road,nearest,13.8
825,Eagle Heights,Community,48.7641667,-123.7052778,665,5919,cowichan-valley,Cowichan Valley,cowichan-valley,Cowichan Valley,cowichan,Cowichan Valley,Duncan,FALSE,pass,road,nearest,1.6
65305,Carmanah 6,Indian Reserve,48.6164461,-124.7346589,653,5919,cowichan-valley,Cowichan Valley,cowichan-valley,Cowichan Valley,cowichan,Cowichan Valley,Duncan,FALSE,pass,road,nearest,77.5
3461,Caycuse,Community,48.8887530,-124.3684546,653,5919,cowichan-valley,Cowichan Valley,cowichan-valley,Cowichan Valley,cowichan,Cowichan Valley,Duncan,FALSE,pass,road,nearest,49.9
65213,Cheewat 4A,Indian Reserve,48.6497785,-124.8179956,653,5919,cowichan-valley,Cowichan Valley,cowichan-valley,Cowichan Valley,cowichan,Cowichan Valley,Duncan,FALSE,pass,road,nearest,82.7
65294,Chuchummisapo 15,Indian Reserve,48.8664479,-124.6179953,653,5919,cowichan-valley,Cowichan Valley,cowichan-valley,Cowichan Valley,cowichan,Cowichan Valley,Duncan,FALSE,pass,road,nearest,67.3
65306,Claoose 4,Indian Reserve,48.6664450,-124.8346632,653,5919,cowichan-valley,Cowichan Valley,cowichan-valley,Cowichan Valley,cowichan,Cowichan Valley,Duncan,FALSE,pass,road,nearest,83.6
65285,Cullite 3,Indian Reserve,48.5997798,-124.7013241,653,5919,cowichan-valley,Cowichan Valley,cowichan-valley,Cowichan Valley,cowichan,Cowichan Valley,Duncan,FALSE,pass,road,nearest,75.6
65301,Doobah 10,Indian Reserve,48.7331129,-124.7346620,653,5919,cowichan-valley,Cowichan Valley,cowichan-valley,Cowichan Valley,cowichan,Cowichan Valley,Duncan,FALSE,pass,road,nearest,75.4
34716,Gordon River,Locality,48.7664509,-124.3346507,653,5919,cowichan-valley,Cowichan Valley,cowichan-valley,Cowichan Valley,cowichan,Cowichan Valley,Duncan,FALSE,pass,road,nearest,45.9
17502,Honeymoon Bay,Community,48.8141489,-124.1719510,653,5919,cowichan-valley,Cowichan Valley,cowichan-valley,Cowichan Valley,cowichan,Cowichan Valley,Duncan,FALSE,pass,road,nearest,34.2
65296,Opatseeah 13,Indian Reserve,48.8331139,-124.6679959,653,5919,cowichan-valley,Cowichan Valley,cowichan-valley,Cowichan Valley,cowichan,Cowichan Valley,Duncan,FALSE,pass,road,nearest,70.6
65300,Oyees 9,Indian Reserve,48.7164458,-124.7763294,653,5919,cowichan-valley,Cowichan Valley,cowichan-valley,Cowichan Valley,cowichan,Cowichan Valley,Duncan,FALSE,pass,road,nearest,78.6
65304,Sarque 5,Indian Reserve,48.6664456,-124.7846617,653,5919,cowichan-valley,Cowichan Valley,cowichan-valley,Cowichan Valley,cowichan,Cowichan Valley,Duncan,FALSE,pass,road,nearest,80.0
65297,Wokitsas 14,Indian Reserve,48.8331141,-124.6513287,653,5919,cowichan-valley,Cowichan Valley,cowichan-valley,Cowichan Valley,cowichan,Cowichan Valley,Duncan,FALSE,pass,road,nearest,69.3
65224,Cowichan 9,Indian Reserve,48.7497920,-123.6512962,630,5919,cowichan-valley,Cowichan Valley,cowichan-valley,Cowichan Valley,cowichan,Cowichan Valley,Duncan,FALSE,pass,road,nearest,5.3
40846,Shawnigan Lake,Community,48.6533975,-123.6231609,588,5919,cowichan-valley,Cowichan Valley,cowichan-valley,Cowichan Valley,cowichan,Cowichan Valley,Duncan,FALSE,pass,road,nearest,15.3
22547,Mesachie Lake,Community,48.8100300,-124.1242900,574,5919,cowichan-valley,Cowichan Valley,cowichan-valley,Cowichan Valley,cowichan,Cowichan Valley,Duncan,FALSE,pass,road,nearest,30.7
65222,Skutz 7,Indian Reserve,48.7831220,-123.9513062,574,5919,cowichan-valley,Cowichan Valley,cowichan-valley,Cowichan Valley,cowichan,Cowichan Valley,Duncan,FALSE,pass,road,nearest,17.8
65225,Skutz 8,Indian Reserve,48.7831220,-123.9513062,574,5919,cowichan-valley,Cowichan Valley,cowichan-valley,Cowichan Valley,cowichan,Cowichan Valley,Duncan,FALSE,pass,road,nearest,17.8
4082,Cowichan Bay,Community,48.7373600,-123.6192900,572,5919,cowichan-valley,Cowichan Valley,cowichan-valley,Cowichan Valley,cowichan,Cowichan Valley,Duncan,FALSE,pass,road,nearest,8.0
34880,Paldi,Community,48.7897947,-123.8525932,572,5919,cowichan-valley,Cowichan Valley,cowichan-valley,Cowichan Valley,cowichan,Cowichan Valley,Duncan,FALSE,pass,road,nearest,10.7
38070,Mill Bay,Community,48.6520419,-123.5590063,571,5919,cowichan-valley,Cowichan Valley,cowichan-valley,Cowichan Valley,cowichan,Cowichan Valley,Duncan,FALSE,pass,road,nearest,17.8
19750,Somenos,Community,48.8142800,-123.7360760,552,5919,cowichan-valley,Cowichan Valley,cowichan-valley,Cowichan Valley,cowichan,Cowichan Valley,Duncan,FALSE,pass,road,nearest,4.5
20186,Westholme,Community,48.8664583,-123.7013007,543,5919,cowichan-valley,Cowichan Valley,cowichan-valley,Cowichan Valley,cowichan,Cowichan Valley,Duncan,FALSE,pass,road,nearest,9.8
29831,Maple Bay,Community,48.8147303,-123.6136042,532,5919,cowichan-valley,Cowichan Valley,cowichan-valley,Cowichan Valley,cowichan,Cowichan Valley,Duncan,FALSE,pass,road,nearest,8.0
60661,Penelakut Island 7,Indian Reserve,48.9630556,-123.6461111,513,5919,cowichan-valley,Cowichan Valley,cowichan-valley,Cowichan Valley,cowichan,Cowichan Valley,Duncan,FALSE,pass,road,nearest,21.0
4087,Cowichan Station,Community,48.7334418,-123.6665793,491,5919,cowichan-valley,Cowichan Valley,cowichan-valley,Cowichan Valley,cowichan,Cowichan Valley,Duncan,FALSE,pass,road,nearest,5.9
11393,Fairbridge,Community,48.7417336,-123.6990216,491,5919,cowichan-valley,Cowichan Valley,cowichan-valley,Cowichan Valley,cowichan,Cowichan Valley,Duncan,FALSE,pass,road,nearest,4.2
37892,Cobble Hill,Community,48.6863313,-123.6034452,444,5919,cowichan-valley,Cowichan Valley,cowichan-valley,Cowichan Valley,cowichan,Cowichan Valley,Duncan,FALSE,pass,road,nearest,12.8
11064,Bamberton,Locality,48.5911111,-123.5266667,443,5919,cowichan-valley,Cowichan Valley,cowichan-valley,Cowichan Valley,cowichan,Cowichan Valley,Duncan,FALSE,pass,road,nearest,24.7
4645,Malahat,Community,48.5480556,-123.5652778,443,5919,cowichan-valley,Cowichan Valley,cowichan-valley,Cowichan Valley,cowichan,Cowichan Valley,Duncan,FALSE,pass,road,nearest,27.7
35135,Crofton,Community,48.8658465,-123.6489220,405,5919,cowichan-valley,Cowichan Valley,cowichan-valley,Cowichan Valley,cowichan,Cowichan Valley,Duncan,FALSE,pass,road,nearest,10.6
70061,Arbutus Ridge,Community,48.6925000,-123.5397222,378,5919,cowichan-valley,Cowichan Valley,cowichan-valley,Cowichan Valley,cowichan,Cowichan Valley,Duncan,FALSE,pass,road,nearest,15.6
65238,Say-La-Quas 10,Indian Reserve,48.8997919,-123.6846344,363,5919,cowichan-valley,Cowichan Valley,cowichan-valley,Cowichan Valley,cowichan,Cowichan Valley,Duncan,FALSE,pass,road,nearest,13.6
65282,Hatch Point 12,Indian Reserve,48.6831265,-123.5346242,333,5919,cowichan-valley,Cowichan Valley,cowichan-valley,Cowichan Valley,cowichan,Cowichan Valley,Duncan,FALSE,pass,road,nearest,16.6
65298,Malachan 11,Indian Reserve,48.8164472,-124.6679955,178,5919,cowichan-valley,Cowichan Valley,cowichan-valley,Cowichan Valley,cowichan,Cowichan Valley,Duncan,FALSE,pass,road,nearest,70.4
65203,Malahat 11,Indian Reserve,48.6164599,-123.5179554,165,5919,cowichan-valley,Cowichan Valley,cowichan-valley,Cowichan Valley,cowichan,Cowichan Valley,Duncan,FALSE,pass,road,nearest,22.8
65227,Halalt 2,Indian Reserve,48.8831252,-123.6846340,156,5919,cowichan-valley,Cowichan Valley,cowichan-valley,Cowichan Valley,cowichan,Cowichan Valley,Duncan,FALSE,pass,road,nearest,11.7
6231,Koksilah,Community,48.7613727,-123.6863043,109,5919,cowichan-valley,Cowichan Valley,cowichan-valley,Cowichan Valley,cowichan,Cowichan Valley,Duncan,FALSE,pass,road,nearest,2.5
65237,Oyster Bay 12,Indian Reserve,49.0164570,-123.8513092,105,5919,cowichan-valley,Cowichan Valley,cowichan-valley,Cowichan Valley,cowichan,Cowichan Valley,Duncan,FALSE,pass,road,nearest,28.4
37716,Genoa Bay,Locality,48.7580556,-123.5994444,89,5919,cowichan-valley,Cowichan Valley,cowichan-valley,Cowichan Valley,cowichan,Cowichan Valley,Duncan,FALSE,pass,road,nearest,8.3
65281,Tsussie 6,Indian Reserve,48.8836111,-123.6758333,82,5919,cowichan-valley,Cowichan Valley,cowichan-valley,Cowichan Valley,cowichan,Cowichan Valley,Duncan,FALSE,pass,road,nearest,11.9
65219,Theik 2,Indian Reserve,48.7331255,-123.6346286,48,5919,cowichan-valley,Cowichan Valley,cowichan-valley,Cowichan Valley,cowichan,Cowichan Valley,Duncan,FALSE,pass,road,nearest,7.4
65202,Lyacksun 3,Indian Reserve,49.0997926,-123.6679725,30,5919,cowichan-valley,Cowichan Valley,cowichan-valley,Cowichan Valley,cowichan,Cowichan Valley,Duncan,FALSE,pass,road,nearest,35.8
65236,Squaw-Hay-One 11,Indian Reserve,48.8997917,-123.7013016,29,5919,cowichan-valley,Cowichan Valley,cowichan-valley,Cowichan Valley,cowichan,Cowichan Valley,Duncan,FALSE,pass,road,nearest,13.5
65220,Tzart-lam 5,Indian Reserve,48.7664566,-123.8346355,27,5919,cowichan-valley,Cowichan Valley,cowichan-valley,Cowichan Valley,cowichan,Cowichan Valley,Duncan,FALSE,pass,road,nearest,9.4
65221,Est-patrolas 4,Indian Reserve,48.7164591,-123.6012938,26,5919,cowichan-valley,Cowichan Valley,cowichan-valley,Cowichan Valley,cowichan,Cowichan Valley,Duncan,FALSE,pass,road,nearest,10.4
65800,Cowichan Lake,Indian Reserve,48.8331208,-124.0679777,20,5919,cowichan-valley,Cowichan Valley,cowichan-valley,Cowichan Valley,cowichan,Cowichan Valley,Duncan,FALSE,pass,road,nearest,27.0
9732,Clo-oose,Locality,48.6624100,-124.8253300,5,5919,cowichan-valley,Cowichan Valley,cowichan-valley,Cowichan Valley,cowichan,Cowichan Valley,Duncan,FALSE,pass,road,nearest,83.0
65218,Kil-pah-las 3,Indian Reserve,48.7331258,-123.6012942,0,5919,cowichan-valley,Cowichan Valley,cowichan-valley,Cowichan Valley,cowichan,Cowichan Valley,Duncan,FALSE,pass,road,nearest,9.3
65201,Portier Pass 5,Indian Reserve,49.0164598,-123.6013016,0,5919,cowichan-valley,Cowichan Valley,cowichan-valley,Cowichan Valley,cowichan,Cowichan Valley,Duncan,FALSE,pass,road,nearest,27.6
65204,Shingle Point 4,Indian Reserve,49.0436111,-123.6391667,0,5919,cowichan-valley,Cowichan Valley,cowichan-valley,Cowichan Valley,cowichan,Cowichan Valley,Duncan,FALSE,pass,road,nearest,29.9
22077,Whyac,Community,48.6717312,-124.8446657,0,5919,cowichan-valley,Cowichan Valley,cowichan-valley,Cowichan Valley,cowichan,Cowichan Valley,Duncan,FALSE,pass,road,nearest,84.2
65211,Wyah 3,Indian Reserve,48.6664448,-124.8513304,0,5919,cowichan-valley,Cowichan Valley,cowichan-valley,Cowichan Valley,cowichan,Cowichan Valley,Duncan,FALSE,pass,road,nearest,84.8
4786,Cranbrook,City,49.5080556,-115.7469444,21417,5901,east-kootenay,East Kootenay,east-kootenay,East Kootenay,cranbrook,Cranbrook & Kimberley,Cranbrook,TRUE,road,road,hub,0.0
3865,Kimberley,City,49.6850000,-115.9816667,8422,5901,east-kootenay,East Kootenay,east-kootenay,East Kootenay,cranbrook,Cranbrook & Kimberley,Cranbrook,FALSE,road,road,nearest,25.9
18651,Old Town,Locality,49.5498736,-115.9677342,1129,5901,east-kootenay,East Kootenay,east-kootenay,East Kootenay,cranbrook,Cranbrook & Kimberley,Cranbrook,FALSE,road,road,nearest,16.6
11521,Lumberton,Locality,49.4165405,-115.8677279,704,5901,east-kootenay,East Kootenay,east-kootenay,East Kootenay,cranbrook,Cranbrook & Kimberley,Cranbrook,FALSE,road,road,nearest,13.4
8206,Moyie,Community,49.2883333,-115.8322222,704,5901,east-kootenay,East Kootenay,east-kootenay,East Kootenay,cranbrook,Cranbrook & Kimberley,Cranbrook,FALSE,road,road,nearest,25.2
2149,Bull River,Locality,49.4665446,-115.4510482,679,5901,east-kootenay,East Kootenay,east-kootenay,East Kootenay,cranbrook,Cranbrook & Kimberley,Cranbrook,FALSE,road,road,nearest,21.9
3600,Fort Steele,Locality,49.6165436,-115.6343910,679,5901,east-kootenay,East Kootenay,east-kootenay,East Kootenay,cranbrook,Cranbrook & Kimberley,Cranbrook,FALSE,road,road,nearest,14.5
19127,Wardner,Community,49.4167931,-115.4231183,679,5901,east-kootenay,East Kootenay,east-kootenay,East Kootenay,cranbrook,Cranbrook & Kimberley,Cranbrook,FALSE,road,road,nearest,25.5
6439,Marysville,Community,49.6363324,-115.9566099,589,5901,east-kootenay,East Kootenay,east-kootenay,East Kootenay,cranbrook,Cranbrook & Kimberley,Cranbrook,FALSE,road,road,nearest,20.8
24754,Wycliffe,Community,49.5974403,-115.8670472,570,5901,east-kootenay,East Kootenay,east-kootenay,East Kootenay,cranbrook,Cranbrook & Kimberley,Cranbrook,FALSE,road,road,nearest,13.2
7477,Mayook,Community,49.4835207,-115.5706689,560,5901,east-kootenay,East Kootenay,east-kootenay,East Kootenay,cranbrook,Cranbrook & Kimberley,Cranbrook,FALSE,road,road,nearest,13.0
38868,Chapman Camp,Community,49.6668228,-115.9703490,524,5901,east-kootenay,East Kootenay,east-kootenay,East Kootenay,cranbrook,Cranbrook & Kimberley,Cranbrook,FALSE,road,road,nearest,23.9
10991,Baker,Locality,49.4998769,-115.5843868,519,5901,east-kootenay,East Kootenay,east-kootenay,East Kootenay,cranbrook,Cranbrook & Kimberley,Cranbrook,FALSE,road,road,nearest,11.8
19247,Premier Lake,Locality,49.9498786,-115.6510655,486,5901,east-kootenay,East Kootenay,east-kootenay,East Kootenay,cranbrook,Cranbrook & Kimberley,Cranbrook,FALSE,road,road,nearest,49.6
21507,Skookumchuck,Locality,49.9165443,-115.7344010,486,5901,east-kootenay,East Kootenay,east-kootenay,East Kootenay,cranbrook,Cranbrook & Kimberley,Cranbrook,FALSE,road,road,nearest,45.4
34999,Wasa,Community,49.7891650,-115.7306519,486,5901,east-kootenay,East Kootenay,east-kootenay,East Kootenay,cranbrook,Cranbrook & Kimberley,Cranbrook,FALSE,road,road,nearest,31.3
20860,Rockyview,Community,49.4998750,-115.7843936,431,5901,east-kootenay,East Kootenay,east-kootenay,East Kootenay,cranbrook,Cranbrook & Kimberley,Cranbrook,FALSE,road,road,nearest,2.9
21587,Meachen,Locality,49.6165378,-116.2677458,377,5901,east-kootenay,East Kootenay,east-kootenay,East Kootenay,cranbrook,Cranbrook & Kimberley,Cranbrook,FALSE,road,road,nearest,39.5
17667,Ta Ta Creek,Community,49.7830511,-115.7854307,309,5901,east-kootenay,East Kootenay,east-kootenay,East Kootenay,cranbrook,Cranbrook & Kimberley,Cranbrook,FALSE,road,road,nearest,30.7
65095,Bummers Flat 6,Indian Reserve,49.6498767,-115.6843934,145,5901,east-kootenay,East Kootenay,east-kootenay,East Kootenay,cranbrook,Cranbrook & Kimberley,Cranbrook,FALSE,road,road,nearest,16.4
65090,Kootenay 1,Indian Reserve,49.6165430,-115.7010599,145,5901,east-kootenay,East Kootenay,east-kootenay,East Kootenay,cranbrook,Cranbrook & Kimberley,Cranbrook,FALSE,road,road,nearest,12.5
65172,Saint Mary's 1A,Indian Reserve,49.5832091,-115.7510609,10,5901,east-kootenay,East Kootenay,east-kootenay,East Kootenay,cranbrook,Cranbrook & Kimberley,Cranbrook,FALSE,road,road,nearest,8.4
13191,St. Eugene Mission,Community,49.5871653,-115.7547504,10,5901,east-kootenay,East Kootenay,east-kootenay,East Kootenay,cranbrook,Cranbrook & Kimberley,Cranbrook,FALSE,road,road,nearest,8.8
65096,Cassimayooks 5,Indian Reserve,49.4915437,-115.5649415,5,5901,east-kootenay,East Kootenay,east-kootenay,East Kootenay,cranbrook,Cranbrook & Kimberley,Cranbrook,FALSE,road,road,nearest,13.3
65089,Isidore's Ranch 4,Indian Reserve,49.5498768,-115.6177223,0,5901,east-kootenay,East Kootenay,east-kootenay,East Kootenay,cranbrook,Cranbrook & Kimberley,Cranbrook,FALSE,road,road,nearest,10.4
4864,Creston,Town,49.0975000,-116.5130556,5733,5903,central-kootenay,Central Kootenay,central-kootenay,Central Kootenay,creston,Creston Valley,Creston,TRUE,pass,road,hub,0.0
6553,Curzon,Locality,49.0832033,-116.1343964,928,5903,central-kootenay,Central Kootenay,central-kootenay,Central Kootenay,creston,Creston Valley,Creston,FALSE,pass,road,nearest,27.6
2006,Glenlily,Locality,49.0498696,-116.1677301,928,5903,central-kootenay,Central Kootenay,central-kootenay,Central Kootenay,creston,Creston Valley,Creston,FALSE,pass,road,nearest,25.7
4557,Kingsgate,Locality,48.9998692,-116.1843963,928,5903,central-kootenay,Central Kootenay,central-kootenay,Central Kootenay,creston,Creston Valley,Creston,FALSE,pass,road,nearest,26.3
24766,Yahk,Community,49.0865914,-116.0844484,928,5903,central-kootenay,Central Kootenay,central-kootenay,Central Kootenay,creston,Creston Valley,Creston,FALSE,pass,road,nearest,31.2
35898,Kuskonook,Community,49.3011693,-116.6618103,595,5903,central-kootenay,Central Kootenay,central-kootenay,Central Kootenay,creston,Creston Valley,Creston,FALSE,pass,road,nearest,25.1
27431,Sanca,Locality,49.3916667,-116.7350000,595,5903,central-kootenay,Central Kootenay,central-kootenay,Central Kootenay,creston,Creston Valley,Creston,FALSE,pass,road,nearest,36.5
20544,Sirdar,Community,49.2360820,-116.6120840,595,5903,central-kootenay,Central Kootenay,central-kootenay,Central Kootenay,creston,Creston Valley,Creston,FALSE,pass,road,nearest,17.0
24757,Wynndel,Community,49.1800000,-116.5525000,595,5903,central-kootenay,Central Kootenay,central-kootenay,Central Kootenay,creston,Creston Valley,Creston,FALSE,pass,road,nearest,9.6
15683,Huscroft,Community,49.0140062,-116.4692420,576,5903,central-kootenay,Central Kootenay,central-kootenay,Central Kootenay,creston,Creston Valley,Creston,FALSE,pass,road,nearest,9.8
2419,Lister,Community,49.0431503,-116.4683226,576,5903,central-kootenay,Central Kootenay,central-kootenay,Central Kootenay,creston,Creston Valley,Creston,FALSE,pass,road,nearest,6.9
65574,Lower Kootenay 1A,Indian Reserve,49.0331994,-116.5344087,576,5903,central-kootenay,Central Kootenay,central-kootenay,Central Kootenay,creston,Creston Valley,Creston,FALSE,pass,road,nearest,7.3
65575,Lower Kootenay 1B,Indian Reserve,49.0790328,-116.5482990,576,5903,central-kootenay,Central Kootenay,central-kootenay,Central Kootenay,creston,Creston Valley,Creston,FALSE,pass,road,nearest,3.3
22839,Rykerts,Locality,48.9998663,-116.5010735,576,5903,central-kootenay,Central Kootenay,central-kootenay,Central Kootenay,creston,Creston Valley,Creston,FALSE,pass,road,nearest,10.9
38323,Canyon,Community,49.0811765,-116.4477138,535,5903,central-kootenay,Central Kootenay,central-kootenay,Central Kootenay,creston,Creston Valley,Creston,FALSE,pass,road,nearest,5.1
65568,Lower Kootenay 1C,Indian Reserve,49.0943103,-116.5844117,493,5903,central-kootenay,Central Kootenay,central-kootenay,Central Kootenay,creston,Creston Valley,Creston,FALSE,pass,road,nearest,5.2
65569,Lower Kootenay 2,Indian Reserve,49.1220883,-116.5691340,493,5903,central-kootenay,Central Kootenay,central-kootenay,Central Kootenay,creston,Creston Valley,Creston,FALSE,pass,road,nearest,4.9
65570,Lower Kootenay 3,Indian Reserve,49.1345882,-116.5844125,493,5903,central-kootenay,Central Kootenay,central-kootenay,Central Kootenay,creston,Creston Valley,Creston,FALSE,pass,road,nearest,6.6
65571,Lower Kootenay 4,Indian Reserve,49.1456993,-116.5927464,493,5903,central-kootenay,Central Kootenay,central-kootenay,Central Kootenay,creston,Creston Valley,Creston,FALSE,pass,road,nearest,7.9
65564,Lower Kootenay 5,Indian Reserve,49.1665328,-116.5844132,493,5903,central-kootenay,Central Kootenay,central-kootenay,Central Kootenay,creston,Creston Valley,Creston,FALSE,pass,road,nearest,9.3
9239,Arrow Creek,Community,49.1332006,-116.4510747,487,5903,central-kootenay,Central Kootenay,central-kootenay,Central Kootenay,creston,Creston Valley,Creston,FALSE,pass,road,nearest,6.0
38213,Kitchener,Community,49.1582018,-116.3371826,487,5903,central-kootenay,Central Kootenay,central-kootenay,Central Kootenay,creston,Creston Valley,Creston,FALSE,pass,road,nearest,14.5
1011,Alice Siding,Locality,49.1220888,-116.5219102,406,5903,central-kootenay,Central Kootenay,central-kootenay,Central Kootenay,creston,Creston Valley,Creston,FALSE,pass,road,nearest,2.8
10591,Erickson,Community,49.0902778,-116.4666667,384,5903,central-kootenay,Central Kootenay,central-kootenay,Central Kootenay,creston,Creston Valley,Creston,FALSE,pass,road,nearest,3.5
65573,Creston 1,Indian Reserve,49.0498662,-116.5344090,93,5903,central-kootenay,Central Kootenay,central-kootenay,Central Kootenay,creston,Creston Valley,Creston,FALSE,pass,road,nearest,5.5
40540,Dawson Creek,City,55.7605556,-120.2355556,12910,5955,peace-river,Peace River,peace-river,Peace River,dawson-creek,Dawson Creek & the South Peace,Dawson Creek,TRUE,road,road,hub,0.0
22265,Pouce Coupe,Village,55.7146782,-120.1321965,793,5955,peace-river,Peace River,peace-river,Peace River,dawson-creek,Dawson Creek & the South Peace,Dawson Creek,FALSE,road,road,nearest,8.2
35920,Bessborough,Locality,55.8165601,-120.5014054,654,5955,peace-river,Peace River,peace-river,Peace River,dawson-creek,Dawson Creek & the South Peace,Dawson Creek,FALSE,road,road,nearest,17.7
16027,Parkland,Locality,55.9165610,-120.5680781,654,5955,peace-river,Peace River,peace-river,Peace River,dawson-creek,Dawson Creek & the South Peace,Dawson Creek,FALSE,road,road,nearest,27.1
23042,Willowbrook,Locality,55.8165596,-120.5514072,654,5955,peace-river,Peace River,peace-river,Peace River,dawson-creek,Dawson Creek & the South Peace,Dawson Creek,FALSE,road,road,nearest,20.7
21262,Progress,Community,55.7825030,-120.7162440,648,5955,peace-river,Peace River,peace-river,Peace River,dawson-creek,Dawson Creek & the South Peace,Dawson Creek,FALSE,road,road,nearest,30.2
13977,Sunrise Valley,Locality,55.8665590,-120.6680800,648,5955,peace-river,Peace River,peace-river,Peace River,dawson-creek,Dawson Creek & the South Peace,Dawson Creek,FALSE,road,road,nearest,29.5
13990,Sunset Prairie,Community,55.8396654,-120.7928309,648,5955,peace-river,Peace River,peace-river,Peace River,dawson-creek,Dawson Creek & the South Peace,Dawson Creek,FALSE,road,road,nearest,35.9
23056,Willow Valley,Locality,55.8498898,-120.8680869,648,5955,peace-river,Peace River,peace-river,Peace River,dawson-creek,Dawson Creek & the South Peace,Dawson Creek,FALSE,road,road,nearest,40.8
11840,Farmington,Community,55.9054570,-120.5059640,509,5955,peace-river,Peace River,peace-river,Peace River,dawson-creek,Dawson Creek & the South Peace,Dawson Creek,FALSE,road,road,nearest,23.3
18913,Seven Mile Corner,Locality,55.8998969,-120.3180682,509,5955,peace-river,Peace River,peace-river,Peace River,dawson-creek,Dawson Creek & the South Peace,Dawson Creek,FALSE,road,road,nearest,16.3
15416,Shearer Dale,Locality,56.0665690,-120.0847321,509,5955,peace-river,Peace River,peace-river,Peace River,dawson-creek,Dawson Creek & the South Peace,Dawson Creek,FALSE,road,road,nearest,35.3
16653,Sweetwater,Locality,55.9165625,-120.4347398,509,5955,peace-river,Peace River,peace-river,Peace River,dawson-creek,Dawson Creek & the South Peace,Dawson Creek,FALSE,road,road,nearest,21.3
24312,Valley View,Locality,55.9832324,-120.2514020,509,5955,peace-river,Peace River,peace-river,Peace River,dawson-creek,Dawson Creek & the South Peace,Dawson Creek,FALSE,road,road,nearest,24.8
777,Briar Ridge,Locality,55.7832315,-120.0347201,456,5955,peace-river,Peace River,peace-river,Peace River,dawson-creek,Dawson Creek & the South Peace,Dawson Creek,FALSE,road,road,nearest,12.8
3262,Groundbirch,Community,55.7814424,-120.9232609,449,5955,peace-river,Peace River,peace-river,Peace River,dawson-creek,Dawson Creek & the South Peace,Dawson Creek,FALSE,road,road,nearest,43.1
4139,Gundy,Locality,55.5998956,-120.0013790,425,5955,peace-river,Peace River,peace-river,Peace River,dawson-creek,Dawson Creek & the South Peace,Dawson Creek,FALSE,road,road,nearest,23.1
20958,Tomslake,Locality,55.5498939,-120.0847137,425,5955,peace-river,Peace River,peace-river,Peace River,dawson-creek,Dawson Creek & the South Peace,Dawson Creek,FALSE,road,road,nearest,25.3
24619,Tupper,Locality,55.4998937,-120.0347101,425,5955,peace-river,Peace River,peace-river,Peace River,dawson-creek,Dawson Creek & the South Peace,Dawson Creek,FALSE,road,road,nearest,31.6
11910,Fellers Heights,Locality,55.5986111,-120.5666667,424,5955,peace-river,Peace River,peace-river,Peace River,dawson-creek,Dawson Creek & the South Peace,Dawson Creek,FALSE,road,road,nearest,27.5
3154,Kelly Lake,Community,55.2631321,-120.0329863,424,5955,peace-river,Peace River,peace-river,Peace River,dawson-creek,Dawson Creek & the South Peace,Dawson Creek,FALSE,road,road,nearest,56.8
25091,Upper Cutbank,Locality,55.5165561,-120.4347255,424,5955,peace-river,Peace River,peace-river,Peace River,dawson-creek,Dawson Creek & the South Peace,Dawson Creek,FALSE,road,road,nearest,29.9
2570,Clayhurst,Community,56.1883708,-120.0307875,421,5955,peace-river,Peace River,peace-river,Peace River,dawson-creek,Dawson Creek & the South Peace,Dawson Creek,FALSE,road,road,nearest,49.2
9236,Arras,Community,55.7498920,-120.5347375,377,5955,peace-river,Peace River,peace-river,Peace River,dawson-creek,Dawson Creek & the South Peace,Dawson Creek,FALSE,road,road,nearest,18.8
20661,South Dawson,Community,55.7376467,-120.3494025,360,5955,peace-river,Peace River,peace-river,Peace River,dawson-creek,Dawson Creek & the South Peace,Dawson Creek,FALSE,road,road,nearest,7.6
18205,Doe River,Locality,55.9999012,-120.0847297,277,5955,peace-river,Peace River,peace-river,Peace River,dawson-creek,Dawson Creek & the South Peace,Dawson Creek,FALSE,road,road,nearest,28.2
20887,Rolla,Community,55.8980170,-120.1406080,277,5955,peace-river,Peace River,peace-river,Peace River,dawson-creek,Dawson Creek & the South Peace,Dawson Creek,FALSE,road,road,nearest,16.4
3842,Kilkerran,Locality,55.8332297,-120.2680639,214,5955,peace-river,Peace River,peace-river,Peace River,dawson-creek,Dawson Creek & the South Peace,Dawson Creek,FALSE,road,road,nearest,8.3
2444,Iskut,Community,57.8375000,-129.9875000,478,5949,kitimat-stikine,Kitimat-Stikine,kitimat-stikine,Kitimat-Stikine,dease-lake,Dease Lake & the Stikine,Dease Lake,FALSE,road,road,nearest,66.7
64101,Iskut 6,Indian Reserve,57.8352778,-130.0000000,478,5949,kitimat-stikine,Kitimat-Stikine,kitimat-stikine,Kitimat-Stikine,dease-lake,Dease Lake & the Stikine,Dease Lake,FALSE,road,road,nearest,67.0
12645,Boulder City,Locality,58.3998308,-129.0018284,326,5949,kitimat-stikine,Kitimat-Stikine,kitimat-stikine,Kitimat-Stikine,dease-lake,Dease Lake & the Stikine,Dease Lake,FALSE,road,road,nearest,58.0
64826,Classy Creek 8,Indian Reserve,58.1831338,-130.8018800,326,5949,kitimat-stikine,Kitimat-Stikine,kitimat-stikine,Kitimat-Stikine,dease-lake,Dease Lake & the Stikine,Dease Lake,FALSE,road,road,nearest,54.9
8516,Days Ranch,Locality,58.0331298,-130.8852083,326,5949,kitimat-stikine,Kitimat-Stikine,kitimat-stikine,Kitimat-Stikine,dease-lake,Dease Lake & the Stikine,Dease Lake,FALSE,road,road,nearest,68.8
40543,Dease Lake,Community,58.4374428,-129.9960415,326,5949,kitimat-stikine,Kitimat-Stikine,kitimat-stikine,Kitimat-Stikine,dease-lake,Dease Lake & the Stikine,Dease Lake,TRUE,road,road,hub,0.0
35923,Defot,Locality,58.8998199,-130.4519065,326,5949,kitimat-stikine,Kitimat-Stikine,kitimat-stikine,Kitimat-Stikine,dease-lake,Dease Lake & the Stikine,Dease Lake,FALSE,road,road,nearest,57.8
14684,Hiusta Meadow,Locality,58.0497958,-130.9518782,326,5949,kitimat-stikine,Kitimat-Stikine,kitimat-stikine,Kitimat-Stikine,dease-lake,Dease Lake & the Stikine,Dease Lake,FALSE,road,road,nearest,70.6
64820,Hiusta's Meadow 2,Indian Reserve,58.0497960,-130.9352109,326,5949,kitimat-stikine,Kitimat-Stikine,kitimat-stikine,Kitimat-Stikine,dease-lake,Dease Lake & the Stikine,Dease Lake,FALSE,road,road,nearest,69.8
7373,Laketon,Locality,58.6998209,-130.1018832,326,5949,kitimat-stikine,Kitimat-Stikine,kitimat-stikine,Kitimat-Stikine,dease-lake,Dease Lake & the Stikine,Dease Lake,FALSE,road,road,nearest,29.8
65690,One Mile Point 1,Indian Reserve,58.7998232,-130.0852214,326,5949,kitimat-stikine,Kitimat-Stikine,kitimat-stikine,Kitimat-Stikine,dease-lake,Dease Lake & the Stikine,Dease Lake,FALSE,road,road,nearest,40.6
17784,Porter Landing,Locality,58.7998230,-130.1018886,326,5949,kitimat-stikine,Kitimat-Stikine,kitimat-stikine,Kitimat-Stikine,dease-lake,Dease Lake & the Stikine,Dease Lake,FALSE,road,road,nearest,40.8
65787,Tahltan 10,Indian Reserve,58.0619444,-130.7958333,326,5949,kitimat-stikine,Kitimat-Stikine,kitimat-stikine,Kitimat-Stikine,dease-lake,Dease Lake & the Stikine,Dease Lake,FALSE,road,road,nearest,62.7
64813,Tatcho Creek 11,Indian Reserve,58.3831472,-130.1518681,326,5949,kitimat-stikine,Kitimat-Stikine,kitimat-stikine,Kitimat-Stikine,dease-lake,Dease Lake & the Stikine,Dease Lake,FALSE,road,road,nearest,10.9
66441,Tatl'ah 13,Indian Reserve,58.4430556,-130.0083333,326,5949,kitimat-stikine,Kitimat-Stikine,kitimat-stikine,Kitimat-Stikine,dease-lake,Dease Lake & the Stikine,Dease Lake,FALSE,road,road,nearest,0.9
60002,Guhthe Tah 12,Indian Reserve,57.9038889,-131.1763889,142,5949,kitimat-stikine,Kitimat-Stikine,kitimat-stikine,Kitimat-Stikine,dease-lake,Dease Lake & the Stikine,Dease Lake,FALSE,road,road,nearest,91.2
65678,Liard River 3,Indian Reserve,59.9165368,-128.5018924,114,5957,stikine-region,Stikine Region,kitimat-stikine,Kitimat-Stikine,dease-lake,Dease Lake & the Stikine,Dease Lake,FALSE,road,remote,nearest+beyond-range,185.2
40304,40 Mile Flats,Locality,57.9373070,-130.0351741,74,5949,kitimat-stikine,Kitimat-Stikine,kitimat-stikine,Kitimat-Stikine,dease-lake,Dease Lake & the Stikine,Dease Lake,FALSE,road,road,nearest,55.7
38579,Eddontenajon,Community,57.8158141,-129.9605601,74,5949,kitimat-stikine,Kitimat-Stikine,kitimat-stikine,Kitimat-Stikine,dease-lake,Dease Lake & the Stikine,Dease Lake,FALSE,road,road,nearest,69.2
40604,Glenora,Locality,57.8436111,-131.3886111,74,5949,kitimat-stikine,Kitimat-Stikine,kitimat-stikine,Kitimat-Stikine,dease-lake,Dease Lake & the Stikine,Dease Lake,FALSE,road,road,nearest,105.1
9551,Jacksons,Locality,57.6164436,-131.6852137,74,5949,kitimat-stikine,Kitimat-Stikine,kitimat-stikine,Kitimat-Stikine,dease-lake,Dease Lake & the Stikine,Dease Lake,FALSE,road,remote,nearest+beyond-range,135.0
65390,Kluachon Lake 1,Indian Reserve,57.8331389,-130.0018344,74,5949,kitimat-stikine,Kitimat-Stikine,kitimat-stikine,Kitimat-Stikine,dease-lake,Dease Lake & the Stikine,Dease Lake,FALSE,road,road,nearest,67.2
65389,Stikine River 7,Indian Reserve,57.8928451,-131.1754887,74,5949,kitimat-stikine,Kitimat-Stikine,kitimat-stikine,Kitimat-Stikine,dease-lake,Dease Lake & the Stikine,Dease Lake,FALSE,road,road,nearest,91.9
40274,Tatogga,Locality,57.7345261,-129.9907179,74,5949,kitimat-stikine,Kitimat-Stikine,kitimat-stikine,Kitimat-Stikine,dease-lake,Dease Lake & the Stikine,Dease Lake,FALSE,road,road,nearest,78.2
64824,Telegraph Creek 6,Indian Reserve,57.8997898,-131.1685444,74,5949,kitimat-stikine,Kitimat-Stikine,kitimat-stikine,Kitimat-Stikine,dease-lake,Dease Lake & the Stikine,Dease Lake,FALSE,road,road,nearest,91.1
64823,Telegraph Creek 6A,Indian Reserve,57.8997898,-131.1685444,74,5949,kitimat-stikine,Kitimat-Stikine,kitimat-stikine,Kitimat-Stikine,dease-lake,Dease Lake & the Stikine,Dease Lake,FALSE,road,road,nearest,91.1
64825,Dease Lake 9,Indian Reserve,58.4664839,-130.0352017,54,5949,kitimat-stikine,Kitimat-Stikine,kitimat-stikine,Kitimat-Stikine,dease-lake,Dease Lake & the Stikine,Dease Lake,FALSE,road,road,nearest,4.0
35678,Telegraph Creek,Community,57.9031707,-131.1595825,51,5949,kitimat-stikine,Kitimat-Stikine,kitimat-stikine,Kitimat-Stikine,dease-lake,Dease Lake & the Stikine,Dease Lake,FALSE,road,road,nearest,90.5
60004,Dease River 1,Indian Reserve,59.2875000,-129.2894444,39,5957,stikine-region,Stikine Region,kitimat-stikine,Kitimat-Stikine,dease-lake,Dease Lake & the Stikine,Dease Lake,FALSE,road,road,nearest,102.9
65681,Blue River 1,Indian Reserve,59.6998586,-128.9685642,25,5957,stikine-region,Stikine Region,kitimat-stikine,Kitimat-Stikine,dease-lake,Dease Lake & the Stikine,Dease Lake,FALSE,road,remote,nearest+beyond-range,152.2
12687,Callison Ranch,Locality,58.6331295,-131.6852680,25,5957,stikine-region,Stikine Region,kitimat-stikine,Kitimat-Stikine,dease-lake,Dease Lake & the Stikine,Dease Lake,FALSE,road,remote,zone:stikine-backcountry,100.4
60500,Dease River 2 (Dease),Indian Reserve,59.4200000,-129.1788889,25,5957,stikine-region,Stikine Region,kitimat-stikine,Kitimat-Stikine,dease-lake,Dease Lake & the Stikine,Dease Lake,FALSE,road,road,nearest,118.9
60580,Dease River 2 (Liard),Indian Reserve,59.7191667,-128.9230556,25,5957,stikine-region,Stikine Region,kitimat-stikine,Kitimat-Stikine,dease-lake,Dease Lake & the Stikine,Dease Lake,FALSE,road,remote,nearest+beyond-range,155.1
60421,Dease River 3 (Dease),Indian Reserve,59.6044444,-129.2386111,25,5957,stikine-region,Stikine Region,kitimat-stikine,Kitimat-Stikine,dease-lake,Dease Lake & the Stikine,Dease Lake,FALSE,road,remote,nearest+beyond-range,136.8
60581,Dease River 3 (Liard),Indian Reserve,59.3175000,-129.0311111,25,5957,stikine-region,Stikine Region,kitimat-stikine,Kitimat-Stikine,dease-lake,Dease Lake & the Stikine,Dease Lake,FALSE,road,road,nearest,112.5
60444,Dease River 4,Indian Reserve,59.6700000,-129.1641667,25,5957,stikine-region,Stikine Region,kitimat-stikine,Kitimat-Stikine,dease-lake,Dease Lake & the Stikine,Dease Lake,FALSE,road,remote,nearest+beyond-range,145.1
8030,Fifth Cabin,Locality,56.4194444,-127.9611111,25,5957,stikine-region,Stikine Region,kitimat-stikine,Kitimat-Stikine,dease-lake,Dease Lake & the Stikine,Dease Lake,FALSE,road,remote,zone:stikine-backcountry,255.3
8056,Fourth Cabin,Locality,56.2492516,-127.9350218,25,5957,stikine-region,Stikine Region,kitimat-stikine,Kitimat-Stikine,dease-lake,Dease Lake & the Stikine,Dease Lake,FALSE,road,remote,zone:stikine-backcountry,272.9
40270,Good Hope Lake,Locality,59.2817891,-129.3046642,25,5957,stikine-region,Stikine Region,kitimat-stikine,Kitimat-Stikine,dease-lake,Dease Lake & the Stikine,Dease Lake,FALSE,road,road,nearest,102.0
65819,Horse Ranch Pass 4,Indian Reserve,59.5165197,-129.0685576,25,5957,stikine-region,Stikine Region,kitimat-stikine,Kitimat-Stikine,dease-lake,Dease Lake & the Stikine,Dease Lake,FALSE,road,remote,nearest+beyond-range,131.2
15723,Hyland Post,Locality,57.6498284,-128.1517607,25,5957,stikine-region,Stikine Region,kitimat-stikine,Kitimat-Stikine,dease-lake,Dease Lake & the Stikine,Dease Lake,FALSE,road,remote,zone:stikine-backcountry,139.5
19421,Hyland Ranch,Locality,58.1664567,-131.4852358,25,5957,stikine-region,Stikine Region,kitimat-stikine,Kitimat-Stikine,dease-lake,Dease Lake & the Stikine,Dease Lake,FALSE,road,remote,zone:stikine-backcountry,92.1
40296,Jade City,Locality,59.2581728,-129.6268968,25,5957,stikine-region,Stikine Region,kitimat-stikine,Kitimat-Stikine,dease-lake,Dease Lake & the Stikine,Dease Lake,FALSE,road,road,nearest,93.7
16335,McDame,Locality,59.1831769,-129.2352118,25,5957,stikine-region,Stikine Region,kitimat-stikine,Kitimat-Stikine,dease-lake,Dease Lake & the Stikine,Dease Lake,FALSE,road,road,nearest,93.8
65679,McDames Creek 2,Indian Reserve,59.1831769,-129.2352118,25,5957,stikine-region,Stikine Region,kitimat-stikine,Kitimat-Stikine,dease-lake,Dease Lake & the Stikine,Dease Lake,FALSE,road,road,nearest,93.8
65687,Mosquito Creek 5,Indian Reserve,58.9331857,-128.2518292,25,5957,stikine-region,Stikine Region,kitimat-stikine,Kitimat-Stikine,dease-lake,Dease Lake & the Stikine,Dease Lake,FALSE,road,road,nearest,114.9
64819,Salmon Creek 3,Indian Reserve,58.1831215,-131.6352418,25,5957,stikine-region,Stikine Region,kitimat-stikine,Kitimat-Stikine,dease-lake,Dease Lake & the Stikine,Dease Lake,FALSE,road,road,nearest,99.8
13646,Saloon,Locality,58.1331243,-131.3852307,25,5957,stikine-region,Stikine Region,kitimat-stikine,Kitimat-Stikine,dease-lake,Dease Lake & the Stikine,Dease Lake,FALSE,road,remote,zone:stikine-backcountry,88.0
16284,Sheslay,Locality,58.2597222,-131.7944444,25,5957,stikine-region,Stikine Region,kitimat-stikine,Kitimat-Stikine,dease-lake,Dease Lake & the Stikine,Dease Lake,FALSE,road,remote,zone:stikine-backcountry,106.8
16766,Tahltan,Locality,58.0164611,-131.0018781,25,5957,stikine-region,Stikine Region,kitimat-stikine,Kitimat-Stikine,dease-lake,Dease Lake & the Stikine,Dease Lake,FALSE,road,road,nearest,75.2
64821,Tahltan Forks 5,Indian Reserve,58.1164580,-131.3352281,25,5957,stikine-region,Stikine Region,kitimat-stikine,Kitimat-Stikine,dease-lake,Dease Lake & the Stikine,Dease Lake,FALSE,road,road,nearest,86.0
27333,Tulsequah,Locality,58.6331009,-133.5519977,25,5957,stikine-region,Stikine Region,kitimat-stikine,Kitimat-Stikine,dease-lake,Dease Lake & the Stikine,Dease Lake,FALSE,road,remote,zone:stikine-backcountry,207.5
64822,Upper Tahltan 4,Indian Reserve,58.1497915,-131.3685643,25,5957,stikine-region,Stikine Region,kitimat-stikine,Kitimat-Stikine,dease-lake,Dease Lake & the Stikine,Dease Lake,FALSE,road,road,nearest,86.4
11496,Lower Post,Community,59.9256692,-128.4932540,5,5957,stikine-region,Stikine Region,kitimat-stikine,Kitimat-Stikine,dease-lake,Dease Lake & the Stikine,Dease Lake,FALSE,road,remote,nearest+beyond-range,186.3
64770,Tahltan 1,Indian Reserve,58.0164613,-130.9852109,0,5949,kitimat-stikine,Kitimat-Stikine,kitimat-stikine,Kitimat-Stikine,dease-lake,Dease Lake & the Stikine,Dease Lake,FALSE,road,road,nearest,74.5
11937,Fernie,City,49.5041667,-115.0627778,6623,5901,east-kootenay,East Kootenay,east-kootenay,East Kootenay,elk-valley,Elk Valley,Fernie,TRUE,road,road,hub,0.0
21659,Sparwood,District Municipality,49.7333333,-114.8858333,4345,5901,east-kootenay,East Kootenay,east-kootenay,East Kootenay,elk-valley,Elk Valley,Fernie,FALSE,road,road,nearest,28.5
9449,Elkford,District Municipality,50.0244444,-114.9216667,2873,5901,east-kootenay,East Kootenay,east-kootenay,East Kootenay,elk-valley,Elk Valley,Fernie,FALSE,road,road,nearest,58.7
35185,Crowsnest,Locality,49.6332189,-114.6843589,840,5901,east-kootenay,East Kootenay,east-kootenay,East Kootenay,elk-valley,Elk Valley,Fernie,FALSE,road,road,nearest,30.8
9466,Elk Prairie,Locality,49.7633333,-114.8891667,797,5901,east-kootenay,East Kootenay,east-kootenay,East Kootenay,elk-valley,Elk Valley,Fernie,FALSE,road,road,nearest,31.4
12509,Baynes Lake,Community,49.2332123,-115.2177020,622,5901,east-kootenay,East Kootenay,east-kootenay,East Kootenay,elk-valley,Elk Valley,Fernie,FALSE,road,road,nearest,32.1
54467,Kragmont,Locality,49.1748787,-115.2177008,622,5901,east-kootenay,East Kootenay,east-kootenay,East Kootenay,elk-valley,Elk Valley,Fernie,FALSE,road,road,nearest,38.3
35860,Newgate,Locality,49.0222222,-115.1888889,622,5901,east-kootenay,East Kootenay,east-kootenay,East Kootenay,elk-valley,Elk Valley,Fernie,FALSE,road,road,nearest,54.4
10801,Cokato,Locality,49.4665480,-115.0677018,614,5901,east-kootenay,East Kootenay,east-kootenay,East Kootenay,elk-valley,Elk Valley,Fernie,FALSE,road,road,nearest,4.2
12860,Flathead,Locality,48.9998845,-114.4843390,614,5901,east-kootenay,East Kootenay,east-kootenay,East Kootenay,elk-valley,Elk Valley,Fernie,FALSE,road,road,nearest,70.0
12863,Flathead,Locality,49.3572222,-114.6208333,614,5901,east-kootenay,East Kootenay,east-kootenay,East Kootenay,elk-valley,Elk Valley,Fernie,FALSE,road,road,nearest,35.9
7247,Morrissey,Locality,49.3832147,-115.0176984,614,5901,east-kootenay,East Kootenay,east-kootenay,East Kootenay,elk-valley,Elk Valley,Fernie,FALSE,road,road,nearest,13.8
18418,Hosmer,Community,49.5889644,-114.9632790,524,5901,east-kootenay,East Kootenay,east-kootenay,East Kootenay,elk-valley,Elk Valley,Fernie,FALSE,road,road,nearest,11.9
9372,Caithness,Community,49.3214723,-115.1744334,507,5901,east-kootenay,East Kootenay,east-kootenay,East Kootenay,elk-valley,Elk Valley,Fernie,FALSE,road,road,nearest,21.9
9462,Elko,Community,49.3000000,-115.1116667,507,5901,east-kootenay,East Kootenay,east-kootenay,East Kootenay,elk-valley,Elk Valley,Fernie,FALSE,road,road,nearest,23.0
5256,Galloway,Community,49.3750425,-115.2245658,507,5901,east-kootenay,East Kootenay,east-kootenay,East Kootenay,elk-valley,Elk Valley,Fernie,FALSE,road,road,nearest,18.5
12406,Grasmere,Locality,49.1000000,-115.0833333,507,5901,east-kootenay,East Kootenay,east-kootenay,East Kootenay,elk-valley,Elk Valley,Fernie,FALSE,road,road,nearest,45.0
21891,Round Prairie,Locality,50.0665526,-114.9177095,494,5901,east-kootenay,East Kootenay,east-kootenay,East Kootenay,elk-valley,Elk Valley,Fernie,FALSE,road,road,nearest,63.4
9576,Jaffray,Community,49.3758700,-115.2984100,421,5901,east-kootenay,East Kootenay,east-kootenay,East Kootenay,elk-valley,Elk Valley,Fernie,FALSE,road,road,nearest,22.2
20905,Roosville,Locality,49.0011111,-115.0527778,96,5901,east-kootenay,East Kootenay,east-kootenay,East Kootenay,elk-valley,Elk Valley,Fernie,FALSE,road,road,nearest,55.9
65093,Tobacco Plains 2,Indian Reserve,49.0498792,-115.1010276,96,5901,east-kootenay,East Kootenay,east-kootenay,East Kootenay,elk-valley,Elk Valley,Fernie,FALSE,road,road,nearest,50.6
13030,Corbin,Locality,49.5165520,-114.6510220,0,5901,east-kootenay,East Kootenay,east-kootenay,East Kootenay,elk-valley,Elk Valley,Fernie,FALSE,road,road,nearest,29.8
60100,Northern Rockies Regional Municipality,District Municipality,58.8038889,-122.7066667,4111,5959,northern-rockies,Northern Rockies,northern-rockies,Northern Rockies,fort-nelson,Fort Nelson,Fort Nelson,FALSE,road,road,nearest,0.6
60101,Fort Nelson,Community,58.8055556,-122.6972222,456,5959,northern-rockies,Northern Rockies,northern-rockies,Northern Rockies,fort-nelson,Fort Nelson,Fort Nelson,TRUE,road,road,hub,0.0
64802,Fort Nelson 2,Indian Reserve,58.7499238,-122.5849382,419,5959,northern-rockies,Northern Rockies,northern-rockies,Northern Rockies,fort-nelson,Fort Nelson,Fort Nelson,FALSE,road,road,nearest,9.0
12966,Fontas,Locality,58.2832578,-121.7348838,300,5959,northern-rockies,Northern Rockies,northern-rockies,Northern Rockies,fort-nelson,Fort Nelson,Fort Nelson,FALSE,road,road,nearest,80.6
8363,Muskwa,Locality,58.7610338,-122.6932763,300,5959,northern-rockies,Northern Rockies,northern-rockies,Northern Rockies,fort-nelson,Fort Nelson,Fort Nelson,FALSE,road,road,nearest,5.0
18633,Old Fort Nelson,Community,58.8238889,-122.5425000,300,5959,northern-rockies,Northern Rockies,northern-rockies,Northern Rockies,fort-nelson,Fort Nelson,Fort Nelson,FALSE,road,road,nearest,9.1
64855,Snake 5,Indian Reserve,59.0499320,-122.4516135,300,5959,northern-rockies,Northern Rockies,northern-rockies,Northern Rockies,fort-nelson,Fort Nelson,Fort Nelson,FALSE,road,road,nearest,30.6
21724,Snake River,Locality,59.0332649,-122.4516127,300,5959,northern-rockies,Northern Rockies,northern-rockies,Northern Rockies,fort-nelson,Fort Nelson,Fort Nelson,FALSE,road,road,nearest,29.0
6844,Steamboat,Locality,58.6832415,-123.7183126,300,5959,northern-rockies,Northern Rockies,northern-rockies,Northern Rockies,fort-nelson,Fort Nelson,Fort Nelson,FALSE,road,road,nearest,60.5
13497,Nelson Forks,Locality,59.4999220,-124.0183641,140,5959,northern-rockies,Northern Rockies,northern-rockies,Northern Rockies,fort-nelson,Fort Nelson,Fort Nelson,FALSE,road,road,nearest,107.9
35905,Prophet River,Locality,58.0832419,-122.7015793,107,5959,northern-rockies,Northern Rockies,northern-rockies,Northern Rockies,fort-nelson,Fort Nelson,Fort Nelson,FALSE,road,road,nearest,80.3
64921,Prophet River 4,Indian Reserve,58.0832419,-122.7015793,107,5959,northern-rockies,Northern Rockies,northern-rockies,Northern Rockies,fort-nelson,Fort Nelson,Fort Nelson,FALSE,road,road,nearest,80.3
64801,Fontas 1,Indian Reserve,58.2832582,-121.7015492,5,5959,northern-rockies,Northern Rockies,northern-rockies,Northern Rockies,fort-nelson,Fort Nelson,Fort Nelson,FALSE,road,road,nearest,81.9
2962,Kahntah,Community,58.3561690,-120.9083030,0,5959,northern-rockies,Northern Rockies,northern-rockies,Northern Rockies,fort-nelson,Fort Nelson,Fort Nelson,FALSE,road,road,nearest,115.1
64803,Kahntah 3,Indian Reserve,58.3499355,-120.9348551,0,5959,northern-rockies,Northern Rockies,northern-rockies,Northern Rockies,fort-nelson,Fort Nelson,Fort Nelson,FALSE,road,road,nearest,114.0
3599,Fort St. James,District Municipality,54.4444444,-124.2591667,1437,5951,bulkley-nechako,Bulkley-Nechako,bulkley-nechako,Bulkley-Nechako,fort-st-james,Fort St. James & Stuart Lake,Fort St. James,TRUE,road,road,hub,0.0
64847,Canyon Lake (Ormonde Lake) 7,Indian Reserve,54.1998201,-124.6848292,682,5951,bulkley-nechako,Bulkley-Nechako,bulkley-nechako,Bulkley-Nechako,fort-st-james,Fort St. James & Stuart Lake,Fort St. James,FALSE,road,road,nearest,38.8
64846,Ormonde Creek 8,Indian Reserve,54.1998201,-124.6848292,682,5951,bulkley-nechako,Bulkley-Nechako,bulkley-nechako,Bulkley-Nechako,fort-st-james,Fort St. James & Stuart Lake,Fort St. James,FALSE,road,road,nearest,38.8
66045,Nak'azdli,Indian Reserve,54.4313889,-124.2475000,528,5951,bulkley-nechako,Bulkley-Nechako,bulkley-nechako,Bulkley-Nechako,fort-st-james,Fort St. James & Stuart Lake,Fort St. James,FALSE,road,road,nearest,1.6
65836,Carrier Lake 15,Indian Reserve,54.5208333,-123.8894444,470,5951,bulkley-nechako,Bulkley-Nechako,bulkley-nechako,Bulkley-Nechako,fort-st-james,Fort St. James & Stuart Lake,Fort St. James,FALSE,road,road,nearest,25.3
64864,Nehounlee Lake 13,Indian Reserve,54.4513889,-124.0902778,470,5951,bulkley-nechako,Bulkley-Nechako,bulkley-nechako,Bulkley-Nechako,fort-st-james,Fort St. James & Stuart Lake,Fort St. James,FALSE,road,road,nearest,10.9
60061,North Road 19,Indian Reserve,54.4647222,-124.2019444,470,5951,bulkley-nechako,Bulkley-Nechako,bulkley-nechako,Bulkley-Nechako,fort-st-james,Fort St. James & Stuart Lake,Fort St. James,FALSE,road,road,nearest,4.3
65792,Tatsadah Lake 14,Indian Reserve,54.3141667,-123.9144444,470,5951,bulkley-nechako,Bulkley-Nechako,bulkley-nechako,Bulkley-Nechako,fort-st-james,Fort St. James & Stuart Lake,Fort St. James,FALSE,road,road,nearest,26.6
65808,Tatselawas (Stuart River) 2,Indian Reserve,54.3030556,-124.1927778,470,5951,bulkley-nechako,Bulkley-Nechako,bulkley-nechako,Bulkley-Nechako,fort-st-james,Fort St. James & Stuart Lake,Fort St. James,FALSE,road,road,nearest,16.3
65837,Uzta (Nahounli Creek) 4,Indian Reserve,54.4591667,-124.1422222,470,5951,bulkley-nechako,Bulkley-Nechako,bulkley-nechako,Bulkley-Nechako,fort-st-james,Fort St. James & Stuart Lake,Fort St. James,FALSE,road,road,nearest,7.7
65838,Uzta (Nahounli Creek) 7A,Indian Reserve,54.4602778,-124.1194444,470,5951,bulkley-nechako,Bulkley-Nechako,bulkley-nechako,Bulkley-Nechako,fort-st-james,Fort St. James & Stuart Lake,Fort St. James,FALSE,road,road,nearest,9.2
64869,Sowchea 3A,Indian Reserve,54.4234375,-124.4112169,423,5951,bulkley-nechako,Bulkley-Nechako,bulkley-nechako,Bulkley-Nechako,fort-st-james,Fort St. James & Stuart Lake,Fort St. James,FALSE,road,road,nearest,10.1
64936,Tache 1,Indian Reserve,54.6652778,-124.7541667,400,5951,bulkley-nechako,Bulkley-Nechako,bulkley-nechako,Bulkley-Nechako,fort-st-james,Fort St. James & Stuart Lake,Fort St. James,FALSE,road,road,nearest,40.3
16733,Tachie,Community,54.6528810,-124.7320697,400,5951,bulkley-nechako,Bulkley-Nechako,bulkley-nechako,Bulkley-Nechako,fort-st-james,Fort St. James & Stuart Lake,Fort St. James,FALSE,road,road,nearest,38.3
64839,Alphonse Tommy 7,Indian Reserve,55.3133333,-126.6397222,399,5951,bulkley-nechako,Bulkley-Nechako,bulkley-nechako,Bulkley-Nechako,fort-st-james,Fort St. James & Stuart Lake,Fort St. James,FALSE,road,remote,zone:omineca-takla,180.3
64830,Babine River 21,Indian Reserve,55.4127778,-126.6852778,399,5951,bulkley-nechako,Bulkley-Nechako,bulkley-nechako,Bulkley-Nechako,fort-st-james,Fort St. James & Stuart Lake,Fort St. James,FALSE,road,remote,zone:omineca-takla,188.7
64827,Babine River 21A,Indian Reserve,55.4136111,-126.6747222,399,5951,bulkley-nechako,Bulkley-Nechako,bulkley-nechako,Bulkley-Nechako,fort-st-james,Fort St. James & Stuart Lake,Fort St. James,FALSE,road,remote,zone:omineca-takla,188.2
64840,Casdeded 8,Indian Reserve,55.3025000,-126.6144444,399,5951,bulkley-nechako,Bulkley-Nechako,bulkley-nechako,Bulkley-Nechako,fort-st-james,Fort St. James & Stuart Lake,Fort St. James,FALSE,road,remote,zone:omineca-takla,178.3
64843,Clotalairquot 4,Indian Reserve,55.3572222,-126.6369444,399,5951,bulkley-nechako,Bulkley-Nechako,bulkley-nechako,Bulkley-Nechako,fort-st-james,Fort St. James & Stuart Lake,Fort St. James,FALSE,road,remote,zone:omineca-takla,182.8
64842,No-Cut 5,Indian Reserve,55.3413889,-126.6525000,399,5951,bulkley-nechako,Bulkley-Nechako,bulkley-nechako,Bulkley-Nechako,fort-st-james,Fort St. James & Stuart Lake,Fort St. James,FALSE,road,remote,zone:omineca-takla,182.7
65788,Tahlo Lake 24,Indian Reserve,55.3536111,-126.4811111,399,5951,bulkley-nechako,Bulkley-Nechako,bulkley-nechako,Bulkley-Nechako,fort-st-james,Fort St. James & Stuart Lake,Fort St. James,FALSE,road,remote,zone:omineca-takla,174.4
64837,Tsak 9,Indian Reserve,55.1466667,-126.5991667,399,5951,bulkley-nechako,Bulkley-Nechako,bulkley-nechako,Bulkley-Nechako,fort-st-james,Fort St. James & Stuart Lake,Fort St. James,FALSE,road,remote,zone:omineca-takla,169.1
18209,Dog Creek,Locality,54.2831597,-124.2681514,375,5951,bulkley-nechako,Bulkley-Nechako,bulkley-nechako,Bulkley-Nechako,fort-st-james,Fort St. James & Stuart Lake,Fort St. James,FALSE,road,road,nearest,17.9
38950,12 Mile,Locality,55.8165061,-124.9682340,373,5951,bulkley-nechako,Bulkley-Nechako,bulkley-nechako,Bulkley-Nechako,fort-st-james,Fort St. James & Stuart Lake,Fort St. James,FALSE,road,remote,zone:omineca-takla,159.1
64571,Bear Lake (Upper Driftwood River) 1A,Indian Reserve,55.9664866,-126.6516322,373,5951,bulkley-nechako,Bulkley-Nechako,bulkley-nechako,Bulkley-Nechako,fort-st-james,Fort St. James & Stuart Lake,Fort St. James,FALSE,road,remote,zone:omineca-takla,227.3
64866,Beaver Islands 8,Indian Reserve,54.4661111,-124.5011111,373,5951,bulkley-nechako,Bulkley-Nechako,bulkley-nechako,Bulkley-Nechako,fort-st-james,Fort St. James & Stuart Lake,Fort St. James,FALSE,road,road,nearest,15.8
60090,Bihl' K'a Chah 20,Indian Reserve,54.5738889,-125.0036111,373,5951,bulkley-nechako,Bulkley-Nechako,bulkley-nechako,Bulkley-Nechako,fort-st-james,Fort St. James & Stuart Lake,Fort St. James,FALSE,road,road,nearest,50.2
64931,Bihlk'a 6,Indian Reserve,54.5783333,-124.8986111,373,5951,bulkley-nechako,Bulkley-Nechako,bulkley-nechako,Bulkley-Nechako,fort-st-james,Fort St. James & Stuart Lake,Fort St. James,FALSE,road,road,nearest,43.9
64943,Binche 10,Indian Reserve,54.5877778,-124.2744444,373,5951,bulkley-nechako,Bulkley-Nechako,bulkley-nechako,Bulkley-Nechako,fort-st-james,Fort St. James & Stuart Lake,Fort St. James,FALSE,road,road,nearest,16.0
64945,Binche 12,Indian Reserve,54.6063889,-124.4397222,373,5951,bulkley-nechako,Bulkley-Nechako,bulkley-nechako,Bulkley-Nechako,fort-st-james,Fort St. James & Stuart Lake,Fort St. James,FALSE,road,road,nearest,21.4
64934,Binche Bun 7,Indian Reserve,54.6086111,-124.4341667,373,5951,bulkley-nechako,Bulkley-Nechako,bulkley-nechako,Bulkley-Nechako,fort-st-james,Fort St. James & Stuart Lake,Fort St. James,FALSE,road,road,nearest,21.5
38124,Bulkley House,Locality,55.6998213,-126.2349401,373,5951,bulkley-nechako,Bulkley-Nechako,bulkley-nechako,Bulkley-Nechako,fort-st-james,Fort St. James & Stuart Lake,Fort St. James,FALSE,road,remote,zone:omineca-takla,187.9
60078,Camsell Lake 30,Indian Reserve,54.5197222,-124.8575000,373,5951,bulkley-nechako,Bulkley-Nechako,bulkley-nechako,Bulkley-Nechako,fort-st-james,Fort St. James & Stuart Lake,Fort St. James,FALSE,road,road,nearest,39.5
64932,Carsoosat 17,Indian Reserve,54.6772222,-124.9430556,373,5951,bulkley-nechako,Bulkley-Nechako,bulkley-nechako,Bulkley-Nechako,fort-st-james,Fort St. James & Stuart Lake,Fort St. James,FALSE,road,road,nearest,51.1
64906,Cheztainya Lake 11,Indian Reserve,55.6164887,-126.0849315,373,5951,bulkley-nechako,Bulkley-Nechako,bulkley-nechako,Bulkley-Nechako,fort-st-james,Fort St. James & Stuart Lake,Fort St. James,FALSE,road,remote,zone:omineca-takla,174.7
60068,Chundoo Lh'tan La 45,Indian Reserve,54.5725000,-124.5627778,373,5951,bulkley-nechako,Bulkley-Nechako,bulkley-nechako,Bulkley-Nechako,fort-st-james,Fort St. James & Stuart Lake,Fort St. James,FALSE,road,road,nearest,24.2
64944,Chuz Ghun 8,Indian Reserve,54.6402778,-124.3861111,373,5951,bulkley-nechako,Bulkley-Nechako,bulkley-nechako,Bulkley-Nechako,fort-st-james,Fort St. James & Stuart Lake,Fort St. James,FALSE,road,road,nearest,23.3
60072,Chuz Teeslee 41,Indian Reserve,54.7736111,-124.6202778,373,5951,bulkley-nechako,Bulkley-Nechako,bulkley-nechako,Bulkley-Nechako,fort-st-james,Fort St. James & Stuart Lake,Fort St. James,FALSE,road,road,nearest,43.4
60074,Dlah Koh 31,Indian Reserve,55.0388889,-125.1052778,373,5951,bulkley-nechako,Bulkley-Nechako,bulkley-nechako,Bulkley-Nechako,fort-st-james,Fort St. James & Stuart Lake,Fort St. James,FALSE,road,road,nearest,85.5
64888,Driftwood River (Kastberg Creek) 1,Indian Reserve,55.9164869,-126.5682939,373,5951,bulkley-nechako,Bulkley-Nechako,bulkley-nechako,Bulkley-Nechako,fort-st-james,Fort St. James & Stuart Lake,Fort St. James,FALSE,road,remote,zone:omineca-takla,219.7
6059,Germansen Landing,Community,55.7831757,-124.7015566,373,5951,bulkley-nechako,Bulkley-Nechako,bulkley-nechako,Bulkley-Nechako,fort-st-james,Fort St. James & Stuart Lake,Fort St. James,FALSE,road,remote,zone:omineca-takla,151.5
11648,Grand Rapids,Community,54.7924868,-124.8794477,373,5951,bulkley-nechako,Bulkley-Nechako,bulkley-nechako,Bulkley-Nechako,fort-st-james,Fort St. James & Stuart Lake,Fort St. James,FALSE,road,road,nearest,55.6
64863,Inzana Lake 12,Indian Reserve,54.9762193,-124.6959695,373,5951,bulkley-nechako,Bulkley-Nechako,bulkley-nechako,Bulkley-Nechako,fort-st-james,Fort St. James & Stuart Lake,Fort St. James,FALSE,road,road,nearest,65.5
60081,Jus K'Ay Tl'Oh 32,Indian Reserve,54.6433333,-125.0275000,373,5951,bulkley-nechako,Bulkley-Nechako,bulkley-nechako,Bulkley-Nechako,fort-st-james,Fort St. James & Stuart Lake,Fort St. James,FALSE,road,road,nearest,54.3
60400,K'ay Noo 47,Indian Reserve,54.6705556,-124.9200000,373,5951,bulkley-nechako,Bulkley-Nechako,bulkley-nechako,Bulkley-Nechako,fort-st-james,Fort St. James & Stuart Lake,Fort St. James,FALSE,road,road,nearest,49.5
60060,Keom Cho 38,Indian Reserve,54.6108333,-124.8263889,373,5951,bulkley-nechako,Bulkley-Nechako,bulkley-nechako,Bulkley-Nechako,fort-st-james,Fort St. James & Stuart Lake,Fort St. James,FALSE,road,road,nearest,41.0
64883,Kotsine (Skutsil) 2,Indian Reserve,55.8164871,-126.4349518,373,5951,bulkley-nechako,Bulkley-Nechako,bulkley-nechako,Bulkley-Nechako,fort-st-james,Fort St. James & Stuart Lake,Fort St. James,FALSE,road,remote,zone:omineca-takla,205.9
64890,Kuz Che 5,Indian Reserve,54.7861111,-124.8783333,373,5951,bulkley-nechako,Bulkley-Nechako,bulkley-nechako,Bulkley-Nechako,fort-st-james,Fort St. James & Stuart Lake,Fort St. James,FALSE,road,road,nearest,55.1
60024,La Tse Cho Diz I 33,Indian Reserve,54.6375000,-125.0113889,373,5951,bulkley-nechako,Bulkley-Nechako,bulkley-nechako,Bulkley-Nechako,fort-st-james,Fort St. James & Stuart Lake,Fort St. James,FALSE,road,road,nearest,53.1
60073,Lhoh Cho 29,Indian Reserve,54.7744444,-124.2158333,373,5951,bulkley-nechako,Bulkley-Nechako,bulkley-nechako,Bulkley-Nechako,fort-st-james,Fort St. James & Stuart Lake,Fort St. James,FALSE,road,road,nearest,36.8
27186,Manson Creek,Locality,55.6665099,-124.4848776,373,5951,bulkley-nechako,Bulkley-Nechako,bulkley-nechako,Bulkley-Nechako,fort-st-james,Fort St. James & Stuart Lake,Fort St. James,FALSE,road,remote,zone:omineca-takla,136.6
60079,Metso A Choot 23,Indian Reserve,55.1794444,-125.4119444,373,5951,bulkley-nechako,Bulkley-Nechako,bulkley-nechako,Bulkley-Nechako,fort-st-james,Fort St. James & Stuart Lake,Fort St. James,FALSE,road,remote,zone:omineca-takla,110.2
60064,Natazutlooh 25,Indian Reserve,54.9850000,-125.2825000,373,5951,bulkley-nechako,Bulkley-Nechako,bulkley-nechako,Bulkley-Nechako,fort-st-james,Fort St. James & Stuart Lake,Fort St. James,FALSE,road,road,nearest,89.1
60069,Noo Kat 42,Indian Reserve,54.8216667,-125.1341667,373,5951,bulkley-nechako,Bulkley-Nechako,bulkley-nechako,Bulkley-Nechako,fort-st-james,Fort St. James & Stuart Lake,Fort St. James,FALSE,road,road,nearest,70.2
64892,North Tacla Lake (Bates Creek) 10,Indian Reserve,55.6998213,-126.2349401,373,5951,bulkley-nechako,Bulkley-Nechako,bulkley-nechako,Bulkley-Nechako,fort-st-james,Fort St. James & Stuart Lake,Fort St. James,FALSE,road,remote,zone:omineca-takla,187.9
64905,North Tacla Lake (North End Meadow) 11A,Indian Reserve,55.6998209,-126.2682746,373,5951,bulkley-nechako,Bulkley-Nechako,bulkley-nechako,Bulkley-Nechako,fort-st-james,Fort St. James & Stuart Lake,Fort St. James,FALSE,road,remote,zone:omineca-takla,189.3
64894,North Tacla Lake (West Landing) 8,Indian Reserve,55.4650983,-126.0224232,373,5951,bulkley-nechako,Bulkley-Nechako,bulkley-nechako,Bulkley-Nechako,fort-st-james,Fort St. James & Stuart Lake,Fort St. James,FALSE,road,remote,zone:omineca-takla,159.9
64904,North Tacla Lake 12,Indian Reserve,55.7998434,-124.6348882,373,5951,bulkley-nechako,Bulkley-Nechako,bulkley-nechako,Bulkley-Nechako,fort-st-james,Fort St. James & Stuart Lake,Fort St. James,FALSE,road,remote,zone:omineca-takla,152.6
64893,North Tacla Lake 7A,Indian Reserve,55.4998215,-125.9849233,373,5951,bulkley-nechako,Bulkley-Nechako,bulkley-nechako,Bulkley-Nechako,fort-st-james,Fort St. James & Stuart Lake,Fort St. James,FALSE,road,remote,zone:omineca-takla,160.9
18640,Old Hogem,Locality,55.7664992,-125.4515823,373,5951,bulkley-nechako,Bulkley-Nechako,bulkley-nechako,Bulkley-Nechako,fort-st-james,Fort St. James & Stuart Lake,Fort St. James,FALSE,road,remote,zone:omineca-takla,165.4
16804,Pinchi,Locality,54.5664938,-124.5015030,373,5951,bulkley-nechako,Bulkley-Nechako,bulkley-nechako,Bulkley-Nechako,fort-st-james,Fort St. James & Stuart Lake,Fort St. James,FALSE,road,road,nearest,20.7
40789,Pinchi Lake,Locality,54.6331624,-124.4181693,373,5951,bulkley-nechako,Bulkley-Nechako,bulkley-nechako,Bulkley-Nechako,fort-st-james,Fort St. James & Stuart Lake,Fort St. James,FALSE,road,road,nearest,23.4
60080,Shas Dzuhl Koh 35,Indian Reserve,54.4925000,-124.9794444,373,5951,bulkley-nechako,Bulkley-Nechako,bulkley-nechako,Bulkley-Nechako,fort-st-james,Fort St. James & Stuart Lake,Fort St. James,FALSE,road,road,nearest,46.9
60067,Sisul Tl'o K'ut 14,Indian Reserve,54.6508333,-124.6658333,373,5951,bulkley-nechako,Bulkley-Nechako,bulkley-nechako,Bulkley-Nechako,fort-st-james,Fort St. James & Stuart Lake,Fort St. James,FALSE,road,road,nearest,34.9
60066,Sisul Tl'o K'ut 21,Indian Reserve,54.6619444,-124.6666667,373,5951,bulkley-nechako,Bulkley-Nechako,bulkley-nechako,Bulkley-Nechako,fort-st-james,Fort St. James & Stuart Lake,Fort St. James,FALSE,road,road,nearest,35.7
65804,Six Mile Meadow 6,Indian Reserve,54.3372222,-124.2769444,373,5951,bulkley-nechako,Bulkley-Nechako,bulkley-nechako,Bulkley-Nechako,fort-st-james,Fort St. James & Stuart Lake,Fort St. James,FALSE,road,road,nearest,12.0
64868,Stuart Lake (Dunah Island) 10,Indian Reserve,54.5180556,-124.5827778,373,5951,bulkley-nechako,Bulkley-Nechako,bulkley-nechako,Bulkley-Nechako,fort-st-james,Fort St. James & Stuart Lake,Fort St. James,FALSE,road,road,nearest,22.5
65806,Stuart Lake (Hungry Island) 9,Indian Reserve,54.5030556,-124.5650000,373,5951,bulkley-nechako,Bulkley-Nechako,bulkley-nechako,Bulkley-Nechako,fort-st-james,Fort St. James & Stuart Lake,Fort St. James,FALSE,road,road,nearest,20.8
13966,Sunnyside,Community,54.6552737,-124.7090396,373,5951,bulkley-nechako,Bulkley-Nechako,bulkley-nechako,Bulkley-Nechako,fort-st-james,Fort St. James & Stuart Lake,Fort St. James,FALSE,road,road,nearest,37.3
60082,Tanizul 43,Indian Reserve,54.7452778,-124.9747222,373,5951,bulkley-nechako,Bulkley-Nechako,bulkley-nechako,Bulkley-Nechako,fort-st-james,Fort St. James & Stuart Lake,Fort St. James,FALSE,road,road,nearest,57.0
64941,Teeslee 15,Indian Reserve,54.8180556,-124.9513889,373,5951,bulkley-nechako,Bulkley-Nechako,bulkley-nechako,Bulkley-Nechako,fort-st-james,Fort St. James & Stuart Lake,Fort St. James,FALSE,road,road,nearest,60.9
64933,Tes Gha La 7A,Indian Reserve,54.6125000,-124.2005556,373,5951,bulkley-nechako,Bulkley-Nechako,bulkley-nechako,Bulkley-Nechako,fort-st-james,Fort St. James & Stuart Lake,Fort St. James,FALSE,road,road,nearest,19.1
60065,Tl'o Ba 22,Indian Reserve,54.8016667,-124.6825000,373,5951,bulkley-nechako,Bulkley-Nechako,bulkley-nechako,Bulkley-Nechako,fort-st-james,Fort St. James & Stuart Lake,Fort St. James,FALSE,road,road,nearest,48.2
64889,Tsay Cho 4,Indian Reserve,54.8133333,-124.9125000,373,5951,bulkley-nechako,Bulkley-Nechako,bulkley-nechako,Bulkley-Nechako,fort-st-james,Fort St. James & Stuart Lake,Fort St. James,FALSE,road,road,nearest,58.7
60062,Tsaz Chech 27,Indian Reserve,54.9919444,-124.9694444,373,5951,bulkley-nechako,Bulkley-Nechako,bulkley-nechako,Bulkley-Nechako,fort-st-james,Fort St. James & Stuart Lake,Fort St. James,FALSE,road,road,nearest,76.1
60063,Tsaz Chech 28,Indian Reserve,54.9716667,-124.9666667,373,5951,bulkley-nechako,Bulkley-Nechako,bulkley-nechako,Bulkley-Nechako,fort-st-james,Fort St. James & Stuart Lake,Fort St. James,FALSE,road,road,nearest,74.2
60076,Tsaz Cheh Koh 24,Indian Reserve,54.9719444,-125.0922222,373,5951,bulkley-nechako,Bulkley-Nechako,bulkley-nechako,Bulkley-Nechako,fort-st-james,Fort St. James & Stuart Lake,Fort St. James,FALSE,road,road,nearest,79.4
60022,Tse Bay Ha Tine A 34,Indian Reserve,54.5333333,-125.0916667,373,5951,bulkley-nechako,Bulkley-Nechako,bulkley-nechako,Bulkley-Nechako,fort-st-james,Fort St. James & Stuart Lake,Fort St. James,FALSE,road,road,nearest,54.7
60077,Tsun Tine Ah 37,Indian Reserve,54.7319444,-124.6963889,373,5951,bulkley-nechako,Bulkley-Nechako,bulkley-nechako,Bulkley-Nechako,fort-st-james,Fort St. James & Stuart Lake,Fort St. James,FALSE,road,road,nearest,42.6
20194,West Landing,Locality,55.4664875,-126.0015892,373,5951,bulkley-nechako,Bulkley-Nechako,bulkley-nechako,Bulkley-Nechako,fort-st-james,Fort St. James & Stuart Lake,Fort St. James,FALSE,road,remote,zone:omineca-takla,159.0
60071,Wha T'a Noo 40,Indian Reserve,54.7586111,-124.6030556,373,5951,bulkley-nechako,Bulkley-Nechako,bulkley-nechako,Bulkley-Nechako,fort-st-james,Fort St. James & Stuart Lake,Fort St. James,FALSE,road,road,nearest,41.4
64896,North Tacla Lake 7,Indian Reserve,55.4831548,-125.9682554,243,5951,bulkley-nechako,Bulkley-Nechako,bulkley-nechako,Bulkley-Nechako,fort-st-james,Fort St. James & Stuart Lake,Fort St. James,FALSE,road,remote,zone:omineca-takla,158.9
38423,Takla Landing,Locality,55.4831548,-125.9682554,243,5951,bulkley-nechako,Bulkley-Nechako,bulkley-nechako,Bulkley-Nechako,fort-st-james,Fort St. James & Stuart Lake,Fort St. James,FALSE,road,remote,zone:omineca-takla,158.9
64935,Binche 2,Indian Reserve,54.5702778,-124.5030556,118,5951,bulkley-nechako,Bulkley-Nechako,bulkley-nechako,Bulkley-Nechako,fort-st-james,Fort St. James & Stuart Lake,Fort St. James,FALSE,road,road,nearest,21.1
64938,Ye Koo Che 3,Indian Reserve,54.6013889,-125.0661111,90,5951,bulkley-nechako,Bulkley-Nechako,bulkley-nechako,Bulkley-Nechako,fort-st-james,Fort St. James & Stuart Lake,Fort St. James,FALSE,road,road,nearest,54.9
53209,Yekooche,Locality,54.5998204,-125.0765239,90,5951,bulkley-nechako,Bulkley-Nechako,bulkley-nechako,Bulkley-Nechako,fort-st-james,Fort St. James & Stuart Lake,Fort St. James,FALSE,road,road,nearest,55.5
64841,Babine 6,Indian Reserve,55.3244444,-126.6163889,75,5951,bulkley-nechako,Bulkley-Nechako,bulkley-nechako,Bulkley-Nechako,fort-st-james,Fort St. James & Stuart Lake,Fort St. James,FALSE,road,remote,zone:omineca-takla,179.7
37895,Fort Babine,Community,55.3180556,-126.6250000,75,5951,bulkley-nechako,Bulkley-Nechako,bulkley-nechako,Bulkley-Nechako,fort-st-james,Fort St. James & Stuart Lake,Fort St. James,FALSE,road,remote,zone:omineca-takla,179.8
2719,Bear Lake,Community,56.1928288,-126.8633194,25,5957,stikine-region,Stikine Region,bulkley-nechako,Bulkley-Nechako,fort-st-james,Fort St. James & Stuart Lake,Fort St. James,FALSE,road,remote,zone:takla-sustut,254.8
64897,Bear Lake (Fort Connelly) 4,Indian Reserve,56.1998210,-126.8516491,25,5957,stikine-region,Stikine Region,bulkley-nechako,Bulkley-Nechako,fort-st-james,Fort St. James & Stuart Lake,Fort St. James,FALSE,road,remote,zone:takla-sustut,254.9
64885,Bear Lake (Tsaytut Bay) 1B,Indian Reserve,56.0998203,-126.7849758,25,5957,stikine-region,Stikine Region,bulkley-nechako,Bulkley-Nechako,fort-st-james,Fort St. James & Stuart Lake,Fort St. James,FALSE,road,remote,zone:takla-sustut,243.9
64884,Bear River (Sustut River) 3,Indian Reserve,56.2789874,-126.9655453,25,5957,stikine-region,Stikine Region,bulkley-nechako,Bulkley-Nechako,fort-st-james,Fort St. James & Stuart Lake,Fort St. James,FALSE,road,remote,zone:takla-sustut,266.2
64895,Klewaduska (Cataract) 6,Indian Reserve,56.2164873,-126.9016515,25,5957,stikine-region,Stikine Region,bulkley-nechako,Bulkley-Nechako,fort-st-james,Fort St. James & Stuart Lake,Fort St. James,FALSE,road,remote,zone:takla-sustut,258.3
64886,Tsaytut Island 1C,Indian Reserve,56.0998201,-126.8016430,25,5957,stikine-region,Stikine Region,bulkley-nechako,Bulkley-Nechako,fort-st-james,Fort St. James & Stuart Lake,Fort St. James,FALSE,road,remote,zone:takla-sustut,244.5
64898,Tsupmeet (Patcha Creek) 5,Indian Reserve,56.1775981,-126.8752600,25,5957,stikine-region,Stikine Region,bulkley-nechako,Bulkley-Nechako,fort-st-james,Fort St. James & Stuart Lake,Fort St. James,FALSE,road,remote,zone:takla-sustut,254.0
65807,Williams Prairie Meadow 1A,Indian Reserve,54.4722222,-124.1944444,20,5951,bulkley-nechako,Bulkley-Nechako,bulkley-nechako,Bulkley-Nechako,fort-st-james,Fort St. James & Stuart Lake,Fort St. James,FALSE,road,road,nearest,5.2
64939,Dzitline Lee 9,Indian Reserve,54.8769444,-125.1350000,15,5951,bulkley-nechako,Bulkley-Nechako,bulkley-nechako,Bulkley-Nechako,fort-st-james,Fort St. James & Stuart Lake,Fort St. James,FALSE,road,road,nearest,74.1
23567,Middle River,Community,54.8693087,-125.1236018,15,5951,bulkley-nechako,Bulkley-Nechako,bulkley-nechako,Bulkley-Nechako,fort-st-james,Fort St. James & Stuart Lake,Fort St. James,FALSE,road,road,nearest,73.0
64891,Tacla Lake (Ferry Landing) 9,Indian Reserve,55.3164851,-126.0182505,15,5951,bulkley-nechako,Bulkley-Nechako,bulkley-nechako,Bulkley-Nechako,fort-st-james,Fort St. James & Stuart Lake,Fort St. James,FALSE,road,remote,zone:omineca-takla,148.5
64870,Sowchea 3,Indian Reserve,54.4206599,-124.3959385,5,5951,bulkley-nechako,Bulkley-Nechako,bulkley-nechako,Bulkley-Nechako,fort-st-james,Fort St. James & Stuart Lake,Fort St. James,FALSE,road,road,nearest,9.2
64832,Babine 16,Indian Reserve,55.3158333,-126.6175000,0,5951,bulkley-nechako,Bulkley-Nechako,bulkley-nechako,Bulkley-Nechako,fort-st-james,Fort St. James & Stuart Lake,Fort St. James,FALSE,road,remote,zone:omineca-takla,179.3
62101,Mission Lands 17,Indian Reserve,54.4555556,-124.2708333,0,5951,bulkley-nechako,Bulkley-Nechako,bulkley-nechako,Bulkley-Nechako,fort-st-james,Fort St. James & Stuart Lake,Fort St. James,FALSE,road,road,nearest,1.4
3602,Fort St. John,City,56.2525000,-120.8466667,22665,5955,peace-river,Peace River,peace-river,Peace River,fort-st-john,Fort St. John & the North Peace,Fort St. John,TRUE,road,road,hub,0.0
18508,Taylor,District Municipality,56.1591667,-120.6866667,1380,5955,peace-river,Peace River,peace-river,Peace River,fort-st-john,Fort St. John & the North Peace,Fort St. John,FALSE,road,road,nearest,14.3
38345,Charlie Lake,Community,56.2822207,-120.9674031,855,5955,peace-river,Peace River,peace-river,Peace River,fort-st-john,Fort St. John & the North Peace,Fort St. John,FALSE,road,road,nearest,8.2
1449,Altona,Community,56.8923647,-120.8888124,763,5955,peace-river,Peace River,peace-river,Peace River,fort-st-john,Fort St. John & the North Peace,Fort St. John,FALSE,road,road,nearest,71.2
19254,Prespatou,Community,56.9499794,-121.0605290,763,5955,peace-river,Peace River,peace-river,Peace River,fort-st-john,Fort St. John & the North Peace,Fort St. John,FALSE,road,road,nearest,78.7
20717,South Taylor,Community,56.1021379,-120.6378886,654,5955,peace-river,Peace River,peace-river,Peace River,fort-st-john,Fort St. John & the North Peace,Fort St. John,FALSE,road,road,nearest,21.1
37438,Tower Lake,Locality,56.0165627,-120.5680818,654,5955,peace-river,Peace River,peace-river,Peace River,fort-st-john,Fort St. John & the North Peace,Fort St. John,FALSE,road,road,nearest,31.4
23605,Mile 62 1/2,Locality,56.3832296,-121.0847815,650,5955,peace-river,Peace River,peace-river,Peace River,fort-st-john,Fort St. John & the North Peace,Fort St. John,FALSE,road,road,nearest,20.7
35918,Murdale,Locality,56.5332331,-121.0014507,650,5955,peace-river,Peace River,peace-river,Peace River,fort-st-john,Fort St. John & the North Peace,Fort St. John,FALSE,road,road,nearest,32.6
9842,Attachie,Locality,56.2165561,-121.4181210,648,5955,peace-river,Peace River,peace-river,Peace River,fort-st-john,Fort St. John & the North Peace,Fort St. John,FALSE,road,road,nearest,35.5
7109,Montney,Locality,56.4498993,-120.9181111,538,5955,peace-river,Peace River,peace-river,Peace River,fort-st-john,Fort St. John & the North Peace,Fort St. John,FALSE,road,road,nearest,22.4
16833,Pineview,Locality,56.3332324,-120.7681010,514,5955,peace-river,Peace River,peace-river,Peace River,fort-st-john,Fort St. John & the North Peace,Fort St. John,FALSE,road,road,nearest,10.2
63401,Beaton River 204 (North Half),Indian Reserve,56.7346278,-120.8097845,502,5955,peace-river,Peace River,peace-river,Peace River,fort-st-john,Fort St. John & the North Peace,Fort St. John,FALSE,road,road,nearest,53.7
63383,Beaton River 204 (South Half),Indian Reserve,56.7235165,-120.8097841,502,5955,peace-river,Peace River,peace-river,Peace River,fort-st-john,Fort St. John & the North Peace,Fort St. John,FALSE,road,road,nearest,52.4
17118,North Pine,Locality,56.4332347,-120.7181029,502,5955,peace-river,Peace River,peace-river,Peace River,fort-st-john,Fort St. John & the North Peace,Fort St. John,FALSE,road,road,nearest,21.6
41123,Osborn,Community,56.6026012,-120.3813178,502,5955,peace-river,Peace River,peace-river,Peace River,fort-st-john,Fort St. John & the North Peace,Fort St. John,FALSE,road,road,nearest,48.3
6922,Peejay,Locality,56.8832439,-120.6181163,502,5955,peace-river,Peace River,peace-river,Peace River,fort-st-john,Fort St. John & the North Peace,Fort St. John,FALSE,road,road,nearest,71.5
21828,Rose Prairie,Locality,56.4999017,-120.7847746,502,5955,peace-river,Peace River,peace-river,Peace River,fort-st-john,Fort St. John & the North Peace,Fort St. John,FALSE,road,road,nearest,27.8
11641,Grand Haven,Community,56.2390562,-120.8998999,500,5955,peace-river,Peace River,peace-river,Peace River,fort-st-john,Fort St. John & the North Peace,Fort St. John,FALSE,road,road,nearest,3.6
12572,Bear Flat,Locality,56.2832261,-121.2347833,477,5955,peace-river,Peace River,peace-river,Peace River,fort-st-john,Fort St. John & the North Peace,Fort St. John,FALSE,road,road,nearest,24.2
40303,Kobes,Locality,56.6387829,-121.6514793,477,5955,peace-river,Peace River,peace-river,Peace River,fort-st-john,Fort St. John & the North Peace,Fort St. John,FALSE,road,road,nearest,65.5
38551,Buick,Community,56.7585596,-121.2777473,472,5955,peace-river,Peace River,peace-river,Peace River,fort-st-john,Fort St. John & the North Peace,Fort St. John,FALSE,road,road,nearest,62.2
2530,Clairmont,Community,56.2537016,-120.9003362,454,5955,peace-river,Peace River,peace-river,Peace River,fort-st-john,Fort St. John & the North Peace,Fort St. John,FALSE,road,road,nearest,3.3
12872,Flatrock,Community,56.2755251,-120.2941838,451,5955,peace-river,Peace River,peace-river,Peace River,fort-st-john,Fort St. John & the North Peace,Fort St. John,FALSE,road,road,nearest,34.2
10315,Goodlow,Community,56.3336888,-120.1357242,451,5955,peace-river,Peace River,peace-river,Peace River,fort-st-john,Fort St. John & the North Peace,Fort St. John,FALSE,road,road,nearest,44.8
38344,Cecil Lake,Community,56.3047011,-120.5638538,421,5955,peace-river,Peace River,peace-river,Peace River,fort-st-john,Fort St. John & the North Peace,Fort St. John,FALSE,road,road,nearest,18.4
11039,Baldonnel,Community,56.2165315,-120.6892449,411,5955,peace-river,Peace River,peace-river,Peace River,fort-st-john,Fort St. John & the North Peace,Fort St. John,FALSE,road,road,nearest,10.5
18631,Old Fort,Community,56.2029110,-120.8260510,411,5955,peace-river,Peace River,peace-river,Peace River,fort-st-john,Fort St. John & the North Peace,Fort St. John,FALSE,road,road,nearest,5.7
25168,Two Rivers,Community,56.1747756,-120.5312675,335,5955,peace-river,Peace River,peace-river,Peace River,fort-st-john,Fort St. John & the North Peace,Fort St. John,FALSE,road,road,nearest,21.3
64844,Halfway River 168,Indian Reserve,56.4498885,-121.8348121,247,5955,peace-river,Peace River,peace-river,Peace River,fort-st-john,Fort St. John & the North Peace,Fort St. John,FALSE,road,road,nearest,64.7
64812,Blueberry River 205,Indian Reserve,56.7165686,-121.1014616,145,5955,peace-river,Peace River,peace-river,Peace River,fort-st-john,Fort St. John & the North Peace,Fort St. John,FALSE,road,road,nearest,53.9
40972,Doig River,Community,56.5721286,-120.4930996,85,5955,peace-river,Peace River,peace-river,Peace River,fort-st-john,Fort St. John & the North Peace,Fort St. John,FALSE,road,road,nearest,41.7
64811,Doig River 206,Indian Reserve,56.5665729,-120.5014331,85,5955,peace-river,Peace River,peace-river,Peace River,fort-st-john,Fort St. John & the North Peace,Fort St. John,FALSE,road,road,nearest,40.9
9765,Gold River,Village,49.7813889,-126.0469444,1286,5924,strathcona,Strathcona,strathcona,Strathcona,gold-river,"Gold River, Tahsis & Zeballos",Gold River,TRUE,pass,road,hub,0.0
65608,Etsekin 1,Indian Reserve,50.5583333,-126.1866667,447,5924,strathcona,Strathcona,strathcona,Strathcona,gold-river,"Gold River, Tahsis & Zeballos",Gold River,FALSE,pass,road,nearest,87.0
25777,Matilpi,Locality,50.5497689,-126.1847572,447,5924,strathcona,Strathcona,strathcona,Strathcona,gold-river,"Gold River, Tahsis & Zeballos",Gold River,FALSE,pass,road,nearest,86.0
27219,Port Neville,Locality,50.4931000,-126.0864200,447,5924,strathcona,Strathcona,strathcona,Strathcona,gold-river,"Gold River, Tahsis & Zeballos",Gold River,FALSE,pass,road,nearest,79.2
30878,Tahsis,Village,49.9163889,-126.6644444,401,5924,strathcona,Strathcona,strathcona,Strathcona,gold-river,"Gold River, Tahsis & Zeballos",Gold River,FALSE,pass,road,nearest,46.7
60005,Tsa Xana 18,Indian Reserve,49.8133333,-126.0736111,205,5924,strathcona,Strathcona,strathcona,Strathcona,gold-river,"Gold River, Tahsis & Zeballos",Gold River,FALSE,pass,road,nearest,4.0
63350,Houpsitas,First Nation Village,50.0305556,-127.3786111,157,5924,strathcona,Strathcona,strathcona,Strathcona,gold-river,"Gold River, Tahsis & Zeballos",Gold River,FALSE,pass,road,nearest,99.3
25342,Zeballos,Village,49.9825000,-126.8461111,130,5924,strathcona,Strathcona,strathcona,Strathcona,gold-river,"Gold River, Tahsis & Zeballos",Gold River,FALSE,pass,road,nearest,61.5
65343,Ehatis 11,Indian Reserve,49.9827600,-126.8608700,91,5924,strathcona,Strathcona,strathcona,Strathcona,gold-river,"Gold River, Tahsis & Zeballos",Gold River,FALSE,pass,road,nearest,62.5
65506,Aass 3,Indian Reserve,49.6164238,-126.8180821,33,5924,strathcona,Strathcona,strathcona,Strathcona,gold-river,"Gold River, Tahsis & Zeballos",Gold River,FALSE,pass,road,nearest,58.4
63204,Ahmacinnit 3,Indian Reserve,50.0175000,-127.3919444,33,5924,strathcona,Strathcona,strathcona,Strathcona,gold-river,"Gold River, Tahsis & Zeballos",Gold River,FALSE,pass,road,nearest,99.8
65434,Ahpukto 3,Indian Reserve,49.8164229,-126.9514252,33,5924,strathcona,Strathcona,strathcona,Strathcona,gold-river,"Gold River, Tahsis & Zeballos",Gold River,FALSE,pass,road,nearest,65.0
22672,Atluck,Community,50.1993034,-126.9967034,33,5924,strathcona,Strathcona,strathcona,Strathcona,gold-river,"Gold River, Tahsis & Zeballos",Gold River,FALSE,pass,road,nearest,82.3
38869,Ceepeecee,Locality,49.8736111,-126.7138889,33,5924,strathcona,Strathcona,strathcona,Strathcona,gold-river,"Gold River, Tahsis & Zeballos",Gold River,FALSE,pass,road,nearest,48.9
25413,Chamiss Bay,Locality,50.0691974,-127.2889428,33,5924,strathcona,Strathcona,strathcona,Strathcona,gold-river,"Gold River, Tahsis & Zeballos",Gold River,FALSE,pass,road,nearest,94.5
65420,Cheesish 15,Indian Reserve,49.6664282,-126.4680731,33,5924,strathcona,Strathcona,strathcona,Strathcona,gold-river,"Gold River, Tahsis & Zeballos",Gold River,FALSE,pass,road,nearest,32.9
65432,Chiseuquis 9,Indian Reserve,49.8330886,-127.0347616,33,5924,strathcona,Strathcona,strathcona,Strathcona,gold-river,"Gold River, Tahsis & Zeballos",Gold River,FALSE,pass,road,nearest,71.1
65516,Coopte 9,Indian Reserve,49.6997603,-126.5847442,33,5924,strathcona,Strathcona,strathcona,Strathcona,gold-river,"Gold River, Tahsis & Zeballos",Gold River,FALSE,pass,road,nearest,39.7
2872,Esperanza,Locality,49.8725000,-126.7433333,33,5924,strathcona,Strathcona,strathcona,Strathcona,gold-river,"Gold River, Tahsis & Zeballos",Gold River,FALSE,pass,road,nearest,51.0
26110,Fair Harbour,Locality,50.0608333,-127.1113889,33,5924,strathcona,Strathcona,strathcona,Strathcona,gold-river,"Gold River, Tahsis & Zeballos",Gold River,FALSE,pass,road,nearest,82.3
63284,Grassy Island 17,Indian Reserve,49.9238889,-127.2552778,33,5924,strathcona,Strathcona,strathcona,Strathcona,gold-river,"Gold River, Tahsis & Zeballos",Gold River,FALSE,pass,road,nearest,88.1
65368,Hecate 17,Indian Reserve,49.9164253,-126.7847565,33,5924,strathcona,Strathcona,strathcona,Strathcona,gold-river,"Gold River, Tahsis & Zeballos",Gold River,FALSE,pass,road,nearest,55.0
65341,Hesquis 10A,Indian Reserve,49.8830908,-126.8680914,33,5924,strathcona,Strathcona,strathcona,Strathcona,gold-river,"Gold River, Tahsis & Zeballos",Gold River,FALSE,pass,road,nearest,60.0
65510,Hisnit 7,Indian Reserve,49.7497613,-126.5180770,33,5924,strathcona,Strathcona,strathcona,Strathcona,gold-river,"Gold River, Tahsis & Zeballos",Gold River,FALSE,pass,road,nearest,34.0
65421,Hleepte 14,Indian Reserve,49.6664294,-126.3680701,33,5924,strathcona,Strathcona,strathcona,Strathcona,gold-river,"Gold River, Tahsis & Zeballos",Gold River,FALSE,pass,road,nearest,26.4
65515,Hoiss 8,Indian Reserve,49.6997605,-126.5680770,33,5924,strathcona,Strathcona,strathcona,Strathcona,gold-river,"Gold River, Tahsis & Zeballos",Gold River,FALSE,pass,road,nearest,38.5
65340,Hoke Point 10B,Indian Reserve,49.8830908,-126.8680914,33,5924,strathcona,Strathcona,strathcona,Strathcona,gold-river,"Gold River, Tahsis & Zeballos",Gold River,FALSE,pass,road,nearest,60.0
63203,Hub-Toul 2A,Indian Reserve,50.1052778,-127.5883333,33,5924,strathcona,Strathcona,strathcona,Strathcona,gold-river,"Gold River, Tahsis & Zeballos",Gold River,FALSE,pass,road,nearest,116.0
54090,Kendrick Camp,Locality,49.7414263,-126.6514141,33,5924,strathcona,Strathcona,strathcona,Strathcona,gold-river,"Gold River, Tahsis & Zeballos",Gold River,FALSE,pass,road,nearest,43.6
65371,Klitsis 16,Indian Reserve,49.9292900,-126.9039700,33,5924,strathcona,Strathcona,strathcona,Strathcona,gold-river,"Gold River, Tahsis & Zeballos",Gold River,FALSE,pass,road,nearest,63.6
27428,Kyuquot,Community,50.0268200,-127.3779100,33,5924,strathcona,Strathcona,strathcona,Strathcona,gold-river,"Gold River, Tahsis & Zeballos",Gold River,FALSE,pass,road,nearest,99.1
63282,Machta 16,Indian Reserve,50.0019444,-127.1527778,33,5924,strathcona,Strathcona,strathcona,Strathcona,gold-river,"Gold River, Tahsis & Zeballos",Gold River,FALSE,pass,road,nearest,82.9
65418,Matchlee 13,Indian Reserve,49.6164331,-126.0513925,33,5924,strathcona,Strathcona,strathcona,Strathcona,gold-river,"Gold River, Tahsis & Zeballos",Gold River,FALSE,pass,road,nearest,18.3
63202,Mission Island 2,Indian Reserve,50.0072222,-127.3805556,33,5924,strathcona,Strathcona,strathcona,Strathcona,gold-river,"Gold River, Tahsis & Zeballos",Gold River,FALSE,pass,road,nearest,98.8
65415,Mooyah 16,Indian Reserve,49.6330950,-126.4514050,33,5924,strathcona,Strathcona,strathcona,Strathcona,gold-river,"Gold River, Tahsis & Zeballos",Gold River,FALSE,pass,road,nearest,33.4
65512,Moutcha 5,Indian Reserve,49.7830957,-126.4347421,33,5924,strathcona,Strathcona,strathcona,Strathcona,gold-river,"Gold River, Tahsis & Zeballos",Gold River,FALSE,pass,road,nearest,27.8
65511,Nesuk 4,Indian Reserve,49.7497629,-126.3847397,33,5924,strathcona,Strathcona,strathcona,Strathcona,gold-river,"Gold River, Tahsis & Zeballos",Gold River,FALSE,pass,road,nearest,24.5
65425,Nuchatl 1,Indian Reserve,49.8164227,-126.9680924,33,5924,strathcona,Strathcona,strathcona,Strathcona,gold-river,"Gold River, Tahsis & Zeballos",Gold River,FALSE,pass,road,nearest,66.2
65431,Occosh 8,Indian Reserve,49.9497555,-127.0514322,33,5924,strathcona,Strathcona,strathcona,Strathcona,gold-river,"Gold River, Tahsis & Zeballos",Gold River,FALSE,pass,road,nearest,74.4
65346,Oke 10,Indian Reserve,49.8830910,-126.8514242,33,5924,strathcona,Strathcona,strathcona,Strathcona,gold-river,"Gold River, Tahsis & Zeballos",Gold River,FALSE,pass,road,nearest,58.8
65435,Opemit 4,Indian Reserve,49.8164227,-126.9680924,33,5924,strathcona,Strathcona,strathcona,Strathcona,gold-river,"Gold River, Tahsis & Zeballos",Gold River,FALSE,pass,road,nearest,66.2
65414,Ous 17,Indian Reserve,49.6330960,-126.3680691,33,5924,strathcona,Strathcona,strathcona,Strathcona,gold-river,"Gold River, Tahsis & Zeballos",Gold River,FALSE,pass,road,nearest,28.4
65437,Owossitsa 6,Indian Reserve,49.8330900,-126.9180914,33,5924,strathcona,Strathcona,strathcona,Strathcona,gold-river,"Gold River, Tahsis & Zeballos",Gold River,FALSE,pass,road,nearest,62.8
65442,Savey 15,Indian Reserve,49.9692300,-126.9470000,33,5924,strathcona,Strathcona,strathcona,Strathcona,gold-river,"Gold River, Tahsis & Zeballos",Gold River,FALSE,pass,road,nearest,67.8
65436,Shoomart 5,Indian Reserve,49.7997588,-126.7347516,33,5924,strathcona,Strathcona,strathcona,Strathcona,gold-river,"Gold River, Tahsis & Zeballos",Gold River,FALSE,pass,road,nearest,49.4
65433,Sophe 14,Indian Reserve,49.7997576,-126.8347546,33,5924,strathcona,Strathcona,strathcona,Strathcona,gold-river,"Gold River, Tahsis & Zeballos",Gold River,FALSE,pass,road,nearest,56.6
65509,Sucwoa 6,Indian Reserve,49.7997618,-126.4847441,33,5924,strathcona,Strathcona,strathcona,Strathcona,gold-river,"Gold River, Tahsis & Zeballos",Gold River,FALSE,pass,road,nearest,31.5
65514,Tahsis 11,Indian Reserve,49.9164269,-126.6514192,33,5924,strathcona,Strathcona,strathcona,Strathcona,gold-river,"Gold River, Tahsis & Zeballos",Gold River,FALSE,pass,road,nearest,45.9
65789,Tatchu 13,Indian Reserve,49.8497541,-127.1347650,33,5924,strathcona,Strathcona,strathcona,Strathcona,gold-river,"Gold River, Tahsis & Zeballos",Gold River,FALSE,pass,road,nearest,78.4
65790,Tatchu 13A,Indian Reserve,49.8497538,-127.1514322,33,5924,strathcona,Strathcona,strathcona,Strathcona,gold-river,"Gold River, Tahsis & Zeballos",Gold River,FALSE,pass,road,nearest,79.6
65505,Tsarksis 2,Indian Reserve,49.6164244,-126.7680806,33,5924,strathcona,Strathcona,strathcona,Strathcona,gold-river,"Gold River, Tahsis & Zeballos",Gold River,FALSE,pass,road,nearest,55.0
65513,Tsowwin 10,Indian Reserve,49.7830933,-126.6347481,33,5924,strathcona,Strathcona,strathcona,Strathcona,gold-river,"Gold River, Tahsis & Zeballos",Gold River,FALSE,pass,road,nearest,42.2
65430,Oclucje 7,Indian Reserve,49.9894900,-126.9415800,29,5924,strathcona,Strathcona,strathcona,Strathcona,gold-river,"Gold River, Tahsis & Zeballos",Gold River,FALSE,pass,road,nearest,68.1
65419,Ahaminaquus 12,Indian Reserve,49.6830992,-126.1180631,0,5924,strathcona,Strathcona,strathcona,Strathcona,gold-river,"Gold River, Tahsis & Zeballos",Gold River,FALSE,pass,road,nearest,12.1
63302,Ak:tiis,First Nation Village,50.0119444,-127.3969444,0,5924,strathcona,Strathcona,strathcona,Strathcona,gold-river,"Gold River, Tahsis & Zeballos",Gold River,FALSE,pass,road,nearest,100.0
65342,Chenahkint 12,Indian Reserve,49.8830896,-126.9680944,0,5924,strathcona,Strathcona,strathcona,Strathcona,gold-river,"Gold River, Tahsis & Zeballos",Gold River,FALSE,pass,road,nearest,67.0
65424,Nuchatl 2,Indian Reserve,49.7997559,-126.9680919,0,5924,strathcona,Strathcona,strathcona,Strathcona,gold-river,"Gold River, Tahsis & Zeballos",Gold River,FALSE,pass,road,nearest,66.2
17836,Nuchatlitz,Community,49.7997559,-126.9680919,0,5924,strathcona,Strathcona,strathcona,Strathcona,gold-river,"Gold River, Tahsis & Zeballos",Gold River,FALSE,pass,road,nearest,66.2
25332,Yuquot,Community,49.5928764,-126.6207442,0,5924,strathcona,Strathcona,strathcona,Strathcona,gold-river,"Gold River, Tahsis & Zeballos",Gold River,FALSE,pass,road,nearest,46.3
65508,Yuquot 1,Indian Reserve,49.5830928,-126.6180752,0,5924,strathcona,Strathcona,strathcona,Strathcona,gold-river,"Gold River, Tahsis & Zeballos",Gold River,FALSE,pass,road,nearest,46.6
28894,Golden,Town,51.2977778,-116.9647222,4187,5939,columbia-shuswap,Columbia Shuswap,columbia-shuswap,Columbia Shuswap,golden,Golden & Kicking Horse,Golden,TRUE,pass,road,hub,0.0
5727,Blaeberry,Community,51.4336334,-117.0682164,840,5939,columbia-shuswap,Columbia Shuswap,columbia-shuswap,Columbia Shuswap,golden,Golden & Kicking Horse,Golden,FALSE,pass,road,nearest,16.7
25220,Donald,Community,51.4956110,-117.1730044,840,5939,columbia-shuswap,Columbia Shuswap,columbia-shuswap,Columbia Shuswap,golden,Golden & Kicking Horse,Golden,FALSE,pass,road,nearest,26.3
37900,East Gate,Locality,51.4147222,-117.4736111,840,5939,columbia-shuswap,Columbia Shuswap,columbia-shuswap,Columbia Shuswap,golden,Golden & Kicking Horse,Golden,FALSE,pass,road,nearest,37.7
11971,Field,Community,51.3958333,-116.4883333,840,5939,columbia-shuswap,Columbia Shuswap,columbia-shuswap,Columbia Shuswap,golden,Golden & Kicking Horse,Golden,FALSE,pass,road,nearest,34.8
12982,Forde,Locality,51.4498754,-117.1011509,840,5939,columbia-shuswap,Columbia Shuswap,columbia-shuswap,Columbia Shuswap,golden,Golden & Kicking Horse,Golden,FALSE,pass,road,nearest,19.4
40822,Rogers Pass,Locality,51.2998701,-117.5178283,840,5939,columbia-shuswap,Columbia Shuswap,columbia-shuswap,Columbia Shuswap,golden,Golden & Kicking Horse,Golden,FALSE,pass,road,nearest,38.5
1709,Edelweiss,Locality,51.3158333,-116.9725000,668,5939,columbia-shuswap,Columbia Shuswap,columbia-shuswap,Columbia Shuswap,golden,Golden & Kicking Horse,Golden,FALSE,pass,road,nearest,2.1
39885,Castledale,Community,51.0225219,-116.5277290,436,5939,columbia-shuswap,Columbia Shuswap,columbia-shuswap,Columbia Shuswap,golden,Golden & Kicking Horse,Golden,FALSE,pass,road,nearest,43.2
7708,Harrogate,Community,50.9851296,-116.4594784,436,5939,columbia-shuswap,Columbia Shuswap,columbia-shuswap,Columbia Shuswap,golden,Golden & Kicking Horse,Golden,FALSE,pass,road,nearest,49.5
14274,Nicholson,Community,51.2449474,-116.9094785,436,5939,columbia-shuswap,Columbia Shuswap,columbia-shuswap,Columbia Shuswap,golden,Golden & Kicking Horse,Golden,FALSE,pass,road,nearest,7.0
16048,Parson,Locality,51.0665435,-116.6344586,436,5939,columbia-shuswap,Columbia Shuswap,columbia-shuswap,Columbia Shuswap,golden,Golden & Kicking Horse,Golden,FALSE,pass,road,nearest,34.5
65264,Fulford Harbour 5,Indian Reserve,48.7497946,-123.4179557,3255,5917,capital,Capital,capital,Capital,gulf-islands-south,Southern Gulf Islands,Ganges,FALSE,ferry,road,zone:gulf-islands,13.1
35859,North Galiano,Community,48.9984094,-123.5860923,1412,5917,capital,Capital,capital,Capital,gulf-islands-south,Southern Gulf Islands,Ganges,FALSE,ferry,road,zone:gulf-islands,17.2
8757,Sturdies Bay,Community,48.8785954,-123.3171977,1412,5917,capital,Capital,capital,Capital,gulf-islands-south,Southern Gulf Islands,Ganges,FALSE,ferry,road,zone:gulf-islands,13.7
1387,Lighthouse Point,Community,48.8715527,-123.2872381,1304,5917,capital,Capital,capital,Capital,gulf-islands-south,Southern Gulf Islands,Ganges,FALSE,ferry,road,zone:gulf-islands,15.7
66341,Mayne Island,Community,48.8511111,-123.2997222,1304,5917,capital,Capital,capital,Capital,gulf-islands-south,Southern Gulf Islands,Ganges,FALSE,ferry,road,zone:gulf-islands,14.7
2821,Beaver Point,Community,48.7685937,-123.3990023,959,5917,capital,Capital,capital,Capital,gulf-islands-south,Southern Gulf Islands,Ganges,FALSE,ferry,road,zone:gulf-islands,12.1
4501,Fulford Harbour,Community,48.7695600,-123.4481600,959,5917,capital,Capital,capital,Capital,gulf-islands-south,Southern Gulf Islands,Ganges,FALSE,ferry,road,zone:gulf-islands,10.2
14968,Thetis Island,Community,48.9839175,-123.6770944,838,5919,cowichan-valley,Cowichan Valley,capital,Capital,gulf-islands-south,Southern Gulf Islands,Ganges,FALSE,ferry,road,zone:gulf-islands,19.3
65322,Pender Island 8,Indian Reserve,48.7450300,-123.2285000,771,5917,capital,Capital,capital,Capital,gulf-islands-south,Southern Gulf Islands,Ganges,FALSE,ferry,road,zone:gulf-islands,23.3
17151,Saturna,Locality,48.7973698,-123.1993428,771,5917,capital,Capital,capital,Capital,gulf-islands-south,Southern Gulf Islands,Ganges,FALSE,ferry,road,zone:gulf-islands,22.9
65320,Saturna Island 7,Indian Reserve,48.7831317,-123.0846130,771,5917,capital,Capital,capital,Capital,gulf-islands-south,Southern Gulf Islands,Ganges,FALSE,ferry,road,zone:gulf-islands,31.5
40055,Pender Island,Community,48.7816612,-123.2803575,637,5917,capital,Capital,capital,Capital,gulf-islands-south,Southern Gulf Islands,Ganges,FALSE,ferry,road,zone:gulf-islands,18.0
16168,Port Washington,Community,48.8130556,-123.3200000,637,5917,capital,Capital,capital,Capital,gulf-islands-south,Southern Gulf Islands,Ganges,FALSE,ferry,road,zone:gulf-islands,14.0
5285,Ganges,Community,48.8545141,-123.5004735,536,5917,capital,Capital,capital,Capital,gulf-islands-south,Southern Gulf Islands,Ganges,TRUE,ferry,road,hub,0.0
39930,Fernwood,Community,48.9149379,-123.5334179,511,5917,capital,Capital,capital,Capital,gulf-islands-south,Southern Gulf Islands,Ganges,FALSE,ferry,road,zone:gulf-islands,7.1
65278,Galiano Island 9,Indian Reserve,49.0164600,-123.5846344,0,5917,capital,Capital,capital,Capital,gulf-islands-south,Southern Gulf Islands,Ganges,FALSE,ferry,road,zone:gulf-islands,19.0
65263,Mayne Island 6,Indian Reserve,48.8527778,-123.3291667,0,5917,capital,Capital,capital,Capital,gulf-islands-south,Southern Gulf Islands,Ganges,FALSE,ferry,road,zone:gulf-islands,12.5
57780,"Queen Charlotte, Village of",Village,53.2547222,-132.1025000,984,5947,north-coast,North Coast,north-coast,North Coast,haida-gwaii,Haida Gwaii,Masset,FALSE,ferry,road,zone:haida-gwaii-road,84.2
35755,Masset,Village,54.0111111,-132.1466667,869,5947,north-coast,North Coast,north-coast,North Coast,haida-gwaii,Haida Gwaii,Masset,TRUE,ferry,road,hub,0.0
53254,Skidegate,Community,53.2663790,-131.9919711,697,5947,north-coast,North Coast,north-coast,North Coast,haida-gwaii,Haida Gwaii,Masset,FALSE,ferry,road,zone:haida-gwaii-road,83.4
64779,Skidegate 1,Indian Reserve,53.2663789,-132.0016937,697,5947,north-coast,North Coast,north-coast,North Coast,haida-gwaii,Haida Gwaii,Masset,FALSE,ferry,road,zone:haida-gwaii-road,83.4
64695,Ain 6,Indian Reserve,53.7330442,-132.4183915,580,5947,north-coast,North Coast,north-coast,North Coast,haida-gwaii,Haida Gwaii,Masset,FALSE,ferry,road,zone:haida-gwaii-road,35.7
64769,Black Slate 11,Indian Reserve,53.2330414,-132.2683669,580,5947,north-coast,North Coast,north-coast,North Coast,haida-gwaii,Haida Gwaii,Masset,FALSE,ferry,road,zone:haida-gwaii-road,86.9
64678,Cohoe Point 20,Indian Reserve,54.2321300,-132.9738600,580,5947,north-coast,North Coast,north-coast,North Coast,haida-gwaii,Haida Gwaii,Masset,FALSE,ferry,remote,zone:gwaii-haanas,59.2
56737,Dadens,Locality,54.1872076,-132.9850940,580,5947,north-coast,North Coast,north-coast,North Coast,haida-gwaii,Haida Gwaii,Masset,FALSE,ferry,remote,zone:gwaii-haanas,58.1
64701,Daningay 12,Indian Reserve,54.0830458,-132.5684105,580,5947,north-coast,North Coast,north-coast,North Coast,haida-gwaii,Haida Gwaii,Masset,FALSE,ferry,road,zone:haida-gwaii-road,28.7
63581,Egeria Bay 19,Indian Reserve,54.2183333,-132.9894444,580,5947,north-coast,North Coast,north-coast,North Coast,haida-gwaii,Haida Gwaii,Masset,FALSE,ferry,remote,zone:gwaii-haanas,59.6
64679,Guoyskun 22,Indian Reserve,54.2186400,-133.0344800,580,5947,north-coast,North Coast,north-coast,North Coast,haida-gwaii,Haida Gwaii,Masset,FALSE,ferry,remote,zone:gwaii-haanas,62.3
29087,Haina,Locality,53.2122112,-132.0358592,580,5947,north-coast,North Coast,north-coast,North Coast,haida-gwaii,Haida Gwaii,Masset,FALSE,ferry,road,zone:haida-gwaii-road,89.1
64691,Hiellen 2,Indian Reserve,54.0663903,-131.7850528,580,5947,north-coast,North Coast,north-coast,North Coast,haida-gwaii,Haida Gwaii,Masset,FALSE,ferry,road,zone:haida-gwaii-road,24.4
29324,Hippa,Locality,53.5302567,-132.9531213,580,5947,north-coast,North Coast,north-coast,North Coast,haida-gwaii,Haida Gwaii,Masset,FALSE,ferry,remote,zone:gwaii-haanas,75.3
64672,Jalun 14,Indian Reserve,54.1330430,-132.8017529,580,5947,north-coast,North Coast,north-coast,North Coast,haida-gwaii,Haida Gwaii,Masset,FALSE,ferry,remote,zone:gwaii-haanas,44.8
64778,Khrana 4,Indian Reserve,53.2163779,-132.0350260,580,5947,north-coast,North Coast,north-coast,North Coast,haida-gwaii,Haida Gwaii,Masset,FALSE,ferry,road,zone:haida-gwaii-road,88.7
64675,Kioosta 15,Indian Reserve,54.1784200,-133.0257300,580,5947,north-coast,North Coast,north-coast,North Coast,haida-gwaii,Haida Gwaii,Masset,FALSE,ferry,remote,zone:gwaii-haanas,60.3
35446,Kiusta,Locality,54.1663736,-133.0184274,580,5947,north-coast,North Coast,north-coast,North Coast,haida-gwaii,Haida Gwaii,Masset,FALSE,ferry,remote,zone:gwaii-haanas,59.4
64698,Kose 9,Indian Reserve,53.8997086,-132.7017401,580,5947,north-coast,North Coast,north-coast,North Coast,haida-gwaii,Haida Gwaii,Masset,FALSE,ferry,remote,zone:gwaii-haanas,38.4
35834,Kung,Locality,54.0497121,-132.5684091,580,5947,north-coast,North Coast,north-coast,North Coast,haida-gwaii,Haida Gwaii,Masset,FALSE,ferry,road,zone:haida-gwaii-road,27.9
64700,Kung 11,Indian Reserve,54.0497121,-132.5684091,580,5947,north-coast,North Coast,north-coast,North Coast,haida-gwaii,Haida Gwaii,Masset,FALSE,ferry,road,zone:haida-gwaii-road,27.9
64767,Lagins 5,Indian Reserve,53.2163736,-132.3350349,580,5947,north-coast,North Coast,north-coast,North Coast,haida-gwaii,Haida Gwaii,Masset,FALSE,ferry,road,zone:haida-gwaii-road,89.2
64693,Lanas 4,Indian Reserve,53.6497129,-132.2183821,580,5947,north-coast,North Coast,north-coast,North Coast,haida-gwaii,Haida Gwaii,Masset,FALSE,ferry,road,zone:haida-gwaii-road,40.5
28799,Lawnhill,Locality,53.3997147,-131.9183631,580,5947,north-coast,North Coast,north-coast,North Coast,haida-gwaii,Haida Gwaii,Masset,FALSE,ferry,road,zone:haida-gwaii-road,69.6
64684,Mammin River 25,Indian Reserve,53.6233224,-132.3142172,580,5947,north-coast,North Coast,north-coast,North Coast,haida-gwaii,Haida Gwaii,Masset,FALSE,ferry,road,zone:haida-gwaii-road,44.5
64697,Meagwan 8,Indian Reserve,54.1163834,-132.3017372,580,5947,north-coast,North Coast,north-coast,North Coast,haida-gwaii,Haida Gwaii,Masset,FALSE,ferry,road,zone:haida-gwaii-road,15.5
64699,Naden 10,Indian Reserve,53.9497094,-132.6850751,580,5947,north-coast,North Coast,north-coast,North Coast,haida-gwaii,Haida Gwaii,Masset,FALSE,ferry,remote,zone:gwaii-haanas,35.9
64682,Naden 23,Indian Reserve,53.9663760,-132.7017429,580,5947,north-coast,North Coast,north-coast,North Coast,haida-gwaii,Haida Gwaii,Masset,FALSE,ferry,remote,zone:gwaii-haanas,36.6
64681,Owun 24,Indian Reserve,53.6497086,-132.5183911,580,5947,north-coast,North Coast,north-coast,North Coast,haida-gwaii,Haida Gwaii,Masset,FALSE,ferry,road,zone:haida-gwaii-road,47.0
64676,Saouchten 18,Indian Reserve,54.0163840,-132.1850628,580,5947,north-coast,North Coast,north-coast,North Coast,haida-gwaii,Haida Gwaii,Masset,FALSE,ferry,road,zone:haida-gwaii-road,2.6
64694,Satunquin 5,Indian Reserve,53.6663797,-132.2183828,580,5947,north-coast,North Coast,north-coast,North Coast,haida-gwaii,Haida Gwaii,Masset,FALSE,ferry,road,zone:haida-gwaii-road,38.6
30637,Sewall,Locality,53.7652778,-132.3000000,580,5947,north-coast,North Coast,north-coast,North Coast,haida-gwaii,Haida Gwaii,Masset,FALSE,ferry,road,zone:haida-gwaii-road,29.1
30788,Shannon Bay,Locality,53.6497088,-132.5017239,580,5947,north-coast,North Coast,north-coast,North Coast,haida-gwaii,Haida Gwaii,Masset,FALSE,ferry,road,zone:haida-gwaii-road,46.5
64780,Skaigha 2,Indian Reserve,53.3663808,-131.9350290,580,5947,north-coast,North Coast,north-coast,North Coast,haida-gwaii,Haida Gwaii,Masset,FALSE,ferry,road,zone:haida-gwaii-road,73.0
64677,Susk 17,Indian Reserve,53.9330360,-133.1350877,580,5947,north-coast,North Coast,north-coast,North Coast,haida-gwaii,Haida Gwaii,Masset,FALSE,ferry,remote,zone:gwaii-haanas,65.2
64674,Tatense 16,Indian Reserve,54.1830409,-132.9850938,580,5947,north-coast,North Coast,north-coast,North Coast,haida-gwaii,Haida Gwaii,Masset,FALSE,ferry,remote,zone:gwaii-haanas,57.9
64683,Tiahn 27,Indian Reserve,53.7830351,-133.0850800,580,5947,north-coast,North Coast,north-coast,North Coast,haida-gwaii,Haida Gwaii,Masset,FALSE,ferry,remote,zone:gwaii-haanas,66.5
31382,Tlell,Community,53.5615800,-131.9300000,580,5947,north-coast,North Coast,north-coast,North Coast,haida-gwaii,Haida Gwaii,Masset,FALSE,ferry,road,zone:haida-gwaii-road,52.0
64692,Yagan 3,Indian Reserve,54.0663898,-131.8183871,580,5947,north-coast,North Coast,north-coast,North Coast,haida-gwaii,Haida Gwaii,Masset,FALSE,ferry,road,zone:haida-gwaii-road,22.3
35626,Yaku,Locality,54.1830404,-133.0184281,580,5947,north-coast,North Coast,north-coast,North Coast,haida-gwaii,Haida Gwaii,Masset,FALSE,ferry,remote,zone:gwaii-haanas,60.0
64696,Yan 7,Indian Reserve,54.0663838,-132.2350664,580,5947,north-coast,North Coast,north-coast,North Coast,haida-gwaii,Haida Gwaii,Masset,FALSE,ferry,road,zone:haida-gwaii-road,8.4
64680,Yasitkun 21,Indian Reserve,54.2497071,-133.0684325,580,5947,north-coast,North Coast,north-coast,North Coast,haida-gwaii,Haida Gwaii,Masset,FALSE,ferry,remote,zone:gwaii-haanas,65.7
64673,Yatze 13,Indian Reserve,54.1497120,-132.6517491,580,5947,north-coast,North Coast,north-coast,North Coast,haida-gwaii,Haida Gwaii,Masset,FALSE,ferry,remote,zone:gwaii-haanas,36.4
40863,Skidegate Landing,Locality,53.2469341,-132.0100265,562,5947,north-coast,North Coast,north-coast,North Coast,haida-gwaii,Haida Gwaii,Masset,FALSE,ferry,road,zone:haida-gwaii-road,85.4
64690,Masset 1,Indian Reserve,54.0330511,-132.1683964,475,5947,north-coast,North Coast,north-coast,North Coast,haida-gwaii,Haida Gwaii,Masset,FALSE,ferry,road,zone:haida-gwaii-road,2.8
41181,Old Massett,Community,54.0402965,-132.1882097,475,5947,north-coast,North Coast,north-coast,North Coast,haida-gwaii,Haida Gwaii,Masset,FALSE,ferry,road,zone:haida-gwaii-road,4.2
37729,Delkatla,Community,54.0097301,-132.1356574,381,5947,north-coast,North Coast,north-coast,North Coast,haida-gwaii,Haida Gwaii,Masset,FALSE,ferry,road,zone:haida-gwaii-road,0.7
38419,Port Clements,Village,53.6855556,-132.1836111,351,5947,north-coast,North Coast,north-coast,North Coast,haida-gwaii,Haida Gwaii,Masset,FALSE,ferry,road,zone:haida-gwaii-road,36.3
29718,Cumshewa,Locality,53.0330478,-131.6850085,325,5947,north-coast,North Coast,north-coast,North Coast,haida-gwaii,Haida Gwaii,Masset,FALSE,ferry,remote,zone:gwaii-haanas,113.0
64765,Cumshewas 7,Indian Reserve,53.0330480,-131.6683413,325,5947,north-coast,North Coast,north-coast,North Coast,haida-gwaii,Haida Gwaii,Masset,FALSE,ferry,remote,zone:gwaii-haanas,113.3
64777,Deena 3,Indian Reserve,53.1497094,-132.1183592,325,5947,north-coast,North Coast,north-coast,North Coast,haida-gwaii,Haida Gwaii,Masset,FALSE,ferry,road,zone:haida-gwaii-road,95.8
27936,Kaisun,Locality,53.0330369,-132.4516977,325,5947,north-coast,North Coast,north-coast,North Coast,haida-gwaii,Haida Gwaii,Masset,FALSE,ferry,remote,zone:gwaii-haanas,110.6
64768,Kaste 6,Indian Reserve,53.1663807,-131.8016838,325,5947,north-coast,North Coast,north-coast,North Coast,haida-gwaii,Haida Gwaii,Masset,FALSE,ferry,road,zone:haida-gwaii-road,96.7
29592,Lockeport,Locality,52.7163762,-131.8350007,325,5947,north-coast,North Coast,north-coast,North Coast,haida-gwaii,Haida Gwaii,Masset,FALSE,ferry,remote,zone:gwaii-haanas,145.4
30190,New Clew,Locality,53.0247131,-131.7766775,325,5947,north-coast,North Coast,north-coast,North Coast,haida-gwaii,Haida Gwaii,Masset,FALSE,ferry,remote,zone:gwaii-haanas,112.4
64772,New Clew 10,Indian Reserve,53.0330464,-131.7850114,325,5947,north-coast,North Coast,north-coast,North Coast,haida-gwaii,Haida Gwaii,Masset,FALSE,ferry,remote,zone:gwaii-haanas,111.4
30207,Ninstints,Locality,52.0988889,-131.2175000,325,5947,north-coast,North Coast,north-coast,North Coast,haida-gwaii,Haida Gwaii,Masset,FALSE,ferry,remote,zone:gwaii-haanas,221.5
30777,Rose Harbour,Locality,52.1497155,-131.0766240,325,5947,north-coast,North Coast,north-coast,North Coast,haida-gwaii,Haida Gwaii,Masset,FALSE,ferry,remote,zone:gwaii-haanas,219.0
30348,Sandspit,Community,53.2432461,-131.8221795,325,5947,north-coast,North Coast,north-coast,North Coast,haida-gwaii,Haida Gwaii,Masset,FALSE,ferry,ferry,zone:sandspit,88.0
30640,Sewell Inlet,Community,52.8755556,-131.9897222,325,5947,north-coast,North Coast,north-coast,North Coast,haida-gwaii,Haida Gwaii,Masset,FALSE,ferry,remote,zone:gwaii-haanas,126.7
64766,Skedance 8,Indian Reserve,52.9663815,-131.6183372,325,5947,north-coast,North Coast,north-coast,North Coast,haida-gwaii,Haida Gwaii,Masset,FALSE,ferry,remote,zone:gwaii-haanas,121.3
31122,Skedans,Locality,52.9644444,-131.6080556,325,5947,north-coast,North Coast,north-coast,North Coast,haida-gwaii,Haida Gwaii,Masset,FALSE,ferry,remote,zone:gwaii-haanas,121.7
64771,Tanoo 9,Indian Reserve,52.7663797,-131.6183296,325,5947,north-coast,North Coast,north-coast,North Coast,haida-gwaii,Haida Gwaii,Masset,FALSE,ferry,remote,zone:gwaii-haanas,142.8
30887,Tanu,Locality,52.7655556,-131.6163889,325,5947,north-coast,North Coast,north-coast,North Coast,haida-gwaii,Haida Gwaii,Masset,FALSE,ferry,remote,zone:gwaii-haanas,142.9
31251,Thurston Harbour,Locality,52.8330451,-131.7516694,325,5947,north-coast,North Coast,north-coast,North Coast,haida-gwaii,Haida Gwaii,Masset,FALSE,ferry,remote,zone:gwaii-haanas,133.6
60432,Tlaa Gaa Aawtlaas 28,Indian Reserve,53.9944444,-132.1347222,70,5947,north-coast,North Coast,north-coast,North Coast,haida-gwaii,Haida Gwaii,Masset,FALSE,ferry,road,zone:haida-gwaii-road,2.0
27927,Juskatla,Community,53.6132787,-132.3127651,0,5947,north-coast,North Coast,north-coast,North Coast,haida-gwaii,Haida Gwaii,Masset,FALSE,ferry,road,zone:haida-gwaii-road,45.6
14235,New Hazelton,District Municipality,55.2433333,-127.5869444,625,5949,kitimat-stikine,Kitimat-Stikine,kitimat-stikine,Kitimat-Stikine,hazeltons,The Hazeltons,New Hazelton,TRUE,road,road,hub,0.0
4594,Kispiox,Community,55.3500215,-127.6970278,578,5949,kitimat-stikine,Kitimat-Stikine,kitimat-stikine,Kitimat-Stikine,hazeltons,The Hazeltons,New Hazelton,FALSE,road,road,nearest,13.8
63561,Kispiox 1,Indian Reserve,55.3511111,-127.6936111,578,5949,kitimat-stikine,Kitimat-Stikine,kitimat-stikine,Kitimat-Stikine,hazeltons,The Hazeltons,New Hazelton,FALSE,road,road,nearest,13.8
6289,'Ksan,Locality,55.2494444,-127.6797222,560,5949,kitimat-stikine,Kitimat-Stikine,kitimat-stikine,Kitimat-Stikine,hazeltons,The Hazeltons,New Hazelton,FALSE,road,road,nearest,5.9
62321,Gitanmaax 1,Indian Reserve,55.2694444,-127.6805556,560,5949,kitimat-stikine,Kitimat-Stikine,kitimat-stikine,Kitimat-Stikine,hazeltons,The Hazeltons,New Hazelton,FALSE,road,road,nearest,6.6
65826,Gitwangak 1,Indian Reserve,55.0997882,-128.0683108,450,5949,kitimat-stikine,Kitimat-Stikine,kitimat-stikine,Kitimat-Stikine,hazeltons,The Hazeltons,New Hazelton,FALSE,road,road,nearest,34.5
38019,Kitwanga,Community,55.1038329,-128.0710921,450,5949,kitimat-stikine,Kitimat-Stikine,kitimat-stikine,Kitimat-Stikine,hazeltons,The Hazeltons,New Hazelton,FALSE,road,road,nearest,34.4
65820,Gitsegukla 1,Indian Reserve,55.0916667,-127.8291667,444,5949,kitimat-stikine,Kitimat-Stikine,kitimat-stikine,Kitimat-Stikine,hazeltons,The Hazeltons,New Hazelton,FALSE,road,road,nearest,22.8
4615,Kitseguecla,Community,55.0880655,-127.8277418,444,5949,kitimat-stikine,Kitimat-Stikine,kitimat-stikine,Kitimat-Stikine,hazeltons,The Hazeltons,New Hazelton,FALSE,road,road,nearest,23.1
21473,Skeena Crossing,Locality,55.0984027,-127.8127467,444,5949,kitimat-stikine,Kitimat-Stikine,kitimat-stikine,Kitimat-Stikine,hazeltons,The Hazeltons,New Hazelton,FALSE,road,road,nearest,21.6
65156,Andimaul 1,Indian Reserve,55.0997900,-127.9349730,425,5949,kitimat-stikine,Kitimat-Stikine,kitimat-stikine,Kitimat-Stikine,hazeltons,The Hazeltons,New Hazelton,FALSE,road,road,nearest,27.3
65144,Babine 18,Indian Reserve,55.0331298,-127.3849520,425,5949,kitimat-stikine,Kitimat-Stikine,kitimat-stikine,Kitimat-Stikine,hazeltons,The Hazeltons,New Hazelton,FALSE,road,road,nearest,26.7
65796,Gitanyow 2,Indian Reserve,55.1664562,-128.0349791,425,5949,kitimat-stikine,Kitimat-Stikine,kitimat-stikine,Kitimat-Stikine,hazeltons,The Hazeltons,New Hazelton,FALSE,road,road,nearest,29.7
65821,Gitanyow 3A,Indian Reserve,55.3164575,-128.1016542,425,5949,kitimat-stikine,Kitimat-Stikine,kitimat-stikine,Kitimat-Stikine,hazeltons,The Hazeltons,New Hazelton,FALSE,road,road,nearest,33.6
65823,Gitsegukla Logging 3,Indian Reserve,55.0777778,-127.8333333,425,5949,kitimat-stikine,Kitimat-Stikine,kitimat-stikine,Kitimat-Stikine,hazeltons,The Hazeltons,New Hazelton,FALSE,road,road,nearest,24.2
65827,Gitwangak 2,Indian Reserve,55.0831220,-128.0183084,425,5949,kitimat-stikine,Kitimat-Stikine,kitimat-stikine,Kitimat-Stikine,hazeltons,The Hazeltons,New Hazelton,FALSE,road,road,nearest,32.7
65168,Kits-ka-haws 6,Indian Reserve,55.0831195,-128.2016478,425,5949,kitimat-stikine,Kitimat-Stikine,kitimat-stikine,Kitimat-Stikine,hazeltons,The Hazeltons,New Hazelton,FALSE,road,road,nearest,42.9
65167,Koonwats 7,Indian Reserve,55.0164506,-128.3016484,425,5949,kitimat-stikine,Kitimat-Stikine,kitimat-stikine,Kitimat-Stikine,hazeltons,The Hazeltons,New Hazelton,FALSE,road,road,nearest,52.0
37439,Red Rose,Locality,55.1316667,-127.6188889,425,5949,kitimat-stikine,Kitimat-Stikine,kitimat-stikine,Kitimat-Stikine,hazeltons,The Hazeltons,New Hazelton,FALSE,road,road,nearest,12.6
66001,Squin-Lix-Stat 3,Indian Reserve,55.0486111,-128.2719444,425,5949,kitimat-stikine,Kitimat-Stikine,kitimat-stikine,Kitimat-Stikine,hazeltons,The Hazeltons,New Hazelton,FALSE,road,road,nearest,48.6
65165,Tum-bah 5,Indian Reserve,55.0664549,-128.0349750,425,5949,kitimat-stikine,Kitimat-Stikine,kitimat-stikine,Kitimat-Stikine,hazeltons,The Hazeltons,New Hazelton,FALSE,road,road,nearest,34.6
35615,Woodcock,Locality,55.0664522,-128.2349816,425,5949,kitimat-stikine,Kitimat-Stikine,kitimat-stikine,Kitimat-Stikine,hazeltons,The Hazeltons,New Hazelton,FALSE,road,road,nearest,45.6
41063,Gitanyow,Locality,55.2664572,-128.0683176,408,5949,kitimat-stikine,Kitimat-Stikine,kitimat-stikine,Kitimat-Stikine,hazeltons,The Hazeltons,New Hazelton,FALSE,road,road,nearest,30.6
65795,Gitanyow 1,Indian Reserve,55.2664572,-128.0683176,408,5949,kitimat-stikine,Kitimat-Stikine,kitimat-stikine,Kitimat-Stikine,hazeltons,The Hazeltons,New Hazelton,FALSE,road,road,nearest,30.6
65181,Kisgegas,Indian Reserve,55.7164703,-127.5849869,399,5951,bulkley-nechako,Bulkley-Nechako,kitimat-stikine,Kitimat-Stikine,hazeltons,The Hazeltons,New Hazelton,FALSE,road,remote,zone:upper-skeena,52.6
6297,Kuldo,Community,55.8405401,-127.9209409,399,5951,bulkley-nechako,Bulkley-Nechako,kitimat-stikine,Kitimat-Stikine,hazeltons,The Hazeltons,New Hazelton,FALSE,road,remote,zone:upper-skeena,69.7
65154,Kuldoe 1,Indian Reserve,55.8664683,-127.9016707,399,5951,bulkley-nechako,Bulkley-Nechako,kitimat-stikine,Kitimat-Stikine,hazeltons,The Hazeltons,New Hazelton,FALSE,road,remote,zone:upper-skeena,72.1
65180,Bulkley 1,Indian Reserve,55.2164654,-127.4016267,362,5949,kitimat-stikine,Kitimat-Stikine,kitimat-stikine,Kitimat-Stikine,hazeltons,The Hazeltons,New Hazelton,FALSE,road,road,nearest,12.1
65176,Gun-a-chal 5,Indian Reserve,55.3831316,-127.6183074,362,5949,kitimat-stikine,Kitimat-Stikine,kitimat-stikine,Kitimat-Stikine,hazeltons,The Hazeltons,New Hazelton,FALSE,road,road,nearest,15.7
65170,Ksoo-gun-ya 2A,Indian Reserve,55.2831302,-127.6183033,362,5949,kitimat-stikine,Kitimat-Stikine,kitimat-stikine,Kitimat-Stikine,hazeltons,The Hazeltons,New Hazelton,FALSE,road,road,nearest,4.9
65182,Tsitsk 3,Indian Reserve,55.2664635,-127.6016354,362,5949,kitimat-stikine,Kitimat-Stikine,kitimat-stikine,Kitimat-Stikine,hazeltons,The Hazeltons,New Hazelton,FALSE,road,road,nearest,2.7
25157,Two Mile,Community,55.2675800,-127.6186900,362,5949,kitimat-stikine,Kitimat-Stikine,kitimat-stikine,Kitimat-Stikine,hazeltons,The Hazeltons,New Hazelton,FALSE,road,road,nearest,3.4
65177,Agwedin 3,Indian Reserve,55.3831307,-127.6849763,344,5949,kitimat-stikine,Kitimat-Stikine,kitimat-stikine,Kitimat-Stikine,hazeltons,The Hazeltons,New Hazelton,FALSE,road,road,nearest,16.7
65160,Andak 9,Indian Reserve,55.4497992,-127.6183102,344,5949,kitimat-stikine,Kitimat-Stikine,kitimat-stikine,Kitimat-Stikine,hazeltons,The Hazeltons,New Hazelton,FALSE,road,road,nearest,23.0
11227,Carnaby,Locality,55.1805556,-127.7597222,344,5949,kitimat-stikine,Kitimat-Stikine,kitimat-stikine,Kitimat-Stikine,hazeltons,The Hazeltons,New Hazelton,FALSE,road,road,nearest,13.0
65153,Gul-mak 8,Indian Reserve,55.4497992,-127.6183102,344,5949,kitimat-stikine,Kitimat-Stikine,kitimat-stikine,Kitimat-Stikine,hazeltons,The Hazeltons,New Hazelton,FALSE,road,road,nearest,23.0
65158,Kis-an-usko 7,Indian Reserve,55.4331325,-127.6016423,344,5949,kitimat-stikine,Kitimat-Stikine,kitimat-stikine,Kitimat-Stikine,hazeltons,The Hazeltons,New Hazelton,FALSE,road,road,nearest,21.1
65809,New Gitsegukla 2,Indian Reserve,55.1664596,-127.7849708,344,5949,kitimat-stikine,Kitimat-Stikine,kitimat-stikine,Kitimat-Stikine,hazeltons,The Hazeltons,New Hazelton,FALSE,road,road,nearest,15.2
65157,Quan-skum-ksin-mich-mich 4,Indian Reserve,55.3831312,-127.6516419,344,5949,kitimat-stikine,Kitimat-Stikine,kitimat-stikine,Kitimat-Stikine,hazeltons,The Hazeltons,New Hazelton,FALSE,road,road,nearest,16.1
65159,Sidina 6,Indian Reserve,55.4497992,-127.6183102,344,5949,kitimat-stikine,Kitimat-Stikine,kitimat-stikine,Kitimat-Stikine,hazeltons,The Hazeltons,New Hazelton,FALSE,road,road,nearest,23.0
65155,Waulp 10,Indian Reserve,55.4831328,-127.6349788,344,5949,kitimat-stikine,Kitimat-Stikine,kitimat-stikine,Kitimat-Stikine,hazeltons,The Hazeltons,New Hazelton,FALSE,road,road,nearest,26.8
20681,South Hazelton,Community,55.2365400,-127.6587000,314,5949,kitimat-stikine,Kitimat-Stikine,kitimat-stikine,Kitimat-Stikine,hazeltons,The Hazeltons,New Hazelton,FALSE,road,road,nearest,4.6
8669,Hazelton,Village,55.2558333,-127.6755556,300,5949,kitimat-stikine,Kitimat-Stikine,kitimat-stikine,Kitimat-Stikine,hazeltons,The Hazeltons,New Hazelton,FALSE,road,road,nearest,5.8
65163,Moricetown 1,Indian Reserve,55.0164638,-127.3182824,253,5949,kitimat-stikine,Kitimat-Stikine,kitimat-stikine,Kitimat-Stikine,hazeltons,The Hazeltons,New Hazelton,FALSE,road,road,nearest,30.5
65169,Anlaw 4,Indian Reserve,55.2997962,-127.6849729,209,5949,kitimat-stikine,Kitimat-Stikine,kitimat-stikine,Kitimat-Stikine,hazeltons,The Hazeltons,New Hazelton,FALSE,road,road,nearest,8.8
2025,Glen Vowell,Community,55.3126424,-127.6724241,209,5949,kitimat-stikine,Kitimat-Stikine,kitimat-stikine,Kitimat-Stikine,hazeltons,The Hazeltons,New Hazelton,FALSE,road,road,nearest,9.4
65179,Sik-e-dakh 2,Indian Reserve,55.2997962,-127.6849729,209,5949,kitimat-stikine,Kitimat-Stikine,kitimat-stikine,Kitimat-Stikine,hazeltons,The Hazeltons,New Hazelton,FALSE,road,road,nearest,8.8
5198,Hagwilget,Community,55.2575000,-127.5977778,183,5949,kitimat-stikine,Kitimat-Stikine,kitimat-stikine,Kitimat-Stikine,hazeltons,The Hazeltons,New Hazelton,FALSE,road,road,nearest,1.7
65178,Hagwilget 1,Indian Reserve,55.2664635,-127.6016354,183,5949,kitimat-stikine,Kitimat-Stikine,kitimat-stikine,Kitimat-Stikine,hazeltons,The Hazeltons,New Hazelton,FALSE,road,road,nearest,2.7
65141,Bulkley River 19,Indian Reserve,55.0331307,-127.3182831,174,5949,kitimat-stikine,Kitimat-Stikine,kitimat-stikine,Kitimat-Stikine,hazeltons,The Hazeltons,New Hazelton,FALSE,road,road,nearest,28.9
65164,Babine 17,Indian Reserve,55.0331304,-127.3349503,87,5949,kitimat-stikine,Kitimat-Stikine,kitimat-stikine,Kitimat-Stikine,hazeltons,The Hazeltons,New Hazelton,FALSE,road,road,nearest,28.3
8131,Moricetown,Locality,55.0331304,-127.3349503,87,5949,kitimat-stikine,Kitimat-Stikine,kitimat-stikine,Kitimat-Stikine,hazeltons,The Hazeltons,New Hazelton,FALSE,road,road,nearest,28.3
65162,Coryatsaqua (Moricetown) 2,Indian Reserve,55.0331304,-127.3349503,80,5949,kitimat-stikine,Kitimat-Stikine,kitimat-stikine,Kitimat-Stikine,hazeltons,The Hazeltons,New Hazelton,FALSE,road,road,nearest,28.3
17540,Hope,District Municipality,49.3800000,-121.4413889,6911,5909,fraser-valley,Fraser Valley,fraser-valley,Fraser Valley,hope-canyon,Hope & the Fraser Canyon,Hope,TRUE,road,road,hub,0.0
12566,Bear Creek,Locality,49.5331487,-121.7512571,1133,5909,fraser-valley,Fraser Valley,fraser-valley,Fraser Valley,hope-canyon,Hope & the Fraser Canyon,Hope,FALSE,road,road,nearest,28.1
64953,Lelachen 6,Indian Reserve,49.7872222,-122.2233333,1133,5909,fraser-valley,Fraser Valley,fraser-valley,Fraser Valley,hope-canyon,Hope & the Fraser Canyon,Hope,FALSE,road,road,nearest,72.3
64587,Morteen 9,Indian Reserve,49.9164769,-122.3679534,1133,5909,fraser-valley,Fraser Valley,fraser-valley,Fraser Valley,hope-canyon,Hope & the Fraser Canyon,Hope,FALSE,road,road,nearest,89.5
64581,Perrets 11,Indian Reserve,49.8777778,-122.2927778,1133,5909,fraser-valley,Fraser Valley,fraser-valley,Fraser Valley,hope-canyon,Hope & the Fraser Canyon,Hope,FALSE,road,road,nearest,82.6
22254,Port Douglas,Locality,49.7664784,-122.1679430,1133,5909,fraser-valley,Fraser Valley,fraser-valley,Fraser Valley,hope-canyon,Hope & the Fraser Canyon,Hope,FALSE,road,road,nearest,67.8
20463,Silver River,Locality,49.5775000,-121.8191667,1133,5909,fraser-valley,Fraser Valley,fraser-valley,Fraser Valley,hope-canyon,Hope & the Fraser Canyon,Hope,FALSE,road,road,nearest,35.0
64592,Sklahhesten 5,Indian Reserve,49.9150000,-122.3244444,1133,5909,fraser-valley,Fraser Valley,fraser-valley,Fraser Valley,hope-canyon,Hope & the Fraser Canyon,Hope,FALSE,road,road,nearest,87.1
64585,Sklahhesten 5A,Indian Reserve,49.9205556,-122.3344444,1133,5909,fraser-valley,Fraser Valley,fraser-valley,Fraser Valley,hope-canyon,Hope & the Fraser Canyon,Hope,FALSE,road,road,nearest,88.0
64586,Sklahhesten 5B,Indian Reserve,49.9072222,-122.3211111,1133,5909,fraser-valley,Fraser Valley,fraser-valley,Fraser Valley,hope-canyon,Hope & the Fraser Canyon,Hope,FALSE,road,road,nearest,86.3
64591,Skookumchuck 4A,Indian Reserve,49.9331435,-122.3846210,1133,5909,fraser-valley,Fraser Valley,fraser-valley,Fraser Valley,hope-canyon,Hope & the Fraser Canyon,Hope,FALSE,road,road,nearest,91.6
19969,Tipella,Locality,49.7331452,-122.1512750,1133,5909,fraser-valley,Fraser Valley,fraser-valley,Fraser Valley,hope-canyon,Hope & the Fraser Canyon,Hope,FALSE,road,road,nearest,64.5
64632,Kawkawa Lake 16,Indian Reserve,49.3831519,-121.4012421,1042,5909,fraser-valley,Fraser Valley,fraser-valley,Fraser Valley,hope-canyon,Hope & the Fraser Canyon,Hope,FALSE,road,road,nearest,2.9
28491,Floods,Community,49.3663277,-121.5109413,760,5909,fraser-valley,Fraser Valley,fraser-valley,Fraser Valley,hope-canyon,Hope & the Fraser Canyon,Hope,FALSE,road,road,nearest,5.3
20438,Silver Creek,Community,49.3615575,-121.4653058,538,5909,fraser-valley,Fraser Valley,fraser-valley,Fraser Valley,hope-canyon,Hope & the Fraser Canyon,Hope,FALSE,road,road,nearest,2.7
65050,Greenwood Island 3,Indian Reserve,49.3831514,-121.4512437,523,5909,fraser-valley,Fraser Valley,fraser-valley,Fraser Valley,hope-canyon,Hope & the Fraser Canyon,Hope,FALSE,road,road,nearest,0.8
65049,Tunnel 6,Indian Reserve,49.3998183,-121.4345770,523,5909,fraser-valley,Fraser Valley,fraser-valley,Fraser Valley,hope-canyon,Hope & the Fraser Canyon,Hope,FALSE,road,road,nearest,2.3
65635,Austin's Flat 3,Indian Reserve,49.7831530,-121.4512539,495,5909,fraser-valley,Fraser Valley,fraser-valley,Fraser Valley,hope-canyon,Hope & the Fraser Canyon,Hope,FALSE,road,road,nearest,44.8
53202,Boothroyd,Community,49.9650979,-121.4845931,495,5909,fraser-valley,Fraser Valley,fraser-valley,Fraser Valley,hope-canyon,Hope & the Fraser Canyon,Hope,FALSE,road,road,nearest,65.1
65586,Boothroyd 5A,Indian Reserve,49.9664868,-121.4845931,495,5909,fraser-valley,Fraser Valley,fraser-valley,Fraser Valley,hope-canyon,Hope & the Fraser Canyon,Hope,FALSE,road,road,nearest,65.3
65585,Boothroyd 5B,Indian Reserve,49.9692645,-121.4970936,495,5909,fraser-valley,Fraser Valley,fraser-valley,Fraser Valley,hope-canyon,Hope & the Fraser Canyon,Hope,FALSE,road,road,nearest,65.6
65584,Boothroyd 5C,Indian Reserve,49.9664868,-121.4845931,495,5909,fraser-valley,Fraser Valley,fraser-valley,Fraser Valley,hope-canyon,Hope & the Fraser Canyon,Hope,FALSE,road,road,nearest,65.3
65638,Boothroyd 6A,Indian Reserve,49.9998202,-121.5012612,495,5909,fraser-valley,Fraser Valley,fraser-valley,Fraser Valley,hope-canyon,Hope & the Fraser Canyon,Hope,FALSE,road,road,nearest,69.1
65639,Boothroyd 6B,Indian Reserve,50.0164867,-121.5179288,495,5909,fraser-valley,Fraser Valley,fraser-valley,Fraser Valley,hope-canyon,Hope & the Fraser Canyon,Hope,FALSE,road,road,nearest,71.0
38322,Boston Bar,Community,49.8663000,-121.4447000,495,5909,fraser-valley,Fraser Valley,fraser-valley,Fraser Valley,hope-canyon,Hope & the Fraser Canyon,Hope,FALSE,road,road,nearest,54.1
65625,Boston Bar 10,Indian Reserve,49.8498205,-121.4012541,495,5909,fraser-valley,Fraser Valley,fraser-valley,Fraser Valley,hope-canyon,Hope & the Fraser Canyon,Hope,FALSE,road,road,nearest,52.3
65628,Boston Bar 11,Indian Reserve,49.8164865,-121.4512548,495,5909,fraser-valley,Fraser Valley,fraser-valley,Fraser Valley,hope-canyon,Hope & the Fraser Canyon,Hope,FALSE,road,road,nearest,48.5
65623,Boston Bar 8,Indian Reserve,49.8498202,-121.4345885,495,5909,fraser-valley,Fraser Valley,fraser-valley,Fraser Valley,hope-canyon,Hope & the Fraser Canyon,Hope,FALSE,road,road,nearest,52.2
65626,Boston Bar 9,Indian Reserve,49.8664869,-121.4345889,495,5909,fraser-valley,Fraser Valley,fraser-valley,Fraser Valley,hope-canyon,Hope & the Fraser Canyon,Hope,FALSE,road,road,nearest,54.1
39480,Canyon Alpine,Community,49.9139763,-121.4462027,495,5909,fraser-valley,Fraser Valley,fraser-valley,Fraser Valley,hope-canyon,Hope & the Fraser Canyon,Hope,FALSE,road,road,nearest,59.4
65091,Chapman's Bar 10,Indian Reserve,49.7164866,-121.4012506,495,5909,fraser-valley,Fraser Valley,fraser-valley,Fraser Valley,hope-canyon,Hope & the Fraser Canyon,Hope,FALSE,road,road,nearest,37.5
34881,Chapmans,Locality,49.7164864,-121.4179178,495,5909,fraser-valley,Fraser Valley,fraser-valley,Fraser Valley,hope-canyon,Hope & the Fraser Canyon,Hope,FALSE,road,road,nearest,37.5
65629,Chaumox 11,Indian Reserve,49.9331534,-121.4845922,495,5909,fraser-valley,Fraser Valley,fraser-valley,Fraser Valley,hope-canyon,Hope & the Fraser Canyon,Hope,FALSE,road,road,nearest,61.6
65640,Chukcheetso 7,Indian Reserve,49.9998198,-121.5345956,495,5909,fraser-valley,Fraser Valley,fraser-valley,Fraser Valley,hope-canyon,Hope & the Fraser Canyon,Hope,FALSE,road,road,nearest,69.2
13823,Hells Gate,Locality,49.7831530,-121.4512539,495,5909,fraser-valley,Fraser Valley,fraser-valley,Fraser Valley,hope-canyon,Hope & the Fraser Canyon,Hope,FALSE,road,road,nearest,44.8
65097,Long Tunnel 5,Indian Reserve,49.7331530,-121.4345854,495,5909,fraser-valley,Fraser Valley,fraser-valley,Fraser Valley,hope-canyon,Hope & the Fraser Canyon,Hope,FALSE,road,road,nearest,39.3
65104,Long Tunnel 5A,Indian Reserve,49.7331528,-121.4512526,495,5909,fraser-valley,Fraser Valley,fraser-valley,Fraser Valley,hope-canyon,Hope & the Fraser Canyon,Hope,FALSE,road,road,nearest,39.3
34728,North Bend,Community,49.8824314,-121.4553690,495,5909,fraser-valley,Fraser Valley,fraser-valley,Fraser Valley,hope-canyon,Hope & the Fraser Canyon,Hope,FALSE,road,road,nearest,55.9
65621,Paul's 6,Indian Reserve,49.7998198,-121.4512544,495,5909,fraser-valley,Fraser Valley,fraser-valley,Fraser Valley,hope-canyon,Hope & the Fraser Canyon,Hope,FALSE,road,road,nearest,46.7
65630,Sam Adams 12,Indian Reserve,49.9164870,-121.4512574,495,5909,fraser-valley,Fraser Valley,fraser-valley,Fraser Valley,hope-canyon,Hope & the Fraser Canyon,Hope,FALSE,road,road,nearest,59.7
65622,Scaucy 5,Indian Reserve,49.8164863,-121.4679220,495,5909,fraser-valley,Fraser Valley,fraser-valley,Fraser Valley,hope-canyon,Hope & the Fraser Canyon,Hope,FALSE,road,road,nearest,48.6
65624,Shrypttahooks 7,Indian Reserve,49.8164867,-121.4345876,495,5909,fraser-valley,Fraser Valley,fraser-valley,Fraser Valley,hope-canyon,Hope & the Fraser Canyon,Hope,FALSE,road,road,nearest,48.5
65643,Stlakament 9,Indian Reserve,50.0498199,-121.5512641,495,5909,fraser-valley,Fraser Valley,fraser-valley,Fraser Valley,hope-canyon,Hope & the Fraser Canyon,Hope,FALSE,road,road,nearest,74.9
65582,Tsintahktl 2,Indian Reserve,49.9498201,-121.4845927,495,5909,fraser-valley,Fraser Valley,fraser-valley,Fraser Valley,hope-canyon,Hope & the Fraser Canyon,Hope,FALSE,road,road,nearest,63.4
65099,Yelakin 4,Indian Reserve,49.7498199,-121.4179187,495,5909,fraser-valley,Fraser Valley,fraser-valley,Fraser Valley,hope-canyon,Hope & the Fraser Canyon,Hope,FALSE,road,road,nearest,41.2
65098,Yelakin 4A,Indian Reserve,49.7498201,-121.4012515,495,5909,fraser-valley,Fraser Valley,fraser-valley,Fraser Valley,hope-canyon,Hope & the Fraser Canyon,Hope,FALSE,road,road,nearest,41.2
64630,4 1/2 Mile 2,Indian Reserve,49.5998192,-121.4179148,472,5909,fraser-valley,Fraser Valley,fraser-valley,Fraser Valley,hope-canyon,Hope & the Fraser Canyon,Hope,FALSE,road,road,nearest,24.5
38870,Choate,Locality,49.4664854,-121.4179114,472,5909,fraser-valley,Fraser Valley,fraser-valley,Fraser Valley,hope-canyon,Hope & the Fraser Canyon,Hope,FALSE,road,road,nearest,9.8
18220,Dogwood Valley,Community,49.4871490,-121.4214187,472,5909,fraser-valley,Fraser Valley,fraser-valley,Fraser Valley,hope-canyon,Hope & the Fraser Canyon,Hope,FALSE,road,road,nearest,12.0
64626,Kaykaip 7,Indian Reserve,49.4831521,-121.4179119,472,5909,fraser-valley,Fraser Valley,fraser-valley,Fraser Valley,hope-canyon,Hope & the Fraser Canyon,Hope,FALSE,road,road,nearest,11.6
64637,Klaklacum 12,Indian Reserve,49.4164852,-121.4179102,472,5909,fraser-valley,Fraser Valley,fraser-valley,Fraser Valley,hope-canyon,Hope & the Fraser Canyon,Hope,FALSE,road,road,nearest,4.4
64425,Kuthlalth 3,Indian Reserve,49.5664860,-121.4012468,472,5909,fraser-valley,Fraser Valley,fraser-valley,Fraser Valley,hope-canyon,Hope & the Fraser Canyon,Hope,FALSE,road,road,nearest,20.9
18800,Othello,Locality,49.3831524,-121.3512405,472,5909,fraser-valley,Fraser Valley,fraser-valley,Fraser Valley,hope-canyon,Hope & the Fraser Canyon,Hope,FALSE,road,road,nearest,6.5
65079,Papsilqua 2,Indian Reserve,49.6831531,-121.4012498,472,5909,fraser-valley,Fraser Valley,fraser-valley,Fraser Valley,hope-canyon,Hope & the Fraser Canyon,Hope,FALSE,road,road,nearest,33.8
65080,Papsilqua 2A,Indian Reserve,49.6831531,-121.4012498,472,5909,fraser-valley,Fraser Valley,fraser-valley,Fraser Valley,hope-canyon,Hope & the Fraser Canyon,Hope,FALSE,road,road,nearest,33.8
65077,Papsilqua 2B,Indian Reserve,49.6998198,-121.4012502,472,5909,fraser-valley,Fraser Valley,fraser-valley,Fraser Valley,hope-canyon,Hope & the Fraser Canyon,Hope,FALSE,road,road,nearest,35.7
64629,Qualark 4,Indian Reserve,49.5331523,-121.4179131,472,5909,fraser-valley,Fraser Valley,fraser-valley,Fraser Valley,hope-canyon,Hope & the Fraser Canyon,Hope,FALSE,road,road,nearest,17.1
64639,Skawahlum 10,Indian Reserve,49.4498186,-121.4179110,472,5909,fraser-valley,Fraser Valley,fraser-valley,Fraser Valley,hope-canyon,Hope & the Fraser Canyon,Hope,FALSE,road,road,nearest,7.9
65103,Skuet 6,Indian Reserve,49.6998198,-121.4012502,472,5909,fraser-valley,Fraser Valley,fraser-valley,Fraser Valley,hope-canyon,Hope & the Fraser Canyon,Hope,FALSE,road,road,nearest,35.7
34723,Spuzzum,Locality,49.6887086,-121.4137503,472,5909,fraser-valley,Fraser Valley,fraser-valley,Fraser Valley,hope-canyon,Hope & the Fraser Canyon,Hope,FALSE,road,road,nearest,34.4
65074,Spuzzum 1A,Indian Reserve,49.6498195,-121.4179161,472,5909,fraser-valley,Fraser Valley,fraser-valley,Fraser Valley,hope-canyon,Hope & the Fraser Canyon,Hope,FALSE,road,road,nearest,30.1
65102,Spuzzum 7,Indian Reserve,49.6498196,-121.4012489,472,5909,fraser-valley,Fraser Valley,fraser-valley,Fraser Valley,hope-canyon,Hope & the Fraser Canyon,Hope,FALSE,road,road,nearest,30.1
19717,Squeah,Locality,49.4998188,-121.4179123,472,5909,fraser-valley,Fraser Valley,fraser-valley,Fraser Valley,hope-canyon,Hope & the Fraser Canyon,Hope,FALSE,road,road,nearest,13.4
64627,Squeah 6,Indian Reserve,49.4998188,-121.4179123,472,5909,fraser-valley,Fraser Valley,fraser-valley,Fraser Valley,hope-canyon,Hope & the Fraser Canyon,Hope,FALSE,road,road,nearest,13.4
65101,Stout 8,Indian Reserve,49.6331531,-121.3845813,472,5909,fraser-valley,Fraser Valley,fraser-valley,Fraser Valley,hope-canyon,Hope & the Fraser Canyon,Hope,FALSE,road,road,nearest,28.4
64635,Swahliseah 14,Indian Reserve,49.4164852,-121.4179102,472,5909,fraser-valley,Fraser Valley,fraser-valley,Fraser Valley,hope-canyon,Hope & the Fraser Canyon,Hope,FALSE,road,road,nearest,4.4
65078,Teequaloose 3,Indian Reserve,49.6998197,-121.4179174,472,5909,fraser-valley,Fraser Valley,fraser-valley,Fraser Valley,hope-canyon,Hope & the Fraser Canyon,Hope,FALSE,road,road,nearest,35.6
65100,Teequaloose 3A,Indian Reserve,49.6998197,-121.4179174,472,5909,fraser-valley,Fraser Valley,fraser-valley,Fraser Valley,hope-canyon,Hope & the Fraser Canyon,Hope,FALSE,road,road,nearest,35.6
64636,Trafalgar Flat 13,Indian Reserve,49.4164852,-121.4179102,472,5909,fraser-valley,Fraser Valley,fraser-valley,Fraser Valley,hope-canyon,Hope & the Fraser Canyon,Hope,FALSE,road,road,nearest,4.4
34879,Yale,Community,49.5625000,-121.4305556,472,5909,fraser-valley,Fraser Valley,fraser-valley,Fraser Valley,hope-canyon,Hope & the Fraser Canyon,Hope,FALSE,road,road,nearest,20.3
64658,Yale 18,Indian Reserve,49.5664860,-121.4012468,472,5909,fraser-valley,Fraser Valley,fraser-valley,Fraser Valley,hope-canyon,Hope & the Fraser Canyon,Hope,FALSE,road,road,nearest,20.9
65786,Yale 19,Indian Reserve,49.5664860,-121.4012468,472,5909,fraser-valley,Fraser Valley,fraser-valley,Fraser Valley,hope-canyon,Hope & the Fraser Canyon,Hope,FALSE,road,road,nearest,20.9
64656,Yale 20,Indian Reserve,49.5664860,-121.4012468,472,5909,fraser-valley,Fraser Valley,fraser-valley,Fraser Valley,hope-canyon,Hope & the Fraser Canyon,Hope,FALSE,road,road,nearest,20.9
64659,Yale 21,Indian Reserve,49.5831527,-121.4012472,472,5909,fraser-valley,Fraser Valley,fraser-valley,Fraser Valley,hope-canyon,Hope & the Fraser Canyon,Hope,FALSE,road,road,nearest,22.8
64662,Yale 22,Indian Reserve,49.5831527,-121.4012472,472,5909,fraser-valley,Fraser Valley,fraser-valley,Fraser Valley,hope-canyon,Hope & the Fraser Canyon,Hope,FALSE,road,road,nearest,22.8
64657,Yale 23,Indian Reserve,49.5998192,-121.4179148,472,5909,fraser-valley,Fraser Valley,fraser-valley,Fraser Valley,hope-canyon,Hope & the Fraser Canyon,Hope,FALSE,road,road,nearest,24.5
64660,Yale 24,Indian Reserve,49.5998192,-121.4179148,472,5909,fraser-valley,Fraser Valley,fraser-valley,Fraser Valley,hope-canyon,Hope & the Fraser Canyon,Hope,FALSE,road,road,nearest,24.5
64663,Yale 25,Indian Reserve,49.5998192,-121.4179148,472,5909,fraser-valley,Fraser Valley,fraser-valley,Fraser Valley,hope-canyon,Hope & the Fraser Canyon,Hope,FALSE,road,road,nearest,24.5
65056,Hope 1,Indian Reserve,49.3831515,-121.4345765,434,5909,fraser-valley,Fraser Valley,fraser-valley,Fraser Valley,hope-canyon,Hope & the Fraser Canyon,Hope,FALSE,road,road,nearest,0.6
28752,Laidlaw,Community,49.3241345,-121.6151921,397,5909,fraser-valley,Fraser Valley,fraser-valley,Fraser Valley,hope-canyon,Hope & the Fraser Canyon,Hope,FALSE,road,road,nearest,14.0
65781,Peters 2,Indian Reserve,49.3164823,-121.6512484,397,5909,fraser-valley,Fraser Valley,fraser-valley,Fraser Valley,hope-canyon,Hope & the Fraser Canyon,Hope,FALSE,road,road,nearest,16.8
31079,Ruby Creek,Locality,49.3498163,-121.6012477,397,5909,fraser-valley,Fraser Valley,fraser-valley,Fraser Valley,hope-canyon,Hope & the Fraser Canyon,Hope,FALSE,road,road,nearest,12.1
40888,Sunshine Valley,Community,49.2753374,-121.2352437,397,5909,fraser-valley,Fraser Valley,fraser-valley,Fraser Valley,hope-canyon,Hope & the Fraser Canyon,Hope,FALSE,road,road,nearest,18.9
65831,Chawathil 4,Indian Reserve,49.3664836,-121.5512465,182,5909,fraser-valley,Fraser Valley,fraser-valley,Fraser Valley,hope-canyon,Hope & the Fraser Canyon,Hope,FALSE,road,road,nearest,8.1
64420,Ohamil 1,Indian Reserve,49.3331496,-121.6012472,150,5909,fraser-valley,Fraser Valley,fraser-valley,Fraser Valley,hope-canyon,Hope & the Fraser Canyon,Hope,FALSE,road,road,nearest,12.7
64419,Wahleach Island 2,Indian Reserve,49.3331494,-121.6179144,150,5909,fraser-valley,Fraser Valley,fraser-valley,Fraser Valley,hope-canyon,Hope & the Fraser Canyon,Hope,FALSE,road,road,nearest,13.8
64625,Stullawheets 8,Indian Reserve,49.4664854,-121.4179114,76,5909,fraser-valley,Fraser Valley,fraser-valley,Fraser Valley,hope-canyon,Hope & the Fraser Canyon,Hope,FALSE,road,road,nearest,9.8
64951,Douglas 8,Indian Reserve,49.7498117,-122.1679426,66,5909,fraser-valley,Fraser Valley,fraser-valley,Fraser Valley,hope-canyon,Hope & the Fraser Canyon,Hope,FALSE,road,road,nearest,66.6
38459,Haig,Community,49.3957600,-121.4537500,62,5909,fraser-valley,Fraser Valley,fraser-valley,Fraser Valley,hope-canyon,Hope & the Fraser Canyon,Hope,FALSE,road,road,nearest,2.0
65055,Schkam 2,Indian Reserve,49.3998181,-121.4512441,62,5909,fraser-valley,Fraser Valley,fraser-valley,Fraser Valley,hope-canyon,Hope & the Fraser Canyon,Hope,FALSE,road,road,nearest,2.3
65073,Spuzzum 1,Indian Reserve,49.6664862,-121.4179165,55,5909,fraser-valley,Fraser Valley,fraser-valley,Fraser Valley,hope-canyon,Hope & the Fraser Canyon,Hope,FALSE,road,road,nearest,31.9
64624,Lukseetsissum 9,Indian Reserve,49.3498161,-121.6179148,52,5909,fraser-valley,Fraser Valley,fraser-valley,Fraser Valley,hope-canyon,Hope & the Fraser Canyon,Hope,FALSE,road,road,nearest,13.2
64628,Albert Flat 5,Indian Reserve,49.5164856,-121.4179127,41,5909,fraser-valley,Fraser Valley,fraser-valley,Fraser Valley,hope-canyon,Hope & the Fraser Canyon,Hope,FALSE,road,road,nearest,15.3
65634,Kopchitchin 2,Indian Reserve,49.8831535,-121.4512565,41,5909,fraser-valley,Fraser Valley,fraser-valley,Fraser Valley,hope-canyon,Hope & the Fraser Canyon,Hope,FALSE,road,road,nearest,56.0
65632,Tuckkwiowhum 1,Indian Reserve,49.8331534,-121.4345880,31,5909,fraser-valley,Fraser Valley,fraser-valley,Fraser Valley,hope-canyon,Hope & the Fraser Canyon,Hope,FALSE,road,road,nearest,50.4
64567,Ruby Creek 2,Indian Reserve,49.3664828,-121.6179153,19,5909,fraser-valley,Fraser Valley,fraser-valley,Fraser Valley,hope-canyon,Hope & the Fraser Canyon,Hope,FALSE,road,road,nearest,12.9
64638,Puckatholetchin 11,Indian Reserve,49.4498185,-121.4345782,10,5909,fraser-valley,Fraser Valley,fraser-valley,Fraser Valley,hope-canyon,Hope & the Fraser Canyon,Hope,FALSE,road,road,nearest,7.8
64566,Skawahlook 1,Indian Reserve,49.3664832,-121.5845809,10,5909,fraser-valley,Fraser Valley,fraser-valley,Fraser Valley,hope-canyon,Hope & the Fraser Canyon,Hope,FALSE,road,road,nearest,10.5
65636,Bucktum 4,Indian Reserve,49.9164870,-121.4512574,5,5909,fraser-valley,Fraser Valley,fraser-valley,Fraser Valley,hope-canyon,Hope & the Fraser Canyon,Hope,FALSE,road,road,nearest,59.7
65580,Kahmoose 4,Indian Reserve,49.9664868,-121.4845931,5,5909,fraser-valley,Fraser Valley,fraser-valley,Fraser Valley,hope-canyon,Hope & the Fraser Canyon,Hope,FALSE,road,road,nearest,65.3
64631,Yale Town 1,Indian Reserve,49.5664856,-121.4345812,5,5909,fraser-valley,Fraser Valley,fraser-valley,Fraser Valley,hope-canyon,Hope & the Fraser Canyon,Hope,FALSE,road,road,nearest,20.7
64634,Aywawwis 15,Indian Reserve,49.3998185,-121.4179098,0,5909,fraser-valley,Fraser Valley,fraser-valley,Fraser Valley,hope-canyon,Hope & the Fraser Canyon,Hope,FALSE,road,road,nearest,2.8
65631,Boothroyd 13,Indian Reserve,49.9888889,-121.4902778,0,5909,fraser-valley,Fraser Valley,fraser-valley,Fraser Valley,hope-canyon,Hope & the Fraser Canyon,Hope,FALSE,road,road,nearest,67.8
65633,Boston Bar 1A,Indian Reserve,49.8164869,-121.4179204,0,5909,fraser-valley,Fraser Valley,fraser-valley,Fraser Valley,hope-canyon,Hope & the Fraser Canyon,Hope,FALSE,road,road,nearest,48.6
4969,Chaumox,Locality,49.9456534,-121.4818147,0,5909,fraser-valley,Fraser Valley,fraser-valley,Fraser Valley,hope-canyon,Hope & the Fraser Canyon,Hope,FALSE,road,road,nearest,63.0
64588,Franks 10,Indian Reserve,49.8897222,-122.3011111,0,5909,fraser-valley,Fraser Valley,fraser-valley,Fraser Valley,hope-canyon,Hope & the Fraser Canyon,Hope,FALSE,road,road,nearest,83.9
65637,Inkahtsaph 6,Indian Reserve,49.9998202,-121.5012612,0,5909,fraser-valley,Fraser Valley,fraser-valley,Fraser Valley,hope-canyon,Hope & the Fraser Canyon,Hope,FALSE,road,road,nearest,69.1
59880,Paqulh,Indian Reserve,50.1219444,-122.5280556,0,5909,fraser-valley,Fraser Valley,fraser-valley,Fraser Valley,hope-canyon,Hope & the Fraser Canyon,Hope,FALSE,road,road,nearest,113.6
64434,Peters 1,Indian Reserve,49.2998156,-121.6512480,,5909,fraser-valley,Fraser Valley,fraser-valley,Fraser Valley,hope-canyon,Hope & the Fraser Canyon,Hope,FALSE,road,road,nearest,17.6
64431,Peters 1A,Indian Reserve,49.2998156,-121.6512480,,5909,fraser-valley,Fraser Valley,fraser-valley,Fraser Valley,hope-canyon,Hope & the Fraser Canyon,Hope,FALSE,road,road,nearest,17.6
65092,Saddle Rock 9,Indian Reserve,49.6331529,-121.4012485,0,5909,fraser-valley,Fraser Valley,fraser-valley,Fraser Valley,hope-canyon,Hope & the Fraser Canyon,Hope,FALSE,road,road,nearest,28.3
65587,Sho-ook 5,Indian Reserve,49.9831536,-121.4845935,0,5909,fraser-valley,Fraser Valley,fraser-valley,Fraser Valley,hope-canyon,Hope & the Fraser Canyon,Hope,FALSE,road,road,nearest,67.1
65581,Speyum 3,Indian Reserve,49.9331535,-121.4679250,0,5909,fraser-valley,Fraser Valley,fraser-valley,Fraser Valley,hope-canyon,Hope & the Fraser Canyon,Hope,FALSE,road,road,nearest,61.5
64954,Tipella 7,Indian Reserve,49.7831446,-122.2179451,0,5909,fraser-valley,Fraser Valley,fraser-valley,Fraser Valley,hope-canyon,Hope & the Fraser Canyon,Hope,FALSE,road,road,nearest,71.7
65583,Tsawawmuck 1,Indian Reserve,49.9331535,-121.4679250,0,5909,fraser-valley,Fraser Valley,fraser-valley,Fraser Valley,hope-canyon,Hope & the Fraser Canyon,Hope,FALSE,road,road,nearest,61.5
3006,Kamloops,City,50.6758333,-120.3394444,102271,5933,thompson-nicola,Thompson-Nicola,thompson-nicola,Thompson-Nicola,kamloops,Kamloops & Area,Kamloops,TRUE,road,road,hub,0.0
65527,Kamloops 1,Indian Reserve,50.7375000,-120.2666667,3915,5933,thompson-nicola,Thompson-Nicola,thompson-nicola,Thompson-Nicola,kamloops,Kamloops & Area,Kamloops,FALSE,road,road,nearest,8.6
38320,Chase,Village,50.8191667,-119.6861111,2459,5933,thompson-nicola,Thompson-Nicola,thompson-nicola,Thompson-Nicola,kamloops,Kamloops & Area,Kamloops,FALSE,road,road,nearest,48.7
10121,Logan Lake,District Municipality,50.4944444,-120.8133333,2325,5933,thompson-nicola,Thompson-Nicola,thompson-nicola,Thompson-Nicola,kamloops,Kamloops & Area,Kamloops,FALSE,road,road,nearest,39.1
135,Aberdeen,Community,50.6384740,-120.3610371,1541,5933,thompson-nicola,Thompson-Nicola,thompson-nicola,Thompson-Nicola,kamloops,Kamloops & Area,Kamloops,FALSE,road,road,nearest,4.4
10479,Campbell Creek,Locality,50.6567836,-120.0817875,1522,5933,thompson-nicola,Thompson-Nicola,thompson-nicola,Thompson-Nicola,kamloops,Kamloops & Area,Kamloops,FALSE,road,road,nearest,18.3
20320,Dallas,Community,50.6665049,-120.1679017,1143,5933,thompson-nicola,Thompson-Nicola,thompson-nicola,Thompson-Nicola,kamloops,Kamloops & Area,Kamloops,FALSE,road,road,nearest,12.1
17884,Oak Hills,Community,50.7498369,-120.3512434,1112,5933,thompson-nicola,Thompson-Nicola,thompson-nicola,Thompson-Nicola,kamloops,Kamloops & Area,Kamloops,FALSE,road,road,nearest,8.3
12459,Batchelor Hills,Community,50.7165031,-120.3679097,1075,5933,thompson-nicola,Thompson-Nicola,thompson-nicola,Thompson-Nicola,kamloops,Kamloops & Area,Kamloops,FALSE,road,road,nearest,4.9
54746,Cherry Creek,Community,50.7176664,-120.6398981,936,5933,thompson-nicola,Thompson-Nicola,thompson-nicola,Thompson-Nicola,kamloops,Kamloops & Area,Kamloops,FALSE,road,road,nearest,21.7
35873,Blackloam,Locality,50.6498373,-120.2512374,900,5933,thompson-nicola,Thompson-Nicola,thompson-nicola,Thompson-Nicola,kamloops,Kamloops & Area,Kamloops,FALSE,road,road,nearest,6.9
5523,Knutsford,Community,50.6229578,-120.3050451,890,5933,thompson-nicola,Thompson-Nicola,thompson-nicola,Thompson-Nicola,kamloops,Kamloops & Area,Kamloops,FALSE,road,road,nearest,6.4
35880,North Kamloops,Community,50.6997622,-120.3658940,820,5933,thompson-nicola,Thompson-Nicola,thompson-nicola,Thompson-Nicola,kamloops,Kamloops & Area,Kamloops,FALSE,road,road,nearest,3.2
28040,Blucher Hall,Community,51.0950517,-120.0292706,755,5933,thompson-nicola,Thompson-Nicola,thompson-nicola,Thompson-Nicola,kamloops,Kamloops & Area,Kamloops,FALSE,road,road,nearest,51.4
9355,Cahilty,Locality,50.9498418,-120.0179042,755,5933,thompson-nicola,Thompson-Nicola,thompson-nicola,Thompson-Nicola,kamloops,Kamloops & Area,Kamloops,FALSE,road,road,nearest,37.9
29626,Louis Creek,Community,51.1371706,-120.1222445,755,5933,thompson-nicola,Thompson-Nicola,thompson-nicola,Thompson-Nicola,kamloops,Kamloops & Area,Kamloops,FALSE,road,road,nearest,53.5
21982,Tranquille,Community,50.7212743,-120.5148884,732,5933,thompson-nicola,Thompson-Nicola,thompson-nicola,Thompson-Nicola,kamloops,Kamloops & Area,Kamloops,FALSE,road,road,nearest,13.3
27641,Westsyde,Community,50.7655374,-120.3466122,727,5933,thompson-nicola,Thompson-Nicola,thompson-nicola,Thompson-Nicola,kamloops,Kamloops & Area,Kamloops,FALSE,road,road,nearest,10.0
5689,Black Pines,Community,50.9336319,-120.2575908,722,5933,thompson-nicola,Thompson-Nicola,thompson-nicola,Thompson-Nicola,kamloops,Kamloops & Area,Kamloops,FALSE,road,road,nearest,29.2
65524,Kamloops 4,Indian Reserve,51.0165064,-120.2512471,722,5933,thompson-nicola,Thompson-Nicola,thompson-nicola,Thompson-Nicola,kamloops,Kamloops & Area,Kamloops,FALSE,road,road,nearest,38.4
40706,McLure,Community,51.0323151,-120.2269914,722,5933,thompson-nicola,Thompson-Nicola,thompson-nicola,Thompson-Nicola,kamloops,Kamloops & Area,Kamloops,FALSE,road,road,nearest,40.4
27639,Vinsulla,Community,50.9162800,-120.2369400,722,5933,thompson-nicola,Thompson-Nicola,thompson-nicola,Thompson-Nicola,kamloops,Kamloops & Area,Kamloops,FALSE,road,road,nearest,27.7
38257,Sahali,Community,50.6482070,-120.3403420,721,5933,thompson-nicola,Thompson-Nicola,thompson-nicola,Thompson-Nicola,kamloops,Kamloops & Area,Kamloops,FALSE,road,road,nearest,3.1
27647,Dufferin,Community,50.6621045,-120.3916873,687,5933,thompson-nicola,Thompson-Nicola,thompson-nicola,Thompson-Nicola,kamloops,Kamloops & Area,Kamloops,FALSE,road,road,nearest,4.0
38067,Valleyview,Community,50.6764120,-120.2621661,653,5933,thompson-nicola,Thompson-Nicola,thompson-nicola,Thompson-Nicola,kamloops,Kamloops & Area,Kamloops,FALSE,road,road,nearest,5.4
4216,Beresford,Locality,50.5831702,-120.2512357,652,5933,thompson-nicola,Thompson-Nicola,thompson-nicola,Thompson-Nicola,kamloops,Kamloops & Area,Kamloops,FALSE,road,road,nearest,12.0
791,Brigade Lake,Community,50.4735239,-120.3194685,652,5933,thompson-nicola,Thompson-Nicola,thompson-nicola,Thompson-Nicola,kamloops,Kamloops & Area,Kamloops,FALSE,road,road,nearest,22.5
65526,Kamloops 2,Indian Reserve,50.4831696,-120.2512330,652,5933,thompson-nicola,Thompson-Nicola,thompson-nicola,Thompson-Nicola,kamloops,Kamloops & Area,Kamloops,FALSE,road,road,nearest,22.3
65525,Kamloops 3,Indian Reserve,50.4665026,-120.2678998,652,5933,thompson-nicola,Thompson-Nicola,thompson-nicola,Thompson-Nicola,kamloops,Kamloops & Area,Kamloops,FALSE,road,road,nearest,23.8
8751,Stump Lake,Community,50.3929163,-120.3273540,652,5933,thompson-nicola,Thompson-Nicola,thompson-nicola,Thompson-Nicola,kamloops,Kamloops & Area,Kamloops,FALSE,road,road,nearest,31.5
65523,Kamloops 5,Indian Reserve,50.8498404,-120.0845705,623,5933,thompson-nicola,Thompson-Nicola,thompson-nicola,Thompson-Nicola,kamloops,Kamloops & Area,Kamloops,FALSE,road,road,nearest,26.4
9883,Brocklehurst,Community,50.7080560,-120.4183397,598,5933,thompson-nicola,Thompson-Nicola,thompson-nicola,Thompson-Nicola,kamloops,Kamloops & Area,Kamloops,FALSE,road,road,nearest,6.6
65578,Meadow Creek 3,Indian Reserve,50.8165126,-119.5345512,590,5933,thompson-nicola,Thompson-Nicola,thompson-nicola,Thompson-Nicola,kamloops,Kamloops & Area,Kamloops,FALSE,road,road,nearest,58.8
19473,Shuswap,Community,50.7981302,-119.7116026,590,5933,thompson-nicola,Thompson-Nicola,thompson-nicola,Thompson-Nicola,kamloops,Kamloops & Area,Kamloops,FALSE,road,road,nearest,46.2
24668,Turtle Valley,Community,50.8121931,-119.5882887,590,5933,thompson-nicola,Thompson-Nicola,thompson-nicola,Thompson-Nicola,kamloops,Kamloops & Area,Kamloops,FALSE,road,road,nearest,55.0
21248,Pritchard,Community,50.6864581,-119.8191199,582,5933,thompson-nicola,Thompson-Nicola,thompson-nicola,Thompson-Nicola,kamloops,Kamloops & Area,Kamloops,FALSE,road,road,nearest,36.7
38112,Barnhartvale,Community,50.6498382,-120.1679013,576,5933,thompson-nicola,Thompson-Nicola,thompson-nicola,Thompson-Nicola,kamloops,Kamloops & Area,Kamloops,FALSE,road,road,nearest,12.4
4271,Bestwick,Community,50.5661164,-120.0671133,548,5933,thompson-nicola,Thompson-Nicola,thompson-nicola,Thompson-Nicola,kamloops,Kamloops & Area,Kamloops,FALSE,road,road,nearest,22.8
7101,Monte Lake,Community,50.5262649,-119.8437925,548,5933,thompson-nicola,Thompson-Nicola,thompson-nicola,Thompson-Nicola,kamloops,Kamloops & Area,Kamloops,FALSE,road,road,nearest,38.7
15565,Duck Range,Community,50.6195246,-119.8285727,525,5933,thompson-nicola,Thompson-Nicola,thompson-nicola,Thompson-Nicola,kamloops,Kamloops & Area,Kamloops,FALSE,road,road,nearest,36.6
17459,Holmwood,Locality,50.6165069,-119.9512266,525,5933,thompson-nicola,Thompson-Nicola,thompson-nicola,Thompson-Nicola,kamloops,Kamloops & Area,Kamloops,FALSE,road,road,nearest,28.2
6404,Martin Prairie,Community,50.6635682,-119.8126971,525,5933,thompson-nicola,Thompson-Nicola,thompson-nicola,Thompson-Nicola,kamloops,Kamloops & Area,Kamloops,FALSE,road,road,nearest,37.1
7095,Monte Creek,Community,50.6500000,-119.9500000,525,5933,thompson-nicola,Thompson-Nicola,thompson-nicola,Thompson-Nicola,kamloops,Kamloops & Area,Kamloops,FALSE,road,road,nearest,27.6
65183,Salmon Lake 7,Indian Reserve,50.2831712,-119.9845524,511,5933,thompson-nicola,Thompson-Nicola,thompson-nicola,Thompson-Nicola,kamloops,Kamloops & Area,Kamloops,FALSE,road,road,nearest,50.4
174,Adams Lake,Community,50.9506597,-119.6736075,508,5933,thompson-nicola,Thompson-Nicola,thompson-nicola,Thompson-Nicola,kamloops,Kamloops & Area,Kamloops,FALSE,road,road,nearest,55.9
65599,Toops 3,Indian Reserve,50.9498455,-119.6678925,508,5933,thompson-nicola,Thompson-Nicola,thompson-nicola,Thompson-Nicola,kamloops,Kamloops & Area,Kamloops,FALSE,road,road,nearest,56.2
34744,Lac Le Jeune,Locality,50.4777778,-120.4972222,499,5933,thompson-nicola,Thompson-Nicola,thompson-nicola,Thompson-Nicola,kamloops,Kamloops & Area,Kamloops,FALSE,road,road,nearest,24.7
38209,Juniper Ridge,Community,50.6620633,-120.2535224,483,5933,thompson-nicola,Thompson-Nicola,thompson-nicola,Thompson-Nicola,kamloops,Kamloops & Area,Kamloops,FALSE,road,road,nearest,6.2
13301,Heffley Creek,Community,50.8596731,-120.2663608,482,5933,thompson-nicola,Thompson-Nicola,thompson-nicola,Thompson-Nicola,kamloops,Kamloops & Area,Kamloops,FALSE,road,road,nearest,21.1
16200,Powers Addition,Community,50.6835535,-120.3492421,475,5933,thompson-nicola,Thompson-Nicola,thompson-nicola,Thompson-Nicola,kamloops,Kamloops & Area,Kamloops,FALSE,road,road,nearest,1.1
21021,Westwold,Community,50.4734173,-119.7822894,424,5933,thompson-nicola,Thompson-Nicola,thompson-nicola,Thompson-Nicola,kamloops,Kamloops & Area,Kamloops,FALSE,road,road,nearest,45.3
23353,Rayleigh,Community,50.8048954,-120.3202789,405,5933,thompson-nicola,Thompson-Nicola,thompson-nicola,Thompson-Nicola,kamloops,Kamloops & Area,Kamloops,FALSE,road,road,nearest,14.4
40574,Exlou,Locality,51.1200000,-120.1252778,389,5933,thompson-nicola,Thompson-Nicola,thompson-nicola,Thompson-Nicola,kamloops,Kamloops & Area,Kamloops,FALSE,road,road,nearest,51.6
12352,Copper Creek,Locality,50.7831660,-120.7679247,361,5933,thompson-nicola,Thompson-Nicola,thompson-nicola,Thompson-Nicola,kamloops,Kamloops & Area,Kamloops,FALSE,road,road,nearest,32.4
16803,Pinantan Lake,Community,50.7256205,-120.0345659,343,5933,thompson-nicola,Thompson-Nicola,thompson-nicola,Thompson-Nicola,kamloops,Kamloops & Area,Kamloops,FALSE,road,road,nearest,22.2
65596,Sahhaltkum 4,Indian Reserve,50.8165103,-119.7512251,316,5933,thompson-nicola,Thompson-Nicola,thompson-nicola,Thompson-Nicola,kamloops,Kamloops & Area,Kamloops,FALSE,road,road,nearest,44.2
66044,Neskonlith 2,Indian Reserve,50.7569444,-119.7319444,170,5933,thompson-nicola,Thompson-Nicola,thompson-nicola,Thompson-Nicola,kamloops,Kamloops & Area,Kamloops,FALSE,road,road,nearest,43.7
66043,Neskonlith 1,Indian Reserve,50.7819444,-119.7458333,109,5933,thompson-nicola,Thompson-Nicola,thompson-nicola,Thompson-Nicola,kamloops,Kamloops & Area,Kamloops,FALSE,road,road,nearest,43.4
65627,Whispering Pines 4,Indian Reserve,50.9915064,-120.2415239,57,5933,thompson-nicola,Thompson-Nicola,thompson-nicola,Thompson-Nicola,kamloops,Kamloops & Area,Kamloops,FALSE,road,road,nearest,35.8
65597,Stequmwhulpa 5,Indian Reserve,50.8498455,-119.6012210,26,5933,thompson-nicola,Thompson-Nicola,thompson-nicola,Thompson-Nicola,kamloops,Kamloops & Area,Kamloops,FALSE,road,road,nearest,55.4
65672,Louis Creek 4,Indian Reserve,51.1331754,-120.1179125,15,5933,thompson-nicola,Thompson-Nicola,thompson-nicola,Thompson-Nicola,kamloops,Kamloops & Area,Kamloops,FALSE,road,road,nearest,53.2
65598,Squaam 2,Indian Reserve,51.0831785,-119.7845666,0,5933,thompson-nicola,Thompson-Nicola,thompson-nicola,Thompson-Nicola,kamloops,Kamloops & Area,Kamloops,FALSE,road,road,nearest,59.7
3157,Kelowna,City,49.8880556,-119.4955556,151516,5935,central-okanagan,Central Okanagan,central-okanagan,Central Okanagan,kelowna,Central Okanagan,Kelowna,TRUE,road,road,hub,0.0
60300,"West Kelowna, City of",City,49.8628611,-119.5636153,37568,5935,central-okanagan,Central Okanagan,central-okanagan,Central Okanagan,kelowna,Central Okanagan,Kelowna,FALSE,road,road,nearest,5.6
41197,Lake Country,District Municipality,50.0302778,-119.4025000,16513,5935,central-okanagan,Central Okanagan,central-okanagan,Central Okanagan,kelowna,Central Okanagan,Kelowna,FALSE,road,road,nearest,17.2
65191,Tsinstikeptum 9,Indian Reserve,49.8498395,-119.6011956,9134,5935,central-okanagan,Central Okanagan,central-okanagan,Central Okanagan,kelowna,Central Okanagan,Kelowna,FALSE,road,road,nearest,8.7
38679,Peachland,District Municipality,49.7738889,-119.7363889,5953,5935,central-okanagan,Central Okanagan,central-okanagan,Central Okanagan,kelowna,Central Okanagan,Kelowna,FALSE,road,road,nearest,21.4
37695,Braeloch,Locality,49.7831734,-119.5178579,2535,5935,central-okanagan,Central Okanagan,central-okanagan,Central Okanagan,kelowna,Central Okanagan,Kelowna,FALSE,road,road,nearest,11.8
20152,Westbank,Community,49.8365065,-119.6115557,2463,5935,central-okanagan,Central Okanagan,central-okanagan,Central Okanagan,kelowna,Central Okanagan,Kelowna,FALSE,road,road,nearest,10.1
65649,Duck Lake 7,Indian Reserve,49.9991667,-119.4013889,1847,5935,central-okanagan,Central Okanagan,central-okanagan,Central Okanagan,kelowna,Central Okanagan,Kelowna,FALSE,road,road,nearest,14.1
65175,Tsinstikeptum 10,Indian Reserve,49.8838889,-119.5372222,1766,5935,central-okanagan,Central Okanagan,central-okanagan,Central Okanagan,kelowna,Central Okanagan,Kelowna,FALSE,road,road,nearest,3.0
4215,Benvoulin,Community,49.8831748,-119.4345243,1553,5935,central-okanagan,Central Okanagan,central-okanagan,Central Okanagan,kelowna,Central Okanagan,Kelowna,FALSE,road,road,nearest,4.4
9014,Nahun,Locality,50.0831751,-119.5011981,1329,5935,central-okanagan,Central Okanagan,central-okanagan,Central Okanagan,kelowna,Central Okanagan,Kelowna,FALSE,road,road,nearest,21.7
37689,McKinley Landing,Community,49.9632498,-119.4592678,1266,5935,central-okanagan,Central Okanagan,central-okanagan,Central Okanagan,kelowna,Central Okanagan,Kelowna,FALSE,road,road,nearest,8.8
22823,Rutland,Community,49.8998420,-119.3845231,1162,5935,central-okanagan,Central Okanagan,central-okanagan,Central Okanagan,kelowna,Central Okanagan,Kelowna,FALSE,road,road,nearest,8.1
20228,Westside,Community,49.8868783,-119.5445017,1151,5935,central-okanagan,Central Okanagan,central-okanagan,Central Okanagan,kelowna,Central Okanagan,Kelowna,FALSE,road,road,nearest,3.5
23135,Winfield,Community,50.0294415,-119.4026883,1142,5935,central-okanagan,Central Okanagan,central-okanagan,Central Okanagan,kelowna,Central Okanagan,Kelowna,FALSE,road,road,nearest,17.1
24006,Woodsdale,Community,50.0492970,-119.3900500,1142,5935,central-okanagan,Central Okanagan,central-okanagan,Central Okanagan,kelowna,Central Okanagan,Kelowna,FALSE,road,road,nearest,19.5
65192,Mission Creek 8,Indian Reserve,49.8498409,-119.4678579,963,5935,central-okanagan,Central Okanagan,central-okanagan,Central Okanagan,kelowna,Central Okanagan,Kelowna,FALSE,road,road,nearest,4.7
17989,Okanagan Mission,Community,49.8165072,-119.4845243,859,5935,central-okanagan,Central Okanagan,central-okanagan,Central Okanagan,kelowna,Central Okanagan,Kelowna,FALSE,road,road,nearest,8.0
2019,Glenrosa,Community,49.8338049,-119.6607506,844,5935,central-okanagan,Central Okanagan,central-okanagan,Central Okanagan,kelowna,Central Okanagan,Kelowna,FALSE,road,road,nearest,13.3
11260,Carrs,Community,50.1150000,-119.4630556,804,5935,central-okanagan,Central Okanagan,central-okanagan,Central Okanagan,kelowna,Central Okanagan,Kelowna,FALSE,road,road,nearest,25.3
37688,Cedar Grove,Community,50.1336760,-119.4532435,804,5935,central-okanagan,Central Okanagan,central-okanagan,Central Okanagan,kelowna,Central Okanagan,Kelowna,FALSE,road,road,nearest,27.5
1220,East Kelowna,Community,49.8599024,-119.4184461,803,5935,central-okanagan,Central Okanagan,central-okanagan,Central Okanagan,kelowna,Central Okanagan,Kelowna,FALSE,road,road,nearest,6.4
12746,Fintry,Locality,50.1347222,-119.5013889,776,5935,central-okanagan,Central Okanagan,central-okanagan,Central Okanagan,kelowna,Central Okanagan,Kelowna,FALSE,road,road,nearest,27.4
39280,Killiney Beach,Community,50.1878191,-119.4978345,776,5935,central-okanagan,Central Okanagan,central-okanagan,Central Okanagan,kelowna,Central Okanagan,Kelowna,FALSE,road,road,nearest,33.3
22036,Trépanier,Community,49.7861683,-119.7105828,725,5935,central-okanagan,Central Okanagan,central-okanagan,Central Okanagan,kelowna,Central Okanagan,Kelowna,FALSE,road,road,nearest,19.1
17983,Okanagan Centre,Community,50.0458430,-119.4499580,710,5935,central-okanagan,Central Okanagan,central-okanagan,Central Okanagan,kelowna,Central Okanagan,Kelowna,FALSE,road,road,nearest,17.8
21965,Traders Cove,Community,49.9345246,-119.5096277,707,5935,central-okanagan,Central Okanagan,central-okanagan,Central Okanagan,kelowna,Central Okanagan,Kelowna,FALSE,road,road,nearest,5.3
23085,Wilson Landing,Locality,49.9878969,-119.4923066,707,5935,central-okanagan,Central Okanagan,central-okanagan,Central Okanagan,kelowna,Central Okanagan,Kelowna,FALSE,road,road,nearest,11.1
19533,McCulloch,Locality,49.7998436,-119.1845140,683,5935,central-okanagan,Central Okanagan,central-okanagan,Central Okanagan,kelowna,Central Okanagan,Kelowna,FALSE,road,road,nearest,24.4
60422,Medicine Creek 12,Indian Reserve,49.8472222,-119.3202778,683,5935,central-okanagan,Central Okanagan,central-okanagan,Central Okanagan,kelowna,Central Okanagan,Kelowna,FALSE,road,road,nearest,13.4
60423,Medicine Hill 11,Indian Reserve,49.8275000,-119.2591667,683,5935,central-okanagan,Central Okanagan,central-okanagan,Central Okanagan,kelowna,Central Okanagan,Kelowna,FALSE,road,road,nearest,18.2
8963,Myra,Locality,49.7998422,-119.3178517,683,5935,central-okanagan,Central Okanagan,central-okanagan,Central Okanagan,kelowna,Central Okanagan,Kelowna,FALSE,road,road,nearest,16.1
15167,Oyama,Community,50.1115100,-119.3707100,674,5935,central-okanagan,Central Okanagan,central-okanagan,Central Okanagan,kelowna,Central Okanagan,Kelowna,FALSE,road,road,nearest,26.4
6000,Gellatly,Community,49.8128660,-119.6269560,603,5935,central-okanagan,Central Okanagan,central-okanagan,Central Okanagan,kelowna,Central Okanagan,Kelowna,FALSE,road,road,nearest,12.6
9501,Ellison,Community,49.9336059,-119.3641249,601,5935,central-okanagan,Central Okanagan,central-okanagan,Central Okanagan,kelowna,Central Okanagan,Kelowna,FALSE,road,road,nearest,10.7
7374,Lakeview Heights,Community,49.8660230,-119.5352730,568,5935,central-okanagan,Central Okanagan,central-okanagan,Central Okanagan,kelowna,Central Okanagan,Kelowna,FALSE,road,road,nearest,3.8
37686,Pixie Beach,Community,50.0692478,-119.4430978,464,5935,central-okanagan,Central Okanagan,central-okanagan,Central Okanagan,kelowna,Central Okanagan,Kelowna,FALSE,road,road,nearest,20.5
10247,Coal River,Locality,59.6498862,-126.9351517,140,5959,northern-rockies,Northern Rockies,northern-rockies,Northern Rockies,liard,Liard & the Northern Rockies Highway,Muncho Lake,FALSE,road,road,nearest,103.6
12761,Fireside,Locality,59.6730556,-127.1497222,140,5959,northern-rockies,Northern Rockies,northern-rockies,Northern Rockies,liard,Liard & the Northern Rockies Highway,Muncho Lake,FALSE,road,road,nearest,113.6
1365,Liard River,Locality,59.4165594,-126.0851068,140,5959,northern-rockies,Northern Rockies,northern-rockies,Northern Rockies,liard,Liard & the Northern Rockies Highway,Muncho Lake,FALSE,road,road,nearest,56.7
35801,Magnum Mine,Locality,58.4998855,-125.1683593,140,5959,northern-rockies,Northern Rockies,northern-rockies,Northern Rockies,liard,Liard & the Northern Rockies Highway,Muncho Lake,FALSE,road,road,nearest,59.3
65688,Muddy River 1,Indian Reserve,59.6332164,-127.1351584,140,5959,northern-rockies,Northern Rockies,northern-rockies,Northern Rockies,liard,Liard & the Northern Rockies Highway,Muncho Lake,FALSE,road,road,nearest,109.9
8268,Muncho Lake,Locality,58.9332199,-125.7684033,140,5959,northern-rockies,Northern Rockies,northern-rockies,Northern Rockies,liard,Liard & the Northern Rockies Highway,Muncho Lake,TRUE,road,road,hub,0.0
21696,Smith River,Locality,59.8832317,-126.4351452,140,5959,northern-rockies,Northern Rockies,northern-rockies,Northern Rockies,liard,Liard & the Northern Rockies Highway,Muncho Lake,FALSE,road,road,nearest,112.2
13349,Summit Lake,Locality,58.6498956,-124.6350129,140,5959,northern-rockies,Northern Rockies,northern-rockies,Northern Rockies,liard,Liard & the Northern Rockies Highway,Muncho Lake,FALSE,road,road,nearest,72.5
19996,Toad River,Locality,58.8498919,-125.2350456,140,5959,northern-rockies,Northern Rockies,northern-rockies,Northern Rockies,liard,Liard & the Northern Rockies Highway,Muncho Lake,FALSE,road,road,nearest,32.0
1843,Lillooet,District Municipality,50.6938889,-121.9336111,2383,5931,squamish-lillooet,Squamish-Lillooet,squamish-lillooet,Squamish-Lillooet,lillooet,Lillooet & Bridge River,Lillooet,TRUE,pass,road,hub,0.0
64913,Anderson Lake 5,Indian Reserve,50.5470341,-122.5179753,807,5931,squamish-lillooet,Squamish-Lillooet,squamish-lillooet,Squamish-Lillooet,lillooet,Lillooet & Bridge River,Lillooet,FALSE,pass,road,nearest,44.3
7605,D'Arcy,Community,50.5539310,-122.4789960,807,5931,squamish-lillooet,Squamish-Lillooet,squamish-lillooet,Squamish-Lillooet,lillooet,Lillooet & Bridge River,Lillooet,FALSE,pass,road,nearest,41.5
14584,Devine,Locality,50.5164787,-122.4846400,807,5931,squamish-lillooet,Squamish-Lillooet,squamish-lillooet,Squamish-Lillooet,lillooet,Lillooet & Bridge River,Lillooet,FALSE,pass,road,nearest,43.6
5362,Gates,Locality,50.4998114,-122.5346412,807,5931,squamish-lillooet,Squamish-Lillooet,squamish-lillooet,Squamish-Lillooet,lillooet,Lillooet & Bridge River,Lillooet,FALSE,pass,road,nearest,47.6
26368,McGillivray,Locality,50.6164799,-122.4346412,807,5931,squamish-lillooet,Squamish-Lillooet,squamish-lillooet,Squamish-Lillooet,lillooet,Lillooet & Bridge River,Lillooet,FALSE,pass,road,nearest,36.4
64900,Nequatque 2,Indian Reserve,50.5331455,-122.4846405,807,5931,squamish-lillooet,Squamish-Lillooet,squamish-lillooet,Squamish-Lillooet,lillooet,Lillooet & Bridge River,Lillooet,FALSE,pass,road,nearest,42.8
64435,Nequatque 3,Indian Reserve,50.5331455,-122.4846405,807,5931,squamish-lillooet,Squamish-Lillooet,squamish-lillooet,Squamish-Lillooet,lillooet,Lillooet & Bridge River,Lillooet,FALSE,pass,road,nearest,42.8
64899,Nequatque 3A,Indian Reserve,50.5331455,-122.4846405,807,5931,squamish-lillooet,Squamish-Lillooet,squamish-lillooet,Squamish-Lillooet,lillooet,Lillooet & Bridge River,Lillooet,FALSE,pass,road,nearest,42.8
64914,Nequatque 4,Indian Reserve,50.4998112,-122.5513084,807,5931,squamish-lillooet,Squamish-Lillooet,squamish-lillooet,Squamish-Lillooet,lillooet,Lillooet & Bridge River,Lillooet,FALSE,pass,road,nearest,48.6
65000,Bridge River 2,Indian Reserve,50.7998207,-121.8679612,373,5931,squamish-lillooet,Squamish-Lillooet,squamish-lillooet,Squamish-Lillooet,lillooet,Lillooet & Bridge River,Lillooet,FALSE,pass,road,nearest,12.7
64964,Dry Salmon 7,Indian Reserve,50.7498198,-121.9179615,373,5931,squamish-lillooet,Squamish-Lillooet,squamish-lillooet,Squamish-Lillooet,lillooet,Lillooet & Bridge River,Lillooet,FALSE,pass,road,nearest,6.3
65708,Fish Lake 7,Indian Reserve,50.5998202,-121.8012869,373,5931,squamish-lillooet,Squamish-Lillooet,squamish-lillooet,Squamish-Lillooet,lillooet,Lillooet & Bridge River,Lillooet,FALSE,pass,road,nearest,14.0
40585,Fountain,Locality,50.7498202,-121.8846271,373,5931,squamish-lillooet,Squamish-Lillooet,squamish-lillooet,Squamish-Lillooet,lillooet,Lillooet & Bridge River,Lillooet,FALSE,pass,road,nearest,7.1
64957,Fountain 1A,Indian Reserve,50.7331540,-121.8346250,373,5931,squamish-lillooet,Squamish-Lillooet,squamish-lillooet,Squamish-Lillooet,lillooet,Lillooet & Bridge River,Lillooet,FALSE,pass,road,nearest,8.2
64955,Fountain 1C,Indian Reserve,50.7498202,-121.8846271,373,5931,squamish-lillooet,Squamish-Lillooet,squamish-lillooet,Squamish-Lillooet,lillooet,Lillooet & Bridge River,Lillooet,FALSE,pass,road,nearest,7.1
64961,Fountain 2,Indian Reserve,50.7581534,-121.9012945,373,5931,squamish-lillooet,Squamish-Lillooet,squamish-lillooet,Squamish-Lillooet,lillooet,Lillooet & Bridge River,Lillooet,FALSE,pass,road,nearest,7.5
64960,Fountain 4,Indian Reserve,50.6998208,-121.8012896,373,5931,squamish-lillooet,Squamish-Lillooet,squamish-lillooet,Squamish-Lillooet,lillooet,Lillooet & Bridge River,Lillooet,FALSE,pass,road,nearest,9.3
65614,Kelly Creek 3,Indian Reserve,50.9664883,-121.8846331,373,5931,squamish-lillooet,Squamish-Lillooet,squamish-lillooet,Squamish-Lillooet,lillooet,Lillooet & Bridge River,Lillooet,FALSE,pass,road,nearest,30.5
64405,Kilchult 3,Indian Reserve,50.6164864,-121.8512890,373,5931,squamish-lillooet,Squamish-Lillooet,squamish-lillooet,Squamish-Lillooet,lillooet,Lillooet & Bridge River,Lillooet,FALSE,pass,road,nearest,10.4
64667,Lillooet 1A,Indian Reserve,50.7164861,-121.9346278,373,5931,squamish-lillooet,Squamish-Lillooet,squamish-lillooet,Squamish-Lillooet,lillooet,Lillooet & Bridge River,Lillooet,FALSE,pass,road,nearest,2.5
6203,Moha,Locality,50.8720400,-122.1707509,373,5931,squamish-lillooet,Squamish-Lillooet,squamish-lillooet,Squamish-Lillooet,lillooet,Lillooet & Bridge River,Lillooet,FALSE,pass,road,nearest,25.9
65832,Nesikep 6A,Indian Reserve,50.5664868,-121.7846188,373,5931,squamish-lillooet,Squamish-Lillooet,squamish-lillooet,Squamish-Lillooet,lillooet,Lillooet & Bridge River,Lillooet,FALSE,pass,road,nearest,17.6
68923,Nzaw't 4A,Indian Reserve,50.6791667,-122.1172222,373,5931,squamish-lillooet,Squamish-Lillooet,squamish-lillooet,Squamish-Lillooet,lillooet,Lillooet & Bridge River,Lillooet,FALSE,pass,road,nearest,13.0
65006,Pashilqua 2A,Indian Reserve,50.6498190,-121.9346259,373,5931,squamish-lillooet,Squamish-Lillooet,squamish-lillooet,Squamish-Lillooet,lillooet,Lillooet & Bridge River,Lillooet,FALSE,pass,road,nearest,4.9
38382,Pavilion,Community,50.8811298,-121.8290902,373,5931,squamish-lillooet,Squamish-Lillooet,squamish-lillooet,Squamish-Lillooet,lillooet,Lillooet & Bridge River,Lillooet,FALSE,pass,road,nearest,22.1
64550,Pavilion 1A,Indian Reserve,50.9164878,-121.9012989,373,5931,squamish-lillooet,Squamish-Lillooet,squamish-lillooet,Squamish-Lillooet,lillooet,Lillooet & Bridge River,Lillooet,FALSE,pass,road,nearest,24.9
64966,Quatlenemo 5,Indian Reserve,50.6831540,-121.8012892,373,5931,squamish-lillooet,Squamish-Lillooet,squamish-lillooet,Squamish-Lillooet,lillooet,Lillooet & Bridge River,Lillooet,FALSE,pass,road,nearest,9.4
65770,Riley Creek 1B,Indian Reserve,50.5998196,-121.8512885,373,5931,squamish-lillooet,Squamish-Lillooet,squamish-lillooet,Squamish-Lillooet,lillooet,Lillooet & Bridge River,Lillooet,FALSE,pass,road,nearest,12.0
18907,Seton Portage,Community,50.7069444,-122.2888889,373,5931,squamish-lillooet,Squamish-Lillooet,squamish-lillooet,Squamish-Lillooet,lillooet,Lillooet & Bridge River,Lillooet,FALSE,pass,road,nearest,25.1
15339,Shalalth,Community,50.7272222,-122.2169444,373,5931,squamish-lillooet,Squamish-Lillooet,squamish-lillooet,Squamish-Lillooet,lillooet,Lillooet & Bridge River,Lillooet,FALSE,pass,road,nearest,20.3
64565,Silicon 2,Indian Reserve,50.6998175,-122.1012994,373,5931,squamish-lillooet,Squamish-Lillooet,squamish-lillooet,Squamish-Lillooet,lillooet,Lillooet & Bridge River,Lillooet,FALSE,pass,road,nearest,11.8
20709,South Shalalth,Community,50.7281205,-122.2445899,373,5931,squamish-lillooet,Squamish-Lillooet,squamish-lillooet,Squamish-Lillooet,lillooet,Lillooet & Bridge River,Lillooet,FALSE,pass,road,nearest,22.2
59941,Ts'kw'aylaxw 5,Indian Reserve,50.5597222,-121.7694444,373,5931,squamish-lillooet,Squamish-Lillooet,squamish-lillooet,Squamish-Lillooet,lillooet,Lillooet & Bridge River,Lillooet,FALSE,pass,road,nearest,18.9
59942,Whitecap 1,Indian Reserve,50.7086111,-122.2975000,373,5931,squamish-lillooet,Squamish-Lillooet,squamish-lillooet,Squamish-Lillooet,lillooet,Lillooet & Bridge River,Lillooet,FALSE,pass,road,nearest,25.7
34903,Bralorne,Locality,50.7664765,-122.8179911,305,5931,squamish-lillooet,Squamish-Lillooet,squamish-lillooet,Squamish-Lillooet,lillooet,Lillooet & Bridge River,Lillooet,FALSE,pass,road,nearest,62.8
34904,Brexton,Locality,50.8361111,-122.8250000,305,5931,squamish-lillooet,Squamish-Lillooet,squamish-lillooet,Squamish-Lillooet,lillooet,Lillooet & Bridge River,Lillooet,FALSE,pass,road,nearest,64.7
34902,Gold Bridge,Community,50.8530122,-122.8372891,305,5931,squamish-lillooet,Squamish-Lillooet,squamish-lillooet,Squamish-Lillooet,lillooet,Lillooet & Bridge River,Lillooet,FALSE,pass,road,nearest,66.0
17956,Ogden,Locality,50.7817543,-122.8235472,305,5931,squamish-lillooet,Squamish-Lillooet,squamish-lillooet,Squamish-Lillooet,lillooet,Lillooet & Bridge River,Lillooet,FALSE,pass,road,nearest,63.4
39397,Pioneer Mine,Locality,50.7664769,-122.7846567,305,5931,squamish-lillooet,Squamish-Lillooet,squamish-lillooet,Squamish-Lillooet,lillooet,Lillooet & Bridge River,Lillooet,FALSE,pass,road,nearest,60.4
64549,Lillooet 1,Indian Reserve,50.6998193,-121.9346273,285,5931,squamish-lillooet,Squamish-Lillooet,squamish-lillooet,Squamish-Lillooet,lillooet,Lillooet & Bridge River,Lillooet,FALSE,pass,road,nearest,0.7
65001,Bridge River 1,Indian Reserve,50.7498189,-122.0012975,242,5931,squamish-lillooet,Squamish-Lillooet,squamish-lillooet,Squamish-Lillooet,lillooet,Lillooet & Bridge River,Lillooet,FALSE,pass,road,nearest,7.8
64564,Slosh 1,Indian Reserve,50.7331497,-122.2179708,215,5931,squamish-lillooet,Squamish-Lillooet,squamish-lillooet,Squamish-Lillooet,lillooet,Lillooet & Bridge River,Lillooet,FALSE,pass,road,nearest,20.5
64562,Slosh 1A,Indian Reserve,50.7331499,-122.2013035,149,5931,squamish-lillooet,Squamish-Lillooet,squamish-lillooet,Squamish-Lillooet,lillooet,Lillooet & Bridge River,Lillooet,FALSE,pass,road,nearest,19.3
64901,Nequatque 1,Indian Reserve,50.5498123,-122.4846410,140,5931,squamish-lillooet,Squamish-Lillooet,squamish-lillooet,Squamish-Lillooet,lillooet,Lillooet & Bridge River,Lillooet,FALSE,pass,road,nearest,42.0
64952,Fountain 1,Indian Reserve,50.7359315,-121.8624037,93,5931,squamish-lillooet,Squamish-Lillooet,squamish-lillooet,Squamish-Lillooet,lillooet,Lillooet & Bridge River,Lillooet,FALSE,pass,road,nearest,6.9
64970,Fountain 9,Indian Reserve,50.7331536,-121.8679594,93,5931,squamish-lillooet,Squamish-Lillooet,squamish-lillooet,Squamish-Lillooet,lillooet,Lillooet & Bridge River,Lillooet,FALSE,pass,road,nearest,6.4
3651,Fountain Valley,Locality,50.7331536,-121.8679594,93,5931,squamish-lillooet,Squamish-Lillooet,squamish-lillooet,Squamish-Lillooet,lillooet,Lillooet & Bridge River,Lillooet,FALSE,pass,road,nearest,6.4
65004,Cayoosh Creek 1,Indian Reserve,50.6664858,-121.9346264,66,5931,squamish-lillooet,Squamish-Lillooet,squamish-lillooet,Squamish-Lillooet,lillooet,Lillooet & Bridge River,Lillooet,FALSE,pass,road,nearest,3.0
64965,Chilhil 6,Indian Reserve,50.6331537,-121.8012878,63,5931,squamish-lillooet,Squamish-Lillooet,squamish-lillooet,Squamish-Lillooet,lillooet,Lillooet & Bridge River,Lillooet,FALSE,pass,road,nearest,11.5
64958,Fountain 1B,Indian Reserve,50.7414869,-121.8762932,63,5931,squamish-lillooet,Squamish-Lillooet,squamish-lillooet,Squamish-Lillooet,lillooet,Lillooet & Bridge River,Lillooet,FALSE,pass,road,nearest,6.7
65007,Pashilqua 2,Indian Reserve,50.6498192,-121.9179587,57,5931,squamish-lillooet,Squamish-Lillooet,squamish-lillooet,Squamish-Lillooet,lillooet,Lillooet & Bridge River,Lillooet,FALSE,pass,road,nearest,5.0
64430,Pavilion 1,Indian Reserve,50.8831548,-121.8512963,48,5931,squamish-lillooet,Squamish-Lillooet,squamish-lillooet,Squamish-Lillooet,lillooet,Lillooet & Bridge River,Lillooet,FALSE,pass,road,nearest,21.8
64956,Fountain 1D,Indian Reserve,50.7498204,-121.8679598,25,5931,squamish-lillooet,Squamish-Lillooet,squamish-lillooet,Squamish-Lillooet,lillooet,Lillooet & Bridge River,Lillooet,FALSE,pass,road,nearest,7.7
64410,McCartney's Flat 4,Indian Reserve,50.6498194,-121.9012915,24,5931,squamish-lillooet,Squamish-Lillooet,squamish-lillooet,Squamish-Lillooet,lillooet,Lillooet & Bridge River,Lillooet,FALSE,pass,road,nearest,5.4
64568,Mission 5,Indian Reserve,50.6998154,-122.2846387,19,5931,squamish-lillooet,Squamish-Lillooet,squamish-lillooet,Squamish-Lillooet,lillooet,Lillooet & Bridge River,Lillooet,FALSE,pass,road,nearest,24.7
64408,Towinock 2,Indian Reserve,50.5831529,-121.8512881,16,5931,squamish-lillooet,Squamish-Lillooet,squamish-lillooet,Squamish-Lillooet,lillooet,Lillooet & Bridge River,Lillooet,FALSE,pass,road,nearest,13.6
64967,Fountain 12,Indian Reserve,50.6831538,-121.8179564,10,5931,squamish-lillooet,Squamish-Lillooet,squamish-lillooet,Squamish-Lillooet,lillooet,Lillooet & Bridge River,Lillooet,FALSE,pass,road,nearest,8.2
64962,Fountain 3,Indian Reserve,50.7789875,-121.8457377,10,5931,squamish-lillooet,Squamish-Lillooet,squamish-lillooet,Squamish-Lillooet,lillooet,Lillooet & Bridge River,Lillooet,FALSE,pass,road,nearest,11.3
64969,Fountain 10,Indian Reserve,50.7664866,-121.9179619,5,5931,squamish-lillooet,Squamish-Lillooet,squamish-lillooet,Squamish-Lillooet,lillooet,Lillooet & Bridge River,Lillooet,FALSE,pass,road,nearest,8.1
64569,Necait 6,Indian Reserve,50.6998154,-122.2846387,5,5931,squamish-lillooet,Squamish-Lillooet,squamish-lillooet,Squamish-Lillooet,lillooet,Lillooet & Bridge River,Lillooet,FALSE,pass,road,nearest,24.7
65733,Nesikep 6,Indian Reserve,50.5498201,-121.7846183,5,5931,squamish-lillooet,Squamish-Lillooet,squamish-lillooet,Squamish-Lillooet,lillooet,Lillooet & Bridge River,Lillooet,FALSE,pass,road,nearest,19.2
64968,Fountain 11,Indian Reserve,50.7206530,-121.9110160,0,5931,squamish-lillooet,Squamish-Lillooet,squamish-lillooet,Squamish-Lillooet,lillooet,Lillooet & Bridge River,Lillooet,FALSE,pass,road,nearest,3.4
64959,Fountain 3A,Indian Reserve,50.7664875,-121.8346259,0,5931,squamish-lillooet,Squamish-Lillooet,squamish-lillooet,Squamish-Lillooet,lillooet,Lillooet & Bridge River,Lillooet,FALSE,pass,road,nearest,10.7
64963,Fountain Creek 8,Indian Reserve,50.6998204,-121.8346241,0,5931,squamish-lillooet,Squamish-Lillooet,squamish-lillooet,Squamish-Lillooet,lillooet,Lillooet & Bridge River,Lillooet,FALSE,pass,road,nearest,7.0
64407,Seton Lake 5,Indian Reserve,50.6664852,-121.9846280,0,5931,squamish-lillooet,Squamish-Lillooet,squamish-lillooet,Squamish-Lillooet,lillooet,Lillooet & Bridge River,Lillooet,FALSE,pass,road,nearest,4.7
64563,Seton Lake 5A,Indian Reserve,50.7164820,-122.3013063,0,5931,squamish-lillooet,Squamish-Lillooet,squamish-lillooet,Squamish-Lillooet,lillooet,Lillooet & Bridge River,Lillooet,FALSE,pass,road,nearest,26.0
65719,Bootahnie 15,Indian Reserve,50.3998219,-121.5346062,247,5933,thompson-nicola,Thompson-Nicola,thompson-nicola,Thompson-Nicola,lytton,Lytton & the Thompson Canyon,Lytton,FALSE,road,road,nearest,19.1
65715,Cameron Bar 13,Indian Reserve,50.3664868,-121.6846101,247,5933,thompson-nicola,Thompson-Nicola,thompson-nicola,Thompson-Nicola,lytton,Lytton & the Thompson Canyon,Lytton,FALSE,road,road,nearest,16.7
2538,Clapperton,Locality,50.3331583,-121.2179274,247,5933,thompson-nicola,Thompson-Nicola,thompson-nicola,Thompson-Nicola,lytton,Lytton & the Thompson Canyon,Lytton,FALSE,road,road,nearest,28.2
65644,Dufferin 10,Indian Reserve,50.0720422,-121.5512647,247,5933,thompson-nicola,Thompson-Nicola,thompson-nicola,Thompson-Nicola,lytton,Lytton & the Thompson Canyon,Lytton,FALSE,road,road,nearest,17.8
65666,Enhalt 11,Indian Reserve,50.3331572,-121.3179307,247,5933,thompson-nicola,Thompson-Nicola,thompson-nicola,Thompson-Nicola,lytton,Lytton & the Thompson Canyon,Lytton,FALSE,road,road,nearest,21.9
65747,Gulada 3A,Indian Reserve,50.3164896,-121.4012663,247,5933,thompson-nicola,Thompson-Nicola,thompson-nicola,Thompson-Nicola,lytton,Lytton & the Thompson Canyon,Lytton,FALSE,road,road,nearest,15.9
65713,Halhalaeden 14A,Indian Reserve,50.2998205,-121.6179395,247,5933,thompson-nicola,Thompson-Nicola,thompson-nicola,Thompson-Nicola,lytton,Lytton & the Thompson Canyon,Lytton,FALSE,road,road,nearest,8.1
65693,Humhampt 6,Indian Reserve,50.1664868,-121.5846016,247,5933,thompson-nicola,Thompson-Nicola,thompson-nicola,Thompson-Nicola,lytton,Lytton & the Thompson Canyon,Lytton,FALSE,road,road,nearest,7.2
65703,Humhampt 6A,Indian Reserve,50.1664868,-121.5846016,247,5933,thompson-nicola,Thompson-Nicola,thompson-nicola,Thompson-Nicola,lytton,Lytton & the Thompson Canyon,Lytton,FALSE,road,road,nearest,7.2
65755,Inkluckcheen 21,Indian Reserve,50.2664873,-121.5846042,247,5933,thompson-nicola,Thompson-Nicola,thompson-nicola,Thompson-Nicola,lytton,Lytton & the Thompson Canyon,Lytton,FALSE,road,road,nearest,3.9
65521,Kanaka Bar 1A,Indian Reserve,50.1164867,-121.5679331,247,5933,thompson-nicola,Thompson-Nicola,thompson-nicola,Thompson-Nicola,lytton,Lytton & the Thompson Canyon,Lytton,FALSE,road,road,nearest,12.8
65520,Kanaka Bar 2,Indian Reserve,50.1164867,-121.5679331,247,5933,thompson-nicola,Thompson-Nicola,thompson-nicola,Thompson-Nicola,lytton,Lytton & the Thompson Canyon,Lytton,FALSE,road,road,nearest,12.8
65749,Klahkowit 5,Indian Reserve,50.3164896,-121.4012663,247,5933,thompson-nicola,Thompson-Nicola,thompson-nicola,Thompson-Nicola,lytton,Lytton & the Thompson Canyon,Lytton,FALSE,road,road,nearest,15.9
65759,Kleetlekut 22A,Indian Reserve,50.2498207,-121.5679366,247,5933,thompson-nicola,Thompson-Nicola,thompson-nicola,Thompson-Nicola,lytton,Lytton & the Thompson Canyon,Lytton,FALSE,road,road,nearest,2.3
65696,Kupchynalth 1,Indian Reserve,50.1331536,-121.5512663,247,5933,thompson-nicola,Thompson-Nicola,thompson-nicola,Thompson-Nicola,lytton,Lytton & the Thompson Canyon,Lytton,FALSE,road,road,nearest,11.1
65745,Kykinalko 2,Indian Reserve,50.2664895,-121.3845978,247,5933,thompson-nicola,Thompson-Nicola,thompson-nicola,Thompson-Nicola,lytton,Lytton & the Thompson Canyon,Lytton,FALSE,road,road,nearest,14.5
65716,Lytton 13A,Indian Reserve,50.3998203,-121.6846110,247,5933,thompson-nicola,Thompson-Nicola,thompson-nicola,Thompson-Nicola,lytton,Lytton & the Thompson Canyon,Lytton,FALSE,road,road,nearest,20.1
65758,Lytton 21A,Indian Reserve,50.2831541,-121.5846047,247,5933,thompson-nicola,Thompson-Nicola,thompson-nicola,Thompson-Nicola,lytton,Lytton & the Thompson Canyon,Lytton,FALSE,road,road,nearest,5.8
65766,Lytton 26A,Indian Reserve,50.1831533,-121.6012692,247,5933,thompson-nicola,Thompson-Nicola,thompson-nicola,Thompson-Nicola,lytton,Lytton & the Thompson Canyon,Lytton,FALSE,road,road,nearest,5.5
65767,Lytton 27B,Indian Reserve,50.2331536,-121.6012706,247,5933,thompson-nicola,Thompson-Nicola,thompson-nicola,Thompson-Nicola,lytton,Lytton & the Thompson Canyon,Lytton,FALSE,road,road,nearest,1.4
65738,Lytton 31,Indian Reserve,50.1998201,-121.6012697,247,5933,thompson-nicola,Thompson-Nicola,thompson-nicola,Thompson-Nicola,lytton,Lytton & the Thompson Canyon,Lytton,FALSE,road,road,nearest,3.8
65739,Lytton 32,Indian Reserve,50.4164870,-121.6846115,247,5933,thompson-nicola,Thompson-Nicola,thompson-nicola,Thompson-Nicola,lytton,Lytton & the Thompson Canyon,Lytton,FALSE,road,road,nearest,21.9
65740,Lytton 33,Indian Reserve,50.4164867,-121.7179459,247,5933,thompson-nicola,Thompson-Nicola,thompson-nicola,Thompson-Nicola,lytton,Lytton & the Thompson Canyon,Lytton,FALSE,road,road,nearest,22.8
65727,Lytton 3A,Indian Reserve,50.3498202,-121.6679425,247,5933,thompson-nicola,Thompson-Nicola,thompson-nicola,Thompson-Nicola,lytton,Lytton & the Thompson Canyon,Lytton,FALSE,road,road,nearest,14.6
65732,Lytton 4B,Indian Reserve,50.4498202,-121.7179468,247,5933,thompson-nicola,Thompson-Nicola,thompson-nicola,Thompson-Nicola,lytton,Lytton & the Thompson Canyon,Lytton,FALSE,road,road,nearest,26.2
65731,Lytton 4C,Indian Reserve,50.4498202,-121.7179468,247,5933,thompson-nicola,Thompson-Nicola,thompson-nicola,Thompson-Nicola,lytton,Lytton & the Thompson Canyon,Lytton,FALSE,road,road,nearest,26.2
65730,Lytton 4D,Indian Reserve,50.4664870,-121.7179472,247,5933,thompson-nicola,Thompson-Nicola,thompson-nicola,Thompson-Nicola,lytton,Lytton & the Thompson Canyon,Lytton,FALSE,road,road,nearest,27.9
65736,Lytton 4F,Indian Reserve,50.4164869,-121.7012787,247,5933,thompson-nicola,Thompson-Nicola,thompson-nicola,Thompson-Nicola,lytton,Lytton & the Thompson Canyon,Lytton,FALSE,road,road,nearest,22.3
65734,Lytton 5A,Indian Reserve,50.5164869,-121.7512830,247,5933,thompson-nicola,Thompson-Nicola,thompson-nicola,Thompson-Nicola,lytton,Lytton & the Thompson Canyon,Lytton,FALSE,road,road,nearest,33.9
65706,Maka 8,Indian Reserve,50.2664877,-121.5512698,247,5933,thompson-nicola,Thompson-Nicola,thompson-nicola,Thompson-Nicola,lytton,Lytton & the Thompson Canyon,Lytton,FALSE,road,road,nearest,4.5
65702,Nahamanak 7,Indian Reserve,50.1397222,-121.5819444,247,5933,thompson-nicola,Thompson-Nicola,thompson-nicola,Thompson-Nicola,lytton,Lytton & the Thompson Canyon,Lytton,FALSE,road,road,nearest,10.2
65724,Nananahout 1,Indian Reserve,50.4331551,-121.5679415,247,5933,thompson-nicola,Thompson-Nicola,thompson-nicola,Thompson-Nicola,lytton,Lytton & the Thompson Canyon,Lytton,FALSE,road,road,nearest,22.5
65664,Naykikoulth 13,Indian Reserve,50.3331582,-121.2345947,247,5933,thompson-nicola,Thompson-Nicola,thompson-nicola,Thompson-Nicola,lytton,Lytton & the Thompson Canyon,Lytton,FALSE,road,road,nearest,27.1
59962,Ngwyu'Yemc 36,Indian Reserve,50.3036111,-121.5555556,247,5933,thompson-nicola,Thompson-Nicola,thompson-nicola,Thompson-Nicola,lytton,Lytton & the Thompson Canyon,Lytton,FALSE,road,road,nearest,8.3
65753,Nocten 19,Indian Reserve,50.2664880,-121.5179354,247,5933,thompson-nicola,Thompson-Nicola,thompson-nicola,Thompson-Nicola,lytton,Lytton & the Thompson Canyon,Lytton,FALSE,road,road,nearest,6.0
65722,Nuuautin 2A,Indian Reserve,50.2498205,-121.5846038,247,5933,thompson-nicola,Thompson-Nicola,thompson-nicola,Thompson-Nicola,lytton,Lytton & the Thompson Canyon,Lytton,FALSE,road,road,nearest,2.1
65721,Nuuautin 2B,Indian Reserve,50.2664873,-121.5846042,247,5933,thompson-nicola,Thompson-Nicola,thompson-nicola,Thompson-Nicola,lytton,Lytton & the Thompson Canyon,Lytton,FALSE,road,road,nearest,3.9
65654,Papsilqua 13,Indian Reserve,50.3164923,-121.1512582,247,5933,thompson-nicola,Thompson-Nicola,thompson-nicola,Thompson-Nicola,lytton,Lytton & the Thompson Canyon,Lytton,FALSE,road,road,nearest,32.0
65768,Papyum 27A,Indian Reserve,50.2331536,-121.6012706,247,5933,thompson-nicola,Thompson-Nicola,thompson-nicola,Thompson-Nicola,lytton,Lytton & the Thompson Canyon,Lytton,FALSE,road,road,nearest,1.4
65519,Pegleg 3,Indian Reserve,50.1164869,-121.5512658,247,5933,thompson-nicola,Thompson-Nicola,thompson-nicola,Thompson-Nicola,lytton,Lytton & the Thompson Canyon,Lytton,FALSE,road,road,nearest,12.9
65518,Pegleg 3A,Indian Reserve,50.1164869,-121.5512658,247,5933,thompson-nicola,Thompson-Nicola,thompson-nicola,Thompson-Nicola,lytton,Lytton & the Thompson Canyon,Lytton,FALSE,road,road,nearest,12.9
65081,Pooeyelth 3,Indian Reserve,50.1664868,-121.5846016,247,5933,thompson-nicola,Thompson-Nicola,thompson-nicola,Thompson-Nicola,lytton,Lytton & the Thompson Canyon,Lytton,FALSE,road,road,nearest,7.2
65663,Putkwa 14,Indian Reserve,50.2498216,-121.4846006,247,5933,thompson-nicola,Thompson-Nicola,thompson-nicola,Thompson-Nicola,lytton,Lytton & the Thompson Canyon,Lytton,FALSE,road,road,nearest,7.2
65746,Sackum 3,Indian Reserve,50.3164896,-121.4012663,247,5933,thompson-nicola,Thompson-Nicola,thompson-nicola,Thompson-Nicola,lytton,Lytton & the Thompson Canyon,Lytton,FALSE,road,road,nearest,15.9
65534,Schikaelton 16,Indian Reserve,50.4164907,-121.3512673,247,5933,thompson-nicola,Thompson-Nicola,thompson-nicola,Thompson-Nicola,lytton,Lytton & the Thompson Canyon,Lytton,FALSE,road,road,nearest,26.3
65546,Shawniken 4B,Indian Reserve,50.4164907,-121.3512673,247,5933,thompson-nicola,Thompson-Nicola,thompson-nicola,Thompson-Nicola,lytton,Lytton & the Thompson Canyon,Lytton,FALSE,road,road,nearest,26.3
65751,Shoskhost 7,Indian Reserve,50.2664889,-121.4345994,247,5933,thompson-nicola,Thompson-Nicola,thompson-nicola,Thompson-Nicola,lytton,Lytton & the Thompson Canyon,Lytton,FALSE,road,road,nearest,11.2
65662,Shuouchten 15,Indian Reserve,50.2664886,-121.4679338,247,5933,thompson-nicola,Thompson-Nicola,thompson-nicola,Thompson-Nicola,lytton,Lytton & the Thompson Canyon,Lytton,FALSE,road,road,nearest,9.0
65691,Siska Flat 5A,Indian Reserve,50.1486111,-121.5708333,247,5933,thompson-nicola,Thompson-Nicola,thompson-nicola,Thompson-Nicola,lytton,Lytton & the Thompson Canyon,Lytton,FALSE,road,road,nearest,9.2
65694,Siska Flat 5B,Indian Reserve,50.1498200,-121.5846011,247,5933,thompson-nicola,Thompson-Nicola,thompson-nicola,Thompson-Nicola,lytton,Lytton & the Thompson Canyon,Lytton,FALSE,road,road,nearest,9.0
65665,Skaynaneichst 12,Indian Reserve,50.3498246,-121.2679295,247,5933,thompson-nicola,Thompson-Nicola,thompson-nicola,Thompson-Nicola,lytton,Lytton & the Thompson Canyon,Lytton,FALSE,road,road,nearest,25.9
65668,Skeikut 9,Indian Reserve,50.2998241,-121.2845954,247,5933,thompson-nicola,Thompson-Nicola,thompson-nicola,Thompson-Nicola,lytton,Lytton & the Thompson Canyon,Lytton,FALSE,road,road,nearest,22.4
65748,Skhpowtz 4,Indian Reserve,50.2998228,-121.4012658,247,5933,thompson-nicola,Thompson-Nicola,thompson-nicola,Thompson-Nicola,lytton,Lytton & the Thompson Canyon,Lytton,FALSE,road,road,nearest,14.9
65620,Skoonkoon 2,Indian Reserve,50.3664899,-121.4012676,247,5933,thompson-nicola,Thompson-Nicola,thompson-nicola,Thompson-Nicola,lytton,Lytton & the Thompson Canyon,Lytton,FALSE,road,road,nearest,19.8
65128,Skuppah 1,Indian Reserve,50.1752778,-121.5655556,247,5933,thompson-nicola,Thompson-Nicola,thompson-nicola,Thompson-Nicola,lytton,Lytton & the Thompson Canyon,Lytton,FALSE,road,road,nearest,6.3
65088,Skuppah 3A,Indian Reserve,50.1664868,-121.5846016,247,5933,thompson-nicola,Thompson-Nicola,thompson-nicola,Thompson-Nicola,lytton,Lytton & the Thompson Canyon,Lytton,FALSE,road,road,nearest,7.2
65086,Skuppah 4A,Indian Reserve,50.1664870,-121.5679344,247,5933,thompson-nicola,Thompson-Nicola,thompson-nicola,Thompson-Nicola,lytton,Lytton & the Thompson Canyon,Lytton,FALSE,road,road,nearest,7.2
65750,Sleetsis 6,Indian Reserve,50.3498231,-121.4012672,247,5933,thompson-nicola,Thompson-Nicola,thompson-nicola,Thompson-Nicola,lytton,Lytton & the Thompson Canyon,Lytton,FALSE,road,road,nearest,18.4
65653,Soldatquo 12,Indian Reserve,50.3498256,-121.1679263,247,5933,thompson-nicola,Thompson-Nicola,thompson-nicola,Thompson-Nicola,lytton,Lytton & the Thompson Canyon,Lytton,FALSE,road,road,nearest,32.2
65548,Spences Bridge 4C,Indian Reserve,50.4164909,-121.3346001,247,5933,thompson-nicola,Thompson-Nicola,thompson-nicola,Thompson-Nicola,lytton,Lytton & the Thompson Canyon,Lytton,FALSE,road,road,nearest,27.1
65667,Squianny 10,Indian Reserve,50.3498240,-121.3179311,247,5933,thompson-nicola,Thompson-Nicola,thompson-nicola,Thompson-Nicola,lytton,Lytton & the Thompson Canyon,Lytton,FALSE,road,road,nearest,22.9
65641,Staiyahanny 8,Indian Reserve,50.0664866,-121.5512645,247,5933,thompson-nicola,Thompson-Nicola,thompson-nicola,Thompson-Nicola,lytton,Lytton & the Thompson Canyon,Lytton,FALSE,road,road,nearest,18.4
65720,Two Mile Creek 16,Indian Reserve,50.2498209,-121.5512694,247,5933,thompson-nicola,Thompson-Nicola,thompson-nicola,Thompson-Nicola,lytton,Lytton & the Thompson Canyon,Lytton,FALSE,road,road,nearest,3.0
65717,Two Mile Creek 16A,Indian Reserve,50.2498209,-121.5512694,247,5933,thompson-nicola,Thompson-Nicola,thompson-nicola,Thompson-Nicola,lytton,Lytton & the Thompson Canyon,Lytton,FALSE,road,road,nearest,3.0
65752,Unpukpulquatum 8,Indian Reserve,50.2664891,-121.4179322,247,5933,thompson-nicola,Thompson-Nicola,thompson-nicola,Thompson-Nicola,lytton,Lytton & the Thompson Canyon,Lytton,FALSE,road,road,nearest,12.3
65517,Whyeek 4,Indian Reserve,50.1125000,-121.5736111,247,5933,thompson-nicola,Thompson-Nicola,thompson-nicola,Thompson-Nicola,lytton,Lytton & the Thompson Canyon,Lytton,FALSE,road,road,nearest,13.2
65543,Chuchhriaschin 5,Indian Reserve,50.4664912,-121.3346015,217,5933,thompson-nicola,Thompson-Nicola,thompson-nicola,Thompson-Nicola,lytton,Lytton & the Thompson Canyon,Lytton,FALSE,road,road,nearest,31.5
65799,Chuchhriaschin 5A,Indian Reserve,50.4498242,-121.3512682,217,5933,thompson-nicola,Thompson-Nicola,thompson-nicola,Thompson-Nicola,lytton,Lytton & the Thompson Canyon,Lytton,FALSE,road,road,nearest,29.3
65617,Kumcheen 1,Indian Reserve,50.4331578,-121.3179334,217,5933,thompson-nicola,Thompson-Nicola,thompson-nicola,Thompson-Nicola,lytton,Lytton & the Thompson Canyon,Lytton,FALSE,road,road,nearest,29.2
65833,Lish-Leesh-Tum 17,Indian Reserve,50.4331576,-121.3346006,217,5933,thompson-nicola,Thompson-Nicola,thompson-nicola,Thompson-Nicola,lytton,Lytton & the Thompson Canyon,Lytton,FALSE,road,road,nearest,28.5
65545,Lower Shawniken 4A,Indian Reserve,50.4164905,-121.3679345,217,5933,thompson-nicola,Thompson-Nicola,thompson-nicola,Thompson-Nicola,lytton,Lytton & the Thompson Canyon,Lytton,FALSE,road,road,nearest,25.6
65544,Nicoelton 6,Indian Reserve,50.4998242,-121.3846040,217,5933,thompson-nicola,Thompson-Nicola,thompson-nicola,Thompson-Nicola,lytton,Lytton & the Thompson Canyon,Lytton,FALSE,road,road,nearest,33.0
65619,Shawniken 3,Indian Reserve,50.4164905,-121.3679345,217,5933,thompson-nicola,Thompson-Nicola,thompson-nicola,Thompson-Nicola,lytton,Lytton & the Thompson Canyon,Lytton,FALSE,road,road,nearest,25.6
16462,Spences Bridge,Community,50.4219444,-121.3438889,217,5933,thompson-nicola,Thompson-Nicola,thompson-nicola,Thompson-Nicola,lytton,Lytton & the Thompson Canyon,Lytton,FALSE,road,road,nearest,27.1
65547,Spences Bridge 4,Indian Reserve,50.4164905,-121.3679345,217,5933,thompson-nicola,Thompson-Nicola,thompson-nicola,Thompson-Nicola,lytton,Lytton & the Thompson Canyon,Lytton,FALSE,road,road,nearest,25.6
35858,Lytton,Village,50.2311111,-121.5813889,216,5933,thompson-nicola,Thompson-Nicola,thompson-nicola,Thompson-Nicola,lytton,Lytton & the Thompson Canyon,Lytton,TRUE,road,road,hub,0.0
65737,Papyum Graveyard 27C,Indian Reserve,50.2331538,-121.5846033,210,5933,thompson-nicola,Thompson-Nicola,thompson-nicola,Thompson-Nicola,lytton,Lytton & the Thompson Canyon,Lytton,FALSE,road,road,nearest,0.3
65082,Skuppah 2B,Indian Reserve,50.1998203,-121.5846025,210,5933,thompson-nicola,Thompson-Nicola,thompson-nicola,Thompson-Nicola,lytton,Lytton & the Thompson Canyon,Lytton,FALSE,road,road,nearest,3.5
65761,Tuckozap 24,Indian Reserve,50.2331538,-121.5846033,210,5933,thompson-nicola,Thompson-Nicola,thompson-nicola,Thompson-Nicola,lytton,Lytton & the Thompson Canyon,Lytton,FALSE,road,road,nearest,0.3
65695,Kupchynalth 2,Indian Reserve,50.1331534,-121.5679335,101,5933,thompson-nicola,Thompson-Nicola,thompson-nicola,Thompson-Nicola,lytton,Lytton & the Thompson Canyon,Lytton,FALSE,road,road,nearest,10.9
65697,Moosh 4,Indian Reserve,50.1331534,-121.5679335,101,5933,thompson-nicola,Thompson-Nicola,thompson-nicola,Thompson-Nicola,lytton,Lytton & the Thompson Canyon,Lytton,FALSE,road,road,nearest,10.9
65723,Nuuautin 2,Indian Reserve,50.2664873,-121.5846042,101,5933,thompson-nicola,Thompson-Nicola,thompson-nicola,Thompson-Nicola,lytton,Lytton & the Thompson Canyon,Lytton,FALSE,road,road,nearest,3.9
65698,Siska Flat 3,Indian Reserve,50.1331534,-121.5679335,101,5933,thompson-nicola,Thompson-Nicola,thompson-nicola,Thompson-Nicola,lytton,Lytton & the Thompson Canyon,Lytton,FALSE,road,road,nearest,10.9
65705,Siska Flat 8,Indian Reserve,50.1331534,-121.5679335,101,5933,thompson-nicola,Thompson-Nicola,thompson-nicola,Thompson-Nicola,lytton,Lytton & the Thompson Canyon,Lytton,FALSE,road,road,nearest,10.9
65754,Klickkumcheen 18,Indian Reserve,50.2331538,-121.5846033,82,5933,thompson-nicola,Thompson-Nicola,thompson-nicola,Thompson-Nicola,lytton,Lytton & the Thompson Canyon,Lytton,FALSE,road,road,nearest,0.3
65522,Nekliptum 1,Indian Reserve,50.1164869,-121.5512658,66,5933,thompson-nicola,Thompson-Nicola,thompson-nicola,Thompson-Nicola,lytton,Lytton & the Thompson Canyon,Lytton,FALSE,road,road,nearest,12.9
65707,Stryen 9,Indian Reserve,50.2831535,-121.6346063,57,5933,thompson-nicola,Thompson-Nicola,thompson-nicola,Thompson-Nicola,lytton,Lytton & the Thompson Canyon,Lytton,FALSE,road,road,nearest,6.9
65656,Shackan 11,Indian Reserve,50.2831582,-121.2012589,50,5933,thompson-nicola,Thompson-Nicola,thompson-nicola,Thompson-Nicola,lytton,Lytton & the Thompson Canyon,Lytton,FALSE,road,road,nearest,27.6
65744,Nicomen 1,Indian Reserve,50.2664893,-121.4012650,41,5933,thompson-nicola,Thompson-Nicola,thompson-nicola,Thompson-Nicola,lytton,Lytton & the Thompson Canyon,Lytton,FALSE,road,road,nearest,13.4
65765,Papyum 27,Indian Reserve,50.2331538,-121.5846033,35,5933,thompson-nicola,Thompson-Nicola,thompson-nicola,Thompson-Nicola,lytton,Lytton & the Thompson Canyon,Lytton,FALSE,road,road,nearest,0.3
65764,Nickeyeah 25,Indian Reserve,50.1998203,-121.5846025,34,5933,thompson-nicola,Thompson-Nicola,thompson-nicola,Thompson-Nicola,lytton,Lytton & the Thompson Canyon,Lytton,FALSE,road,road,nearest,3.5
65718,Klahkamich 17,Indian Reserve,50.2331538,-121.5846033,33,5933,thompson-nicola,Thompson-Nicola,thompson-nicola,Thompson-Nicola,lytton,Lytton & the Thompson Canyon,Lytton,FALSE,road,road,nearest,0.3
65084,Inklyuhkinatko 2,Indian Reserve,50.1831535,-121.5846020,26,5933,thompson-nicola,Thompson-Nicola,thompson-nicola,Thompson-Nicola,lytton,Lytton & the Thompson Canyon,Lytton,FALSE,road,road,nearest,5.3
65756,Kitzowit 20,Indian Reserve,50.1998205,-121.5679353,21,5933,thompson-nicola,Thompson-Nicola,thompson-nicola,Thompson-Nicola,lytton,Lytton & the Thompson Canyon,Lytton,FALSE,road,road,nearest,3.6
65760,Kleetlekut 22,Indian Reserve,50.2664875,-121.5679370,15,5933,thompson-nicola,Thompson-Nicola,thompson-nicola,Thompson-Nicola,lytton,Lytton & the Thompson Canyon,Lytton,FALSE,road,road,nearest,4.0
65714,Halhalaeden 14,Indian Reserve,50.2998203,-121.6346067,10,5933,thompson-nicola,Thompson-Nicola,thompson-nicola,Thompson-Nicola,lytton,Lytton & the Thompson Canyon,Lytton,FALSE,road,road,nearest,8.5
65711,Lytton 9A,Indian Reserve,50.2998201,-121.6512739,10,5933,thompson-nicola,Thompson-Nicola,thompson-nicola,Thompson-Nicola,lytton,Lytton & the Thompson Canyon,Lytton,FALSE,road,road,nearest,9.1
65735,Seah 5,Indian Reserve,50.4998203,-121.7346154,10,5933,thompson-nicola,Thompson-Nicola,thompson-nicola,Thompson-Nicola,lytton,Lytton & the Thompson Canyon,Lytton,FALSE,road,road,nearest,31.8
65087,Skuppah 4,Indian Reserve,50.1664868,-121.5846016,10,5933,thompson-nicola,Thompson-Nicola,thompson-nicola,Thompson-Nicola,lytton,Lytton & the Thompson Canyon,Lytton,FALSE,road,road,nearest,7.2
65532,Entlqwekkinh 19,Indian Reserve,50.4664914,-121.3137674,5,5933,thompson-nicola,Thompson-Nicola,thompson-nicola,Thompson-Nicola,lytton,Lytton & the Thompson Canyon,Lytton,FALSE,road,road,nearest,32.3
65729,Lytton 4E,Indian Reserve,50.4331536,-121.7012791,5,5933,thompson-nicola,Thompson-Nicola,thompson-nicola,Thompson-Nicola,lytton,Lytton & the Thompson Canyon,Lytton,FALSE,road,road,nearest,24.0
65726,Nickel Palm 4,Indian Reserve,50.4498204,-121.7012796,5,5933,thompson-nicola,Thompson-Nicola,thompson-nicola,Thompson-Nicola,lytton,Lytton & the Thompson Canyon,Lytton,FALSE,road,road,nearest,25.8
65712,Nkaih 10,Indian Reserve,50.3164869,-121.6512744,5,5933,thompson-nicola,Thompson-Nicola,thompson-nicola,Thompson-Nicola,lytton,Lytton & the Thompson Canyon,Lytton,FALSE,road,road,nearest,10.7
65762,Nohomeen 23,Indian Reserve,50.2498204,-121.6012710,5,5933,thompson-nicola,Thompson-Nicola,thompson-nicola,Thompson-Nicola,lytton,Lytton & the Thompson Canyon,Lytton,FALSE,road,road,nearest,2.5
65763,Skwayaynope 26,Indian Reserve,50.1998203,-121.5846025,5,5933,thompson-nicola,Thompson-Nicola,thompson-nicola,Thompson-Nicola,lytton,Lytton & the Thompson Canyon,Lytton,FALSE,road,road,nearest,3.5
65728,Spintlum Flat 3,Indian Reserve,50.3331536,-121.6512748,5,5933,thompson-nicola,Thompson-Nicola,thompson-nicola,Thompson-Nicola,lytton,Lytton & the Thompson Canyon,Lytton,FALSE,road,road,nearest,12.4
65709,Yawaucht 11,Indian Reserve,50.3498202,-121.6679425,5,5933,thompson-nicola,Thompson-Nicola,thompson-nicola,Thompson-Nicola,lytton,Lytton & the Thompson Canyon,Lytton,FALSE,road,road,nearest,14.6
65692,Zacht 5,Indian Reserve,50.1536111,-121.5755556,5,5933,thompson-nicola,Thompson-Nicola,thompson-nicola,Thompson-Nicola,lytton,Lytton & the Thompson Canyon,Lytton,FALSE,road,road,nearest,8.6
65642,Boothroyd 8A,Indian Reserve,50.0498200,-121.5345969,0,5933,thompson-nicola,Thompson-Nicola,thompson-nicola,Thompson-Nicola,lytton,Lytton & the Thompson Canyon,Lytton,FALSE,road,road,nearest,20.4
65757,Inkluckcheen 21B,Indian Reserve,50.2831539,-121.6012719,0,5933,thompson-nicola,Thompson-Nicola,thompson-nicola,Thompson-Nicola,lytton,Lytton & the Thompson Canyon,Lytton,FALSE,road,road,nearest,6.0
3013,Kanaka Bar,Locality,50.1164867,-121.5679331,0,5933,thompson-nicola,Thompson-Nicola,thompson-nicola,Thompson-Nicola,lytton,Lytton & the Thompson Canyon,Lytton,FALSE,road,road,nearest,12.8
65541,Kloklowuck 7,Indian Reserve,50.3664917,-121.2345955,,5933,thompson-nicola,Thompson-Nicola,thompson-nicola,Thompson-Nicola,lytton,Lytton & the Thompson Canyon,Lytton,FALSE,road,road,nearest,28.9
65725,Lytton 4A,Indian Reserve,50.4498202,-121.7179468,0,5933,thompson-nicola,Thompson-Nicola,thompson-nicola,Thompson-Nicola,lytton,Lytton & the Thompson Canyon,Lytton,FALSE,road,road,nearest,26.2
65704,Lytton 9B,Indian Reserve,50.2664869,-121.6179386,0,5933,thompson-nicola,Thompson-Nicola,thompson-nicola,Thompson-Nicola,lytton,Lytton & the Thompson Canyon,Lytton,FALSE,road,road,nearest,4.7
65083,Skuppah 2A,Indian Reserve,50.1998203,-121.5846025,0,5933,thompson-nicola,Thompson-Nicola,thompson-nicola,Thompson-Nicola,lytton,Lytton & the Thompson Canyon,Lytton,FALSE,road,road,nearest,3.5
65710,Tsaukan 12,Indian Reserve,50.3664868,-121.6846101,0,5933,thompson-nicola,Thompson-Nicola,thompson-nicola,Thompson-Nicola,lytton,Lytton & the Thompson Canyon,Lytton,FALSE,road,road,nearest,16.7
65794,Twoyqhalsht 16,Indian Reserve,50.4280556,-121.3369444,0,5933,thompson-nicola,Thompson-Nicola,thompson-nicola,Thompson-Nicola,lytton,Lytton & the Thompson Canyon,Lytton,FALSE,road,road,nearest,27.9
3879,Mackenzie,District Municipality,55.3244444,-123.0927778,3389,5953,fraser-fort-george,Fraser-Fort George,fraser-fort-george,Fraser-Fort George,mackenzie,Mackenzie,Mackenzie,TRUE,road,road,hub,0.0
2108,Anzac,Locality,54.7625000,-122.5002778,365,5953,fraser-fort-george,Fraser-Fort George,fraser-fort-george,Fraser-Fort George,mackenzie,Mackenzie,Mackenzie,FALSE,road,road,nearest,73.0
10389,Azu Ski Village,Community,55.3599601,-122.6106559,365,5953,fraser-fort-george,Fraser-Fort George,fraser-fort-george,Fraser-Fort George,mackenzie,Mackenzie,Mackenzie,FALSE,road,road,nearest,30.7
60442,Blue Lake 24,Indian Reserve,54.9958333,-123.0925000,365,5953,fraser-fort-george,Fraser-Fort George,fraser-fort-george,Fraser-Fort George,mackenzie,Mackenzie,Mackenzie,FALSE,road,road,nearest,36.5
64878,Carp Lake 3,Indian Reserve,54.7831768,-123.4181400,365,5953,fraser-fort-george,Fraser-Fort George,fraser-fort-george,Fraser-Fort George,mackenzie,Mackenzie,Mackenzie,FALSE,road,road,nearest,63.7
68922,Carp South 7,Indian Reserve,54.6938889,-123.3069444,365,5953,fraser-fort-george,Fraser-Fort George,fraser-fort-george,Fraser-Fort George,mackenzie,Mackenzie,Mackenzie,FALSE,road,road,nearest,71.4
60430,Kerry Lake East 9,Indian Reserve,54.7277778,-122.7366667,365,5953,fraser-fort-george,Fraser-Fort George,fraser-fort-george,Fraser-Fort George,mackenzie,Mackenzie,Mackenzie,FALSE,road,road,nearest,70.1
60429,Kerry Lake West 8,Indian Reserve,54.7141667,-122.8105556,365,5953,fraser-fort-george,Fraser-Fort George,fraser-fort-george,Fraser-Fort George,mackenzie,Mackenzie,Mackenzie,FALSE,road,road,nearest,70.2
60440,McIntyre Lake 23,Indian Reserve,55.0477778,-123.0852778,365,5953,fraser-fort-george,Fraser-Fort George,fraser-fort-george,Fraser-Fort George,mackenzie,Mackenzie,Mackenzie,FALSE,road,road,nearest,30.8
20585,McLeod Lake,Community,54.9868800,-123.0331400,365,5953,fraser-fort-george,Fraser-Fort George,fraser-fort-george,Fraser-Fort George,mackenzie,Mackenzie,Mackenzie,FALSE,road,road,nearest,37.7
64873,McLeod Lake 5,Indian Reserve,54.9498510,-122.9847975,365,5953,fraser-fort-george,Fraser-Fort George,fraser-fort-george,Fraser-Fort George,mackenzie,Mackenzie,Mackenzie,FALSE,road,road,nearest,42.2
64875,Pack River 2,Indian Reserve,55.0165179,-123.0514689,365,5953,fraser-fort-george,Fraser-Fort George,fraser-fort-george,Fraser-Fort George,mackenzie,Mackenzie,Mackenzie,FALSE,road,road,nearest,34.3
65779,Parsnip 5,Indian Reserve,55.1331878,-122.9181352,365,5953,fraser-fort-george,Fraser-Fort George,fraser-fort-george,Fraser-Fort George,mackenzie,Mackenzie,Mackenzie,FALSE,road,road,nearest,24.0
60427,Quaw Island 25,Indian Reserve,54.9377778,-122.9788889,365,5953,fraser-fort-george,Fraser-Fort George,fraser-fort-george,Fraser-Fort George,mackenzie,Mackenzie,Mackenzie,FALSE,road,road,nearest,43.6
60428,Tacheeda Lake 14,Indian Reserve,54.6811111,-122.5691667,365,5953,fraser-fort-george,Fraser-Fort George,fraser-fort-george,Fraser-Fort George,mackenzie,Mackenzie,Mackenzie,FALSE,road,road,nearest,78.9
60426,Tom Cook 26,Indian Reserve,54.8502778,-122.8844444,365,5953,fraser-fort-george,Fraser-Fort George,fraser-fort-george,Fraser-Fort George,mackenzie,Mackenzie,Mackenzie,FALSE,road,road,nearest,54.4
65791,Tutu Creek 4,Indian Reserve,55.4331889,-123.2014897,365,5953,fraser-fort-george,Fraser-Fort George,fraser-fort-george,Fraser-Fort George,mackenzie,Mackenzie,Mackenzie,FALSE,road,road,nearest,13.9
64877,War Lake 4,Indian Reserve,54.8665127,-123.3014723,365,5953,fraser-fort-george,Fraser-Fort George,fraser-fort-george,Fraser-Fort George,mackenzie,Mackenzie,Mackenzie,FALSE,road,road,nearest,52.6
60425,Weedon Carp 6,Indian Reserve,54.7944444,-123.0866667,365,5953,fraser-fort-george,Fraser-Fort George,fraser-fort-george,Fraser-Fort George,mackenzie,Mackenzie,Mackenzie,FALSE,road,road,nearest,58.9
60443,Weedon Lake 27,Indian Reserve,54.6861111,-123.0430556,365,5953,fraser-fort-george,Fraser-Fort George,fraser-fort-george,Fraser-Fort George,mackenzie,Mackenzie,Mackenzie,FALSE,road,road,nearest,71.1
66022,Weston Bay 20,Indian Reserve,55.8425000,-123.7075000,365,5953,fraser-fort-george,Fraser-Fort George,fraser-fort-george,Fraser-Fort George,mackenzie,Mackenzie,Mackenzie,FALSE,road,road,nearest,69.4
66024,Mackenzie 19,Indian Reserve,55.3241667,-123.0961111,320,5953,fraser-fort-george,Fraser-Fort George,fraser-fort-george,Fraser-Fort George,mackenzie,Mackenzie,Mackenzie,FALSE,road,road,nearest,0.2
64876,McLeod Lake 1,Indian Reserve,54.9831840,-123.0514677,81,5953,fraser-fort-george,Fraser-Fort George,fraser-fort-george,Fraser-Fort George,mackenzie,Mackenzie,Mackenzie,FALSE,road,road,nearest,38.0
30269,Merritt,City,50.1125000,-120.7883333,7330,5933,thompson-nicola,Thompson-Nicola,thompson-nicola,Thompson-Nicola,merritt,Merritt & the Nicola Valley,Merritt,TRUE,pass,road,hub,0.0
17,Canford,Locality,50.1498263,-121.0012489,625,5933,thompson-nicola,Thompson-Nicola,thompson-nicola,Thompson-Nicola,merritt,Merritt & the Nicola Valley,Merritt,FALSE,pass,road,nearest,15.7
4752,Coyle,Community,50.1458902,-120.8784800,625,5933,thompson-nicola,Thompson-Nicola,thompson-nicola,Thompson-Nicola,merritt,Merritt & the Nicola Valley,Merritt,FALSE,pass,road,nearest,7.4
65536,Enquocto 14,Indian Reserve,50.4694444,-120.9552778,570,5933,thompson-nicola,Thompson-Nicola,thompson-nicola,Thompson-Nicola,merritt,Merritt & the Nicola Valley,Merritt,FALSE,pass,road,nearest,41.4
65565,Nicola Mameet 1,Indian Reserve,50.1664949,-120.8345773,513,5933,thompson-nicola,Thompson-Nicola,thompson-nicola,Thompson-Nicola,merritt,Merritt & the Nicola Valley,Merritt,FALSE,pass,road,nearest,6.8
19468,Shulus,Locality,50.1331612,-120.8512436,513,5933,thompson-nicola,Thompson-Nicola,thompson-nicola,Thompson-Nicola,merritt,Merritt & the Nicola Valley,Merritt,FALSE,pass,road,nearest,5.0
65188,Chapperon Creek 6,Indian Reserve,50.1998367,-120.0512192,511,5933,thompson-nicola,Thompson-Nicola,thompson-nicola,Thompson-Nicola,merritt,Merritt & the Nicola Valley,Merritt,FALSE,pass,road,nearest,53.4
65185,Chapperon Lake 5,Indian Reserve,50.2165033,-120.0678868,511,5933,thompson-nicola,Thompson-Nicola,thompson-nicola,Thompson-Nicola,merritt,Merritt & the Nicola Valley,Merritt,FALSE,pass,road,nearest,52.6
34891,Coutlee,Locality,50.1244444,-120.8261111,511,5933,thompson-nicola,Thompson-Nicola,thompson-nicola,Thompson-Nicola,merritt,Merritt & the Nicola Valley,Merritt,FALSE,pass,road,nearest,3.0
14791,Douglas Lake,Community,50.1665016,-120.2012232,511,5933,thompson-nicola,Thompson-Nicola,thompson-nicola,Thompson-Nicola,merritt,Merritt & the Nicola Valley,Merritt,FALSE,pass,road,nearest,42.3
65094,Hamilton Creek 2,Indian Reserve,50.1498315,-120.5178998,511,5933,thompson-nicola,Thompson-Nicola,thompson-nicola,Thompson-Nicola,merritt,Merritt & the Nicola Valley,Merritt,FALSE,pass,road,nearest,19.7
65563,Logan's 6,Indian Reserve,49.9831636,-120.5512300,511,5933,thompson-nicola,Thompson-Nicola,thompson-nicola,Thompson-Nicola,merritt,Merritt & the Nicola Valley,Merritt,FALSE,pass,road,nearest,22.2
71,Nicola,Community,50.1636618,-120.6656881,511,5933,thompson-nicola,Thompson-Nicola,thompson-nicola,Thompson-Nicola,merritt,Merritt & the Nicola Valley,Merritt,FALSE,pass,road,nearest,10.4
22313,Quilchena,Locality,50.1664984,-120.5012331,511,5933,thompson-nicola,Thompson-Nicola,thompson-nicola,Thompson-Nicola,merritt,Merritt & the Nicola Valley,Merritt,FALSE,pass,road,nearest,21.3
65190,Spahomin Creek 4,Indian Reserve,50.0665012,-120.1845535,511,5933,thompson-nicola,Thompson-Nicola,thompson-nicola,Thompson-Nicola,merritt,Merritt & the Nicola Valley,Merritt,FALSE,pass,road,nearest,43.4
65186,Spahomin Creek 8,Indian Reserve,50.0831676,-120.2178883,511,5933,thompson-nicola,Thompson-Nicola,thompson-nicola,Thompson-Nicola,merritt,Merritt & the Nicola Valley,Merritt,FALSE,pass,road,nearest,40.8
65556,Zoht 14,Indian Reserve,50.2331642,-120.6179053,511,5933,thompson-nicola,Thompson-Nicola,thompson-nicola,Thompson-Nicola,merritt,Merritt & the Nicola Valley,Merritt,FALSE,pass,road,nearest,18.1
65560,Zoht 5,Indian Reserve,50.2164975,-120.6179048,511,5933,thompson-nicola,Thompson-Nicola,thompson-nicola,Thompson-Nicola,merritt,Merritt & the Nicola Valley,Merritt,FALSE,pass,road,nearest,16.8
11493,Lower Nicola,Community,50.1511594,-120.8806923,501,5933,thompson-nicola,Thompson-Nicola,thompson-nicola,Thompson-Nicola,merritt,Merritt & the Nicola Valley,Merritt,FALSE,pass,road,nearest,7.9
65567,Pipseul 3,Indian Reserve,50.4672222,-120.8172222,499,5933,thompson-nicola,Thompson-Nicola,thompson-nicola,Thompson-Nicola,merritt,Merritt & the Nicola Valley,Merritt,FALSE,pass,road,nearest,39.5
10855,Collettville,Community,50.1069771,-120.8051980,478,5933,thompson-nicola,Thompson-Nicola,thompson-nicola,Thompson-Nicola,merritt,Merritt & the Nicola Valley,Merritt,FALSE,pass,road,nearest,1.4
60003,Antko 21,Indian Reserve,50.0841667,-120.7608333,377,5933,thompson-nicola,Thompson-Nicola,thompson-nicola,Thompson-Nicola,merritt,Merritt & the Nicola Valley,Merritt,FALSE,pass,road,nearest,3.7
27631,Aspen Grove,Locality,49.9331627,-120.6178976,377,5933,thompson-nicola,Thompson-Nicola,thompson-nicola,Thompson-Nicola,merritt,Merritt & the Nicola Valley,Merritt,FALSE,pass,road,nearest,23.4
1131,Brookmere,Locality,49.8178816,-120.8762363,377,5933,thompson-nicola,Thompson-Nicola,thompson-nicola,Thompson-Nicola,merritt,Merritt & the Nicola Valley,Merritt,FALSE,pass,road,nearest,33.4
65615,Gwen Lake 3,Indian Reserve,50.0164948,-120.7679046,377,5933,thompson-nicola,Thompson-Nicola,thompson-nicola,Thompson-Nicola,merritt,Merritt & the Nicola Valley,Merritt,FALSE,pass,road,nearest,10.8
65613,Coldwater 1,Indian Reserve,50.0331608,-120.8345738,350,5933,thompson-nicola,Thompson-Nicola,thompson-nicola,Thompson-Nicola,merritt,Merritt & the Nicola Valley,Merritt,FALSE,pass,road,nearest,9.4
65661,Nooaitch Grass 9,Indian Reserve,50.1831597,-121.0179170,340,5933,thompson-nicola,Thompson-Nicola,thompson-nicola,Thompson-Nicola,merritt,Merritt & the Nicola Valley,Merritt,FALSE,pass,road,nearest,18.1
65557,Speous 8,Indian Reserve,50.1331596,-121.0012485,340,5933,thompson-nicola,Thompson-Nicola,thompson-nicola,Thompson-Nicola,merritt,Merritt & the Nicola Valley,Merritt,FALSE,pass,road,nearest,15.4
65187,Douglas Lake 3,Indian Reserve,50.1665011,-120.2512249,188,5933,thompson-nicola,Thompson-Nicola,thompson-nicola,Thompson-Nicola,merritt,Merritt & the Nicola Valley,Merritt,FALSE,pass,road,nearest,38.7
65676,Nooaitch 10,Indian Reserve,50.1998257,-121.0845863,170,5933,thompson-nicola,Thompson-Nicola,thompson-nicola,Thompson-Nicola,merritt,Merritt & the Nicola Valley,Merritt,FALSE,pass,road,nearest,23.2
65189,Nicola Lake 1,Indian Reserve,50.2164992,-120.4512327,148,5933,thompson-nicola,Thompson-Nicola,thompson-nicola,Thompson-Nicola,merritt,Merritt & the Nicola Valley,Merritt,FALSE,pass,road,nearest,26.7
65566,Joeyaska 2,Indian Reserve,50.0998288,-120.7512395,58,5933,thompson-nicola,Thompson-Nicola,thompson-nicola,Thompson-Nicola,merritt,Merritt & the Nicola Valley,Merritt,FALSE,pass,road,nearest,3.0
367,Agate,Locality,50.2664924,-121.1179224,50,5933,thompson-nicola,Thompson-Nicola,thompson-nicola,Thompson-Nicola,merritt,Merritt & the Nicola Valley,Merritt,FALSE,pass,road,nearest,29.0
65616,Paul's Basin 2,Indian Reserve,49.9664926,-120.9512426,35,5933,thompson-nicola,Thompson-Nicola,thompson-nicola,Thompson-Nicola,merritt,Merritt & the Nicola Valley,Merritt,FALSE,pass,road,nearest,20.0
65561,Zoht 4,Indian Reserve,50.1831634,-120.6679056,20,5933,thompson-nicola,Thompson-Nicola,thompson-nicola,Thompson-Nicola,merritt,Merritt & the Nicola Valley,Merritt,FALSE,pass,road,nearest,11.6
65562,Hamilton Creek 7,Indian Reserve,50.0664975,-120.5345649,0,5933,thompson-nicola,Thompson-Nicola,thompson-nicola,Thompson-Nicola,merritt,Merritt & the Nicola Valley,Merritt,FALSE,pass,road,nearest,18.8
9032,Nanaimo,City,49.1638889,-123.9380556,104022,5921,nanaimo,Nanaimo,nanaimo,Nanaimo,nanaimo,Nanaimo & Area,Nanaimo,TRUE,road,road,hub,0.0
8858,Lantzville,District Municipality,49.2505556,-124.0744444,3938,5921,nanaimo,Nanaimo,nanaimo,Nanaimo,nanaimo,Nanaimo & Area,Nanaimo,FALSE,road,road,nearest,13.8
677,Cinnabar Valley,Community,49.1089778,-123.9261363,1135,5921,nanaimo,Nanaimo,nanaimo,Nanaimo,nanaimo,Nanaimo & Area,Nanaimo,FALSE,road,road,nearest,6.2
38757,Gabriola,Community,49.1702652,-123.8468988,949,5921,nanaimo,Nanaimo,nanaimo,Nanaimo,nanaimo,Nanaimo & Area,Nanaimo,FALSE,road,ferry,zone:gabriola,6.7
28248,Extension,Community,49.0986111,-123.9569444,905,5921,nanaimo,Nanaimo,nanaimo,Nanaimo,nanaimo,Nanaimo & Area,Nanaimo,FALSE,road,road,nearest,7.4
38346,Chase River,Community,49.1308800,-123.9239336,778,5921,nanaimo,Nanaimo,nanaimo,Nanaimo,nanaimo,Nanaimo & Area,Nanaimo,FALSE,road,road,nearest,3.8
1678,East Wellington,Community,49.1799353,-124.0138078,630,5921,nanaimo,Nanaimo,nanaimo,Nanaimo,nanaimo,Nanaimo & Area,Nanaimo,FALSE,road,road,nearest,5.8
20112,Wellington,Community,49.2068574,-124.0184347,616,5921,nanaimo,Nanaimo,nanaimo,Nanaimo,nanaimo,Nanaimo & Area,Nanaimo,FALSE,road,road,nearest,7.5
65207,Gabriola Island 5,Indian Reserve,49.1331255,-123.7179749,603,5921,nanaimo,Nanaimo,nanaimo,Nanaimo,nanaimo,Nanaimo & Area,Nanaimo,FALSE,road,ferry,zone:gabriola,16.4
65209,Ma-Guala 6,Indian Reserve,49.1331255,-123.7179749,603,5921,nanaimo,Nanaimo,nanaimo,Nanaimo,nanaimo,Nanaimo & Area,Nanaimo,FALSE,road,ferry,zone:gabriola,16.4
17083,Northfield,Community,49.1902778,-123.9788889,582,5921,nanaimo,Nanaimo,nanaimo,Nanaimo,nanaimo,Nanaimo & Area,Nanaimo,FALSE,road,road,nearest,4.2
37625,Boat Harbour,Locality,49.0831244,-123.8013095,537,5921,nanaimo,Nanaimo,nanaimo,Nanaimo,nanaimo,Nanaimo & Area,Nanaimo,FALSE,road,road,nearest,13.4
3484,Cedar,Community,49.1157373,-123.8504896,504,5921,nanaimo,Nanaimo,nanaimo,Nanaimo,nanaimo,Nanaimo & Area,Nanaimo,FALSE,road,road,nearest,8.3
65205,Nanaimo River 4,Indian Reserve,49.1164571,-123.8679790,504,5921,nanaimo,Nanaimo,nanaimo,Nanaimo,nanaimo,Nanaimo & Area,Nanaimo,FALSE,road,road,nearest,7.3
20726,South Wellington,Community,49.0997902,-123.8846458,500,5921,nanaimo,Nanaimo,nanaimo,Nanaimo,nanaimo,Nanaimo & Area,Nanaimo,FALSE,road,road,nearest,8.1
37454,Cassidy,Community,49.0497900,-123.8846445,493,5921,nanaimo,Nanaimo,nanaimo,Nanaimo,nanaimo,Nanaimo & Area,Nanaimo,FALSE,road,road,nearest,13.3
7655,Harmac,Locality,49.1331240,-123.8513123,488,5921,nanaimo,Nanaimo,nanaimo,Nanaimo,nanaimo,Nanaimo & Area,Nanaimo,FALSE,road,road,nearest,7.2
14500,Departure Bay,Community,49.2001400,-123.9716400,401,5921,nanaimo,Nanaimo,nanaimo,Nanaimo,nanaimo,Nanaimo & Area,Nanaimo,FALSE,road,road,nearest,4.7
65206,Nanaimo Town 1,Indian Reserve,49.1497898,-123.9346486,386,5921,nanaimo,Nanaimo,nanaimo,Nanaimo,nanaimo,Nanaimo & Area,Nanaimo,FALSE,road,road,nearest,1.6
65208,Nanaimo River 2,Indian Reserve,49.1164569,-123.8846462,37,5921,nanaimo,Nanaimo,nanaimo,Nanaimo,nanaimo,Nanaimo & Area,Nanaimo,FALSE,road,road,nearest,6.6
65210,Nanaimo River 3,Indian Reserve,49.1164569,-123.8846462,37,5921,nanaimo,Nanaimo,nanaimo,Nanaimo,nanaimo,Nanaimo & Area,Nanaimo,FALSE,road,road,nearest,6.6
36874,New Aiyansh,Community,55.1973277,-129.0701892,749,5949,kitimat-stikine,Kitimat-Stikine,kitimat-stikine,Kitimat-Stikine,nass-valley,Nass Valley,New Aiyansh,TRUE,road,road,hub,0.0
39898,Gitwinksihlkw,Community,55.1930556,-129.2208333,430,5949,kitimat-stikine,Kitimat-Stikine,kitimat-stikine,Kitimat-Stikine,nass-valley,Nass Valley,New Aiyansh,FALSE,road,road,nearest,9.6
36156,Mill Bay,Locality,54.9928300,-129.8981000,430,5949,kitimat-stikine,Kitimat-Stikine,kitimat-stikine,Kitimat-Stikine,nass-valley,Nass Valley,New Aiyansh,FALSE,road,road,nearest,57.4
36865,Nass Camp,Community,55.2862001,-129.0004366,430,5949,kitimat-stikine,Kitimat-Stikine,kitimat-stikine,Kitimat-Stikine,nass-valley,Nass Valley,New Aiyansh,FALSE,road,road,nearest,10.8
64774,Red Bluff 88,Indian Reserve,54.9914310,-129.7016929,430,5949,kitimat-stikine,Kitimat-Stikine,kitimat-stikine,Kitimat-Stikine,nass-valley,Nass Valley,New Aiyansh,FALSE,road,road,nearest,46.2
36500,Cedarvale,Community,55.0185731,-128.3199163,425,5949,kitimat-stikine,Kitimat-Stikine,kitimat-stikine,Kitimat-Stikine,nass-valley,Nass Valley,New Aiyansh,FALSE,road,road,nearest,51.7
53996,Gingolx,Community,54.9942053,-129.9558678,367,5949,kitimat-stikine,Kitimat-Stikine,kitimat-stikine,Kitimat-Stikine,nass-valley,Nass Valley,New Aiyansh,FALSE,road,road,nearest,60.7
53994,Laxgalts'ap,Community,55.0303222,-129.5766905,248,5949,kitimat-stikine,Kitimat-Stikine,kitimat-stikine,Kitimat-Stikine,nass-valley,Nass Valley,New Aiyansh,FALSE,road,road,nearest,37.2
12599,Alice Arm,Locality,55.4831077,-129.4683730,48,5949,kitimat-stikine,Kitimat-Stikine,kitimat-stikine,Kitimat-Stikine,nass-valley,Nass Valley,New Aiyansh,FALSE,road,road,nearest,40.5
29,Cranberry Junction,Community,55.5996886,-128.5395313,48,5949,kitimat-stikine,Kitimat-Stikine,kitimat-stikine,Kitimat-Stikine,nass-valley,Nass Valley,New Aiyansh,FALSE,road,road,nearest,55.9
38020,Kitsault,Community,55.4571849,-129.4764206,48,5949,kitimat-stikine,Kitimat-Stikine,kitimat-stikine,Kitimat-Stikine,nass-valley,Nass Valley,New Aiyansh,FALSE,road,road,nearest,38.7
64764,Knames 45,Indian Reserve,54.7830891,-130.1183641,48,5949,kitimat-stikine,Kitimat-Stikine,kitimat-stikine,Kitimat-Stikine,nass-valley,Nass Valley,New Aiyansh,FALSE,road,road,nearest,81.2
64757,Knames 46,Indian Reserve,54.7830891,-130.1183641,48,5949,kitimat-stikine,Kitimat-Stikine,kitimat-stikine,Kitimat-Stikine,nass-valley,Nass Valley,New Aiyansh,FALSE,road,road,nearest,81.2
64762,Ksadagamks 43,Indian Reserve,54.7664176,-130.4517073,48,5949,kitimat-stikine,Kitimat-Stikine,kitimat-stikine,Kitimat-Stikine,nass-valley,Nass Valley,New Aiyansh,FALSE,road,road,nearest,100.3
64763,Ksadsks 44,Indian Reserve,54.7164160,-130.5183740,48,5949,kitimat-stikine,Kitimat-Stikine,kitimat-stikine,Kitimat-Stikine,nass-valley,Nass Valley,New Aiyansh,FALSE,road,road,nearest,106.8
64752,Maklaksadagmaks 41,Indian Reserve,54.7830847,-130.4350408,48,5949,kitimat-stikine,Kitimat-Stikine,kitimat-stikine,Kitimat-Stikine,nass-valley,Nass Valley,New Aiyansh,FALSE,road,road,nearest,98.5
64761,Maklaksadagmaks 42,Indian Reserve,54.8330846,-130.4850445,48,5949,kitimat-stikine,Kitimat-Stikine,kitimat-stikine,Kitimat-Stikine,nass-valley,Nass Valley,New Aiyansh,FALSE,road,road,nearest,98.9
64758,Me-yan-law 47,Indian Reserve,54.7164190,-130.3017005,48,5949,kitimat-stikine,Kitimat-Stikine,kitimat-stikine,Kitimat-Stikine,nass-valley,Nass Valley,New Aiyansh,FALSE,road,road,nearest,95.1
38682,Vanderhoof,District Municipality,54.0175000,-124.0075000,4537,5951,bulkley-nechako,Bulkley-Nechako,bulkley-nechako,Bulkley-Nechako,nechako,Nechako,Vanderhoof,TRUE,road,road,hub,0.0
38874,Fraser Lake,Village,54.0602778,-124.8438889,1008,5951,bulkley-nechako,Bulkley-Nechako,bulkley-nechako,Bulkley-Nechako,nechako,Nechako,Vanderhoof,FALSE,road,road,nearest,54.8
67908,Ulkah 3,Indian Reserve,53.5900000,-123.4444444,685,5951,bulkley-nechako,Bulkley-Nechako,bulkley-nechako,Bulkley-Nechako,nechako,Nechako,Vanderhoof,FALSE,road,road,nearest,60.2
67911,Umliisle 4,Indian Reserve,53.7541667,-123.6016667,685,5951,bulkley-nechako,Bulkley-Nechako,bulkley-nechako,Bulkley-Nechako,nechako,Nechako,Vanderhoof,FALSE,road,road,nearest,39.6
64850,Fraser Lake 2,Indian Reserve,54.0998195,-124.6348240,682,5951,bulkley-nechako,Bulkley-Nechako,bulkley-nechako,Bulkley-Nechako,nechako,Nechako,Vanderhoof,FALSE,road,road,nearest,42.0
933,Lejac,Locality,54.0498174,-124.7514928,531,5951,bulkley-nechako,Bulkley-Nechako,bulkley-nechako,Bulkley-Nechako,nechako,Nechako,Vanderhoof,FALSE,road,road,nearest,48.7
1852,Lily Lake,Locality,53.9164849,-124.5514813,531,5951,bulkley-nechako,Bulkley-Nechako,bulkley-nechako,Bulkley-Nechako,nechako,Nechako,Vanderhoof,FALSE,road,road,nearest,37.3
64810,Targe Creek 15,Indian Reserve,53.7331445,-124.9514882,531,5951,bulkley-nechako,Bulkley-Nechako,bulkley-nechako,Bulkley-Nechako,nechako,Nechako,Vanderhoof,FALSE,road,road,nearest,69.5
23059,Willowvale,Locality,54.0331543,-124.4514820,531,5951,bulkley-nechako,Bulkley-Nechako,bulkley-nechako,Bulkley-Nechako,nechako,Nechako,Vanderhoof,FALSE,road,road,nearest,29.1
38829,Sinkut River,Locality,53.9498270,-123.8681259,520,5951,bulkley-nechako,Bulkley-Nechako,bulkley-nechako,Bulkley-Nechako,nechako,Nechako,Vanderhoof,FALSE,road,road,nearest,11.8
4740,Mapes,Locality,53.8831596,-123.8681236,517,5951,bulkley-nechako,Bulkley-Nechako,bulkley-nechako,Bulkley-Nechako,nechako,Nechako,Vanderhoof,FALSE,road,road,nearest,17.5
64924,Sinkut Lake 8,Indian Reserve,53.9109365,-123.9681279,485,5951,bulkley-nechako,Bulkley-Nechako,bulkley-nechako,Bulkley-Nechako,nechako,Nechako,Vanderhoof,FALSE,road,road,nearest,12.1
64923,Tatuk Lake 7,Indian Reserve,53.5498172,-124.2847928,485,5951,bulkley-nechako,Bulkley-Nechako,bulkley-nechako,Bulkley-Nechako,nechako,Nechako,Vanderhoof,FALSE,road,road,nearest,55.1
20134,Weneez,Locality,53.9664925,-123.9847971,485,5951,bulkley-nechako,Bulkley-Nechako,bulkley-nechako,Bulkley-Nechako,nechako,Nechako,Vanderhoof,FALSE,road,road,nearest,5.9
588,Braeside,Community,54.0849402,-124.2494236,468,5951,bulkley-nechako,Bulkley-Nechako,bulkley-nechako,Bulkley-Nechako,nechako,Nechako,Vanderhoof,FALSE,road,road,nearest,17.5
9998,Engen,Community,54.0288889,-124.2944444,468,5951,bulkley-nechako,Bulkley-Nechako,bulkley-nechako,Bulkley-Nechako,nechako,Nechako,Vanderhoof,FALSE,road,road,nearest,18.8
64845,Fondeur 9,Indian Reserve,54.1498228,-124.4181517,468,5951,bulkley-nechako,Bulkley-Nechako,bulkley-nechako,Bulkley-Nechako,nechako,Nechako,Vanderhoof,FALSE,road,road,nearest,30.6
64929,Clustalach 5,Indian Reserve,53.9498222,-124.2681395,467,5951,bulkley-nechako,Bulkley-Nechako,bulkley-nechako,Bulkley-Nechako,nechako,Nechako,Vanderhoof,FALSE,road,road,nearest,18.6
64926,Corkscrew Creek 10,Indian Reserve,53.8831553,-124.2181355,467,5951,bulkley-nechako,Bulkley-Nechako,bulkley-nechako,Bulkley-Nechako,nechako,Nechako,Vanderhoof,FALSE,road,road,nearest,20.3
64925,Corkscrew Creek 9,Indian Reserve,53.9498211,-124.3514757,467,5951,bulkley-nechako,Bulkley-Nechako,bulkley-nechako,Bulkley-Nechako,nechako,Nechako,Vanderhoof,FALSE,road,road,nearest,23.7
38381,Nulki,Locality,53.9164892,-124.2014694,467,5951,bulkley-nechako,Bulkley-Nechako,bulkley-nechako,Bulkley-Nechako,nechako,Nechako,Vanderhoof,FALSE,road,road,nearest,16.9
64928,Old Country Meadow 4,Indian Reserve,53.9331559,-124.2181372,467,5951,bulkley-nechako,Bulkley-Nechako,bulkley-nechako,Bulkley-Nechako,nechako,Nechako,Vanderhoof,FALSE,road,road,nearest,16.7
64918,Sackanitecla 2,Indian Reserve,53.8998236,-124.1014654,467,5951,bulkley-nechako,Bulkley-Nechako,bulkley-nechako,Bulkley-Nechako,nechako,Nechako,Vanderhoof,FALSE,road,road,nearest,14.5
3587,Fort Fraser,Community,54.0618701,-124.5525655,394,5951,bulkley-nechako,Bulkley-Nechako,bulkley-nechako,Bulkley-Nechako,nechako,Nechako,Vanderhoof,FALSE,road,road,nearest,35.9
64849,Yensischuck 3,Indian Reserve,54.0664868,-124.5514866,394,5951,bulkley-nechako,Bulkley-Nechako,bulkley-nechako,Bulkley-Nechako,nechako,Nechako,Vanderhoof,FALSE,road,road,nearest,35.9
54795,Prairiedale,Locality,54.0498258,-124.0681362,375,5951,bulkley-nechako,Bulkley-Nechako,bulkley-nechako,Bulkley-Nechako,nechako,Nechako,Vanderhoof,FALSE,road,road,nearest,5.3
64917,Stony Creek 1,Indian Reserve,53.9458333,-124.1194444,323,5951,bulkley-nechako,Bulkley-Nechako,bulkley-nechako,Bulkley-Nechako,nechako,Nechako,Vanderhoof,FALSE,road,road,nearest,10.8
64851,Nautley (Fort Fraser) 1,Indian Reserve,54.0775974,-124.6042666,227,5951,bulkley-nechako,Bulkley-Nechako,bulkley-nechako,Bulkley-Nechako,nechako,Nechako,Vanderhoof,FALSE,road,road,nearest,39.5
64927,Laketown 3,Indian Reserve,53.9331561,-124.2014700,16,5951,bulkley-nechako,Bulkley-Nechako,bulkley-nechako,Bulkley-Nechako,nechako,Nechako,Vanderhoof,FALSE,road,road,nearest,15.8
64848,Seaspunkut 4,Indian Reserve,54.0498172,-124.7681600,10,5951,bulkley-nechako,Bulkley-Nechako,bulkley-nechako,Bulkley-Nechako,nechako,Nechako,Vanderhoof,FALSE,road,road,nearest,49.8
64930,Noonla 6,Indian Reserve,54.0331590,-124.0681356,0,5951,bulkley-nechako,Bulkley-Nechako,bulkley-nechako,Bulkley-Nechako,nechako,Nechako,Vanderhoof,FALSE,road,road,nearest,4.3
13493,Nelson,City,49.4933333,-117.2958333,11586,5903,central-kootenay,Central Kootenay,central-kootenay,Central Kootenay,nelson,Nelson & the Slocan,Nelson,TRUE,road,road,hub,0.0
3045,Kaslo,Village,49.9105556,-116.9050000,1077,5903,central-kootenay,Central Kootenay,central-kootenay,Central Kootenay,nelson,Nelson & the Slocan,Nelson,FALSE,road,road,nearest,54.2
16075,Pass Creek,Locality,49.3831901,-117.6677874,863,5903,central-kootenay,Central Kootenay,central-kootenay,Central Kootenay,nelson,Nelson & the Slocan,Nelson,FALSE,road,road,nearest,29.6
1409,Glade,Community,49.4082242,-117.5414752,839,5903,central-kootenay,Central Kootenay,central-kootenay,Central Kootenay,nelson,Nelson & the Slocan,Nelson,FALSE,road,road,nearest,20.1
16323,Shoreacres,Community,49.4166215,-117.5357616,839,5903,central-kootenay,Central Kootenay,central-kootenay,Central Kootenay,nelson,Nelson & the Slocan,Nelson,FALSE,road,road,nearest,19.3
34997,Tarrys,Community,49.3793343,-117.5574877,839,5903,central-kootenay,Central Kootenay,central-kootenay,Central Kootenay,nelson,Nelson & the Slocan,Nelson,FALSE,road,road,nearest,22.8
22269,Blewett,Community,49.4762721,-117.4063172,826,5903,central-kootenay,Central Kootenay,central-kootenay,Central Kootenay,nelson,Nelson & the Slocan,Nelson,FALSE,road,road,nearest,8.2
11656,Granite,Community,49.4881099,-117.3730946,826,5903,central-kootenay,Central Kootenay,central-kootenay,Central Kootenay,nelson,Nelson & the Slocan,Nelson,FALSE,road,road,nearest,5.6
39210,New Settlement,Community,49.4296573,-117.6137377,779,5903,central-kootenay,Central Kootenay,central-kootenay,Central Kootenay,nelson,Nelson & the Slocan,Nelson,FALSE,road,road,nearest,24.0
35912,Passmore,Community,49.5415570,-117.6498323,779,5903,central-kootenay,Central Kootenay,central-kootenay,Central Kootenay,nelson,Nelson & the Slocan,Nelson,FALSE,road,road,nearest,26.1
54116,Beasley,Locality,49.4831925,-117.4636163,731,5903,central-kootenay,Central Kootenay,central-kootenay,Central Kootenay,nelson,Nelson & the Slocan,Nelson,FALSE,road,road,nearest,12.2
4860,Crescent Valley,Community,49.4463454,-117.5575332,670,5903,central-kootenay,Central Kootenay,central-kootenay,Central Kootenay,nelson,Nelson & the Slocan,Nelson,FALSE,road,road,nearest,19.6
39217,Playmor Junction,Community,49.4457614,-117.5359648,670,5903,central-kootenay,Central Kootenay,central-kootenay,Central Kootenay,nelson,Nelson & the Slocan,Nelson,FALSE,road,road,nearest,18.1
22409,Slocan Park,Community,49.5172117,-117.6253937,670,5903,central-kootenay,Central Kootenay,central-kootenay,Central Kootenay,nelson,Nelson & the Slocan,Nelson,FALSE,road,road,nearest,23.9
20714,South Slocan,Community,49.4599043,-117.5168635,670,5903,central-kootenay,Central Kootenay,central-kootenay,Central Kootenay,nelson,Nelson & the Slocan,Nelson,FALSE,road,road,nearest,16.4
594,Brandon,Community,49.7609257,-117.4619024,646,5903,central-kootenay,Central Kootenay,central-kootenay,Central Kootenay,nelson,Nelson & the Slocan,Nelson,FALSE,road,road,nearest,32.1
38432,Vallican,Community,49.5665244,-117.6511244,646,5903,central-kootenay,Central Kootenay,central-kootenay,Central Kootenay,nelson,Nelson & the Slocan,Nelson,FALSE,road,road,nearest,26.9
16758,Taghum,Community,49.4831932,-117.3844470,636,5903,central-kootenay,Central Kootenay,central-kootenay,Central Kootenay,nelson,Nelson & the Slocan,Nelson,FALSE,road,road,nearest,6.5
25278,Ymir,Community,49.2831940,-117.2177702,621,5903,central-kootenay,Central Kootenay,central-kootenay,Central Kootenay,nelson,Nelson & the Slocan,Nelson,FALSE,road,road,nearest,24.0
335,Boswell,Community,49.4559170,-116.7649307,595,5903,central-kootenay,Central Kootenay,central-kootenay,Central Kootenay,nelson,Nelson & the Slocan,Nelson,FALSE,road,road,nearest,38.6
273,Bonnington Falls,Community,49.4631305,-117.4951749,592,5903,central-kootenay,Central Kootenay,central-kootenay,Central Kootenay,nelson,Nelson & the Slocan,Nelson,FALSE,road,road,nearest,14.8
13086,Corra Linn,Locality,49.4708333,-117.4694444,592,5903,central-kootenay,Central Kootenay,central-kootenay,Central Kootenay,nelson,Nelson & the Slocan,Nelson,FALSE,road,road,nearest,12.8
38606,Mountain Station,Community,49.4831942,-117.2844436,590,5903,central-kootenay,Central Kootenay,central-kootenay,Central Kootenay,nelson,Nelson & the Slocan,Nelson,FALSE,road,road,nearest,1.4
663,Lebahdo,Community,49.5925100,-117.5849000,580,5903,central-kootenay,Central Kootenay,central-kootenay,Central Kootenay,nelson,Nelson & the Slocan,Nelson,FALSE,road,road,nearest,23.6
40783,Perrys,Community,49.6621900,-117.5086000,580,5903,central-kootenay,Central Kootenay,central-kootenay,Central Kootenay,nelson,Nelson & the Slocan,Nelson,FALSE,road,road,nearest,24.2
23051,Willow Point,Community,49.5703717,-117.2363310,573,5903,central-kootenay,Central Kootenay,central-kootenay,Central Kootenay,nelson,Nelson & the Slocan,Nelson,FALSE,road,road,nearest,9.6
7710,Harrop,Community,49.6060223,-117.0538884,530,5903,central-kootenay,Central Kootenay,central-kootenay,Central Kootenay,nelson,Nelson & the Slocan,Nelson,FALSE,road,road,nearest,21.5
21255,Procter,Community,49.6177778,-116.9611111,530,5903,central-kootenay,Central Kootenay,central-kootenay,Central Kootenay,nelson,Nelson & the Slocan,Nelson,FALSE,road,road,nearest,27.8
13994,Sunshine Bay,Community,49.6082283,-117.0057866,530,5903,central-kootenay,Central Kootenay,central-kootenay,Central Kootenay,nelson,Nelson & the Slocan,Nelson,FALSE,road,road,nearest,24.5
21169,Crescent Bay,Community,49.6072677,-117.1384580,522,5903,central-kootenay,Central Kootenay,central-kootenay,Central Kootenay,nelson,Nelson & the Slocan,Nelson,FALSE,road,road,nearest,17.0
5085,Birchdale,Locality,50.0332010,-116.8677755,508,5903,central-kootenay,Central Kootenay,central-kootenay,Central Kootenay,nelson,Nelson & the Slocan,Nelson,FALSE,road,road,nearest,67.4
19489,Shutty Bench,Community,49.9685636,-116.9055178,508,5903,central-kootenay,Central Kootenay,central-kootenay,Central Kootenay,nelson,Nelson & the Slocan,Nelson,FALSE,road,road,nearest,59.8
10168,Longbeach,Community,49.6126994,-117.0851229,472,5903,central-kootenay,Central Kootenay,central-kootenay,Central Kootenay,nelson,Nelson & the Slocan,Nelson,FALSE,road,road,nearest,20.2
19040,Thrums,Community,49.3540086,-117.5773328,472,5903,central-kootenay,Central Kootenay,central-kootenay,Central Kootenay,nelson,Nelson & the Slocan,Nelson,FALSE,road,road,nearest,25.6
495,Ainsworth Hot Springs,Community,49.7333333,-116.9111111,469,5903,central-kootenay,Central Kootenay,central-kootenay,Central Kootenay,nelson,Nelson & the Slocan,Nelson,FALSE,road,road,nearest,38.5
24276,Mirror Lake,Community,49.8767811,-116.9024661,469,5903,central-kootenay,Central Kootenay,central-kootenay,Central Kootenay,nelson,Nelson & the Slocan,Nelson,FALSE,road,road,nearest,51.2
35079,Hall,Locality,49.3831942,-117.2344397,465,5903,central-kootenay,Central Kootenay,central-kootenay,Central Kootenay,nelson,Nelson & the Slocan,Nelson,FALSE,road,road,nearest,13.0
16167,Porto Rico,Locality,49.3291667,-117.2422222,465,5903,central-kootenay,Central Kootenay,central-kootenay,Central Kootenay,nelson,Nelson & the Slocan,Nelson,FALSE,road,road,nearest,18.7
2131,Appledale,Community,49.6498592,-117.5344558,464,5903,central-kootenay,Central Kootenay,central-kootenay,Central Kootenay,nelson,Nelson & the Slocan,Nelson,FALSE,road,road,nearest,24.5
942,Lemon Creek,Community,49.6998600,-117.4844552,464,5903,central-kootenay,Central Kootenay,central-kootenay,Central Kootenay,nelson,Nelson & the Slocan,Nelson,FALSE,road,road,nearest,26.7
23148,Winlaw,Community,49.6133200,-117.5643100,464,5903,central-kootenay,Central Kootenay,central-kootenay,Central Kootenay,nelson,Nelson & the Slocan,Nelson,FALSE,road,road,nearest,23.5
38317,Crawford Bay,Community,49.6818815,-116.8251528,454,5903,central-kootenay,Central Kootenay,central-kootenay,Central Kootenay,nelson,Nelson & the Slocan,Nelson,FALSE,road,road,nearest,39.9
2636,Gray Creek,Community,49.6331997,-116.7844302,454,5903,central-kootenay,Central Kootenay,central-kootenay,Central Kootenay,nelson,Nelson & the Slocan,Nelson,FALSE,road,road,nearest,40.0
6252,Kootenay Bay,Community,49.6848701,-116.8666047,454,5903,central-kootenay,Central Kootenay,central-kootenay,Central Kootenay,nelson,Nelson & the Slocan,Nelson,FALSE,road,road,nearest,37.6
19862,Riondel,Community,49.7635007,-116.8564364,454,5903,central-kootenay,Central Kootenay,central-kootenay,Central Kootenay,nelson,Nelson & the Slocan,Nelson,FALSE,road,road,nearest,43.6
11038,Balfour,Community,49.6255746,-116.9680093,452,5903,central-kootenay,Central Kootenay,central-kootenay,Central Kootenay,nelson,Nelson & the Slocan,Nelson,FALSE,road,road,nearest,27.8
22291,Queens Bay,Community,49.6566796,-116.9330468,452,5903,central-kootenay,Central Kootenay,central-kootenay,Central Kootenay,nelson,Nelson & the Slocan,Nelson,FALSE,road,road,nearest,31.8
6284,Krestova,Community,49.4405556,-117.5916667,424,5903,central-kootenay,Central Kootenay,central-kootenay,Central Kootenay,nelson,Nelson & the Slocan,Nelson,FALSE,road,road,nearest,22.2
22406,Slocan,Village,49.7677778,-117.4661111,391,5903,central-kootenay,Central Kootenay,central-kootenay,Central Kootenay,nelson,Nelson & the Slocan,Nelson,FALSE,road,road,nearest,32.9
26513,Port Hardy,District Municipality,50.7244444,-127.4980556,4079,5943,mount-waddington,Mount Waddington,mount-waddington,Mount Waddington,north-island,North Island,Port McNeill,FALSE,road,road,nearest,32.8
27217,Port McNeill,Town,50.5894444,-127.0836111,2450,5943,mount-waddington,Mount Waddington,mount-waddington,Mount Waddington,north-island,North Island,Port McNeill,TRUE,road,road,hub,0.0
25917,Port Alice,Village,50.4266667,-127.4880556,763,5943,mount-waddington,Mount Waddington,mount-waddington,Mount Waddington,north-island,North Island,Port McNeill,FALSE,road,road,nearest,33.8
65429,Ar-ce-wy-ee 4,Indian Reserve,50.5497586,-127.0181159,532,5943,mount-waddington,Mount Waddington,mount-waddington,Mount Waddington,north-island,North Island,Port McNeill,FALSE,road,road,nearest,6.4
22725,Benson Lake,Locality,50.3664217,-127.2347835,532,5943,mount-waddington,Mount Waddington,mount-waddington,Mount Waddington,north-island,North Island,Port McNeill,FALSE,road,road,nearest,27.0
38202,Hyde Creek,Community,50.5830923,-127.0014498,532,5943,mount-waddington,Mount Waddington,mount-waddington,Mount Waddington,north-island,North Island,Port McNeill,FALSE,road,road,nearest,5.8
38243,Nimpkish Heights,Locality,50.5664255,-127.0014493,532,5943,mount-waddington,Mount Waddington,mount-waddington,Mount Waddington,north-island,North Island,Port McNeill,FALSE,road,road,nearest,6.3
65428,O-tsaw-las 5,Indian Reserve,50.5330918,-127.0181154,532,5943,mount-waddington,Mount Waddington,mount-waddington,Mount Waddington,north-island,North Island,Port McNeill,FALSE,road,road,nearest,7.8
38266,Sointula,Community,50.6330924,-127.0181185,513,5943,mount-waddington,Mount Waddington,mount-waddington,Mount Waddington,north-island,North Island,Port McNeill,FALSE,road,ferry,zone:malcolm-cormorant,6.7
22627,Alert Bay,Village,50.5838889,-126.9277778,464,5943,mount-waddington,Mount Waddington,mount-waddington,Mount Waddington,north-island,North Island,Port McNeill,FALSE,road,ferry,zone:malcolm-cormorant,11.0
65387,Tsulquate 4,Indian Reserve,50.7330868,-127.5014695,451,5943,mount-waddington,Mount Waddington,mount-waddington,Mount Waddington,north-island,North Island,Port McNeill,FALSE,road,road,nearest,33.5
59981,Walden 9,Indian Reserve,50.7044444,-127.4608333,418,5943,mount-waddington,Mount Waddington,mount-waddington,Mount Waddington,north-island,North Island,Port McNeill,FALSE,road,road,nearest,29.5
25203,Rumble Beach,Community,50.4277778,-127.4847222,388,5943,mount-waddington,Mount Waddington,mount-waddington,Mount Waddington,north-island,North Island,Port McNeill,FALSE,road,road,nearest,33.6
65417,Alert Bay 1,Indian Reserve,50.5952100,-126.9303500,382,5943,mount-waddington,Mount Waddington,mount-waddington,Mount Waddington,north-island,North Island,Port McNeill,FALSE,road,ferry,zone:malcolm-cormorant,10.8
65416,Alert Bay 1A,Indian Reserve,50.5948900,-126.9496400,382,5943,mount-waddington,Mount Waddington,mount-waddington,Mount Waddington,north-island,North Island,Port McNeill,FALSE,road,ferry,zone:malcolm-cormorant,9.5
65383,Keogh 6,Indian Reserve,50.6830884,-127.3514634,360,5943,mount-waddington,Mount Waddington,mount-waddington,Mount Waddington,north-island,North Island,Port McNeill,FALSE,road,road,nearest,21.6
65357,Shell Island 3,Indian Reserve,50.6997546,-127.4014655,360,5943,mount-waddington,Mount Waddington,mount-waddington,Mount Waddington,north-island,North Island,Port McNeill,FALSE,road,road,nearest,25.5
26260,Jeune Landing,Community,50.4452997,-127.4962003,351,5943,mount-waddington,Mount Waddington,mount-waddington,Mount Waddington,north-island,North Island,Port McNeill,FALSE,road,road,nearest,33.3
38117,Beaver Cove,Community,50.5206161,-126.8754626,261,5943,mount-waddington,Mount Waddington,mount-waddington,Mount Waddington,north-island,North Island,Port McNeill,FALSE,road,road,nearest,16.6
65426,Ches-la-kee 3,Indian Reserve,50.5664258,-126.9847821,261,5943,mount-waddington,Mount Waddington,mount-waddington,Mount Waddington,north-island,North Island,Port McNeill,FALSE,road,road,nearest,7.4
65606,Haylahte 3,Indian Reserve,50.4664341,-126.2680906,261,5943,mount-waddington,Mount Waddington,mount-waddington,Mount Waddington,north-island,North Island,Port McNeill,FALSE,road,road,nearest,59.2
25640,Kokish,Community,50.5347787,-126.8525678,261,5943,mount-waddington,Mount Waddington,mount-waddington,Mount Waddington,north-island,North Island,Port McNeill,FALSE,road,road,nearest,17.4
24128,Nimpkish,Community,50.3383217,-126.9168905,261,5943,mount-waddington,Mount Waddington,mount-waddington,Mount Waddington,north-island,North Island,Port McNeill,FALSE,road,road,nearest,30.3
38277,Telegraph Cove,Locality,50.5486111,-126.8302778,261,5943,mount-waddington,Mount Waddington,mount-waddington,Mount Waddington,north-island,North Island,Port McNeill,FALSE,road,road,nearest,18.5
25553,Woss,Community,50.2153683,-126.6052071,261,5943,mount-waddington,Mount Waddington,mount-waddington,Mount Waddington,north-island,North Island,Port McNeill,FALSE,road,road,nearest,53.7
65468,Quatsino Subdivision 18,Indian Reserve,50.6164187,-127.5681346,246,5943,mount-waddington,Mount Waddington,mount-waddington,Mount Waddington,north-island,North Island,Port McNeill,FALSE,road,road,nearest,34.3
24825,Coal Harbour,Community,50.5993903,-127.5827953,232,5943,mount-waddington,Mount Waddington,mount-waddington,Mount Waddington,north-island,North Island,Port McNeill,FALSE,road,road,nearest,35.3
65450,Kultah 4,Indian Reserve,50.5497519,-127.5514653,232,5943,mount-waddington,Mount Waddington,mount-waddington,Mount Waddington,north-island,North Island,Port McNeill,FALSE,road,road,nearest,33.3
65454,Maquazneecht Island 17,Indian Reserve,50.5497519,-127.5514653,232,5943,mount-waddington,Mount Waddington,mount-waddington,Mount Waddington,north-island,North Island,Port McNeill,FALSE,road,road,nearest,33.3
27245,Quatsino,Community,50.5347032,-127.6514018,232,5943,mount-waddington,Mount Waddington,mount-waddington,Mount Waddington,north-island,North Island,Port McNeill,FALSE,road,road,nearest,40.6
65453,Quattishe 1,Indian Reserve,50.5330847,-127.5847992,232,5943,mount-waddington,Mount Waddington,mount-waddington,Mount Waddington,north-island,North Island,Port McNeill,FALSE,road,road,nearest,36.0
60461,Wazulis 14,Indian Reserve,50.7144444,-127.3797222,232,5943,mount-waddington,Mount Waddington,mount-waddington,Mount Waddington,north-island,North Island,Port McNeill,FALSE,road,road,nearest,25.1
26140,Fort Rupert,Community,50.6930556,-127.4111111,220,5943,mount-waddington,Mount Waddington,mount-waddington,Mount Waddington,north-island,North Island,Port McNeill,FALSE,road,road,nearest,25.8
65356,Kippase 2,Indian Reserve,50.6911111,-127.4055556,220,5943,mount-waddington,Mount Waddington,mount-waddington,Mount Waddington,north-island,North Island,Port McNeill,FALSE,road,road,nearest,25.4
65382,Malcolm Island 8,Indian Reserve,50.6330909,-127.1347887,157,5943,mount-waddington,Mount Waddington,mount-waddington,Mount Waddington,north-island,North Island,Port McNeill,FALSE,road,ferry,zone:malcolm-cormorant,6.0
38231,Mitchell Bay,Locality,50.6330944,-126.8514468,157,5943,mount-waddington,Mount Waddington,mount-waddington,Mount Waddington,north-island,North Island,Port McNeill,FALSE,road,ferry,zone:malcolm-cormorant,17.1
25614,Kingcome,Locality,50.9664379,-126.1847699,111,5943,mount-waddington,Mount Waddington,mount-waddington,Mount Waddington,north-island,North Island,Port McNeill,FALSE,road,ferry,zone:broughton-inlets,75.8
65472,Quaee 7,Indian Reserve,50.9664379,-126.1847699,111,5943,mount-waddington,Mount Waddington,mount-waddington,Mount Waddington,north-island,North Island,Port McNeill,FALSE,road,road,nearest,75.8
65359,Fort Rupert 1,Indian Reserve,50.6997546,-127.4014655,58,5943,mount-waddington,Mount Waddington,mount-waddington,Mount Waddington,north-island,North Island,Port McNeill,FALSE,road,road,nearest,25.5
65365,Gwayasdums 1,Indian Reserve,50.6997645,-126.6014412,38,5943,mount-waddington,Mount Waddington,mount-waddington,Mount Waddington,north-island,North Island,Port McNeill,FALSE,road,road,nearest,36.1
65455,Ah-we-cha-ol-to 16,Indian Reserve,50.5330799,-127.9681440,35,5943,mount-waddington,Mount Waddington,mount-waddington,Mount Waddington,north-island,North Island,Port McNeill,FALSE,road,road,nearest,62.8
65449,Cayilth 5,Indian Reserve,50.3330857,-127.4347885,35,5943,mount-waddington,Mount Waddington,mount-waddington,Mount Waddington,north-island,North Island,Port McNeill,FALSE,road,road,nearest,37.8
65448,Cayuse 6,Indian Reserve,50.3825000,-127.4713889,35,5943,mount-waddington,Mount Waddington,mount-waddington,Mount Waddington,north-island,North Island,Port McNeill,FALSE,road,road,nearest,35.8
65461,Clatux 9,Indian Reserve,50.4997481,-127.8348056,35,5943,mount-waddington,Mount Waddington,mount-waddington,Mount Waddington,north-island,North Island,Port McNeill,FALSE,road,road,nearest,54.0
65457,Clienna 14,Indian Reserve,50.5330795,-128.0014783,35,5943,mount-waddington,Mount Waddington,mount-waddington,Mount Waddington,north-island,North Island,Port McNeill,FALSE,road,road,nearest,65.1
9406,Elephant Crossing,Locality,50.6675000,-128.0686111,35,5943,mount-waddington,Mount Waddington,mount-waddington,Mount Waddington,north-island,North Island,Port McNeill,FALSE,road,road,nearest,70.0
65439,Glen-gla-ouch 5,Indian Reserve,50.8330859,-127.6181429,35,5943,mount-waddington,Mount Waddington,mount-waddington,Mount Waddington,north-island,North Island,Port McNeill,FALSE,road,road,nearest,46.4
65458,Grass Point 13,Indian Reserve,50.5164123,-128.0348121,35,5943,mount-waddington,Mount Waddington,mount-waddington,Mount Waddington,north-island,North Island,Port McNeill,FALSE,road,road,nearest,67.7
29339,Holberg,Community,50.6556154,-128.0131286,35,5943,mount-waddington,Mount Waddington,mount-waddington,Mount Waddington,north-island,North Island,Port McNeill,FALSE,road,road,nearest,66.0
65441,Klaskish 3,Indian Reserve,50.2330812,-127.7514616,35,5943,mount-waddington,Mount Waddington,mount-waddington,Mount Waddington,north-island,North Island,Port McNeill,FALSE,road,road,nearest,61.7
65446,Mah-te-nicht 8,Indian Reserve,50.4664142,-127.8681389,35,5943,mount-waddington,Mount Waddington,mount-waddington,Mount Waddington,north-island,North Island,Port McNeill,FALSE,road,road,nearest,57.1
25740,Mahatta River,Community,50.4568525,-127.8015954,35,5943,mount-waddington,Mount Waddington,mount-waddington,Mount Waddington,north-island,North Island,Port McNeill,FALSE,road,road,nearest,52.9
65438,Nahwitti 4,Indian Reserve,50.8664139,-128.0514903,35,5943,mount-waddington,Mount Waddington,mount-waddington,Mount Waddington,north-island,North Island,Port McNeill,FALSE,road,road,nearest,74.8
65460,O-ya-kum-la 11,Indian Reserve,50.4830790,-128.0181439,35,5943,mount-waddington,Mount Waddington,mount-waddington,Mount Waddington,north-island,North Island,Port McNeill,FALSE,road,road,nearest,67.1
65445,Ouchton 3,Indian Reserve,50.7664087,-128.4181647,35,5943,mount-waddington,Mount Waddington,mount-waddington,Mount Waddington,north-island,North Island,Port McNeill,FALSE,road,road,nearest,96.1
65451,Pa-cat'l-lin-ne 3,Indian Reserve,50.6330802,-127.9848143,35,5943,mount-waddington,Mount Waddington,mount-waddington,Mount Waddington,north-island,North Island,Port McNeill,FALSE,road,road,nearest,63.8
65456,Pulcah 15,Indian Reserve,50.5330797,-127.9848111,35,5943,mount-waddington,Mount Waddington,mount-waddington,Mount Waddington,north-island,North Island,Port McNeill,FALSE,road,road,nearest,64.0
65459,Quatleyo 12,Indian Reserve,50.4997449,-128.0848131,35,5943,mount-waddington,Mount Waddington,mount-waddington,Mount Waddington,north-island,North Island,Port McNeill,FALSE,road,road,nearest,71.4
65444,Semach 2,Indian Reserve,50.6664090,-128.3514929,35,5943,mount-waddington,Mount Waddington,mount-waddington,Mount Waddington,north-island,North Island,Port McNeill,FALSE,road,road,nearest,89.8
40850,Shushartie,Locality,50.8539163,-127.8556507,35,5943,mount-waddington,Mount Waddington,mount-waddington,Mount Waddington,north-island,North Island,Port McNeill,FALSE,road,road,nearest,61.8
65447,Teeta 7,Indian Reserve,50.3997518,-127.5014592,35,5943,mount-waddington,Mount Waddington,mount-waddington,Mount Waddington,north-island,North Island,Port McNeill,FALSE,road,road,nearest,36.3
59983,Telaise 1,Indian Reserve,50.3400000,-127.8686111,35,5943,mount-waddington,Mount Waddington,mount-waddington,Mount Waddington,north-island,North Island,Port McNeill,FALSE,road,road,nearest,62.1
65452,Toh-quo-eugh 2,Indian Reserve,50.6164149,-127.8681436,35,5943,mount-waddington,Mount Waddington,mount-waddington,Mount Waddington,north-island,North Island,Port McNeill,FALSE,road,road,nearest,55.4
60000,Tsowenachs 2,Indian Reserve,50.3013889,-127.8063889,35,5943,mount-waddington,Mount Waddington,mount-waddington,Mount Waddington,north-island,North Island,Port McNeill,FALSE,road,road,nearest,60.4
65440,Wakems 6,Indian Reserve,50.8997521,-127.6848137,35,5943,mount-waddington,Mount Waddington,mount-waddington,Mount Waddington,north-island,North Island,Port McNeill,FALSE,road,road,nearest,54.6
31364,Winter Harbour,Community,50.5164000,-128.0312600,35,5943,mount-waddington,Mount Waddington,mount-waddington,Mount Waddington,north-island,North Island,Port McNeill,FALSE,road,road,nearest,67.4
34833,Yreka,Locality,50.4664182,-127.5514628,35,5943,mount-waddington,Mount Waddington,mount-waddington,Mount Waddington,north-island,North Island,Port McNeill,FALSE,road,road,nearest,35.8
65607,Aglakumna 4A,Indian Reserve,50.5497631,-126.6514381,25,5943,mount-waddington,Mount Waddington,mount-waddington,Mount Waddington,north-island,North Island,Port McNeill,FALSE,road,road,nearest,30.8
65473,Aglakumna-la 2,Indian Reserve,50.5664315,-126.5181012,25,5943,mount-waddington,Mount Waddington,mount-waddington,Mount Waddington,north-island,North Island,Port McNeill,FALSE,road,road,nearest,40.0
65462,Ahnuhati 6,Indian Reserve,50.8997775,-125.6347508,25,5943,mount-waddington,Mount Waddington,mount-waddington,Mount Waddington,north-island,North Island,Port McNeill,FALSE,road,road,nearest,107.6
65363,Ahta 3,Indian Reserve,50.8705556,-126.1638889,25,5943,mount-waddington,Mount Waddington,mount-waddington,Mount Waddington,north-island,North Island,Port McNeill,FALSE,road,road,nearest,71.9
65367,Alalco 8,Indian Reserve,51.0664342,-126.5347838,25,5943,mount-waddington,Mount Waddington,mount-waddington,Mount Waddington,north-island,North Island,Port McNeill,FALSE,road,road,nearest,65.6
65504,Apsagayu 1A,Indian Reserve,50.7330995,-126.4847720,25,5943,mount-waddington,Mount Waddington,mount-waddington,Mount Waddington,north-island,North Island,Port McNeill,FALSE,road,road,nearest,45.1
65477,Bat-l-ki 3,Indian Reserve,50.8997682,-126.4014412,25,5943,mount-waddington,Mount Waddington,mount-waddington,Mount Waddington,north-island,North Island,Port McNeill,FALSE,road,road,nearest,59.1
65476,Charles Creek 2,Indian Reserve,50.9331021,-126.3681079,25,5943,mount-waddington,Mount Waddington,mount-waddington,Mount Waddington,north-island,North Island,Port McNeill,FALSE,road,road,nearest,63.2
65470,Coffin Island 3,Indian Reserve,50.5664317,-126.5014341,25,5943,mount-waddington,Mount Waddington,mount-waddington,Mount Waddington,north-island,North Island,Port McNeill,FALSE,road,road,nearest,41.2
65507,Compton Island 6,Indian Reserve,50.5997630,-126.6847740,25,5943,mount-waddington,Mount Waddington,mount-waddington,Mount Waddington,north-island,North Island,Port McNeill,FALSE,road,road,nearest,28.2
25433,Cracroft,Locality,50.5261552,-126.3819847,25,5943,mount-waddington,Mount Waddington,mount-waddington,Mount Waddington,north-island,North Island,Port McNeill,FALSE,road,ferry,zone:broughton-inlets,50.1
65361,Dakiulis 7,Indian Reserve,50.7330985,-126.5681078,25,5943,mount-waddington,Mount Waddington,mount-waddington,Mount Waddington,north-island,North Island,Port McNeill,FALSE,road,road,nearest,39.7
65374,Dedagaus 8,Indian Reserve,51.0997554,-127.5181483,25,5943,mount-waddington,Mount Waddington,mount-waddington,Mount Waddington,north-island,North Island,Port McNeill,FALSE,road,road,nearest,64.4
65500,Dove Island 12,Indian Reserve,50.9330924,-127.1514652,25,5943,mount-waddington,Mount Waddington,mount-waddington,Mount Waddington,north-island,North Island,Port McNeill,FALSE,road,road,nearest,38.5
65364,Dug-da-myse 12,Indian Reserve,51.0331009,-126.5181156,25,5943,mount-waddington,Mount Waddington,mount-waddington,Mount Waddington,north-island,North Island,Port McNeill,FALSE,road,road,nearest,63.3
26059,Echo Bay,Locality,50.7500000,-126.4947222,25,5943,mount-waddington,Mount Waddington,mount-waddington,Mount Waddington,north-island,North Island,Port McNeill,FALSE,road,ferry,zone:broughton-inlets,45.2
65464,Freda Point 4,Indian Reserve,50.6831080,-125.7680817,25,5943,mount-waddington,Mount Waddington,mount-waddington,Mount Waddington,north-island,North Island,Port McNeill,FALSE,road,road,nearest,93.4
65496,Gleyka 6,Indian Reserve,50.9664273,-127.0347960,25,5943,mount-waddington,Mount Waddington,mount-waddington,Mount Waddington,north-island,North Island,Port McNeill,FALSE,road,road,nearest,42.1
27058,Health Bay,Locality,50.6997645,-126.6014412,25,5943,mount-waddington,Mount Waddington,mount-waddington,Mount Waddington,north-island,North Island,Port McNeill,FALSE,road,ferry,zone:broughton-inlets,36.1
65499,Kadis 11,Indian Reserve,50.8330945,-126.9347888,25,5943,mount-waddington,Mount Waddington,mount-waddington,Mount Waddington,north-island,North Island,Port McNeill,FALSE,road,road,nearest,29.0
65483,Kai-too-kwis 15,Indian Reserve,51.1830947,-127.0848044,25,5943,mount-waddington,Mount Waddington,mount-waddington,Mount Waddington,north-island,North Island,Port McNeill,FALSE,road,road,nearest,66.0
65360,Kakweken 4,Indian Reserve,50.7997721,-126.0347602,25,5943,mount-waddington,Mount Waddington,mount-waddington,Mount Waddington,north-island,North Island,Port McNeill,FALSE,road,road,nearest,77.5
65817,Karlukwees 1,Indian Reserve,50.5830985,-126.5014346,25,5943,mount-waddington,Mount Waddington,mount-waddington,Mount Waddington,north-island,North Island,Port McNeill,FALSE,road,road,nearest,41.1
65474,Kawages 4,Indian Reserve,50.8664332,-126.5181104,25,5943,mount-waddington,Mount Waddington,mount-waddington,Mount Waddington,north-island,North Island,Port McNeill,FALSE,road,road,nearest,50.3
65605,Keecekiltum 2,Indian Reserve,50.5497678,-126.2680931,25,5943,mount-waddington,Mount Waddington,mount-waddington,Mount Waddington,north-island,North Island,Port McNeill,FALSE,road,road,nearest,57.8
65466,Keogh 2,Indian Reserve,50.6664418,-125.7180797,25,5943,mount-waddington,Mount Waddington,mount-waddington,Mount Waddington,north-island,North Island,Port McNeill,FALSE,road,road,nearest,96.7
65492,Keogh 3,Indian Reserve,50.9497656,-126.6347833,25,5943,mount-waddington,Mount Waddington,mount-waddington,Mount Waddington,north-island,North Island,Port McNeill,FALSE,road,road,nearest,51.0
65381,Kequesta 1,Indian Reserve,51.0997560,-127.4681468,25,5943,mount-waddington,Mount Waddington,mount-waddington,Mount Waddington,north-island,North Island,Port McNeill,FALSE,road,road,nearest,62.8
65375,Khazisela 7,Indian Reserve,51.0997554,-127.5181483,25,5943,mount-waddington,Mount Waddington,mount-waddington,Mount Waddington,north-island,North Island,Port McNeill,FALSE,road,road,nearest,64.4
25616,Kingcome Inlet,Locality,50.9497709,-126.2014366,25,5943,mount-waddington,Mount Waddington,mount-waddington,Mount Waddington,north-island,North Island,Port McNeill,FALSE,road,ferry,zone:broughton-inlets,73.9
65480,Ko-kwi-iss 14,Indian Reserve,51.1497610,-127.1014705,25,5943,mount-waddington,Mount Waddington,mount-waddington,Mount Waddington,north-island,North Island,Port McNeill,FALSE,road,road,nearest,62.3
65423,Ksui-la-das 6,Indian Reserve,50.5830948,-126.8014437,25,5943,mount-waddington,Mount Waddington,mount-waddington,Mount Waddington,north-island,North Island,Port McNeill,FALSE,road,road,nearest,19.9
65475,Kukwapa 5,Indian Reserve,50.7664312,-126.6347776,25,5943,mount-waddington,Mount Waddington,mount-waddington,Mount Waddington,north-island,North Island,Port McNeill,FALSE,road,road,nearest,37.2
65422,Kuldekduma 7,Indian Reserve,50.5830942,-126.8514452,25,5943,mount-waddington,Mount Waddington,mount-waddington,Mount Waddington,north-island,North Island,Port McNeill,FALSE,road,road,nearest,16.4
65490,Kunstamis 2,Indian Reserve,50.9330957,-126.8847904,25,5943,mount-waddington,Mount Waddington,mount-waddington,Mount Waddington,north-island,North Island,Port McNeill,FALSE,road,road,nearest,40.7
65493,Kunstamis 2A,Indian Reserve,50.9330957,-126.8847904,25,5943,mount-waddington,Mount Waddington,mount-waddington,Mount Waddington,north-island,North Island,Port McNeill,FALSE,road,road,nearest,40.7
65485,Kuthlo 18,Indian Reserve,51.0664327,-126.6514541,25,5943,mount-waddington,Mount Waddington,mount-waddington,Mount Waddington,north-island,North Island,Port McNeill,FALSE,road,road,nearest,61.1
65467,Kwatse 3,Indian Reserve,50.6831082,-125.7514145,25,5943,mount-waddington,Mount Waddington,mount-waddington,Mount Waddington,north-island,North Island,Port McNeill,FALSE,road,road,nearest,94.5
65373,Kwetahkis 9,Indian Reserve,50.9664250,-127.2181349,25,5943,mount-waddington,Mount Waddington,mount-waddington,Mount Waddington,north-island,North Island,Port McNeill,FALSE,road,road,nearest,43.0
65369,Kye-yaa-la 1,Indian Reserve,50.6997643,-126.6181084,25,5943,mount-waddington,Mount Waddington,mount-waddington,Mount Waddington,north-island,North Island,Port McNeill,FALSE,road,road,nearest,35.0
65366,Kyidagwis 2,Indian Reserve,51.0164337,-126.5514494,25,5943,mount-waddington,Mount Waddington,mount-waddington,Mount Waddington,north-island,North Island,Port McNeill,FALSE,road,road,nearest,60.4
65358,Kyimla 11,Indian Reserve,50.7331036,-126.1514284,25,5943,mount-waddington,Mount Waddington,mount-waddington,Mount Waddington,north-island,North Island,Port McNeill,FALSE,road,road,nearest,67.6
65495,Lawanth 5,Indian Reserve,50.9497627,-126.8681237,25,5943,mount-waddington,Mount Waddington,mount-waddington,Mount Waddington,north-island,North Island,Port McNeill,FALSE,road,road,nearest,42.8
65497,Magwekstala 10,Indian Reserve,50.9164304,-126.7681196,25,5943,mount-waddington,Mount Waddington,mount-waddington,Mount Waddington,north-island,North Island,Port McNeill,FALSE,road,road,nearest,42.6
65503,Mahmalillikullah 1,Indian Reserve,50.6164312,-126.5681043,25,5943,mount-waddington,Mount Waddington,mount-waddington,Mount Waddington,north-island,North Island,Port McNeill,FALSE,road,road,nearest,36.5
65378,Mahpahkum 4,Indian Reserve,50.8830881,-127.4681399,25,5943,mount-waddington,Mount Waddington,mount-waddington,Mount Waddington,north-island,North Island,Port McNeill,FALSE,road,road,nearest,42.4
54300,Meem Quam Leese,Locality,50.6192089,-126.5764380,25,5943,mount-waddington,Mount Waddington,mount-waddington,Mount Waddington,north-island,North Island,Port McNeill,FALSE,road,ferry,zone:broughton-inlets,35.9
65362,Meetup 2,Indian Reserve,50.7831012,-126.3681032,25,5943,mount-waddington,Mount Waddington,mount-waddington,Mount Waddington,north-island,North Island,Port McNeill,FALSE,road,road,nearest,54.8
25828,Minstrel Island,Community,50.6150863,-126.3046213,25,5943,mount-waddington,Mount Waddington,mount-waddington,Mount Waddington,north-island,North Island,Port McNeill,FALSE,road,ferry,zone:broughton-inlets,55.1
65380,Na-kwockto 2,Indian Reserve,51.0830893,-127.4681463,25,5943,mount-waddington,Mount Waddington,mount-waddington,Mount Waddington,north-island,North Island,Port McNeill,FALSE,road,road,nearest,61.2
65372,Owh-wis-too-a-wan 10,Indian Reserve,51.0830981,-126.7681248,25,5943,mount-waddington,Mount Waddington,mount-waddington,Mount Waddington,north-island,North Island,Port McNeill,FALSE,road,road,nearest,59.2
65379,Pahas 3,Indian Reserve,50.8997569,-127.3014687,25,5943,mount-waddington,Mount Waddington,mount-waddington,Mount Waddington,north-island,North Island,Port McNeill,FALSE,road,road,nearest,37.8
65780,Pel-looth'l kai 17,Indian Reserve,51.1164297,-126.9181305,25,5943,mount-waddington,Mount Waddington,mount-waddington,Mount Waddington,north-island,North Island,Port McNeill,FALSE,road,road,nearest,59.7
65479,Peneece 11,Indian Reserve,51.1164324,-126.7014572,25,5943,mount-waddington,Mount Waddington,mount-waddington,Mount Waddington,north-island,North Island,Port McNeill,FALSE,road,road,nearest,64.4
65494,Quay 4,Indian Reserve,50.9664315,-126.7014525,25,5943,mount-waddington,Mount Waddington,mount-waddington,Mount Waddington,north-island,North Island,Port McNeill,FALSE,road,road,nearest,49.8
65376,Saagoombahlah 6,Indian Reserve,51.0830886,-127.5181478,25,5943,mount-waddington,Mount Waddington,mount-waddington,Mount Waddington,north-island,North Island,Port McNeill,FALSE,road,road,nearest,62.8
39684,Scott Cove,Locality,50.7664333,-126.4597722,25,5943,mount-waddington,Mount Waddington,mount-waddington,Mount Waddington,north-island,North Island,Port McNeill,FALSE,road,ferry,zone:broughton-inlets,48.2
39768,Shawl Bay,Locality,50.8553215,-126.5570002,25,5943,mount-waddington,Mount Waddington,mount-waddington,Mount Waddington,north-island,North Island,Port McNeill,FALSE,road,ferry,zone:broughton-inlets,47.4
65465,Sim Creek 5,Indian Reserve,51.0164451,-125.6180872,25,5943,mount-waddington,Mount Waddington,mount-waddington,Mount Waddington,north-island,North Island,Port McNeill,FALSE,road,road,nearest,113.4
65471,Small Island 4,Indian Reserve,50.5664319,-126.4847669,25,5943,mount-waddington,Mount Waddington,mount-waddington,Mount Waddington,north-island,North Island,Port McNeill,FALSE,road,road,nearest,42.4
24516,Sullivan Bay,Locality,50.8830962,-126.8181201,25,5943,mount-waddington,Mount Waddington,mount-waddington,Mount Waddington,north-island,North Island,Port McNeill,FALSE,road,ferry,zone:broughton-inlets,37.6
65377,Ta-a-ack 5,Indian Reserve,51.0330858,-127.7181522,25,5943,mount-waddington,Mount Waddington,mount-waddington,Mount Waddington,north-island,North Island,Port McNeill,FALSE,road,road,nearest,66.5
15784,Thompson Sound,Locality,50.7997723,-126.0180930,25,5943,mount-waddington,Mount Waddington,mount-waddington,Mount Waddington,north-island,North Island,Port McNeill,FALSE,road,ferry,zone:broughton-inlets,78.6
65481,Tsai-kwi-ee 13,Indian Reserve,51.1664237,-127.4181474,25,5943,mount-waddington,Mount Waddington,mount-waddington,Mount Waddington,north-island,North Island,Port McNeill,FALSE,road,road,nearest,68.3
65469,Tsawwati 1,Indian Reserve,51.1164458,-125.6180902,25,5943,mount-waddington,Mount Waddington,mount-waddington,Mount Waddington,north-island,North Island,Port McNeill,FALSE,road,road,nearest,118.4
26903,Warner Bay,Locality,51.0497603,-127.1014673,25,5943,mount-waddington,Mount Waddington,mount-waddington,Mount Waddington,north-island,North Island,Port McNeill,FALSE,road,ferry,zone:broughton-inlets,51.2
65482,Waump 16,Indian Reserve,51.1830968,-126.9181326,25,5943,mount-waddington,Mount Waddington,mount-waddington,Mount Waddington,north-island,North Island,Port McNeill,FALSE,road,road,nearest,67.0
65478,Wawwat'l 12,Indian Reserve,51.2164335,-126.6681260,25,5943,mount-waddington,Mount Waddington,mount-waddington,Mount Waddington,north-island,North Island,Port McNeill,FALSE,road,road,nearest,75.6
65463,Dead Point 5,Indian Reserve,50.5997642,-126.5847709,22,5943,mount-waddington,Mount Waddington,mount-waddington,Mount Waddington,north-island,North Island,Port McNeill,FALSE,road,road,nearest,35.2
65443,Hope Island 1,Indian Reserve,50.9164161,-127.9014874,0,5943,mount-waddington,Mount Waddington,mount-waddington,Mount Waddington,north-island,North Island,Port McNeill,FALSE,road,road,nearest,68.1
39896,Hopetown,Community,50.9237094,-126.8218995,0,5943,mount-waddington,Mount Waddington,mount-waddington,Mount Waddington,north-island,North Island,Port McNeill,FALSE,road,ferry,zone:broughton-inlets,41.5
65498,Hopetown 10A,Indian Reserve,50.9164298,-126.8181212,0,5943,mount-waddington,Mount Waddington,mount-waddington,Mount Waddington,north-island,North Island,Port McNeill,FALSE,road,road,nearest,40.9
65384,Klickseewy 7,Indian Reserve,50.5997570,-127.1681220,0,5943,mount-waddington,Mount Waddington,mount-waddington,Mount Waddington,north-island,North Island,Port McNeill,FALSE,road,road,nearest,6.1
65427,Nimpkish 2,Indian Reserve,50.5827778,-126.9275000,0,5943,mount-waddington,Mount Waddington,mount-waddington,Mount Waddington,north-island,North Island,Port McNeill,FALSE,road,ferry,zone:malcolm-cormorant,11.0
65386,Thomas Point 5,Indian Reserve,50.6997548,-127.3847983,0,5943,mount-waddington,Mount Waddington,mount-waddington,Mount Waddington,north-island,North Island,Port McNeill,FALSE,road,road,nearest,24.5
65385,Thomas Point 5A,Indian Reserve,50.6997548,-127.3847983,0,5943,mount-waddington,Mount Waddington,mount-waddington,Mount Waddington,north-island,North Island,Port McNeill,FALSE,road,road,nearest,24.5
17805,North Vancouver,District Municipality,49.3361111,-123.0780556,91599,5915,metro-vancouver,Metro Vancouver,metro-vancouver,Metro Vancouver,north-shore,North Shore,North Vancouver,TRUE,road,road,hub,0.0
17802,North Vancouver,City,49.3205556,-123.0738889,60951,5915,metro-vancouver,Metro Vancouver,metro-vancouver,Metro Vancouver,north-shore,North Shore,North Vancouver,FALSE,road,road,nearest,1.8
20235,West Vancouver,District Municipality,49.3311111,-123.1597222,45539,5915,metro-vancouver,Metro Vancouver,metro-vancouver,Metro Vancouver,north-shore,North Shore,North Vancouver,FALSE,road,road,nearest,5.9
459,Bowen Island,District Municipality,49.3797222,-123.3441667,4401,5915,metro-vancouver,Metro Vancouver,metro-vancouver,Metro Vancouver,north-shore,North Shore,North Vancouver,FALSE,road,ferry,zone:bowen-island,19.9
64598,Capilano 5,Indian Reserve,49.3164660,-123.1346283,2899,5915,metro-vancouver,Metro Vancouver,metro-vancouver,Metro Vancouver,north-shore,North Shore,North Vancouver,FALSE,road,road,nearest,4.6
65003,Burrard Inlet 3,Indian Reserve,49.3164677,-122.9846236,2373,5915,metro-vancouver,Metro Vancouver,metro-vancouver,Metro Vancouver,north-shore,North Shore,North Vancouver,FALSE,road,road,nearest,7.1
15314,Seymour Heights,Community,49.3203938,-122.9970552,1571,5915,metro-vancouver,Metro Vancouver,metro-vancouver,Metro Vancouver,north-shore,North Shore,North Vancouver,FALSE,road,road,nearest,6.1
34982,Lions Bay,Village,49.4586111,-123.2352778,1432,5915,metro-vancouver,Metro Vancouver,metro-vancouver,Metro Vancouver,north-shore,North Shore,North Vancouver,FALSE,road,road,nearest,17.7
12171,Lynnmour,Community,49.3167905,-123.0240691,1126,5915,metro-vancouver,Metro Vancouver,metro-vancouver,Metro Vancouver,north-shore,North Shore,North Vancouver,FALSE,road,road,nearest,4.5
38177,Mount Gardner,Locality,49.3997968,-123.3846383,1055,5915,metro-vancouver,Metro Vancouver,metro-vancouver,Metro Vancouver,north-shore,North Shore,North Vancouver,FALSE,road,ferry,zone:bowen-island,23.3
3556,Forest Hills,Community,49.3516456,-123.0905955,911,5915,metro-vancouver,Metro Vancouver,metro-vancouver,Metro Vancouver,north-shore,North Shore,North Vancouver,FALSE,road,road,nearest,2.0
27180,Lynn Valley,Community,49.3362999,-123.0397673,893,5915,metro-vancouver,Metro Vancouver,metro-vancouver,Metro Vancouver,north-shore,North Shore,North Vancouver,FALSE,road,road,nearest,2.8
4067,Cove Cliff,Community,49.3176605,-122.9535132,880,5915,metro-vancouver,Metro Vancouver,metro-vancouver,Metro Vancouver,north-shore,North Shore,North Vancouver,FALSE,road,road,nearest,9.3
34974,Eagle Harbour,Community,49.3541667,-123.2613889,855,5915,metro-vancouver,Metro Vancouver,metro-vancouver,Metro Vancouver,north-shore,North Shore,North Vancouver,FALSE,road,road,nearest,13.4
10559,Canyon Heights,Community,49.3580700,-123.0992000,835,5915,metro-vancouver,Metro Vancouver,metro-vancouver,Metro Vancouver,north-shore,North Shore,North Vancouver,FALSE,road,road,nearest,2.9
3135,Keith-Lynn,Community,49.3164667,-123.0679596,796,5915,metro-vancouver,Metro Vancouver,metro-vancouver,Metro Vancouver,north-shore,North Shore,North Vancouver,FALSE,road,road,nearest,2.3
23117,Windsor Park,Community,49.3117590,-122.9923440,790,5915,metro-vancouver,Metro Vancouver,metro-vancouver,Metro Vancouver,north-shore,North Shore,North Vancouver,FALSE,road,road,nearest,6.8
13773,Delbrook,Community,49.3422462,-123.0862270,736,5915,metro-vancouver,Metro Vancouver,metro-vancouver,Metro Vancouver,north-shore,North Shore,North Vancouver,FALSE,road,road,nearest,0.9
37920,Lower Lonsdale,Community,49.3141801,-123.0718243,735,5915,metro-vancouver,Metro Vancouver,metro-vancouver,Metro Vancouver,north-shore,North Shore,North Vancouver,FALSE,road,road,nearest,2.5
13228,Deep Cove,Community,49.3261444,-122.9506093,721,5915,metro-vancouver,Metro Vancouver,metro-vancouver,Metro Vancouver,north-shore,North Shore,North Vancouver,FALSE,road,road,nearest,9.3
21,Cedardale,Community,49.3345216,-123.1318509,717,5915,metro-vancouver,Metro Vancouver,metro-vancouver,Metro Vancouver,north-shore,North Shore,North Vancouver,FALSE,road,road,nearest,3.9
1464,Ambleside,Community,49.3275350,-123.1517362,708,5915,metro-vancouver,Metro Vancouver,metro-vancouver,Metro Vancouver,north-shore,North Shore,North Vancouver,FALSE,road,road,nearest,5.4
16033,Park Royal,Community,49.3281461,-123.1461182,708,5915,metro-vancouver,Metro Vancouver,metro-vancouver,Metro Vancouver,north-shore,North Shore,North Vancouver,FALSE,road,road,nearest,5.0
20202,West Lynn,Community,49.3270406,-123.0369907,692,5915,metro-vancouver,Metro Vancouver,metro-vancouver,Metro Vancouver,north-shore,North Shore,North Vancouver,FALSE,road,road,nearest,3.1
90,Sentinel Hill,Community,49.3345029,-123.1430284,614,5915,metro-vancouver,Metro Vancouver,metro-vancouver,Metro Vancouver,north-shore,North Shore,North Vancouver,FALSE,road,road,nearest,4.7
37635,Bowen Bay,Locality,49.3497962,-123.4179713,596,5915,metro-vancouver,Metro Vancouver,metro-vancouver,Metro Vancouver,north-shore,North Shore,North Vancouver,FALSE,road,ferry,zone:bowen-island,24.7
34973,Cowans Point,Locality,49.3331303,-123.3513021,596,5915,metro-vancouver,Metro Vancouver,metro-vancouver,Metro Vancouver,north-shore,North Shore,North Vancouver,FALSE,road,ferry,zone:bowen-island,19.8
2001,Gleneagles,Community,49.3664645,-123.2846343,596,5915,metro-vancouver,Metro Vancouver,metro-vancouver,Metro Vancouver,north-shore,North Shore,North Vancouver,FALSE,road,road,nearest,15.3
38425,Whytecliff,Community,49.3664645,-123.2846343,596,5915,metro-vancouver,Metro Vancouver,metro-vancouver,Metro Vancouver,north-shore,North Shore,North Vancouver,FALSE,road,road,nearest,15.3
87,Sandy Cove,Community,49.3429303,-123.2345077,591,5915,metro-vancouver,Metro Vancouver,metro-vancouver,Metro Vancouver,north-shore,North Shore,North Vancouver,FALSE,road,road,nearest,11.4
11145,Capilano Highlands,Community,49.3497998,-123.1012948,578,5915,metro-vancouver,Metro Vancouver,metro-vancouver,Metro Vancouver,north-shore,North Shore,North Vancouver,FALSE,road,road,nearest,2.3
25100,Upper Lynn,Community,49.3498006,-123.0262925,571,5915,metro-vancouver,Metro Vancouver,metro-vancouver,Metro Vancouver,north-shore,North Shore,North Vancouver,FALSE,road,road,nearest,4.0
64604,Mission 1,Indian Reserve,49.3164663,-123.1012939,570,5915,metro-vancouver,Metro Vancouver,metro-vancouver,Metro Vancouver,north-shore,North Shore,North Vancouver,FALSE,road,road,nearest,2.8
41024,Pemberton Heights,Community,49.3299211,-123.1103777,552,5915,metro-vancouver,Metro Vancouver,metro-vancouver,Metro Vancouver,north-shore,North Shore,North Vancouver,FALSE,road,road,nearest,2.4
30153,Capitol Hill,Community,49.2831342,-122.9846228,547,5915,metro-vancouver,Metro Vancouver,metro-vancouver,Metro Vancouver,north-shore,North Shore,North Vancouver,FALSE,road,road,nearest,9.0
44,Glenmore,Community,49.3622996,-123.1235181,547,5915,metro-vancouver,Metro Vancouver,metro-vancouver,Metro Vancouver,north-shore,North Shore,North Vancouver,FALSE,road,road,nearest,4.4
38540,Caulfeild,Community,49.3497981,-123.2512995,525,5915,metro-vancouver,Metro Vancouver,metro-vancouver,Metro Vancouver,north-shore,North Shore,North Vancouver,FALSE,road,road,nearest,12.6
15,Burnaby Heights,Community,49.2847176,-123.0141451,524,5915,metro-vancouver,Metro Vancouver,metro-vancouver,Metro Vancouver,north-shore,North Shore,North Vancouver,FALSE,road,road,nearest,7.4
17105,North Lonsdale,Community,49.3337045,-123.0720319,498,5915,metro-vancouver,Metro Vancouver,metro-vancouver,Metro Vancouver,north-shore,North Shore,North Vancouver,FALSE,road,road,nearest,0.5
18230,Dollarton,Community,49.3153614,-122.9535030,484,5915,metro-vancouver,Metro Vancouver,metro-vancouver,Metro Vancouver,north-shore,North Shore,North Vancouver,FALSE,road,road,nearest,9.3
5538,Maplewood,Community,49.3100910,-123.0148080,482,5915,metro-vancouver,Metro Vancouver,metro-vancouver,Metro Vancouver,north-shore,North Shore,North Vancouver,FALSE,road,road,nearest,5.4
6717,Blueridge,Community,49.3267901,-122.9980462,480,5915,metro-vancouver,Metro Vancouver,metro-vancouver,Metro Vancouver,north-shore,North Shore,North Vancouver,FALSE,road,road,nearest,5.9
113,Westridge,Community,49.2831346,-122.9512884,477,5915,metro-vancouver,Metro Vancouver,metro-vancouver,Metro Vancouver,north-shore,North Shore,North Vancouver,FALSE,road,road,nearest,10.9
17020,Norgate,Community,49.3215254,-123.1174361,471,5915,metro-vancouver,Metro Vancouver,metro-vancouver,Metro Vancouver,north-shore,North Shore,North Vancouver,FALSE,road,road,nearest,3.3
39758,Hollyburn,Community,49.3345520,-123.1570950,457,5915,metro-vancouver,Metro Vancouver,metro-vancouver,Metro Vancouver,north-shore,North Shore,North Vancouver,FALSE,road,road,nearest,5.7
11,British Properties,Community,49.3497994,-123.1346292,452,5915,metro-vancouver,Metro Vancouver,metro-vancouver,Metro Vancouver,north-shore,North Shore,North Vancouver,FALSE,road,road,nearest,4.4
34977,Horseshoe Bay,Community,49.3710501,-123.2806758,452,5915,metro-vancouver,Metro Vancouver,metro-vancouver,Metro Vancouver,north-shore,North Shore,North Vancouver,FALSE,road,road,nearest,15.2
34969,Brunswick Beach,Locality,49.4735799,-123.2437339,439,5915,metro-vancouver,Metro Vancouver,metro-vancouver,Metro Vancouver,north-shore,North Shore,North Vancouver,FALSE,road,road,nearest,19.4
9704,Cleveland Park,Community,49.3598085,-123.1050433,434,5915,metro-vancouver,Metro Vancouver,metro-vancouver,Metro Vancouver,north-shore,North Shore,North Vancouver,FALSE,road,road,nearest,3.3
2,Altamont,Community,49.3417000,-123.2012975,429,5915,metro-vancouver,Metro Vancouver,metro-vancouver,Metro Vancouver,north-shore,North Shore,North Vancouver,FALSE,road,road,nearest,9.0
112,West Bay,Community,49.3418098,-123.2108044,429,5915,metro-vancouver,Metro Vancouver,metro-vancouver,Metro Vancouver,north-shore,North Shore,North Vancouver,FALSE,road,road,nearest,9.6
114,Westmount,Community,49.3447781,-123.2067208,429,5915,metro-vancouver,Metro Vancouver,metro-vancouver,Metro Vancouver,north-shore,North Shore,North Vancouver,FALSE,road,road,nearest,9.4
15609,Dundarave,Community,49.3366667,-123.1852778,410,5915,metro-vancouver,Metro Vancouver,metro-vancouver,Metro Vancouver,north-shore,North Shore,North Vancouver,FALSE,road,road,nearest,7.8
7518,Cypress Park,Community,49.3427778,-123.2397222,408,5915,metro-vancouver,Metro Vancouver,metro-vancouver,Metro Vancouver,north-shore,North Shore,North Vancouver,FALSE,road,road,nearest,11.7
13978,Sunset Beach,Community,49.3983724,-123.2485488,362,5915,metro-vancouver,Metro Vancouver,metro-vancouver,Metro Vancouver,north-shore,North Shore,North Vancouver,FALSE,road,road,nearest,14.2
65002,Inlailawatash 4,Indian Reserve,49.4664693,-122.8846244,205,5915,metro-vancouver,Metro Vancouver,metro-vancouver,Metro Vancouver,north-shore,North Shore,North Vancouver,FALSE,road,road,nearest,20.1
65005,Inlailawatash 4A,Indian Reserve,49.4831360,-122.8846249,205,5915,metro-vancouver,Metro Vancouver,metro-vancouver,Metro Vancouver,north-shore,North Shore,North Vancouver,FALSE,road,road,nearest,21.5
31668,Strachan Creek,Locality,49.4164652,-123.2346341,205,5915,metro-vancouver,Metro Vancouver,metro-vancouver,Metro Vancouver,north-shore,North Shore,North Vancouver,FALSE,road,road,nearest,14.4
64603,Seymour Creek 2,Indian Reserve,49.2998004,-123.0346248,105,5915,metro-vancouver,Metro Vancouver,metro-vancouver,Metro Vancouver,north-shore,North Shore,North Vancouver,FALSE,road,road,nearest,5.1
29457,Clearwater,District Municipality,51.6455556,-120.0325000,2462,5933,thompson-nicola,Thompson-Nicola,thompson-nicola,Thompson-Nicola,north-thompson,North Thompson,Clearwater,TRUE,road,road,hub,0.0
59020,Barriere,District Municipality,51.1797222,-120.1236111,1816,5933,thompson-nicola,Thompson-Nicola,thompson-nicola,Thompson-Nicola,north-thompson,North Thompson,Clearwater,FALSE,road,road,nearest,52.2
65673,Barriere River 3A,Indian Reserve,51.1831757,-120.1179138,898,5933,thompson-nicola,Thompson-Nicola,thompson-nicola,Thompson-Nicola,north-thompson,North Thompson,Clearwater,FALSE,road,road,nearest,51.8
5087,Birch Island,Community,51.6009684,-119.9148002,607,5933,thompson-nicola,Thompson-Nicola,thompson-nicola,Thompson-Nicola,north-thompson,North Thompson,Clearwater,FALSE,road,road,nearest,9.5
28647,Blackpool,Community,51.6103230,-120.1090360,549,5933,thompson-nicola,Thompson-Nicola,thompson-nicola,Thompson-Nicola,north-thompson,North Thompson,Clearwater,FALSE,road,road,nearest,6.6
36173,Chinook Cove,Locality,51.2331756,-120.1679169,389,5933,thompson-nicola,Thompson-Nicola,thompson-nicola,Thompson-Nicola,north-thompson,North Thompson,Clearwater,FALSE,road,road,nearest,46.8
29441,Chu Chua,Locality,51.3498432,-120.1679200,389,5933,thompson-nicola,Thompson-Nicola,thompson-nicola,Thompson-Nicola,north-thompson,North Thompson,Clearwater,FALSE,road,road,nearest,34.2
29746,Darfield,Community,51.2998426,-120.1845859,389,5933,thompson-nicola,Thompson-Nicola,thompson-nicola,Thompson-Nicola,north-thompson,North Thompson,Clearwater,FALSE,road,road,nearest,39.9
28859,Little Fort,Community,51.4239943,-120.2054558,389,5933,thompson-nicola,Thompson-Nicola,thompson-nicola,Thompson-Nicola,north-thompson,North Thompson,Clearwater,FALSE,road,road,nearest,27.4
30086,North Bonaparte,Locality,51.3998354,-120.9179465,382,5933,thompson-nicola,Thompson-Nicola,thompson-nicola,Thompson-Nicola,north-thompson,North Thompson,Clearwater,FALSE,road,road,nearest,67.1
65671,Boulder Creek 5,Indian Reserve,51.4665111,-120.1345888,379,5933,thompson-nicola,Thompson-Nicola,thompson-nicola,Thompson-Nicola,north-thompson,North Thompson,Clearwater,FALSE,road,road,nearest,21.1
24367,Vavenby,Community,51.5855763,-119.7281648,252,5933,thompson-nicola,Thompson-Nicola,thompson-nicola,Thompson-Nicola,north-thompson,North Thompson,Clearwater,FALSE,road,road,nearest,22.0
10358,Avola,Community,51.7852092,-119.3237138,230,5933,thompson-nicola,Thompson-Nicola,thompson-nicola,Thompson-Nicola,north-thompson,North Thompson,Clearwater,FALSE,road,road,nearest,51.2
6719,Blue River,Community,52.1073918,-119.3046484,230,5933,thompson-nicola,Thompson-Nicola,thompson-nicola,Thompson-Nicola,north-thompson,North Thompson,Clearwater,FALSE,road,road,nearest,71.6
65675,North Thompson 1,Indian Reserve,51.2831760,-120.1679182,181,5933,thompson-nicola,Thompson-Nicola,thompson-nicola,Thompson-Nicola,north-thompson,North Thompson,Clearwater,FALSE,road,road,nearest,41.4
37521,Stillwater,Locality,52.0498514,-119.9512654,165,5933,thompson-nicola,Thompson-Nicola,thompson-nicola,Thompson-Nicola,north-thompson,North Thompson,Clearwater,FALSE,road,road,nearest,45.3
65674,Nekalliston 2,Indian Reserve,51.4165100,-120.2012563,0,5933,thompson-nicola,Thompson-Nicola,thompson-nicola,Thompson-Nicola,north-thompson,North Thompson,Clearwater,FALSE,road,road,nearest,28.0
30438,Parksville,City,49.3180556,-124.3113889,14042,5921,nanaimo,Nanaimo,nanaimo,Nanaimo,oceanside,Parksville–Qualicum,Parksville,TRUE,road,road,hub,0.0
22222,Qualicum Beach,Town,49.3480556,-124.4438889,9453,5921,nanaimo,Nanaimo,nanaimo,Nanaimo,oceanside,Parksville–Qualicum,Parksville,FALSE,road,road,nearest,10.2
31000,Qualicum Bay,Community,49.4041610,-124.6312202,839,5921,nanaimo,Nanaimo,nanaimo,Nanaimo,oceanside,Parksville–Qualicum,Parksville,FALSE,road,road,nearest,25.1
15632,Dunsmuir,Locality,49.3877778,-124.6108333,818,5921,nanaimo,Nanaimo,nanaimo,Nanaimo,oceanside,Parksville–Qualicum,Parksville,FALSE,road,road,nearest,23.0
28686,Bowser,Community,49.4334872,-124.6666325,750,5921,nanaimo,Nanaimo,nanaimo,Nanaimo,oceanside,Parksville–Qualicum,Parksville,FALSE,road,road,nearest,28.7
13225,Deep Bay,Community,49.4624300,-124.7232400,750,5921,nanaimo,Nanaimo,nanaimo,Nanaimo,oceanside,Parksville–Qualicum,Parksville,FALSE,road,road,nearest,33.9
12314,Coombs,Community,49.3049919,-124.4176397,683,5921,nanaimo,Nanaimo,nanaimo,Nanaimo,oceanside,Parksville–Qualicum,Parksville,FALSE,road,road,nearest,7.8
7637,Dashwood,Community,49.3664504,-124.5180057,655,5921,nanaimo,Nanaimo,nanaimo,Nanaimo,oceanside,Parksville–Qualicum,Parksville,FALSE,road,road,nearest,15.9
10606,Errington,Community,49.2888889,-124.3694444,630,5921,nanaimo,Nanaimo,nanaimo,Nanaimo,oceanside,Parksville–Qualicum,Parksville,FALSE,road,road,nearest,5.3
35927,Hilliers,Community,49.3081589,-124.4842453,620,5921,nanaimo,Nanaimo,nanaimo,Nanaimo,oceanside,Parksville–Qualicum,Parksville,FALSE,road,road,nearest,12.6
4418,French Creek,Community,49.3456572,-124.3602739,467,5921,nanaimo,Nanaimo,nanaimo,Nanaimo,oceanside,Parksville–Qualicum,Parksville,FALSE,road,road,nearest,4.7
40958,Whisky Creek,Community,49.3095955,-124.5087076,459,5921,nanaimo,Nanaimo,nanaimo,Nanaimo,oceanside,Parksville–Qualicum,Parksville,FALSE,road,road,nearest,14.3
35922,Nanoose Bay,Community,49.2646478,-124.1990501,438,5921,nanaimo,Nanaimo,nanaimo,Nanaimo,oceanside,Parksville–Qualicum,Parksville,FALSE,road,road,nearest,10.1
18235,Dolphin Beach,Community,49.2908477,-124.1493852,411,5921,nanaimo,Nanaimo,nanaimo,Nanaimo,oceanside,Parksville–Qualicum,Parksville,FALSE,road,road,nearest,12.1
65811,Nanoose,Indian Reserve,49.2497880,-124.1179903,245,5921,nanaimo,Nanaimo,nanaimo,Nanaimo,oceanside,Parksville–Qualicum,Parksville,FALSE,road,road,nearest,16.0
65769,Qualicum,Indian Reserve,49.3997827,-124.6180096,82,5921,nanaimo,Nanaimo,nanaimo,Nanaimo,oceanside,Parksville–Qualicum,Parksville,FALSE,road,road,nearest,24.0
18788,Osoyoos,Town,49.0325000,-119.4683333,5690,5907,okanagan-similkameen,Okanagan-Similkameen,okanagan-similkameen,Okanagan-Similkameen,oliver-osoyoos,"Oliver, Osoyoos & Keremeos",Oliver,FALSE,road,road,nearest,17.7
18667,Oliver,Town,49.1825000,-119.5508333,5231,5907,okanagan-similkameen,Okanagan-Similkameen,okanagan-similkameen,Okanagan-Similkameen,oliver-osoyoos,"Oliver, Osoyoos & Keremeos",Oliver,TRUE,road,road,hub,0.0
3779,Keremeos,Village,49.2047222,-119.8297222,1648,5907,okanagan-similkameen,Okanagan-Similkameen,okanagan-similkameen,Okanagan-Similkameen,oliver-osoyoos,"Oliver, Osoyoos & Keremeos",Oliver,FALSE,road,road,override,20.4
65660,Osoyoos 1,Indian Reserve,49.1500000,-119.5000000,1426,5907,okanagan-similkameen,Okanagan-Similkameen,okanagan-similkameen,Okanagan-Similkameen,oliver-osoyoos,"Oliver, Osoyoos & Keremeos",Oliver,FALSE,road,road,nearest,5.2
1757,Inkaneep,Community,49.1097239,-119.5036709,1247,5907,okanagan-similkameen,Okanagan-Similkameen,okanagan-similkameen,Okanagan-Similkameen,oliver-osoyoos,"Oliver, Osoyoos & Keremeos",Oliver,FALSE,road,road,nearest,8.8
65657,Osoyoos 3,Indian Reserve,49.0665046,-119.4345047,1247,5907,okanagan-similkameen,Okanagan-Similkameen,okanagan-similkameen,Okanagan-Similkameen,oliver-osoyoos,"Oliver, Osoyoos & Keremeos",Oliver,FALSE,road,road,nearest,15.4
1232,East Osoyoos,Community,49.0161111,-119.4308333,834,5907,okanagan-similkameen,Okanagan-Similkameen,okanagan-similkameen,Okanagan-Similkameen,oliver-osoyoos,"Oliver, Osoyoos & Keremeos",Oliver,FALSE,road,road,nearest,20.5
40324,Eagle Bluff,Locality,49.2672222,-119.5197222,798,5907,okanagan-similkameen,Okanagan-Similkameen,okanagan-similkameen,Okanagan-Similkameen,oliver-osoyoos,"Oliver, Osoyoos & Keremeos",Oliver,FALSE,road,road,nearest,9.7
65552,Blind Creek 6A,Indian Reserve,49.1831685,-119.7511843,692,5907,okanagan-similkameen,Okanagan-Similkameen,okanagan-similkameen,Okanagan-Similkameen,oliver-osoyoos,"Oliver, Osoyoos & Keremeos",Oliver,FALSE,road,road,nearest,14.6
65551,Range 13,Indian Reserve,49.1331675,-119.8345191,594,5907,okanagan-similkameen,Okanagan-Similkameen,okanagan-similkameen,Okanagan-Similkameen,oliver-osoyoos,"Oliver, Osoyoos & Keremeos",Oliver,FALSE,road,road,nearest,21.3
23043,Willowbrook,Community,49.2696107,-119.6032224,570,5907,okanagan-similkameen,Okanagan-Similkameen,okanagan-similkameen,Okanagan-Similkameen,oliver-osoyoos,"Oliver, Osoyoos & Keremeos",Oliver,FALSE,road,road,nearest,10.4
11407,Fairview,Community,49.1745563,-119.6017509,505,5907,okanagan-similkameen,Okanagan-Similkameen,okanagan-similkameen,Okanagan-Similkameen,oliver-osoyoos,"Oliver, Osoyoos & Keremeos",Oliver,FALSE,road,road,nearest,3.8
63381,Keremeos Forks 12 & 12A,Indian Reserve,49.3000000,-119.8166667,488,5907,okanagan-similkameen,Okanagan-Similkameen,okanagan-similkameen,Okanagan-Similkameen,oliver-osoyoos,"Oliver, Osoyoos & Keremeos",Oliver,FALSE,road,road,nearest,23.3
18620,Olalla,Community,49.2652895,-119.8279063,488,5907,okanagan-similkameen,Okanagan-Similkameen,okanagan-similkameen,Okanagan-Similkameen,oliver-osoyoos,"Oliver, Osoyoos & Keremeos",Oliver,FALSE,road,road,nearest,22.1
3459,Cawston,Community,49.1750092,-119.7530815,459,5907,okanagan-similkameen,Okanagan-Similkameen,okanagan-similkameen,Okanagan-Similkameen,oliver-osoyoos,"Oliver, Osoyoos & Keremeos",Oliver,FALSE,road,road,override,14.7
65558,Narcisse's Farm 4,Indian Reserve,49.1331681,-119.7678503,459,5907,okanagan-similkameen,Okanagan-Similkameen,okanagan-similkameen,Okanagan-Similkameen,oliver-osoyoos,"Oliver, Osoyoos & Keremeos",Oliver,FALSE,road,road,nearest,16.7
5919,Chopaka,Locality,48.9998349,-119.7178456,86,5907,okanagan-similkameen,Okanagan-Similkameen,okanagan-similkameen,Okanagan-Similkameen,oliver-osoyoos,"Oliver, Osoyoos & Keremeos",Oliver,FALSE,road,road,nearest,23.7
65801,Chopaka 7 & 8,Indian Reserve,49.0428906,-119.7192355,86,5907,okanagan-similkameen,Okanagan-Similkameen,okanagan-similkameen,Okanagan-Similkameen,oliver-osoyoos,"Oliver, Osoyoos & Keremeos",Oliver,FALSE,road,road,nearest,19.8
65555,Skemeoskuankin 7,Indian Reserve,49.0331683,-119.7178463,86,5907,okanagan-similkameen,Okanagan-Similkameen,okanagan-similkameen,Okanagan-Similkameen,oliver-osoyoos,"Oliver, Osoyoos & Keremeos",Oliver,FALSE,road,road,nearest,20.6
65554,Skemeoskuankin 8,Indian Reserve,49.0331683,-119.7178463,86,5907,okanagan-similkameen,Okanagan-Similkameen,okanagan-similkameen,Okanagan-Similkameen,oliver-osoyoos,"Oliver, Osoyoos & Keremeos",Oliver,FALSE,road,road,nearest,20.6
65559,Lower Similkameen 2,Indian Reserve,49.1165016,-119.7511827,76,5907,okanagan-similkameen,Okanagan-Similkameen,okanagan-similkameen,Okanagan-Similkameen,oliver-osoyoos,"Oliver, Osoyoos & Keremeos",Oliver,FALSE,road,road,nearest,16.3
65549,Ashnola 10,Indian Reserve,49.2164994,-120.0011932,58,5907,okanagan-similkameen,Okanagan-Similkameen,okanagan-similkameen,Okanagan-Similkameen,oliver-osoyoos,"Oliver, Osoyoos & Keremeos",Oliver,FALSE,road,road,nearest,32.9
65553,Blind Creek 6,Indian Reserve,49.1831687,-119.7345171,26,5907,okanagan-similkameen,Okanagan-Similkameen,okanagan-similkameen,Okanagan-Similkameen,oliver-osoyoos,"Oliver, Osoyoos & Keremeos",Oliver,FALSE,road,road,nearest,13.4
65550,Alexis 9,Indian Reserve,49.2165004,-119.9011900,10,5907,okanagan-similkameen,Okanagan-Similkameen,okanagan-similkameen,Okanagan-Similkameen,oliver-osoyoos,"Oliver, Osoyoos & Keremeos",Oliver,FALSE,road,road,nearest,25.7
40204,Chickwat SB 9,Indian Government District : Land Unit,49.8247947,-123.7082709,741,5929,sunshine-coast,Sunshine Coast,sunshine-coast,Sunshine Coast,pender-harbour,Pender Harbour & Egmont,Madeira Park,FALSE,ferry,road,nearest,32.1
22257,Doriston,Locality,49.7164589,-123.8846623,741,5929,sunshine-coast,Sunshine Coast,sunshine-coast,Sunshine Coast,pender-harbour,Pender Harbour & Egmont,Madeira Park,FALSE,ferry,road,nearest,14.6
18132,Secret Cove,Community,49.5331241,-123.9513261,741,5929,sunshine-coast,Sunshine Coast,sunshine-coast,Sunshine Coast,pender-harbour,Pender Harbour & Egmont,Madeira Park,FALSE,ferry,road,nearest,11.0
5057,Billings Bay,Locality,49.6997886,-124.2013384,718,5929,sunshine-coast,Sunshine Coast,sunshine-coast,Sunshine Coast,pender-harbour,Pender Harbour & Egmont,Madeira Park,FALSE,ferry,road,nearest,15.6
40203,Egmont SB 26,Indian Government District : Land Unit,49.7595143,-123.9179979,718,5929,sunshine-coast,Sunshine Coast,sunshine-coast,Sunshine Coast,pender-harbour,Pender Harbour & Egmont,Madeira Park,FALSE,ferry,road,nearest,17.2
2343,Irvines Landing,Locality,49.6331234,-124.0513319,718,5929,sunshine-coast,Sunshine Coast,sunshine-coast,Sunshine Coast,pender-harbour,Pender Harbour & Egmont,Madeira Park,FALSE,ferry,road,nearest,2.5
40868,Slayathlum SB 16,Indian Government District : Land Unit,49.8303468,-124.0124472,718,5929,sunshine-coast,Sunshine Coast,sunshine-coast,Sunshine Coast,pender-harbour,Pender Harbour & Egmont,Madeira Park,FALSE,ferry,road,nearest,23.3
40189,Swaywelat SB 12,Indian Government District : Land Unit,50.1650724,-123.8541182,718,5929,sunshine-coast,Sunshine Coast,sunshine-coast,Sunshine Coast,pender-harbour,Pender Harbour & Egmont,Madeira Park,FALSE,ferry,road,nearest,61.8
34710,Earls Cove,Locality,49.7519444,-124.0091667,605,5929,sunshine-coast,Sunshine Coast,sunshine-coast,Sunshine Coast,pender-harbour,Pender Harbour & Egmont,Madeira Park,FALSE,ferry,road,nearest,14.7
2274,Egmont,Community,49.7500000,-123.9322222,605,5929,sunshine-coast,Sunshine Coast,sunshine-coast,Sunshine Coast,pender-harbour,Pender Harbour & Egmont,Madeira Park,FALSE,ferry,road,nearest,15.8
5431,Kleindale,Locality,49.6331243,-123.9679960,605,5929,sunshine-coast,Sunshine Coast,sunshine-coast,Sunshine Coast,pender-harbour,Pender Harbour & Egmont,Madeira Park,FALSE,ferry,road,nearest,4.2
5302,Garden Bay,Community,49.6326207,-124.0279946,569,5929,sunshine-coast,Sunshine Coast,sunshine-coast,Sunshine Coast,pender-harbour,Pender Harbour & Egmont,Madeira Park,FALSE,ferry,road,nearest,1.4
40835,Sawquamain SB 19A,Indian Government District : Land Unit,49.6303459,-124.0207753,569,5929,sunshine-coast,Sunshine Coast,sunshine-coast,Sunshine Coast,pender-harbour,Pender Harbour & Egmont,Madeira Park,FALSE,ferry,road,nearest,1.1
1601,Buccaneer Bay,Locality,49.4880439,-123.9848688,563,5929,sunshine-coast,Sunshine Coast,sunshine-coast,Sunshine Coast,pender-harbour,Pender Harbour & Egmont,Madeira Park,FALSE,ferry,road,nearest,15.0
24362,Vaucroft Beach,Locality,49.5164568,-124.0013272,563,5929,sunshine-coast,Sunshine Coast,sunshine-coast,Sunshine Coast,pender-harbour,Pender Harbour & Egmont,Madeira Park,FALSE,ferry,road,nearest,11.7
4631,Madeira Park,Community,49.6205000,-124.0232600,469,5929,sunshine-coast,Sunshine Coast,sunshine-coast,Sunshine Coast,pender-harbour,Pender Harbour & Egmont,Madeira Park,TRUE,ferry,road,hub,0.0
40200,Sallahlus SB 20,Indian Government District : Land Unit,49.6164568,-124.0332753,469,5929,sunshine-coast,Sunshine Coast,sunshine-coast,Sunshine Coast,pender-harbour,Pender Harbour & Egmont,Madeira Park,FALSE,ferry,road,nearest,0.9
40199,Sallahlus SB 20A,Indian Government District : Land Unit,49.6192347,-124.0291086,469,5929,sunshine-coast,Sunshine Coast,sunshine-coast,Sunshine Coast,pender-harbour,Pender Harbour & Egmont,Madeira Park,FALSE,ferry,road,nearest,0.4
40193,Suahbin SB 19,Indian Government District : Land Unit,49.6317348,-124.0249421,15,5929,sunshine-coast,Sunshine Coast,sunshine-coast,Sunshine Coast,pender-harbour,Pender Harbour & Egmont,Madeira Park,FALSE,ferry,road,nearest,1.3
40201,Bargain Harbour SB 24,Indian Government District : Land Unit,49.6053458,-124.0221636,0,5929,sunshine-coast,Sunshine Coast,sunshine-coast,Sunshine Coast,pender-harbour,Pender Harbour & Egmont,Madeira Park,FALSE,ferry,road,nearest,1.7
40187,Boulder Island SB 25,Indian Government District : Land Unit,49.7247924,-123.8777179,0,5929,sunshine-coast,Sunshine Coast,sunshine-coast,Sunshine Coast,pender-harbour,Pender Harbour & Egmont,Madeira Park,FALSE,ferry,road,nearest,15.6
40192,Chelohsin SB 13,Indian Government District : Land Unit,50.1414616,-123.8124496,0,5929,sunshine-coast,Sunshine Coast,sunshine-coast,Sunshine Coast,pender-harbour,Pender Harbour & Egmont,Madeira Park,FALSE,ferry,road,nearest,59.9
40191,Hunaechin SB 11,Indian Government District : Land Unit,50.2136822,-123.9846792,0,5929,sunshine-coast,Sunshine Coast,sunshine-coast,Sunshine Coast,pender-harbour,Pender Harbour & Egmont,Madeira Park,FALSE,ferry,road,nearest,66.0
40210,Klayekwim SB 6,Indian Government District : Land Unit,49.7803500,-123.7193811,0,5929,sunshine-coast,Sunshine Coast,sunshine-coast,Sunshine Coast,pender-harbour,Pender Harbour & Egmont,Madeira Park,FALSE,ferry,road,nearest,28.2
40209,Klayekwim SB 6A,Indian Government District : Land Unit,49.7678500,-123.7138251,0,5929,sunshine-coast,Sunshine Coast,sunshine-coast,Sunshine Coast,pender-harbour,Pender Harbour & Egmont,Madeira Park,FALSE,ferry,road,nearest,27.6
40208,Klayekwim SB 7,Indian Government District : Land Unit,49.7761832,-123.7249368,0,5929,sunshine-coast,Sunshine Coast,sunshine-coast,Sunshine Coast,pender-harbour,Pender Harbour & Egmont,Madeira Park,FALSE,ferry,road,nearest,27.6
40207,Klayekwim SB 8,Indian Government District : Land Unit,49.7928500,-123.7221594,0,5929,sunshine-coast,Sunshine Coast,sunshine-coast,Sunshine Coast,pender-harbour,Pender Harbour & Egmont,Madeira Park,FALSE,ferry,road,nearest,28.9
40190,Paykulkum SB 14,Indian Government District : Land Unit,50.1275728,-123.7999488,0,5929,sunshine-coast,Sunshine Coast,sunshine-coast,Sunshine Coast,pender-harbour,Pender Harbour & Egmont,Madeira Park,FALSE,ferry,road,nearest,58.6
40198,Saughanaught SB 22,Indian Government District : Land Unit,49.6525677,-124.0679996,0,5929,sunshine-coast,Sunshine Coast,sunshine-coast,Sunshine Coast,pender-harbour,Pender Harbour & Egmont,Madeira Park,FALSE,ferry,road,nearest,4.8
40195,Sekaleton SB 21,Indian Government District : Land Unit,49.6303455,-124.0527207,0,5929,sunshine-coast,Sunshine Coast,sunshine-coast,Sunshine Coast,pender-harbour,Pender Harbour & Egmont,Madeira Park,FALSE,ferry,road,nearest,2.4
40841,Sekaleton SB 21A,Indian Government District : Land Unit,49.6303456,-124.0513318,0,5929,sunshine-coast,Sunshine Coast,sunshine-coast,Sunshine Coast,pender-harbour,Pender Harbour & Egmont,Madeira Park,FALSE,ferry,road,nearest,2.3
40184,Skookumchuck SB 27,Indian Government District : Land Unit,49.7289589,-123.8957741,0,5929,sunshine-coast,Sunshine Coast,sunshine-coast,Sunshine Coast,pender-harbour,Pender Harbour & Egmont,Madeira Park,FALSE,ferry,road,nearest,15.2
40206,Skwawkweehm SB 17,Indian Government District : Land Unit,49.9234044,-123.8707787,0,5929,sunshine-coast,Sunshine Coast,sunshine-coast,Sunshine Coast,pender-harbour,Pender Harbour & Egmont,Madeira Park,FALSE,ferry,road,nearest,35.4
40183,Smeshalin SB 18,Indian Government District : Land Unit,49.6428464,-123.9846634,0,5929,sunshine-coast,Sunshine Coast,sunshine-coast,Sunshine Coast,pender-harbour,Pender Harbour & Egmont,Madeira Park,FALSE,ferry,road,nearest,3.7
40215,Swaywelat SB 12A,Indian Government District : Land Unit,50.1622946,-123.8513403,0,5929,sunshine-coast,Sunshine Coast,sunshine-coast,Sunshine Coast,pender-harbour,Pender Harbour & Egmont,Madeira Park,FALSE,ferry,road,nearest,61.5
40214,Tchahchelailthtenum SB 10,Indian Government District : Land Unit,49.7220147,-123.8652174,0,5929,sunshine-coast,Sunshine Coast,sunshine-coast,Sunshine Coast,pender-harbour,Pender Harbour & Egmont,Madeira Park,FALSE,ferry,road,nearest,16.0
40188,Tsooahdie SB 15,Indian Government District : Land Unit,50.0914622,-123.7430016,0,5929,sunshine-coast,Sunshine Coast,sunshine-coast,Sunshine Coast,pender-harbour,Pender Harbour & Egmont,Madeira Park,FALSE,ferry,road,nearest,56.1
38678,Penticton,City,49.5008333,-119.5938889,38115,5907,okanagan-similkameen,Okanagan-Similkameen,okanagan-similkameen,Okanagan-Similkameen,penticton,South Okanagan,Penticton,TRUE,road,road,hub,0.0
13335,Summerland,District Municipality,49.6022222,-119.6819444,12426,5907,okanagan-similkameen,Okanagan-Similkameen,okanagan-similkameen,Okanagan-Similkameen,penticton,South Okanagan,Penticton,FALSE,road,road,nearest,12.9
65658,Penticton 1,Indian Reserve,49.4998373,-119.6678559,2080,5907,okanagan-similkameen,Okanagan-Similkameen,okanagan-similkameen,Okanagan-Similkameen,penticton,South Okanagan,Penticton,FALSE,road,road,nearest,5.3
5638,Marron Valley,Locality,49.3665034,-119.6678527,1031,5907,okanagan-similkameen,Okanagan-Similkameen,okanagan-similkameen,Okanagan-Similkameen,penticton,South Okanagan,Penticton,FALSE,road,road,nearest,15.9
60075,Penticton 2,Indian Reserve,49.4808333,-119.5572222,967,5907,okanagan-similkameen,Okanagan-Similkameen,okanagan-similkameen,Okanagan-Similkameen,penticton,South Okanagan,Penticton,FALSE,road,road,nearest,3.5
20162,West Bench,Community,49.4968152,-119.6299002,817,5907,okanagan-similkameen,Okanagan-Similkameen,okanagan-similkameen,Okanagan-Similkameen,penticton,South Okanagan,Penticton,FALSE,road,road,nearest,2.6
40506,Chute Lake,Locality,49.6831728,-119.5345227,675,5907,okanagan-similkameen,Okanagan-Similkameen,okanagan-similkameen,Okanagan-Similkameen,penticton,South Okanagan,Penticton,FALSE,road,road,nearest,20.7
22978,Trout Creek,Community,49.5694444,-119.6263889,670,5907,okanagan-similkameen,Okanagan-Similkameen,okanagan-similkameen,Okanagan-Similkameen,penticton,South Okanagan,Penticton,FALSE,road,road,nearest,8.0
2988,Kaleden,Community,49.3943800,-119.5985400,618,5907,okanagan-similkameen,Okanagan-Similkameen,okanagan-similkameen,Okanagan-Similkameen,penticton,South Okanagan,Penticton,FALSE,road,road,nearest,11.8
4844,Crescent Beach,Community,49.6248062,-119.6640673,597,5907,okanagan-similkameen,Okanagan-Similkameen,okanagan-similkameen,Okanagan-Similkameen,penticton,South Okanagan,Penticton,FALSE,road,road,nearest,14.7
41067,Garnet Valley,Community,49.6422616,-119.7134918,565,5907,okanagan-similkameen,Okanagan-Similkameen,okanagan-similkameen,Okanagan-Similkameen,penticton,South Okanagan,Penticton,FALSE,road,road,nearest,17.9
17736,Poplar Grove,Community,49.5309297,-119.5615987,495,5907,okanagan-similkameen,Okanagan-Similkameen,okanagan-similkameen,Okanagan-Similkameen,penticton,South Okanagan,Penticton,FALSE,road,road,nearest,4.1
65655,Penticton 3A,Indian Reserve,49.5665030,-119.7845280,458,5907,okanagan-similkameen,Okanagan-Similkameen,okanagan-similkameen,Okanagan-Similkameen,penticton,South Okanagan,Penticton,FALSE,road,road,nearest,15.6
16296,Shingle Creek,Locality,49.5165026,-119.8011940,458,5907,okanagan-similkameen,Okanagan-Similkameen,okanagan-similkameen,Okanagan-Similkameen,penticton,South Okanagan,Penticton,FALSE,road,road,nearest,15.1
16216,Prairie Valley,Community,49.5943020,-119.7057560,447,5907,okanagan-similkameen,Okanagan-Similkameen,okanagan-similkameen,Okanagan-Similkameen,penticton,South Okanagan,Penticton,FALSE,road,road,nearest,13.2
20359,Naramata,Community,49.5969103,-119.5975006,437,5907,okanagan-similkameen,Okanagan-Similkameen,okanagan-similkameen,Okanagan-Similkameen,penticton,South Okanagan,Penticton,FALSE,road,road,nearest,10.7
2658,Greata,Locality,49.6998373,-119.7511968,340,5907,okanagan-similkameen,Okanagan-Similkameen,okanagan-similkameen,Okanagan-Similkameen,penticton,South Okanagan,Penticton,FALSE,road,road,nearest,24.9
17985,Okanagan Falls,Community,49.3449140,-119.5716060,309,5907,okanagan-similkameen,Okanagan-Similkameen,okanagan-similkameen,Okanagan-Similkameen,penticton,South Okanagan,Penticton,FALSE,road,road,nearest,17.4
6445,Mason Creek,Community,57.3327077,-122.7858327,472,5955,peace-river,Peace River,peace-river,Peace River,pink-mountain,Alaska Highway North,Pink Mountain,FALSE,road,road,nearest,37.0
23007,Trutch,Locality,57.7332319,-122.9515735,472,5955,peace-river,Peace River,peace-river,Peace River,pink-mountain,Alaska Highway North,Pink Mountain,FALSE,road,road,nearest,82.1
2747,Beatton Ranch,Locality,56.7332178,-122.5848512,449,5955,peace-river,Peace River,peace-river,Peace River,pink-mountain,Alaska Highway North,Pink Mountain,FALSE,road,road,nearest,33.6
306,Boring Ranch,Locality,56.9498869,-122.7015311,449,5955,peace-river,Peace River,peace-river,Peace River,pink-mountain,Alaska Highway North,Pink Mountain,FALSE,road,road,nearest,14.5
584,Brady Ranch,Locality,56.8263889,-122.6291667,449,5955,peace-river,Peace River,peace-river,Peace River,pink-mountain,Alaska Highway North,Pink Mountain,FALSE,road,road,nearest,24.0
39718,Buckinghorse River,Community,57.3868224,-122.8534789,449,5955,peace-river,Peace River,peace-river,Peace River,pink-mountain,Alaska Highway North,Pink Mountain,FALSE,road,road,nearest,44.2
11896,Federal Ranch,Locality,56.4402778,-122.3930556,449,5955,peace-river,Peace River,peace-river,Peace River,pink-mountain,Alaska Highway North,Pink Mountain,FALSE,road,road,nearest,66.4
40616,Halfway Ranch,Locality,56.4998870,-122.0348215,449,5955,peace-river,Peace River,peace-river,Peace River,pink-mountain,Alaska Highway North,Pink Mountain,FALSE,road,road,nearest,66.2
14597,Hickethier Ranch,Locality,56.5165518,-122.2181623,449,5955,peace-river,Peace River,peace-river,Peace River,pink-mountain,Alaska Highway North,Pink Mountain,FALSE,road,road,nearest,60.3
1844,Lexau Ranch,Locality,56.5165530,-122.1181586,449,5955,peace-river,Peace River,peace-river,Peace River,pink-mountain,Alaska Highway North,Pink Mountain,FALSE,road,road,nearest,62.4
19588,McKearney Ranch,Locality,56.6332174,-122.4681762,449,5955,peace-river,Peace River,peace-river,Peace River,pink-mountain,Alaska Highway North,Pink Mountain,FALSE,road,road,nearest,44.6
20569,McLean Ranch,Locality,56.5165526,-122.1514932,449,5955,peace-river,Peace River,peace-river,Peace River,pink-mountain,Alaska Highway North,Pink Mountain,FALSE,road,road,nearest,61.6
38535,Pink Mountain,Locality,57.0332240,-122.5181943,449,5955,peace-river,Peace River,peace-river,Peace River,pink-mountain,Alaska Highway North,Pink Mountain,TRUE,road,road,hub,0.0
20417,Sikanni Chief,Locality,57.2332254,-122.7015428,449,5955,peace-river,Peace River,peace-river,Peace River,pink-mountain,Alaska Highway North,Pink Mountain,FALSE,road,road,nearest,24.8
20510,Simpson Ranch,Locality,56.5998839,-122.4348403,449,5955,peace-river,Peace River,peace-river,Peace River,pink-mountain,Alaska Highway North,Pink Mountain,FALSE,road,road,nearest,48.5
41179,Upper Halfway,Community,56.5150466,-122.2363284,449,5955,peace-river,Peace River,peace-river,Peace River,pink-mountain,Alaska Highway North,Pink Mountain,FALSE,road,road,nearest,60.1
15857,Wagner Ranch,Locality,56.5151626,-122.2389964,449,5955,peace-river,Peace River,peace-river,Peace River,pink-mountain,Alaska Highway North,Pink Mountain,FALSE,road,road,nearest,60.1
23953,Wonowon,Community,56.7290048,-121.8083437,449,5955,peace-river,Peace River,peace-river,Peace River,pink-mountain,Alaska Highway North,Pink Mountain,FALSE,road,road,nearest,54.8
19255,Port Alberni,City,49.2344444,-124.8058333,18938,5923,alberni-clayoquot,Alberni-Clayoquot,alberni-clayoquot,Alberni-Clayoquot,port-alberni,Port Alberni Valley,Port Alberni,TRUE,pass,road,hub,0.0
65274,Cleho 6,Indian Reserve,48.9331075,-125.2346823,875,5923,alberni-clayoquot,Alberni-Clayoquot,alberni-clayoquot,Alberni-Clayoquot,port-alberni,Port Alberni Valley,Port Alberni,FALSE,pass,road,nearest,45.8
65276,Equis 8,Indian Reserve,48.9664404,-125.2846847,875,5923,alberni-clayoquot,Alberni-Clayoquot,alberni-clayoquot,Alberni-Clayoquot,port-alberni,Port Alberni Valley,Port Alberni,FALSE,pass,road,nearest,45.9
65275,Keith Island 7,Indian Reserve,48.9164402,-125.2846834,875,5923,alberni-clayoquot,Alberni-Clayoquot,alberni-clayoquot,Alberni-Clayoquot,port-alberni,Port Alberni Valley,Port Alberni,FALSE,pass,road,nearest,49.7
65291,Nettle Island 5,Indian Reserve,48.9331075,-125.2346823,875,5923,alberni-clayoquot,Alberni-Clayoquot,alberni-clayoquot,Alberni-Clayoquot,port-alberni,Port Alberni Valley,Port Alberni,FALSE,pass,road,nearest,45.8
19663,Sproat Lake,Community,49.2831121,-124.9180156,875,5923,alberni-clayoquot,Alberni-Clayoquot,alberni-clayoquot,Alberni-Clayoquot,port-alberni,Port Alberni Valley,Port Alberni,FALSE,pass,road,nearest,9.8
65277,Tsahaheh 1,Indian Reserve,49.2697222,-124.8591667,596,5923,alberni-clayoquot,Alberni-Clayoquot,alberni-clayoquot,Alberni-Clayoquot,port-alberni,Port Alberni Valley,Port Alberni,FALSE,pass,road,nearest,5.5
38661,Great Central,Locality,49.3164448,-124.9846852,593,5923,alberni-clayoquot,Alberni-Clayoquot,alberni-clayoquot,Alberni-Clayoquot,port-alberni,Port Alberni Valley,Port Alberni,FALSE,pass,road,nearest,15.9
5424,Kleecoot,Community,49.2973170,-124.9483650,593,5923,alberni-clayoquot,Alberni-Clayoquot,alberni-clayoquot,Alberni-Clayoquot,port-alberni,Port Alberni Valley,Port Alberni,FALSE,pass,road,nearest,12.5
13169,Sahara Heights,Community,49.2497803,-124.7846773,566,5923,alberni-clayoquot,Alberni-Clayoquot,alberni-clayoquot,Alberni-Clayoquot,port-alberni,Port Alberni Valley,Port Alberni,FALSE,pass,road,nearest,2.3
9248,Arrowview Heights,Community,49.2421254,-124.7682150,555,5923,alberni-clayoquot,Alberni-Clayoquot,alberni-clayoquot,Alberni-Clayoquot,port-alberni,Port Alberni Valley,Port Alberni,FALSE,pass,road,nearest,2.9
541,Alberni,Community,49.2497801,-124.8013445,497,5923,alberni-clayoquot,Alberni-Clayoquot,alberni-clayoquot,Alberni-Clayoquot,port-alberni,Port Alberni Valley,Port Alberni,FALSE,pass,road,nearest,1.7
2774,Beaver Creek,Community,49.3250126,-124.9011142,480,5923,alberni-clayoquot,Alberni-Clayoquot,alberni-clayoquot,Alberni-Clayoquot,port-alberni,Port Alberni Valley,Port Alberni,FALSE,pass,road,nearest,12.2
10460,Cameron Heights,Community,49.2197300,-124.8071535,474,5923,alberni-clayoquot,Alberni-Clayoquot,alberni-clayoquot,Alberni-Clayoquot,port-alberni,Port Alberni Valley,Port Alberni,FALSE,pass,road,nearest,1.6
5005,Cherry Creek,Community,49.2828552,-124.7892036,468,5923,alberni-clayoquot,Alberni-Clayoquot,alberni-clayoquot,Alberni-Clayoquot,port-alberni,Port Alberni Valley,Port Alberni,FALSE,pass,road,nearest,5.5
65293,Cous 3,Indian Reserve,49.1831128,-124.8346770,375,5923,alberni-clayoquot,Alberni-Clayoquot,alberni-clayoquot,Alberni-Clayoquot,port-alberni,Port Alberni Valley,Port Alberni,FALSE,pass,road,nearest,6.1
65273,Ahmitsa 5,Indian Reserve,48.9664431,-125.0513444,256,5923,alberni-clayoquot,Alberni-Clayoquot,alberni-clayoquot,Alberni-Clayoquot,port-alberni,Port Alberni Valley,Port Alberni,FALSE,pass,road,nearest,34.7
65212,Ahuk 1,Indian Reserve,48.7164445,-124.8846660,256,5923,alberni-clayoquot,Alberni-Clayoquot,alberni-clayoquot,Alberni-Clayoquot,port-alberni,Port Alberni Valley,Port Alberni,FALSE,pass,road,nearest,57.9
11066,Bamfield,Community,48.8286204,-125.1349456,256,5923,alberni-clayoquot,Alberni-Clayoquot,alberni-clayoquot,Alberni-Clayoquot,port-alberni,Port Alberni Valley,Port Alberni,FALSE,pass,road,nearest,51.1
65288,Chuchakacook 4,Indian Reserve,49.0831126,-124.8346743,256,5923,alberni-clayoquot,Alberni-Clayoquot,alberni-clayoquot,Alberni-Clayoquot,port-alberni,Port Alberni Valley,Port Alberni,FALSE,pass,road,nearest,17.0
40437,Ecoole,Locality,48.9683333,-125.0583333,256,5923,alberni-clayoquot,Alberni-Clayoquot,alberni-clayoquot,Alberni-Clayoquot,port-alberni,Port Alberni Valley,Port Alberni,FALSE,pass,road,nearest,34.8
65303,Homitan 8,Indian Reserve,48.7664463,-124.7346628,256,5923,alberni-clayoquot,Alberni-Clayoquot,alberni-clayoquot,Alberni-Clayoquot,port-alberni,Port Alberni Valley,Port Alberni,FALSE,pass,road,nearest,52.3
65302,Iktuksasuk 7,Indian Reserve,48.6997782,-124.8513313,256,5923,alberni-clayoquot,Alberni-Clayoquot,alberni-clayoquot,Alberni-Clayoquot,port-alberni,Port Alberni Valley,Port Alberni,FALSE,pass,road,nearest,59.5
65299,Ilclo 12,Indian Reserve,48.8164470,-124.6846626,256,5923,alberni-clayoquot,Alberni-Clayoquot,alberni-clayoquot,Alberni-Clayoquot,port-alberni,Port Alberni Valley,Port Alberni,FALSE,pass,road,nearest,47.3
3839,Kildonan,Locality,49.0007500,-124.9945000,256,5923,alberni-clayoquot,Alberni-Clayoquot,alberni-clayoquot,Alberni-Clayoquot,port-alberni,Port Alberni Valley,Port Alberni,FALSE,pass,road,nearest,29.4
65295,Saouk 16,Indian Reserve,48.8997817,-124.5846618,256,5923,alberni-clayoquot,Alberni-Clayoquot,alberni-clayoquot,Alberni-Clayoquot,port-alberni,Port Alberni Valley,Port Alberni,FALSE,pass,road,nearest,40.6
65280,Tseoowa 4,Indian Reserve,48.9831102,-125.0180105,256,5923,alberni-clayoquot,Alberni-Clayoquot,alberni-clayoquot,Alberni-Clayoquot,port-alberni,Port Alberni Valley,Port Alberni,FALSE,pass,road,nearest,31.9
65214,Tsuquanah 2,Indian Reserve,48.6831113,-124.8679980,256,5923,alberni-clayoquot,Alberni-Clayoquot,alberni-clayoquot,Alberni-Clayoquot,port-alberni,Port Alberni Valley,Port Alberni,FALSE,pass,road,nearest,61.5
65292,Ahahswinis 1,Indian Reserve,49.2664466,-124.8180121,150,5923,alberni-clayoquot,Alberni-Clayoquot,alberni-clayoquot,Alberni-Clayoquot,port-alberni,Port Alberni Valley,Port Alberni,FALSE,pass,road,nearest,3.7
62791,Anaqtl'a,First Nation Village,48.8000000,-125.1197222,104,5923,alberni-clayoquot,Alberni-Clayoquot,alberni-clayoquot,Alberni-Clayoquot,port-alberni,Port Alberni Valley,Port Alberni,FALSE,pass,road,nearest,53.5
65290,Klehkoot 2,Indian Reserve,49.2908333,-124.9002778,15,5923,alberni-clayoquot,Alberni-Clayoquot,alberni-clayoquot,Alberni-Clayoquot,port-alberni,Port Alberni Valley,Port Alberni,FALSE,pass,road,nearest,9.3
62968,Hi'tatis,First Nation Village,49.0205556,-125.0375000,10,5923,alberni-clayoquot,Alberni-Clayoquot,alberni-clayoquot,Alberni-Clayoquot,port-alberni,Port Alberni Valley,Port Alberni,FALSE,pass,road,nearest,29.2
65279,Alberni 2,Indian Reserve,49.2164464,-124.8180107,0,5923,alberni-clayoquot,Alberni-Clayoquot,alberni-clayoquot,Alberni-Clayoquot,port-alberni,Port Alberni Valley,Port Alberni,FALSE,pass,road,nearest,2.2
38681,Powell River,City,49.8355555,-124.5244444,14392,5927,qathet,qathet,qathet,qathet,powell-river,qathet / Powell River,Powell River,TRUE,ferry,road,hub,0.0
8976,Myrtle Point,Community,49.7997857,-124.4846832,698,5927,qathet,qathet,qathet,qathet,powell-river,qathet / Powell River,Powell River,FALSE,ferry,road,nearest,4.9
6134,Gillies Bay,Community,49.6811396,-124.4849432,670,5927,qathet,qathet,qathet,qathet,powell-river,qathet / Powell River,Powell River,FALSE,ferry,ferry,zone:texada-island,17.4
56243,Teeshohsum,Community,49.8972222,-124.6083333,662,5927,qathet,qathet,qathet,qathet,powell-river,qathet / Powell River,Powell River,FALSE,ferry,road,nearest,9.1
65024,Ahpokum 9,Indian Reserve,50.2331198,-124.5846985,645,5927,qathet,qathet,qathet,qathet,powell-river,qathet / Powell River,Powell River,FALSE,ferry,road,nearest,44.4
34894,Bliss Landing,Locality,50.0331161,-124.8180334,645,5927,qathet,qathet,qathet,qathet,powell-river,qathet / Powell River,Powell River,FALSE,ferry,road,nearest,30.4
34766,Homfray Creek,Locality,50.2997862,-124.6347020,645,5927,qathet,qathet,qathet,qathet,powell-river,qathet / Powell River,Powell River,FALSE,ferry,road,nearest,52.2
65061,Klahoose 1,Indian Reserve,50.5164577,-124.3180316,645,5927,qathet,qathet,qathet,qathet,powell-river,qathet / Powell River,Powell River,FALSE,ferry,road,nearest,77.1
38216,Larsons Landing,Locality,49.9831174,-124.6846945,645,5927,qathet,qathet,qathet,qathet,powell-river,qathet / Powell River,Powell River,FALSE,ferry,road,nearest,20.0
65062,Quaniwsom 2,Indian Reserve,50.4831232,-124.4013666,645,5927,qathet,qathet,qathet,qathet,powell-river,qathet / Powell River,Powell River,FALSE,ferry,road,nearest,72.5
14960,Theodosia Arm,Locality,50.0664509,-124.7013641,645,5927,qathet,qathet,qathet,qathet,powell-river,qathet / Powell River,Powell River,FALSE,ferry,road,nearest,28.6
8831,Lang Bay,Community,49.7805722,-124.3503956,625,5927,qathet,qathet,qathet,qathet,powell-river,qathet / Powell River,Powell River,FALSE,ferry,road,nearest,13.9
13660,Saltery Bay,Community,49.7832347,-124.1790751,625,5927,qathet,qathet,qathet,qathet,powell-river,qathet / Powell River,Powell River,FALSE,ferry,road,nearest,25.5
34713,Stillwater,Community,49.7644003,-124.3018172,625,5927,qathet,qathet,qathet,qathet,powell-river,qathet / Powell River,Powell River,FALSE,ferry,road,nearest,17.8
766,Brew Bay,Community,49.7763834,-124.3744262,611,5927,qathet,qathet,qathet,qathet,powell-river,qathet / Powell River,Powell River,FALSE,ferry,road,nearest,12.6
37950,Lund,Community,49.9816936,-124.7592177,605,5927,qathet,qathet,qathet,qathet,powell-river,qathet / Powell River,Powell River,FALSE,ferry,road,nearest,23.4
25213,Cranberry,Community,49.8732790,-124.5260150,583,5927,qathet,qathet,qathet,qathet,powell-river,qathet / Powell River,Powell River,FALSE,ferry,road,nearest,4.2
20237,Westview,Community,49.8331187,-124.5180185,567,5927,qathet,qathet,qathet,qathet,powell-river,qathet / Powell River,Powell River,FALSE,ferry,road,nearest,0.5
22133,Wildwood,Community,49.8896531,-124.5551403,504,5927,qathet,qathet,qathet,qathet,powell-river,qathet / Powell River,Powell River,FALSE,ferry,road,nearest,6.4
40576,False Bay,Community,49.4909365,-124.3494321,498,5927,qathet,qathet,qathet,qathet,powell-river,qathet / Powell River,Powell River,FALSE,ferry,road,nearest,40.3
5798,Blubber Bay,Community,49.7951307,-124.6226815,456,5927,qathet,qathet,qathet,qathet,powell-river,qathet / Powell River,Powell River,FALSE,ferry,ferry,zone:texada-island,8.4
40348,Marshall School Junction,Locality,49.7108961,-124.5099593,456,5927,qathet,qathet,qathet,qathet,powell-river,qathet / Powell River,Powell River,FALSE,ferry,road,nearest,13.9
40923,Van Anda,Community,49.7581515,-124.5562489,456,5927,qathet,qathet,qathet,qathet,powell-river,qathet / Powell River,Powell River,FALSE,ferry,ferry,zone:texada-island,8.9
40202,Cokoqueneets SB 23,Indian Government District : Land Unit,49.7747873,-124.3346779,21,5927,qathet,qathet,qathet,qathet,powell-river,qathet / Powell River,Powell River,FALSE,ferry,road,nearest,15.2
21226,Prince George,City,53.9130556,-122.7452778,80259,5953,fraser-fort-george,Fraser-Fort George,fraser-fort-george,Fraser-Fort George,prince-george,Prince George & Area,Prince George,TRUE,road,road,hub,0.0
4927,Charella Garden,Community,53.8801803,-122.7889125,1240,5953,fraser-fort-george,Fraser-Fort George,fraser-fort-george,Fraser-Fort George,prince-george,Prince George & Area,Prince George,FALSE,road,road,nearest,4.6
15321,Shady Valley,Community,53.9739202,-122.7310084,1196,5953,fraser-fort-george,Fraser-Fort George,fraser-fort-george,Fraser-Fort George,prince-george,Prince George & Area,Prince George,FALSE,road,road,nearest,6.8
64799,Clesbaoneecheck 3,Indian Reserve,53.9665050,-122.9458726,969,5953,fraser-fort-george,Fraser-Fort George,fraser-fort-george,Fraser-Fort George,prince-george,Prince George & Area,Prince George,FALSE,road,road,nearest,14.4
18952,Reid Lake,Community,53.9676982,-123.1038894,969,5953,fraser-fort-george,Fraser-Fort George,fraser-fort-george,Fraser-Fort George,prince-george,Prince George & Area,Prince George,FALSE,road,road,nearest,24.2
1620,Buckhorn,Community,53.7998398,-122.6514123,906,5953,fraser-fort-george,Fraser-Fort George,fraser-fort-george,Fraser-Fort George,prince-george,Prince George & Area,Prince George,FALSE,road,road,nearest,14.0
8241,Mud River,Locality,53.7665017,-123.0180905,844,5953,fraser-fort-george,Fraser-Fort George,fraser-fort-george,Fraser-Fort George,prince-george,Prince George & Area,Prince George,FALSE,road,road,nearest,24.2
10853,College Heights,Community,53.8696531,-122.7760094,787,5953,fraser-fort-george,Fraser-Fort George,fraser-fort-george,Fraser-Fort George,prince-george,Prince George & Area,Prince George,FALSE,road,road,nearest,5.2
15109,Otway,Community,53.9637832,-122.8414415,779,5953,fraser-fort-george,Fraser-Fort George,fraser-fort-george,Fraser-Fort George,prince-george,Prince George & Area,Prince George,FALSE,road,road,nearest,8.5
16834,Pineview,Community,53.8369610,-122.6564930,775,5953,fraser-fort-george,Fraser-Fort George,fraser-fort-george,Fraser-Fort George,prince-george,Prince George & Area,Prince George,FALSE,road,road,nearest,10.3
37544,Baldy Hughes,Community,53.6178714,-122.9362233,704,5953,fraser-fort-george,Fraser-Fort George,fraser-fort-george,Fraser-Fort George,prince-george,Prince George & Area,Prince George,FALSE,road,road,nearest,35.1
2810,Beaverley,Community,53.8100405,-122.8814949,704,5953,fraser-fort-george,Fraser-Fort George,fraser-fort-george,Fraser-Fort George,prince-george,Prince George & Area,Prince George,FALSE,road,road,nearest,14.5
68921,Blackwater 1,Indian Reserve,53.3305556,-122.8855556,704,5953,fraser-fort-george,Fraser-Fort George,fraser-fort-george,Fraser-Fort George,prince-george,Prince George & Area,Prince George,FALSE,road,road,nearest,65.4
64556,Deep Creek 5,Indian Reserve,53.2998284,-123.1180783,704,5953,fraser-fort-george,Fraser-Fort George,fraser-fort-george,Fraser-Fort George,prince-george,Prince George & Area,Prince George,FALSE,road,road,nearest,72.5
64555,Nahlquonate 2,Indian Reserve,53.2998276,-123.1847472,704,5953,fraser-fort-george,Fraser-Fort George,fraser-fort-george,Fraser-Fort George,prince-george,Prince George & Area,Prince George,FALSE,road,road,nearest,74.1
24071,Punchaw,Locality,53.4331625,-123.1847517,704,5953,fraser-fort-george,Fraser-Fort George,fraser-fort-george,Fraser-Fort George,prince-george,Prince George & Area,Prince George,FALSE,road,road,nearest,60.7
24346,Vanway,Community,53.8522200,-122.8109900,700,5953,fraser-fort-george,Fraser-Fort George,fraser-fort-george,Fraser-Fort George,prince-george,Prince George & Area,Prince George,FALSE,road,road,nearest,8.0
17850,Nukko Lake,Community,54.0781349,-122.9900690,670,5953,fraser-fort-george,Fraser-Fort George,fraser-fort-george,Fraser-Fort George,prince-george,Prince George & Area,Prince George,FALSE,road,road,nearest,24.4
22261,Red Rock,Community,53.6921182,-122.6735168,597,5953,fraser-fort-george,Fraser-Fort George,fraser-fort-george,Fraser-Fort George,prince-george,Prince George & Area,Prince George,FALSE,road,road,nearest,25.0
259,Bonnet Hill,Community,53.8985863,-122.6136840,576,5953,fraser-fort-george,Fraser-Fort George,fraser-fort-george,Fraser-Fort George,prince-george,Prince George & Area,Prince George,FALSE,road,road,nearest,8.8
7722,Hart Highlands,Community,53.9781759,-122.7987231,549,5953,fraser-fort-george,Fraser-Fort George,fraser-fort-george,Fraser-Fort George,prince-george,Prince George & Area,Prince George,FALSE,road,road,nearest,8.0
38590,Hixon,Community,53.4170550,-122.5827900,533,5953,fraser-fort-george,Fraser-Fort George,fraser-fort-george,Fraser-Fort George,prince-george,Prince George & Area,Prince George,FALSE,road,road,nearest,56.2
38029,Woodpecker,Community,53.5220343,-122.6450850,533,5953,fraser-fort-george,Fraser-Fort George,fraser-fort-george,Fraser-Fort George,prince-george,Prince George & Area,Prince George,FALSE,road,road,nearest,44.0
38632,Carlson,Locality,53.9706761,-122.5722487,528,5953,fraser-fort-george,Fraser-Fort George,fraser-fort-george,Fraser-Fort George,prince-george,Prince George & Area,Prince George,FALSE,road,road,nearest,13.0
11943,Ferndale,Community,53.9781555,-122.4948319,528,5953,fraser-fort-george,Fraser-Fort George,fraser-fort-george,Fraser-Fort George,prince-george,Prince George & Area,Prince George,FALSE,road,road,nearest,17.9
13645,Salmon Valley,Community,54.0983630,-122.6747829,518,5953,fraser-fort-george,Fraser-Fort George,fraser-fort-george,Fraser-Fort George,prince-george,Prince George & Area,Prince George,FALSE,road,road,nearest,21.1
2383,Isle Pierre,Locality,53.9498345,-123.2514381,479,5953,fraser-fort-george,Fraser-Fort George,fraser-fort-george,Fraser-Fort George,prince-george,Prince George & Area,Prince George,FALSE,road,road,nearest,33.4
18587,Telachick,Locality,53.8665007,-123.2014335,479,5953,fraser-fort-george,Fraser-Fort George,fraser-fort-george,Fraser-Fort George,prince-george,Prince George & Area,Prince George,FALSE,road,road,nearest,30.3
37819,Stoner,Community,53.6287181,-122.6629328,475,5953,fraser-fort-george,Fraser-Fort George,fraser-fort-george,Fraser-Fort George,prince-george,Prince George & Area,Prince George,FALSE,road,road,nearest,32.1
24731,Miworth,Community,53.9421824,-122.9386788,456,5953,fraser-fort-george,Fraser-Fort George,fraser-fort-george,Fraser-Fort George,prince-george,Prince George & Area,Prince George,FALSE,road,road,nearest,13.1
64800,Salaquo 4,Indian Reserve,53.8872222,-122.9736111,456,5953,fraser-fort-george,Fraser-Fort George,fraser-fort-george,Fraser-Fort George,prince-george,Prince George & Area,Prince George,FALSE,road,road,nearest,15.2
18239,Dome Creek,Community,53.7468960,-121.0247254,369,5953,fraser-fort-george,Fraser-Fort George,fraser-fort-george,Fraser-Fort George,prince-george,Prince George & Area,Prince George,FALSE,road,road,nearest,114.4
60424,Arctic Lake 10,Indian Reserve,54.4352778,-121.7008333,365,5953,fraser-fort-george,Fraser-Fort George,fraser-fort-george,Fraser-Fort George,prince-george,Prince George & Area,Prince George,FALSE,road,road,nearest,89.4
25204,Bear Lake,Community,54.4956026,-122.6805125,365,5953,fraser-fort-george,Fraser-Fort George,fraser-fort-george,Fraser-Fort George,prince-george,Prince George & Area,Prince George,FALSE,road,road,nearest,64.9
60431,Davie Lake 28,Indian Reserve,54.5311111,-122.7183333,365,5953,fraser-fort-george,Fraser-Fort George,fraser-fort-george,Fraser-Fort George,prince-george,Prince George & Area,Prince George,FALSE,road,road,nearest,68.7
65841,Great Bear Lake 16,Indian Reserve,54.4597222,-123.7080556,365,5953,fraser-fort-george,Fraser-Fort George,fraser-fort-george,Fraser-Fort George,prince-george,Prince George & Area,Prince George,FALSE,road,road,nearest,87.3
60441,Hominka 11,Indian Reserve,54.6325000,-122.0897222,365,5953,fraser-fort-george,Fraser-Fort George,fraser-fort-george,Fraser-Fort George,prince-george,Prince George & Area,Prince George,FALSE,road,road,nearest,90.6
66023,Sas Mighe 32,Indian Reserve,54.5072222,-122.6972222,365,5953,fraser-fort-george,Fraser-Fort George,fraser-fort-george,Fraser-Fort George,prince-george,Prince George & Area,Prince George,FALSE,road,road,nearest,66.1
13351,Summit Lake,Community,54.2816234,-122.6408075,365,5953,fraser-fort-george,Fraser-Fort George,fraser-fort-george,Fraser-Fort George,prince-george,Prince George & Area,Prince George,FALSE,road,road,nearest,41.5
3552,Foreman,Community,53.9527778,-122.6763889,364,5953,fraser-fort-george,Fraser-Fort George,fraser-fort-george,Fraser-Fort George,prince-george,Prince George & Area,Prince George,FALSE,road,road,nearest,6.3
16242,Shelley,Community,54.0034663,-122.6182622,364,5953,fraser-fort-george,Fraser-Fort George,fraser-fort-george,Fraser-Fort George,prince-george,Prince George & Area,Prince George,FALSE,road,road,nearest,13.0
23055,Willow River,Community,54.0719605,-122.4681486,364,5953,fraser-fort-george,Fraser-Fort George,fraser-fort-george,Fraser-Fort George,prince-george,Prince George & Area,Prince George,FALSE,road,road,nearest,25.3
991,Aleza Lake,Community,54.1165176,-122.0347348,357,5953,fraser-fort-george,Fraser-Fort George,fraser-fort-george,Fraser-Fort George,prince-george,Prince George & Area,Prince George,FALSE,road,road,nearest,51.6
6171,Giscome,Locality,54.0666667,-122.3666667,357,5953,fraser-fort-george,Fraser-Fort George,fraser-fort-george,Fraser-Fort George,prince-george,Prince George & Area,Prince George,FALSE,road,road,nearest,30.1
10691,Longworth,Locality,53.9165216,-121.4680416,357,5953,fraser-fort-george,Fraser-Fort George,fraser-fort-george,Fraser-Fort George,prince-george,Prince George & Area,Prince George,FALSE,road,road,nearest,83.6
38004,McGregor,Community,54.0773951,-121.8338259,357,5953,fraser-fort-george,Fraser-Fort George,fraser-fort-george,Fraser-Fort George,prince-george,Prince George & Area,Prince George,FALSE,road,road,nearest,62.3
14241,Newlands,Locality,54.0998488,-122.2014068,357,5953,fraser-fort-george,Fraser-Fort George,fraser-fort-george,Fraser-Fort George,prince-george,Prince George & Area,Prince George,FALSE,road,road,nearest,41.2
6972,Penny,Locality,53.8498562,-121.2846997,357,5953,fraser-fort-george,Fraser-Fort George,fraser-fort-george,Fraser-Fort George,prince-george,Prince George & Area,Prince George,FALSE,road,road,nearest,96.0
20521,Sinclair Mills,Community,54.0156148,-121.6712459,357,5953,fraser-fort-george,Fraser-Fort George,fraser-fort-george,Fraser-Fort George,prince-george,Prince George & Area,Prince George,FALSE,road,road,nearest,71.2
25095,Upper Fraser,Community,54.1184574,-121.9443497,357,5953,fraser-fort-george,Fraser-Fort George,fraser-fort-george,Fraser-Fort George,prince-george,Prince George & Area,Prince George,FALSE,road,road,nearest,57.1
20669,South Fort George,Community,53.8968574,-122.7441057,313,5953,fraser-fort-george,Fraser-Fort George,fraser-fort-george,Fraser-Fort George,prince-george,Prince George & Area,Prince George,FALSE,road,road,nearest,1.8
64797,Fort George Cemetery 1A,Indian Reserve,53.9165067,-122.7514197,245,5953,fraser-fort-george,Fraser-Fort George,fraser-fort-george,Fraser-Fort George,prince-george,Prince George & Area,Prince George,FALSE,road,road,nearest,0.6
2370,Island Cache,Community,53.9212141,-122.7330504,203,5953,fraser-fort-george,Fraser-Fort George,fraser-fort-george,Fraser-Fort George,prince-george,Prince George & Area,Prince George,FALSE,road,road,nearest,1.2
17110,North Nechako,Community,53.9304970,-122.7734712,203,5953,fraser-fort-george,Fraser-Fort George,fraser-fort-george,Fraser-Fort George,prince-george,Prince George & Area,Prince George,FALSE,road,road,nearest,2.7
64798,Fort George 2,Indian Reserve,54.0166667,-122.6263889,84,5953,fraser-fort-george,Fraser-Fort George,fraser-fort-george,Fraser-Fort George,prince-george,Prince George & Area,Prince George,FALSE,road,road,nearest,13.9
37023,Prince Rupert,City,54.3127778,-130.3252778,12895,5947,north-coast,North Coast,north-coast,North Coast,prince-rupert,Prince Rupert & the North Coast,Prince Rupert,TRUE,road,road,hub,0.0
36736,Georgetown Mills,Locality,54.4664145,-130.4016933,627,5947,north-coast,North Coast,north-coast,North Coast,prince-rupert,Prince Rupert & the North Coast,Prince Rupert,FALSE,road,ferry,zone:north-coast-water,17.8
39283,Lax Kw'alaams,Community,54.5566667,-130.4336111,627,5947,north-coast,North Coast,north-coast,North Coast,prince-rupert,Prince Rupert & the North Coast,Prince Rupert,FALSE,road,ferry,zone:north-coast-water,28.0
65600,Lax Kw'alaams 1,Indian Reserve,54.4833333,-130.4000000,627,5947,north-coast,North Coast,north-coast,North Coast,prince-rupert,Prince Rupert & the North Coast,Prince Rupert,FALSE,road,ferry,zone:north-coast-water,19.6
64732,Tuck Inlet 89,Indian Reserve,54.4330817,-130.3350231,627,5947,north-coast,North Coast,north-coast,North Coast,prince-rupert,Prince Rupert & the North Coast,Prince Rupert,FALSE,road,ferry,zone:north-coast-water,13.4
37008,Port Edward,District Municipality,54.2205556,-130.2894444,491,5947,north-coast,North Coast,north-coast,North Coast,prince-rupert,Prince Rupert & the North Coast,Prince Rupert,FALSE,road,road,zone:prince-rupert-road,10.5
64719,Meanlaw 24,Indian Reserve,54.1830829,-130.0350035,470,5947,north-coast,North Coast,north-coast,North Coast,prince-rupert,Prince Rupert & the North Coast,Prince Rupert,FALSE,road,road,zone:prince-rupert-road,23.7
64685,Wilnaskancaud 3,Indian Reserve,54.3133800,-130.2668600,394,5947,north-coast,North Coast,north-coast,North Coast,prince-rupert,Prince Rupert & the North Coast,Prince Rupert,FALSE,road,road,zone:prince-rupert-road,3.8
64724,Shoowahtlans (Shawtlans) 4,Indian Reserve,54.3330817,-130.2516831,369,5947,north-coast,North Coast,north-coast,North Coast,prince-rupert,Prince Rupert & the North Coast,Prince Rupert,FALSE,road,road,zone:prince-rupert-road,5.3
65396,Dolphin Island 1,Indian Reserve,53.7830728,-130.4350000,295,5947,north-coast,North Coast,north-coast,North Coast,prince-rupert,Prince Rupert & the North Coast,Prince Rupert,FALSE,road,ferry,zone:north-coast-water,59.3
38644,Kitkatla,Community,53.7955556,-130.4313889,295,5947,north-coast,North Coast,north-coast,North Coast,prince-rupert,Prince Rupert & the North Coast,Prince Rupert,FALSE,road,ferry,zone:north-coast-water,57.9
65686,Kulkayu (Hartley Bay) 4A,Indian Reserve,53.4164185,-129.2516157,66,5947,north-coast,North Coast,north-coast,North Coast,prince-rupert,Prince Rupert & the North Coast,Prince Rupert,FALSE,road,ferry,zone:north-coast-water,122.0
36221,Hartley Bay,Community,53.4252778,-129.2538889,58,5947,north-coast,North Coast,north-coast,North Coast,prince-rupert,Prince Rupert & the North Coast,Prince Rupert,FALSE,road,ferry,zone:north-coast-water,121.1
65813,Kulkayu (Hartley Bay) 4,Indian Reserve,53.4233629,-129.2613385,58,5947,north-coast,North Coast,north-coast,North Coast,prince-rupert,Prince Rupert & the North Coast,Prince Rupert,FALSE,road,ferry,zone:north-coast-water,121.0
64749,Bill Lake 37,Indian Reserve,54.3997517,-130.0683467,45,5947,north-coast,North Coast,north-coast,North Coast,prince-rupert,Prince Rupert & the North Coast,Prince Rupert,FALSE,road,road,zone:prince-rupert-road,19.3
64703,Birnie Island 18,Indian Reserve,54.5997486,-130.4683675,45,5947,north-coast,North Coast,north-coast,North Coast,prince-rupert,Prince Rupert & the North Coast,Prince Rupert,FALSE,road,ferry,zone:north-coast-water,33.2
64717,Burnt Cliff Islands 20,Indian Reserve,54.4830805,-130.4683627,45,5947,north-coast,North Coast,north-coast,North Coast,prince-rupert,Prince Rupert & the North Coast,Prince Rupert,FALSE,road,ferry,zone:north-coast-water,21.1
64750,Carm Creek 38,Indian Reserve,54.6164250,-129.7850133,45,5947,north-coast,North Coast,north-coast,North Coast,prince-rupert,Prince Rupert & the North Coast,Prince Rupert,FALSE,road,ferry,zone:north-coast-water,48.6
65699,Channel Islands 33,Indian Reserve,54.5205760,-130.8211531,45,5947,north-coast,North Coast,north-coast,North Coast,prince-rupert,Prince Rupert & the North Coast,Prince Rupert,FALSE,road,ferry,zone:north-coast-water,39.5
57860,Dodge Cove,Community,54.2880860,-130.3878143,45,5947,north-coast,North Coast,north-coast,North Coast,prince-rupert,Prince Rupert & the North Coast,Prince Rupert,FALSE,road,ferry,zone:north-coast-water,4.9
64753,Dundas Island 32B,Indian Reserve,54.5830753,-130.9183810,45,5947,north-coast,North Coast,north-coast,North Coast,prince-rupert,Prince Rupert & the North Coast,Prince Rupert,FALSE,road,ferry,zone:north-coast-water,48.7
64708,Ensheshese 13,Indian Reserve,54.5164177,-130.2183562,45,5947,north-coast,North Coast,north-coast,North Coast,prince-rupert,Prince Rupert & the North Coast,Prince Rupert,FALSE,road,ferry,zone:north-coast-water,23.7
64739,Ensheshese 53,Indian Reserve,54.5164175,-130.2350234,45,5947,north-coast,North Coast,north-coast,North Coast,prince-rupert,Prince Rupert & the North Coast,Prince Rupert,FALSE,road,ferry,zone:north-coast-water,23.4
64754,Far West Point 34,Indian Reserve,54.4302778,-130.8322222,45,5947,north-coast,North Coast,north-coast,North Coast,prince-rupert,Prince Rupert & the North Coast,Prince Rupert,FALSE,road,ferry,zone:north-coast-water,35.3
64702,Finlayson Island 19,Indian Reserve,54.5380556,-130.4633333,45,5947,north-coast,North Coast,north-coast,North Coast,prince-rupert,Prince Rupert & the North Coast,Prince Rupert,FALSE,road,ferry,zone:north-coast-water,26.6
64756,Kasika 36,Indian Reserve,54.3830846,-130.0850132,45,5947,north-coast,North Coast,north-coast,North Coast,prince-rupert,Prince Rupert & the North Coast,Prince Rupert,FALSE,road,road,zone:prince-rupert-road,17.4
64790,Kasika 71,Indian Reserve,54.2997597,-129.4016549,45,5947,north-coast,North Coast,north-coast,North Coast,prince-rupert,Prince Rupert & the North Coast,Prince Rupert,FALSE,road,road,zone:prince-rupert-road,59.9
64789,Kasika 72,Indian Reserve,54.3164266,-129.4016555,45,5947,north-coast,North Coast,north-coast,North Coast,prince-rupert,Prince Rupert & the North Coast,Prince Rupert,FALSE,road,road,zone:prince-rupert-road,59.9
64713,Kasiks River 29,Indian Reserve,54.3330918,-129.5183266,45,5947,north-coast,North Coast,north-coast,North Coast,prince-rupert,Prince Rupert & the North Coast,Prince Rupert,FALSE,road,road,zone:prince-rupert-road,52.4
64751,Kateen River 39,Indian Reserve,54.6497585,-129.8016818,45,5947,north-coast,North Coast,north-coast,North Coast,prince-rupert,Prince Rupert & the North Coast,Prince Rupert,FALSE,road,ferry,zone:north-coast-water,50.5
64760,Khutzemateen 49,Indian Reserve,54.6330905,-129.8850171,45,5947,north-coast,North Coast,north-coast,North Coast,prince-rupert,Prince Rupert & the North Coast,Prince Rupert,FALSE,road,ferry,zone:north-coast-water,45.6
64725,Khyex 8,Indian Reserve,54.2330867,-129.8016649,45,5947,north-coast,North Coast,north-coast,North Coast,prince-rupert,Prince Rupert & the North Coast,Prince Rupert,FALSE,road,road,zone:prince-rupert-road,35.1
64740,Knamadeek 52,Indian Reserve,54.5330839,-130.2683585,45,5947,north-coast,North Coast,north-coast,North Coast,prince-rupert,Prince Rupert & the North Coast,Prince Rupert,FALSE,road,ferry,zone:north-coast-water,24.8
64738,Ksabasn 50,Indian Reserve,54.5997497,-130.3850316,45,5947,north-coast,North Coast,north-coast,North Coast,prince-rupert,Prince Rupert & the North Coast,Prince Rupert,FALSE,road,ferry,zone:north-coast-water,32.1
64748,Ksagwisgwas 62,Indian Reserve,54.3497550,-129.7850024,45,5947,north-coast,North Coast,north-coast,North Coast,prince-rupert,Prince Rupert & the North Coast,Prince Rupert,FALSE,road,road,zone:prince-rupert-road,35.3
64747,Ksagwisgwas 63,Indian Reserve,54.2997549,-129.7516660,45,5947,north-coast,North Coast,north-coast,North Coast,prince-rupert,Prince Rupert & the North Coast,Prince Rupert,FALSE,road,road,zone:prince-rupert-road,37.2
64737,Ktamgaodzen 51,Indian Reserve,54.6164168,-130.3683651,45,5947,north-coast,North Coast,north-coast,North Coast,prince-rupert,Prince Rupert & the North Coast,Prince Rupert,FALSE,road,ferry,zone:north-coast-water,33.9
64742,Kyex 64,Indian Reserve,54.2664207,-129.7849990,45,5947,north-coast,North Coast,north-coast,North Coast,prince-rupert,Prince Rupert & the North Coast,Prince Rupert,FALSE,road,road,zone:prince-rupert-road,35.4
64705,Lachmach 16,Indian Reserve,54.2997517,-129.9850067,45,5947,north-coast,North Coast,north-coast,North Coast,prince-rupert,Prince Rupert & the North Coast,Prince Rupert,FALSE,road,road,zone:prince-rupert-road,22.1
64733,Maganktoon 56,Indian Reserve,54.3164185,-129.9850073,45,5947,north-coast,North Coast,north-coast,North Coast,prince-rupert,Prince Rupert & the North Coast,Prince Rupert,FALSE,road,road,zone:prince-rupert-road,22.1
64735,Meyanlow 58,Indian Reserve,54.4997541,-129.9850148,45,5947,north-coast,North Coast,north-coast,North Coast,prince-rupert,Prince Rupert & the North Coast,Prince Rupert,FALSE,road,ferry,zone:north-coast-water,30.3
64734,Ndakdolk 54,Indian Reserve,54.4830842,-130.2016877,45,5947,north-coast,North Coast,north-coast,North Coast,prince-rupert,Prince Rupert & the North Coast,Prince Rupert,FALSE,road,ferry,zone:north-coast-water,20.6
64755,Nishanocknawnak 35,Indian Reserve,54.4330847,-130.1183496,45,5947,north-coast,North Coast,north-coast,North Coast,prince-rupert,Prince Rupert & the North Coast,Prince Rupert,FALSE,road,ferry,zone:north-coast-water,18.9
64711,Prince Leboo Island 32,Indian Reserve,54.4497397,-130.9683769,45,5947,north-coast,North Coast,north-coast,North Coast,prince-rupert,Prince Rupert & the North Coast,Prince Rupert,FALSE,road,ferry,zone:north-coast-water,44.3
64716,Salvus 26,Indian Reserve,54.2997597,-129.4016549,45,5947,north-coast,North Coast,north-coast,North Coast,prince-rupert,Prince Rupert & the North Coast,Prince Rupert,FALSE,road,road,zone:prince-rupert-road,59.9
64723,Scuttsap 11,Indian Reserve,54.2164231,-129.5683235,45,5947,north-coast,North Coast,north-coast,North Coast,prince-rupert,Prince Rupert & the North Coast,Prince Rupert,FALSE,road,road,zone:prince-rupert-road,50.3
64726,Scuttsap 11A,Indian Reserve,54.2164231,-129.5683235,45,5947,north-coast,North Coast,north-coast,North Coast,prince-rupert,Prince Rupert & the North Coast,Prince Rupert,FALSE,road,road,zone:prince-rupert-road,50.3
64704,Spakels 17,Indian Reserve,54.7164202,-130.2183645,45,5947,north-coast,North Coast,north-coast,North Coast,prince-rupert,Prince Rupert & the North Coast,Prince Rupert,FALSE,road,ferry,zone:north-coast-water,45.4
64736,Spanaknok 57,Indian Reserve,54.4664192,-130.0683494,45,5947,north-coast,North Coast,north-coast,North Coast,prince-rupert,Prince Rupert & the North Coast,Prince Rupert,FALSE,road,ferry,zone:north-coast-water,23.8
64746,Spayaks 60,Indian Reserve,54.3664182,-130.0516781,45,5947,north-coast,North Coast,north-coast,North Coast,prince-rupert,Prince Rupert & the North Coast,Prince Rupert,FALSE,road,road,zone:prince-rupert-road,18.7
64759,Spokwan 48,Indian Reserve,54.6997531,-130.2350310,45,5947,north-coast,North Coast,north-coast,North Coast,prince-rupert,Prince Rupert & the North Coast,Prince Rupert,FALSE,road,ferry,zone:north-coast-water,43.4
64706,Toon 15,Indian Reserve,54.5164210,-129.9850155,45,5947,north-coast,North Coast,north-coast,North Coast,prince-rupert,Prince Rupert & the North Coast,Prince Rupert,FALSE,road,ferry,zone:north-coast-water,31.6
64720,Tugwell Island 21,Indian Reserve,54.3330782,-130.5016909,45,5947,north-coast,North Coast,north-coast,North Coast,prince-rupert,Prince Rupert & the North Coast,Prince Rupert,FALSE,road,ferry,zone:north-coast-water,11.7
64709,Tymgowzan 12,Indian Reserve,54.6330830,-130.4183674,45,5947,north-coast,North Coast,north-coast,North Coast,prince-rupert,Prince Rupert & the North Coast,Prince Rupert,FALSE,road,ferry,zone:north-coast-water,36.1
64712,Union Bay 31,Indian Reserve,54.6164171,-130.3516979,45,5947,north-coast,North Coast,north-coast,North Coast,prince-rupert,Prince Rupert & the North Coast,Prince Rupert,FALSE,road,ferry,zone:north-coast-water,33.8
64707,Wilskaskammel 14,Indian Reserve,54.4497523,-130.0683487,45,5947,north-coast,North Coast,north-coast,North Coast,prince-rupert,Prince Rupert & the North Coast,Prince Rupert,FALSE,road,ferry,zone:north-coast-water,22.6
64745,Wudzimagon 61,Indian Reserve,54.2997514,-130.0016739,45,5947,north-coast,North Coast,north-coast,North Coast,prince-rupert,Prince Rupert & the North Coast,Prince Rupert,FALSE,road,road,zone:prince-rupert-road,21.0
64710,Zayas Island 32A,Indian Reserve,54.6164070,-131.0683870,45,5947,north-coast,North Coast,north-coast,North Coast,prince-rupert,Prince Rupert & the North Coast,Prince Rupert,FALSE,road,road,nearest,58.7
64791,Alder Creek 70,Indian Reserve,54.2330920,-129.4183194,31,5947,north-coast,North Coast,north-coast,North Coast,prince-rupert,Prince Rupert & the North Coast,Prince Rupert,FALSE,road,road,zone:prince-rupert-road,59.6
64727,Avery Island 92,Indian Reserve,54.2164064,-130.7683611,31,5947,north-coast,North Coast,north-coast,North Coast,prince-rupert,Prince Rupert & the North Coast,Prince Rupert,FALSE,road,ferry,zone:north-coast-water,30.7
65411,Citeyats 9,Indian Reserve,53.2497467,-129.5016172,31,5947,north-coast,North Coast,north-coast,North Coast,prince-rupert,Prince Rupert & the North Coast,Prince Rupert,FALSE,road,ferry,zone:north-coast-water,130.0
65399,Clowel 13,Indian Reserve,53.4330774,-129.8349678,31,5947,north-coast,North Coast,north-coast,North Coast,prince-rupert,Prince Rupert & the North Coast,Prince Rupert,FALSE,road,ferry,zone:north-coast-water,103.0
64721,Dashken 22,Indian Reserve,54.1497476,-130.1516725,31,5947,north-coast,North Coast,north-coast,North Coast,prince-rupert,Prince Rupert & the North Coast,Prince Rupert,FALSE,road,ferry,zone:north-coast-water,21.4
64728,Edye 93,Indian Reserve,54.0664075,-130.5683488,31,5947,north-coast,North Coast,north-coast,North Coast,prince-rupert,Prince Rupert & the North Coast,Prince Rupert,FALSE,road,ferry,zone:north-coast-water,31.6
65315,Gill Island 2,Indian Reserve,53.6497538,-129.2849590,31,5947,north-coast,North Coast,north-coast,North Coast,prince-rupert,Prince Rupert & the North Coast,Prince Rupert,FALSE,road,ferry,zone:north-coast-water,100.3
63283,Grassy Islet 2,Indian Reserve,53.8072222,-130.4016667,31,5947,north-coast,North Coast,north-coast,North Coast,prince-rupert,Prince Rupert & the North Coast,Prince Rupert,FALSE,road,ferry,zone:north-coast-water,56.4
36311,Hunts Inlet,Locality,54.0664093,-130.4350113,31,5947,north-coast,North Coast,north-coast,North Coast,prince-rupert,Prince Rupert & the North Coast,Prince Rupert,FALSE,road,ferry,zone:north-coast-water,28.3
64792,Iakgwas 69,Indian Reserve,53.6664148,-129.7183065,31,5947,north-coast,North Coast,north-coast,North Coast,prince-rupert,Prince Rupert & the North Coast,Prince Rupert,FALSE,road,ferry,zone:north-coast-water,82.1
64743,Iakvas 68,Indian Reserve,53.8664200,-129.5016409,31,5947,north-coast,North Coast,north-coast,North Coast,prince-rupert,Prince Rupert & the North Coast,Prince Rupert,FALSE,road,ferry,zone:north-coast-water,73.1
64741,Imkusiyan 65,Indian Reserve,54.1830871,-129.7349941,31,5947,north-coast,North Coast,north-coast,North Coast,prince-rupert,Prince Rupert & the North Coast,Prince Rupert,FALSE,road,road,zone:prince-rupert-road,41.0
65401,Keecha 11,Indian Reserve,53.2997427,-129.8349627,31,5947,north-coast,North Coast,north-coast,North Coast,prince-rupert,Prince Rupert & the North Coast,Prince Rupert,FALSE,road,ferry,zone:north-coast-water,117.2
65398,Keswar 16,Indian Reserve,53.6497394,-130.3349916,31,5947,north-coast,North Coast,north-coast,North Coast,prince-rupert,Prince Rupert & the North Coast,Prince Rupert,FALSE,road,ferry,zone:north-coast-water,73.7
64714,Ketai 28,Indian Reserve,53.6352997,-129.9863692,31,5947,north-coast,North Coast,north-coast,North Coast,prince-rupert,Prince Rupert & the North Coast,Prince Rupert,FALSE,road,ferry,zone:north-coast-water,78.5
65403,Keyarka 17,Indian Reserve,53.5997385,-130.3683240,31,5947,north-coast,North Coast,north-coast,North Coast,prince-rupert,Prince Rupert & the North Coast,Prince Rupert,FALSE,road,ferry,zone:north-coast-water,79.3
64722,Khtahda 10,Indian Reserve,54.1830889,-129.6016565,31,5947,north-coast,North Coast,north-coast,North Coast,prince-rupert,Prince Rupert & the North Coast,Prince Rupert,FALSE,road,road,zone:prince-rupert-road,49.2
65316,Kitkahta 1,Indian Reserve,53.6330872,-129.2682912,31,5947,north-coast,North Coast,north-coast,North Coast,prince-rupert,Prince Rupert & the North Coast,Prince Rupert,FALSE,road,ferry,zone:north-coast-water,102.4
65412,Kitlawaoo 10,Indian Reserve,53.2497429,-129.7849593,31,5947,north-coast,North Coast,north-coast,North Coast,prince-rupert,Prince Rupert & the North Coast,Prince Rupert,FALSE,road,ferry,zone:north-coast-water,123.4
65336,Kitsemenlagan 19,Indian Reserve,53.5002998,-129.8708048,31,5947,north-coast,North Coast,north-coast,North Coast,prince-rupert,Prince Rupert & the North Coast,Prince Rupert,FALSE,road,ferry,zone:north-coast-water,95.1
65402,Kitsemenlagan 19A,Indian Reserve,53.5002998,-129.8699715,31,5947,north-coast,North Coast,north-coast,North Coast,prince-rupert,Prince Rupert & the North Coast,Prince Rupert,FALSE,road,ferry,zone:north-coast-water,95.1
65395,Klapthlon 5,Indian Reserve,53.8997447,-130.1516625,31,5947,north-coast,North Coast,north-coast,North Coast,prince-rupert,Prince Rupert & the North Coast,Prince Rupert,FALSE,road,ferry,zone:north-coast-water,47.3
65407,Klapthlon 5A,Indian Reserve,53.8997466,-130.0183250,31,5947,north-coast,North Coast,north-coast,North Coast,prince-rupert,Prince Rupert & the North Coast,Prince Rupert,FALSE,road,ferry,zone:north-coast-water,50.1
64744,Knokmolks 67,Indian Reserve,53.9330851,-129.6683154,31,5947,north-coast,North Coast,north-coast,North Coast,prince-rupert,Prince Rupert & the North Coast,Prince Rupert,FALSE,road,ferry,zone:north-coast-water,60.1
65410,Kooryet 12,Indian Reserve,53.3497427,-129.8682990,31,5947,north-coast,North Coast,north-coast,North Coast,prince-rupert,Prince Rupert & the North Coast,Prince Rupert,FALSE,road,ferry,zone:north-coast-water,111.2
64718,Kshaoom 23,Indian Reserve,54.1330807,-130.1516718,31,5947,north-coast,North Coast,north-coast,North Coast,prince-rupert,Prince Rupert & the North Coast,Prince Rupert,FALSE,road,ferry,zone:north-coast-water,22.9
65404,Kul 18,Indian Reserve,53.4872337,-130.6266609,31,5947,north-coast,North Coast,north-coast,North Coast,prince-rupert,Prince Rupert & the North Coast,Prince Rupert,FALSE,road,ferry,zone:north-coast-water,93.9
65397,Kumowdah 3,Indian Reserve,53.5511380,-129.5530191,31,5947,north-coast,North Coast,north-coast,North Coast,prince-rupert,Prince Rupert & the North Coast,Prince Rupert,FALSE,road,ferry,zone:north-coast-water,98.6
30298,Oona River,Locality,53.9497439,-130.2516676,31,5947,north-coast,North Coast,north-coast,North Coast,prince-rupert,Prince Rupert & the North Coast,Prince Rupert,FALSE,road,ferry,zone:north-coast-water,40.7
36922,Osland,Locality,54.1330805,-130.1683390,31,5947,north-coast,North Coast,north-coast,North Coast,prince-rupert,Prince Rupert & the North Coast,Prince Rupert,FALSE,road,ferry,zone:north-coast-water,22.4
65408,Pa-aat 6,Indian Reserve,53.8164123,-130.0183217,31,5947,north-coast,North Coast,north-coast,North Coast,prince-rupert,Prince Rupert & the North Coast,Prince Rupert,FALSE,road,ferry,zone:north-coast-water,58.7
64715,Pitt Island 27,Indian Reserve,53.6330765,-130.0516489,31,5947,north-coast,North Coast,north-coast,North Coast,prince-rupert,Prince Rupert & the North Coast,Prince Rupert,FALSE,road,ferry,zone:north-coast-water,77.7
37003,Porcher Island,Locality,54.0830769,-130.3850104,31,5947,north-coast,North Coast,north-coast,North Coast,prince-rupert,Prince Rupert & the North Coast,Prince Rupert,FALSE,road,ferry,zone:north-coast-water,25.8
27590,Port Essington,Community,54.1591667,-129.9641667,31,5947,north-coast,North Coast,north-coast,North Coast,prince-rupert,Prince Rupert & the North Coast,Prince Rupert,FALSE,road,ferry,zone:north-coast-water,29.0
65325,Port Essington,Indian Reserve,54.1569444,-129.9691667,31,5947,north-coast,North Coast,north-coast,North Coast,prince-rupert,Prince Rupert & the North Coast,Prince Rupert,FALSE,road,ferry,zone:north-coast-water,28.9
65318,Quaal 3,Indian Reserve,53.6497532,-129.3349606,31,5947,north-coast,North Coast,north-coast,North Coast,prince-rupert,Prince Rupert & the North Coast,Prince Rupert,FALSE,road,ferry,zone:north-coast-water,98.1
65317,Quaal 3A,Indian Reserve,53.6330870,-129.2849584,31,5947,north-coast,North Coast,north-coast,North Coast,prince-rupert,Prince Rupert & the North Coast,Prince Rupert,FALSE,road,ferry,zone:north-coast-water,101.7
64729,Rushton Island 90,Indian Reserve,54.2664063,-130.8183647,31,5947,north-coast,North Coast,north-coast,North Coast,prince-rupert,Prince Rupert & the North Coast,Prince Rupert,FALSE,road,ferry,zone:north-coast-water,32.4
65409,Sand Island 4,Indian Reserve,53.8164072,-130.3849998,31,5947,north-coast,North Coast,north-coast,North Coast,prince-rupert,Prince Rupert & the North Coast,Prince Rupert,FALSE,road,ferry,zone:north-coast-water,55.3
65400,Sheganny 14,Indian Reserve,53.4497449,-129.7849669,31,5947,north-coast,North Coast,north-coast,North Coast,prince-rupert,Prince Rupert & the North Coast,Prince Rupert,FALSE,road,ferry,zone:north-coast-water,102.3
64730,Squaderee 91,Indian Reserve,54.1330719,-130.7850249,31,5947,north-coast,North Coast,north-coast,North Coast,prince-rupert,Prince Rupert & the North Coast,Prince Rupert,FALSE,road,ferry,zone:north-coast-water,36.0
65406,Toowartz 8,Indian Reserve,53.3164136,-129.5349541,31,5947,north-coast,North Coast,north-coast,North Coast,prince-rupert,Prince Rupert & the North Coast,Prince Rupert,FALSE,road,ferry,zone:north-coast-water,122.3
65405,Tsimlairen 15,Indian Reserve,53.4997441,-129.8849719,31,5947,north-coast,North Coast,north-coast,North Coast,prince-rupert,Prince Rupert & the North Coast,Prince Rupert,FALSE,road,ferry,zone:north-coast-water,94.9
65413,Tsimtack 7,Indian Reserve,53.3830819,-129.4682879,31,5947,north-coast,North Coast,north-coast,North Coast,prince-rupert,Prince Rupert & the North Coast,Prince Rupert,FALSE,road,ferry,zone:north-coast-water,117.7
35797,Metlakatla,Community,54.3369444,-130.4461111,,5947,north-coast,North Coast,north-coast,North Coast,prince-rupert,Prince Rupert & the North Coast,Prince Rupert,FALSE,road,ferry,zone:north-coast-water,8.3
60480,S1/2 Tsimpsean 2,Indian Reserve,54.3591667,-130.4391667,,5947,north-coast,North Coast,north-coast,North Coast,prince-rupert,Prince Rupert & the North Coast,Prince Rupert,FALSE,road,ferry,zone:north-coast-water,9.0
22304,Quesnel,City,52.9797222,-122.4936111,10265,5941,cariboo,Cariboo,cariboo,Cariboo,quesnel,Quesnel & Area,Quesnel,TRUE,road,road,hub,0.0
38844,Lust Subdivision,Community,52.9547028,-122.4433110,799,5941,cariboo,Cariboo,cariboo,Cariboo,quesnel,Quesnel & Area,Quesnel,FALSE,road,road,nearest,4.4
65033,Sinnce-tah-lah 2,Indian Reserve,52.9498318,-122.5013794,730,5941,cariboo,Cariboo,cariboo,Cariboo,quesnel,Quesnel & Area,Quesnel,FALSE,road,road,nearest,3.4
409,Bouchie Lake,Community,53.0188957,-122.6036233,574,5941,cariboo,Cariboo,cariboo,Cariboo,quesnel,Quesnel & Area,Quesnel,FALSE,road,road,nearest,8.6
3133,Keithley Creek,Locality,52.7665090,-121.4180034,561,5941,cariboo,Cariboo,cariboo,Cariboo,quesnel,Quesnel & Area,Quesnel,FALSE,road,road,nearest,76.0
22303,Quesnel Forks,Locality,52.6665051,-121.6680089,561,5941,cariboo,Cariboo,cariboo,Cariboo,quesnel,Quesnel & Area,Quesnel,FALSE,road,road,nearest,65.5
22308,Quesnel View,Community,52.9534118,-122.5169535,559,5941,cariboo,Cariboo,cariboo,Cariboo,quesnel,Quesnel & Area,Quesnel,FALSE,road,road,nearest,3.3
23396,Red Bluff,Community,52.9641467,-122.4679002,530,5941,cariboo,Cariboo,cariboo,Cariboo,quesnel,Quesnel & Area,Quesnel,FALSE,road,road,nearest,2.4
19817,Rich Bar,Community,52.9150044,-122.4557306,515,5941,cariboo,Cariboo,cariboo,Cariboo,quesnel,Quesnel & Area,Quesnel,FALSE,road,road,nearest,7.6
65031,Rich Bar 4,Indian Reserve,52.9331652,-122.4847116,515,5941,cariboo,Cariboo,cariboo,Cariboo,quesnel,Quesnel & Area,Quesnel,FALSE,road,road,nearest,5.2
15021,Ten Mile Lake,Community,53.0892200,-122.4412700,513,5941,cariboo,Cariboo,cariboo,Cariboo,quesnel,Quesnel & Area,Quesnel,FALSE,road,road,nearest,12.7
11124,Barkerville,Community,53.0661111,-121.5172222,491,5941,cariboo,Cariboo,cariboo,Cariboo,quesnel,Quesnel & Area,Quesnel,FALSE,road,road,nearest,66.0
2819,Beaver Pass House,Locality,53.0734517,-121.8569169,491,5941,cariboo,Cariboo,cariboo,Cariboo,quesnel,Quesnel & Area,Quesnel,FALSE,road,road,nearest,43.8
10818,Coldspring House,Locality,53.0165040,-122.0847007,491,5941,cariboo,Cariboo,cariboo,Cariboo,quesnel,Quesnel & Area,Quesnel,FALSE,road,road,nearest,27.7
4018,Cottonwood,Locality,53.0498368,-122.1680379,491,5941,cariboo,Cariboo,cariboo,Cariboo,quesnel,Quesnel & Area,Quesnel,FALSE,road,road,nearest,23.1
38651,Pinegrove,Locality,53.0665061,-121.9513643,491,5941,cariboo,Cariboo,cariboo,Cariboo,quesnel,Quesnel & Area,Quesnel,FALSE,road,road,nearest,37.5
6787,Stanley,Locality,53.0331751,-121.7180220,491,5941,cariboo,Cariboo,cariboo,Cariboo,quesnel,Quesnel & Area,Quesnel,FALSE,road,road,nearest,52.2
23141,Wingdam,Locality,53.0498391,-121.9680310,491,5941,cariboo,Cariboo,cariboo,Cariboo,quesnel,Quesnel & Area,Quesnel,FALSE,road,road,nearest,36.0
64646,Alexandria 10,Indian Reserve,52.6664944,-122.6013738,479,5941,cariboo,Cariboo,cariboo,Cariboo,quesnel,Quesnel & Area,Quesnel,FALSE,road,road,nearest,35.6
64647,Alexandria 11,Indian Reserve,52.6331606,-122.6180400,479,5941,cariboo,Cariboo,cariboo,Cariboo,quesnel,Quesnel & Area,Quesnel,FALSE,road,road,nearest,39.4
64641,Lorin Meadow 9,Indian Reserve,52.6664946,-122.5847066,479,5941,cariboo,Cariboo,cariboo,Cariboo,quesnel,Quesnel & Area,Quesnel,FALSE,road,road,nearest,35.4
38536,Narcosli Creek,Locality,52.7345514,-122.5402628,479,5941,cariboo,Cariboo,cariboo,Cariboo,quesnel,Quesnel & Area,Quesnel,FALSE,road,road,nearest,27.4
64542,Baezaeko River 25,Indian Reserve,52.9831502,-123.8014242,447,5941,cariboo,Cariboo,cariboo,Cariboo,quesnel,Quesnel & Area,Quesnel,FALSE,road,road,nearest,87.6
64541,Baezaeko River 26,Indian Reserve,52.9664834,-123.8014237,447,5941,cariboo,Cariboo,cariboo,Cariboo,quesnel,Quesnel & Area,Quesnel,FALSE,road,road,nearest,87.6
40032,Baker Creek,Locality,52.9331589,-123.0208409,447,5941,cariboo,Cariboo,cariboo,Cariboo,quesnel,Quesnel & Area,Quesnel,FALSE,road,road,nearest,35.7
5710,Blackwater,Locality,53.2831614,-123.1347450,447,5941,cariboo,Cariboo,cariboo,Cariboo,quesnel,Quesnel & Area,Quesnel,FALSE,road,road,nearest,54.5
38128,Castle Rock,Community,52.5343472,-122.4818752,447,5941,cariboo,Cariboo,cariboo,Cariboo,quesnel,Quesnel & Area,Quesnel,FALSE,road,road,nearest,49.5
64534,Euchinico Creek 18,Indian Reserve,53.1998224,-123.5347558,447,5941,cariboo,Cariboo,cariboo,Cariboo,quesnel,Quesnel & Area,Quesnel,FALSE,road,road,nearest,73.7
64533,Euchinico Creek 19,Indian Reserve,53.2553783,-123.5542027,447,5941,cariboo,Cariboo,cariboo,Cariboo,quesnel,Quesnel & Area,Quesnel,FALSE,road,road,nearest,77.1
64540,Fishpot Lake 24,Indian Reserve,52.9552778,-123.7800000,447,5941,cariboo,Cariboo,cariboo,Cariboo,quesnel,Quesnel & Area,Quesnel,FALSE,road,road,nearest,86.2
64539,Lower Fishpot Lake 24A,Indian Reserve,52.9664834,-123.8014237,447,5941,cariboo,Cariboo,cariboo,Cariboo,quesnel,Quesnel & Area,Quesnel,FALSE,road,road,nearest,87.6
64561,Michelle Creek 22,Indian Reserve,52.8998178,-123.6514165,447,5941,cariboo,Cariboo,cariboo,Cariboo,quesnel,Quesnel & Area,Quesnel,FALSE,road,road,nearest,78.1
64559,Michelle Creek 23,Indian Reserve,52.8998178,-123.6514165,447,5941,cariboo,Cariboo,cariboo,Cariboo,quesnel,Quesnel & Area,Quesnel,FALSE,road,road,nearest,78.1
64560,Nazco 21,Indian Reserve,52.9331517,-123.6347503,447,5941,cariboo,Cariboo,cariboo,Cariboo,quesnel,Quesnel & Area,Quesnel,FALSE,road,road,nearest,76.6
65810,Nazco Cemetery 20A,Indian Reserve,52.9664861,-123.5680825,447,5941,cariboo,Cariboo,cariboo,Cariboo,quesnel,Quesnel & Area,Quesnel,FALSE,road,road,nearest,72.0
9137,Nazko,Community,53.0104700,-123.6161200,447,5941,cariboo,Cariboo,cariboo,Cariboo,quesnel,Quesnel & Area,Quesnel,FALSE,road,road,nearest,75.2
64530,Redwater Creek 30,Indian Reserve,53.0164841,-123.7847581,447,5941,cariboo,Cariboo,cariboo,Cariboo,quesnel,Quesnel & Area,Quesnel,FALSE,road,road,nearest,86.5
64545,Trout Lake Jonny 15,Indian Reserve,53.2331557,-123.5680913,447,5941,cariboo,Cariboo,cariboo,Cariboo,quesnel,Quesnel & Area,Quesnel,FALSE,road,road,nearest,77.1
9896,Cinema,Locality,53.2331688,-122.4513868,446,5941,cariboo,Cariboo,cariboo,Cariboo,quesnel,Quesnel & Area,Quesnel,FALSE,road,road,nearest,28.3
15615,Dunkley,Community,53.2797201,-122.4651509,446,5941,cariboo,Cariboo,cariboo,Cariboo,quesnel,Quesnel & Area,Quesnel,FALSE,road,road,nearest,33.4
7152,Moose Heights,Community,53.0835800,-122.4983400,446,5941,cariboo,Cariboo,cariboo,Cariboo,quesnel,Quesnel & Area,Quesnel,FALSE,road,road,nearest,11.6
8689,Strathnaver,Community,53.2835381,-122.4951017,446,5941,cariboo,Cariboo,cariboo,Cariboo,quesnel,Quesnel & Area,Quesnel,FALSE,road,road,nearest,33.8
3791,Kersley,Community,52.8187179,-122.4189898,419,5941,cariboo,Cariboo,cariboo,Cariboo,quesnel,Quesnel & Area,Quesnel,FALSE,road,road,nearest,18.6
37830,Barlow Creek,Community,53.0286089,-122.4217841,367,5941,cariboo,Cariboo,cariboo,Cariboo,quesnel,Quesnel & Area,Quesnel,FALSE,road,road,nearest,7.3
754,Alexandria,Community,52.6331625,-122.4513677,343,5941,cariboo,Cariboo,cariboo,Cariboo,quesnel,Quesnel & Area,Quesnel,FALSE,road,road,nearest,38.6
64665,Alexandria 1,Indian Reserve,52.5498282,-122.4680324,343,5941,cariboo,Cariboo,cariboo,Cariboo,quesnel,Quesnel & Area,Quesnel,FALSE,road,road,nearest,47.8
10338,Australian,Community,52.7316853,-122.4461980,343,5941,cariboo,Cariboo,cariboo,Cariboo,quesnel,Quesnel & Area,Quesnel,FALSE,road,road,nearest,27.8
64664,Hay Ranch 2,Indian Reserve,52.5498293,-122.3680290,343,5941,cariboo,Cariboo,cariboo,Cariboo,quesnel,Quesnel & Area,Quesnel,FALSE,road,road,nearest,48.5
20113,Wells,Community,53.0998442,-121.5680189,227,5941,cariboo,Cariboo,cariboo,Cariboo,quesnel,Quesnel & Area,Quesnel,FALSE,road,road,nearest,63.3
54458,Wells,District Municipality,53.1044444,-121.5725000,227,5941,cariboo,Cariboo,cariboo,Cariboo,quesnel,Quesnel & Area,Quesnel,FALSE,road,road,nearest,63.1
65036,Quesnel 1,Indian Reserve,52.9664989,-122.4847127,110,5941,cariboo,Cariboo,cariboo,Cariboo,quesnel,Quesnel & Area,Quesnel,FALSE,road,road,nearest,1.6
64554,Nazco 20,Indian Reserve,52.9498193,-123.5680820,81,5941,cariboo,Cariboo,cariboo,Cariboo,quesnel,Quesnel & Area,Quesnel,FALSE,road,road,nearest,72.0
65034,Dragon Lake 3,Indian Reserve,52.9664995,-122.4347110,15,5941,cariboo,Cariboo,cariboo,Cariboo,quesnel,Quesnel & Area,Quesnel,FALSE,road,road,nearest,4.2
64531,Euchinico Creek 17,Indian Reserve,53.2164896,-123.5014219,5,5941,cariboo,Cariboo,cariboo,Cariboo,quesnel,Quesnel & Area,Quesnel,FALSE,road,road,nearest,72.3
59985,Alexandria 1A,Indian Reserve,52.5600000,-122.4505556,,5941,cariboo,Cariboo,cariboo,Cariboo,quesnel,Quesnel & Area,Quesnel,FALSE,road,road,nearest,46.8
64671,Alexandria 3,Indian Reserve,52.5831614,-122.5013678,,5941,cariboo,Cariboo,cariboo,Cariboo,quesnel,Quesnel & Area,Quesnel,FALSE,road,road,nearest,44.1
64670,Alexandria 3A,Indian Reserve,52.5664946,-122.5013673,,5941,cariboo,Cariboo,cariboo,Cariboo,quesnel,Quesnel & Area,Quesnel,FALSE,road,road,nearest,46.0
64544,Baezaeko River 27,Indian Reserve,52.9831502,-123.8014242,0,5941,cariboo,Cariboo,cariboo,Cariboo,quesnel,Quesnel & Area,Quesnel,FALSE,road,road,nearest,87.6
64543,Coglistiko River 29,Indian Reserve,52.9831496,-123.8514259,0,5941,cariboo,Cariboo,cariboo,Cariboo,quesnel,Quesnel & Area,Quesnel,FALSE,road,road,nearest,90.9
64532,Trout Lake Alec 16,Indian Reserve,53.1831555,-123.5347552,0,5941,cariboo,Cariboo,cariboo,Cariboo,quesnel,Quesnel & Area,Quesnel,FALSE,road,road,nearest,73.1
70047,ʔEsdilagh,Community,52.5630556,-122.4972222,,5941,cariboo,Cariboo,cariboo,Cariboo,quesnel,Quesnel & Area,Quesnel,FALSE,road,road,nearest,46.3
19010,Revelstoke,City,50.9981748,-118.1960497,8696,5939,columbia-shuswap,Columbia Shuswap,columbia-shuswap,Columbia Shuswap,revelstoke,Revelstoke,Revelstoke,TRUE,pass,road,hub,0.0
15296,Seymour Arm,Community,51.2386093,-118.9462004,889,5939,columbia-shuswap,Columbia Shuswap,columbia-shuswap,Columbia Shuswap,revelstoke,Revelstoke,Revelstoke,FALSE,pass,road,nearest,58.8
39855,Arrowhead,Locality,50.7109728,-117.9219941,663,5939,columbia-shuswap,Columbia Shuswap,columbia-shuswap,Columbia Shuswap,revelstoke,Revelstoke,Revelstoke,FALSE,pass,road,nearest,37.3
2738,Beaton,Locality,50.7331970,-117.7344883,663,5939,columbia-shuswap,Columbia Shuswap,columbia-shuswap,Columbia Shuswap,revelstoke,Revelstoke,Revelstoke,FALSE,pass,road,nearest,43.8
18,Camborne,Locality,50.7831983,-117.6344861,663,5939,columbia-shuswap,Columbia Shuswap,columbia-shuswap,Columbia Shuswap,revelstoke,Revelstoke,Revelstoke,FALSE,pass,road,nearest,46.1
38760,Canyon Hot Springs,Locality,51.1331988,-117.8511689,663,5939,columbia-shuswap,Columbia Shuswap,columbia-shuswap,Columbia Shuswap,revelstoke,Revelstoke,Revelstoke,FALSE,pass,road,nearest,28.4
11927,Ferguson,Locality,50.6763889,-117.4763889,663,5939,columbia-shuswap,Columbia Shuswap,columbia-shuswap,Columbia Shuswap,revelstoke,Revelstoke,Revelstoke,FALSE,pass,road,nearest,61.9
12837,Five Mile,Locality,50.6694444,-117.4472222,663,5939,columbia-shuswap,Columbia Shuswap,columbia-shuswap,Columbia Shuswap,revelstoke,Revelstoke,Revelstoke,FALSE,pass,road,nearest,64.0
5227,Galena Bay,Locality,50.6665287,-117.8511573,663,5939,columbia-shuswap,Columbia Shuswap,columbia-shuswap,Columbia Shuswap,revelstoke,Revelstoke,Revelstoke,FALSE,pass,road,nearest,44.1
22582,Mica Creek,Community,52.0077778,-118.5661111,663,5939,columbia-shuswap,Columbia Shuswap,columbia-shuswap,Columbia Shuswap,revelstoke,Revelstoke,Revelstoke,FALSE,pass,road,nearest,115.1
39887,Trout Lake,Community,50.6470872,-117.5400351,663,5939,columbia-shuswap,Columbia Shuswap,columbia-shuswap,Columbia Shuswap,revelstoke,Revelstoke,Revelstoke,FALSE,pass,road,nearest,60.4
4324,Big Eddy,Community,50.9998608,-118.2178447,551,5939,columbia-shuswap,Columbia Shuswap,columbia-shuswap,Columbia Shuswap,revelstoke,Revelstoke,Revelstoke,FALSE,pass,road,nearest,1.5
4772,Craigellachie,Community,50.9696356,-118.7313366,381,5939,columbia-shuswap,Columbia Shuswap,columbia-shuswap,Columbia Shuswap,revelstoke,Revelstoke,Revelstoke,FALSE,pass,road,nearest,37.6
4649,Malakwa,Community,50.9384843,-118.7936888,381,5939,columbia-shuswap,Columbia Shuswap,columbia-shuswap,Columbia Shuswap,revelstoke,Revelstoke,Revelstoke,FALSE,pass,road,nearest,42.4
19823,Richmond,City,49.1630465,-123.1375272,221178,5915,metro-vancouver,Metro Vancouver,metro-vancouver,Metro Vancouver,richmond-delta,Richmond & Delta,Richmond,TRUE,road,road,hub,0.0
13789,Delta,City,49.0847222,-123.0586111,113091,5915,metro-vancouver,Metro Vancouver,metro-vancouver,Metro Vancouver,richmond-delta,Richmond & Delta,Richmond,FALSE,road,road,nearest,10.4
28721,Brighouse,Community,49.1664655,-123.1346244,2281,5915,metro-vancouver,Metro Vancouver,metro-vancouver,Metro Vancouver,richmond-delta,Richmond & Delta,Richmond,FALSE,road,road,nearest,0.4
23827,Tsawwassen,Community,49.0164656,-123.0846190,2256,5915,metro-vancouver,Metro Vancouver,metro-vancouver,Metro Vancouver,richmond-delta,Richmond & Delta,Richmond,FALSE,road,road,nearest,16.7
102,Thompson,Community,49.1664651,-123.1679588,1225,5915,metro-vancouver,Metro Vancouver,metro-vancouver,Metro Vancouver,richmond-delta,Richmond & Delta,Richmond,FALSE,road,road,nearest,2.2
16,Burkeville,Community,49.1868023,-123.1501399,819,5915,metro-vancouver,Metro Vancouver,metro-vancouver,Metro Vancouver,richmond-delta,Richmond & Delta,Richmond,FALSE,road,road,nearest,2.8
64417,Sea Island 3,Indian Reserve,49.1997982,-123.2012940,819,5915,metro-vancouver,Metro Vancouver,metro-vancouver,Metro Vancouver,richmond-delta,Richmond & Delta,Richmond,FALSE,road,road,nearest,6.2
436,Boundary Bay,Community,49.0047124,-123.0365727,652,5915,metro-vancouver,Metro Vancouver,metro-vancouver,Metro Vancouver,richmond-delta,Richmond & Delta,Richmond,FALSE,road,road,nearest,19.1
10,Broadmoor,Community,49.1497988,-123.1346240,603,5915,metro-vancouver,Metro Vancouver,metro-vancouver,Metro Vancouver,richmond-delta,Richmond & Delta,Richmond,FALSE,road,road,nearest,1.5
16002,Parkdale Gardens,Community,49.0963800,-123.0593790,571,5915,metro-vancouver,Metro Vancouver,metro-vancouver,Metro Vancouver,richmond-delta,Richmond & Delta,Richmond,FALSE,road,road,nearest,9.3
7313,Ladner,Community,49.0914659,-123.0790652,551,5915,metro-vancouver,Metro Vancouver,metro-vancouver,Metro Vancouver,richmond-delta,Richmond & Delta,Richmond,FALSE,road,road,nearest,9.0
31647,Steveston,Community,49.1331315,-123.1846251,484,5915,metro-vancouver,Metro Vancouver,metro-vancouver,Metro Vancouver,richmond-delta,Richmond & Delta,Richmond,FALSE,road,road,nearest,4.8
86,Seafair,Community,49.1497982,-123.1846255,474,5915,metro-vancouver,Metro Vancouver,metro-vancouver,Metro Vancouver,richmond-delta,Richmond & Delta,Richmond,FALSE,road,road,nearest,3.7
17790,Port Guichon,Community,49.0836645,-123.1045545,449,5915,metro-vancouver,Metro Vancouver,metro-vancouver,Metro Vancouver,richmond-delta,Richmond & Delta,Richmond,FALSE,road,road,nearest,9.1
23826,Tsawwassen Beach,Community,49.0043400,-123.0891200,442,5915,metro-vancouver,Metro Vancouver,metro-vancouver,Metro Vancouver,richmond-delta,Richmond & Delta,Richmond,FALSE,road,road,nearest,18.0
5630,Marpole,Community,49.2087035,-123.1302331,400,5915,metro-vancouver,Metro Vancouver,metro-vancouver,Metro Vancouver,richmond-delta,Richmond & Delta,Richmond,FALSE,road,road,nearest,5.1
12527,Beach Grove,Community,49.0305556,-123.0591667,383,5915,metro-vancouver,Metro Vancouver,metro-vancouver,Metro Vancouver,richmond-delta,Richmond & Delta,Richmond,FALSE,road,road,nearest,15.8
93,Southarm,Community,49.1349921,-123.1304279,295,5915,metro-vancouver,Metro Vancouver,metro-vancouver,Metro Vancouver,richmond-delta,Richmond & Delta,Richmond,FALSE,road,road,nearest,3.2
64422,Musqueam 4,Indian Reserve,49.0664653,-123.1262882,10,5915,metro-vancouver,Metro Vancouver,metro-vancouver,Metro Vancouver,richmond-delta,Richmond & Delta,Richmond,FALSE,road,road,nearest,10.8
23523,Valemount,Village,52.8285283,-119.2732833,1091,5953,fraser-fort-george,Fraser-Fort George,fraser-fort-george,Fraser-Fort George,robson-valley,Robson Valley,Valemount,TRUE,pass,road,hub,0.0
8368,McBride,Village,53.3041667,-120.1638889,608,5953,fraser-fort-george,Fraser-Fort George,fraser-fort-george,Fraser-Fort George,robson-valley,Robson Valley,Valemount,FALSE,pass,road,nearest,79.6
708,Albreda,Locality,52.6373656,-119.1637549,571,5953,fraser-fort-george,Fraser-Fort George,fraser-fort-george,Fraser-Fort George,robson-valley,Robson Valley,Valemount,FALSE,pass,road,nearest,22.5
3500,Cedarside,Community,52.7838921,-119.2504017,571,5953,fraser-fort-george,Fraser-Fort George,fraser-fort-george,Fraser-Fort George,robson-valley,Robson Valley,Valemount,FALSE,pass,road,nearest,5.2
11506,Lucerne,Locality,52.8498743,-118.5512394,571,5953,fraser-fort-george,Fraser-Fort George,fraser-fort-george,Fraser-Fort George,robson-valley,Robson Valley,Valemount,FALSE,pass,road,nearest,48.6
38236,Mount Robson,Locality,53.0347222,-119.2319444,571,5953,fraser-fort-george,Fraser-Fort George,fraser-fort-george,Fraser-Fort George,robson-valley,Robson Valley,Valemount,FALSE,pass,road,nearest,23.1
15730,Red Pass,Locality,52.9832044,-119.0012591,571,5953,fraser-fort-george,Fraser-Fort George,fraser-fort-george,Fraser-Fort George,robson-valley,Robson Valley,Valemount,FALSE,pass,road,nearest,25.1
32240,Tête Jaune Cache,Community,52.9695230,-119.4303386,571,5953,fraser-fort-george,Fraser-Fort George,fraser-fort-george,Fraser-Fort George,robson-valley,Robson Valley,Valemount,FALSE,pass,road,nearest,18.9
4857,Crescent Spur,Locality,53.5831930,-120.6846700,369,5953,fraser-fort-george,Fraser-Fort George,fraser-fort-george,Fraser-Fort George,robson-valley,Robson Valley,Valemount,FALSE,pass,remote,nearest+beyond-range,126.0
20350,Lamming Mills,Community,53.3395962,-120.2623531,369,5953,fraser-fort-george,Fraser-Fort George,fraser-fort-george,Fraser-Fort George,robson-valley,Robson Valley,Valemount,FALSE,pass,road,nearest,87.1
10715,Loos,Locality,53.6033333,-120.7091667,369,5953,fraser-fort-george,Fraser-Fort George,fraser-fort-george,Fraser-Fort George,robson-valley,Robson Valley,Valemount,FALSE,pass,remote,nearest+beyond-range,128.7
35189,Croydon,Locality,53.0665310,-119.7179535,361,5953,fraser-fort-george,Fraser-Fort George,fraser-fort-george,Fraser-Fort George,robson-valley,Robson Valley,Valemount,FALSE,pass,road,nearest,39.8
15633,Dunster,Community,53.1241667,-119.8377778,361,5953,fraser-fort-george,Fraser-Fort George,fraser-fort-george,Fraser-Fort George,robson-valley,Robson Valley,Valemount,FALSE,pass,road,nearest,50.1
1707,Eddy,Locality,53.2363889,-120.0691667,361,5953,fraser-fort-george,Fraser-Fort George,fraser-fort-george,Fraser-Fort George,robson-valley,Robson Valley,Valemount,FALSE,pass,road,nearest,69.9
16271,Shere,Locality,53.0331987,-119.5846145,361,5953,fraser-fort-george,Fraser-Fort George,fraser-fort-george,Fraser-Fort George,robson-valley,Robson Valley,Valemount,FALSE,pass,road,nearest,30.9
18110,Sechelt,District Municipality,49.4716667,-123.7633333,11145,5929,sunshine-coast,Sunshine Coast,sunshine-coast,Sunshine Coast,sechelt,Lower Sunshine Coast,Sechelt,TRUE,ferry,road,hub,0.0
35874,Gibsons,Town,49.4002778,-123.5088889,4909,5929,sunshine-coast,Sunshine Coast,sunshine-coast,Sunshine Coast,sechelt,Lower Sunshine Coast,Sechelt,FALSE,ferry,road,nearest,20.0
40211,Tsawcome SB 1,Indian Government District : Land Unit,49.4400709,-123.7165941,1647,5929,sunshine-coast,Sunshine Coast,sunshine-coast,Sunshine Coast,sechelt,Lower Sunshine Coast,Sechelt,FALSE,ferry,road,nearest,4.9
73722,ts'uḵw'um,Community,49.4469705,-123.7104209,1647,5929,sunshine-coast,Sunshine Coast,sunshine-coast,Sunshine Coast,sechelt,Lower Sunshine Coast,Sechelt,FALSE,ferry,road,nearest,4.7
64618,Kaikalahun 25,Indian Reserve,49.5164627,-123.4846445,831,5929,sunshine-coast,Sunshine Coast,sunshine-coast,Sunshine Coast,sechelt,Lower Sunshine Coast,Sechelt,FALSE,ferry,road,nearest,20.7
65834,Kwum Kum,Indian Reserve,49.5831319,-123.2846400,831,5929,sunshine-coast,Sunshine Coast,sunshine-coast,Sunshine Coast,sechelt,Lower Sunshine Coast,Sechelt,FALSE,ferry,road,nearest,36.7
20612,McNab Creek,Locality,49.5574500,-123.3975800,831,5929,sunshine-coast,Sunshine Coast,sunshine-coast,Sunshine Coast,sechelt,Lower Sunshine Coast,Sechelt,FALSE,ferry,road,nearest,28.1
30394,Port Mellon,Community,49.5197096,-123.4930916,831,5929,sunshine-coast,Sunshine Coast,sunshine-coast,Sunshine Coast,sechelt,Lower Sunshine Coast,Sechelt,FALSE,ferry,road,nearest,20.2
18100,Seaside Park,Locality,49.5164627,-123.4846445,831,5929,sunshine-coast,Sunshine Coast,sunshine-coast,Sunshine Coast,sechelt,Lower Sunshine Coast,Sechelt,FALSE,ferry,road,nearest,20.7
26373,Twin Creeks,Locality,49.4831293,-123.4846436,831,5929,sunshine-coast,Sunshine Coast,sunshine-coast,Sunshine Coast,sechelt,Lower Sunshine Coast,Sechelt,FALSE,ferry,road,nearest,20.2
64616,Chekwelp 26A,Indian Reserve,49.4164624,-123.4846418,770,5929,sunshine-coast,Sunshine Coast,sunshine-coast,Sunshine Coast,sechelt,Lower Sunshine Coast,Sechelt,FALSE,ferry,road,nearest,21.1
12380,Granthams Landing,Community,49.4164622,-123.5013090,770,5929,sunshine-coast,Sunshine Coast,sunshine-coast,Sunshine Coast,sechelt,Lower Sunshine Coast,Sechelt,FALSE,ferry,road,nearest,19.9
24687,Tuwanek,Locality,49.5497931,-123.7513203,741,5929,sunshine-coast,Sunshine Coast,sunshine-coast,Sunshine Coast,sechelt,Lower Sunshine Coast,Sechelt,FALSE,ferry,road,nearest,8.7
19930,Roberts Creek,Community,49.4225000,-123.6444444,663,5929,sunshine-coast,Sunshine Coast,sunshine-coast,Sunshine Coast,sechelt,Lower Sunshine Coast,Sechelt,FALSE,ferry,road,nearest,10.2
8476,Davis Bay,Community,49.4433362,-123.7253521,627,5929,sunshine-coast,Sunshine Coast,sunshine-coast,Sunshine Coast,sechelt,Lower Sunshine Coast,Sechelt,FALSE,ferry,road,nearest,4.2
40840,Sechelt Indian Government District,Indian Government District,49.4789597,-123.7429848,597,5929,sunshine-coast,Sunshine Coast,sunshine-coast,Sunshine Coast,sechelt,Lower Sunshine Coast,Sechelt,FALSE,ferry,road,nearest,1.7
40212,Sechelt SB 2,Indian Government District : Land Unit,49.4789597,-123.7429848,597,5929,sunshine-coast,Sunshine Coast,sunshine-coast,Sunshine Coast,sechelt,Lower Sunshine Coast,Sechelt,FALSE,ferry,road,nearest,1.7
35052,Halfmoon Bay,Community,49.5130800,-123.9170400,563,5929,sunshine-coast,Sunshine Coast,sunshine-coast,Sunshine Coast,sechelt,Lower Sunshine Coast,Sechelt,FALSE,ferry,road,nearest,12.0
15741,Redroofs,Community,49.4984000,-123.9107900,563,5929,sunshine-coast,Sunshine Coast,sunshine-coast,Sunshine Coast,sechelt,Lower Sunshine Coast,Sechelt,FALSE,ferry,road,nearest,11.1
20100,Welcome Beach,Locality,49.4831245,-123.9013232,563,5929,sunshine-coast,Sunshine Coast,sunshine-coast,Sunshine Coast,sechelt,Lower Sunshine Coast,Sechelt,FALSE,ferry,road,nearest,10.1
18328,Hopkins Landing,Community,49.4263433,-123.4811320,515,5929,sunshine-coast,Sunshine Coast,sunshine-coast,Sunshine Coast,sechelt,Lower Sunshine Coast,Sechelt,FALSE,ferry,road,nearest,21.0
8835,Langdale,Community,49.4333745,-123.4784053,515,5929,sunshine-coast,Sunshine Coast,sunshine-coast,Sunshine Coast,sechelt,Lower Sunshine Coast,Sechelt,FALSE,ferry,road,nearest,21.0
30409,Williamsons Landing,Locality,49.4497960,-123.4679755,515,5929,sunshine-coast,Sunshine Coast,sunshine-coast,Sunshine Coast,sechelt,Lower Sunshine Coast,Sechelt,FALSE,ferry,road,nearest,21.5
30619,Selma Park,Community,49.4644820,-123.7402127,428,5929,sunshine-coast,Sunshine Coast,sunshine-coast,Sunshine Coast,sechelt,Lower Sunshine Coast,Sechelt,FALSE,ferry,road,nearest,1.9
54298,Elphinstone,Community,49.3930556,-123.5305556,393,5929,sunshine-coast,Sunshine Coast,sunshine-coast,Sunshine Coast,sechelt,Lower Sunshine Coast,Sechelt,FALSE,ferry,road,nearest,19.0
38334,Anvil Island,Locality,49.5164648,-123.3013054,291,5929,sunshine-coast,Sunshine Coast,sunshine-coast,Sunshine Coast,sechelt,Lower Sunshine Coast,Sechelt,FALSE,ferry,road,nearest,33.7
38514,Camp Artaban,Locality,49.4831308,-123.3513061,291,5929,sunshine-coast,Sunshine Coast,sunshine-coast,Sunshine Coast,sechelt,Lower Sunshine Coast,Sechelt,FALSE,ferry,road,nearest,29.8
1203,Eastbourne,Locality,49.3955556,-123.4347222,291,5929,sunshine-coast,Sunshine Coast,sunshine-coast,Sunshine Coast,sechelt,Lower Sunshine Coast,Sechelt,FALSE,ferry,road,nearest,25.2
2305,Ekins Point,Locality,49.5288889,-123.3908333,291,5929,sunshine-coast,Sunshine Coast,sunshine-coast,Sunshine Coast,sechelt,Lower Sunshine Coast,Sechelt,FALSE,ferry,road,nearest,27.6
5268,Gambier Harbour,Community,49.4405556,-123.4319444,291,5929,sunshine-coast,Sunshine Coast,sunshine-coast,Sunshine Coast,sechelt,Lower Sunshine Coast,Sechelt,FALSE,ferry,road,nearest,24.2
34980,Keats Island,Locality,49.4091720,-123.4625572,291,5929,sunshine-coast,Sunshine Coast,sunshine-coast,Sunshine Coast,sechelt,Lower Sunshine Coast,Sechelt,FALSE,ferry,road,nearest,22.8
34984,New Brighton,Community,49.4505556,-123.4377778,291,5929,sunshine-coast,Sunshine Coast,sunshine-coast,Sunshine Coast,sechelt,Lower Sunshine Coast,Sechelt,FALSE,ferry,road,nearest,23.6
64613,Schaltuuch 27,Indian Reserve,49.3997956,-123.4846414,291,5929,sunshine-coast,Sunshine Coast,sunshine-coast,Sunshine Coast,sechelt,Lower Sunshine Coast,Sechelt,FALSE,ferry,road,nearest,21.7
64615,Chekwelp 26,Indian Reserve,49.4164622,-123.5013090,0,5929,sunshine-coast,Sunshine Coast,sunshine-coast,Sunshine Coast,sechelt,Lower Sunshine Coast,Sechelt,FALSE,ferry,road,nearest,19.9
40186,Klaalth SB 5,Indian Government District : Land Unit,49.5025708,-123.7499301,0,5929,sunshine-coast,Sunshine Coast,sunshine-coast,Sunshine Coast,sechelt,Lower Sunshine Coast,Sechelt,FALSE,ferry,road,nearest,3.6
40213,Oalthkyim SB 4,Indian Government District : Land Unit,49.5109036,-123.7971540,0,5929,sunshine-coast,Sunshine Coast,sunshine-coast,Sunshine Coast,sechelt,Lower Sunshine Coast,Sechelt,FALSE,ferry,road,nearest,5.0
40185,Shannon Creek SB 28,Indian Government District : Land Unit,49.5150707,-123.7582641,0,5929,sunshine-coast,Sunshine Coast,sunshine-coast,Sunshine Coast,sechelt,Lower Sunshine Coast,Sechelt,FALSE,ferry,road,nearest,4.8
40205,Swaycalse SB 3,Indian Government District : Land Unit,49.4900705,-123.7665970,0,5929,sunshine-coast,Sunshine Coast,sunshine-coast,Sunshine Coast,sechelt,Lower Sunshine Coast,Sechelt,FALSE,ferry,road,nearest,2.1
34991,Salmon Arm,City,50.7013965,-119.2780692,20081,5939,columbia-shuswap,Columbia Shuswap,columbia-shuswap,Columbia Shuswap,shuswap,Shuswap,Salmon Arm,TRUE,road,road,hub,0.0
34992,Salmon Arm,Community,50.6998464,-119.2678912,20081,5939,columbia-shuswap,Columbia Shuswap,columbia-shuswap,Columbia Shuswap,shuswap,Shuswap,Salmon Arm,FALSE,road,road,nearest,0.7
19504,Sicamous,District Municipality,50.8361111,-118.9800000,2695,5939,columbia-shuswap,Columbia Shuswap,columbia-shuswap,Columbia Shuswap,shuswap,Shuswap,Salmon Arm,FALSE,road,road,nearest,25.8
38421,Scotch Creek,Community,50.9106248,-119.4488066,890,5939,columbia-shuswap,Columbia Shuswap,columbia-shuswap,Columbia Shuswap,shuswap,Shuswap,Salmon Arm,FALSE,road,road,nearest,26.2
539,Albas,Locality,51.1998541,-119.0178771,889,5939,columbia-shuswap,Columbia Shuswap,columbia-shuswap,Columbia Shuswap,shuswap,Shuswap,Salmon Arm,FALSE,road,road,nearest,58.3
1556,Anglemont,Community,50.9639485,-119.1781358,889,5939,columbia-shuswap,Columbia Shuswap,columbia-shuswap,Columbia Shuswap,shuswap,Shuswap,Salmon Arm,FALSE,road,road,nearest,30.0
13197,St. Ives,Community,50.9827412,-119.1001119,889,5939,columbia-shuswap,Columbia Shuswap,columbia-shuswap,Columbia Shuswap,shuswap,Shuswap,Salmon Arm,FALSE,road,road,nearest,33.7
24011,Woods Landing,Locality,51.0665194,-119.0512081,889,5939,columbia-shuswap,Columbia Shuswap,columbia-shuswap,Columbia Shuswap,shuswap,Shuswap,Salmon Arm,FALSE,road,road,nearest,43.6
38335,Bastion Bay,Locality,50.8498508,-119.0845370,848,5939,columbia-shuswap,Columbia Shuswap,columbia-shuswap,Columbia Shuswap,shuswap,Shuswap,Salmon Arm,FALSE,road,road,nearest,21.4
811,Eagle Bay,Community,50.9327778,-119.2136111,848,5939,columbia-shuswap,Columbia Shuswap,columbia-shuswap,Columbia Shuswap,shuswap,Shuswap,Salmon Arm,FALSE,road,road,nearest,26.1
38437,Notch Hill,Community,50.8523130,-119.4353286,837,5939,columbia-shuswap,Columbia Shuswap,columbia-shuswap,Columbia Shuswap,shuswap,Shuswap,Salmon Arm,FALSE,road,road,nearest,20.1
909,Lee Creek,Community,50.9035570,-119.5565252,828,5939,columbia-shuswap,Columbia Shuswap,columbia-shuswap,Columbia Shuswap,shuswap,Shuswap,Salmon Arm,FALSE,road,road,nearest,29.8
21132,White Lake,Community,50.8820550,-119.2995990,796,5939,columbia-shuswap,Columbia Shuswap,columbia-shuswap,Columbia Shuswap,shuswap,Shuswap,Salmon Arm,FALSE,road,road,nearest,20.1
11059,Balmoral,Community,50.8523708,-119.3558337,697,5939,columbia-shuswap,Columbia Shuswap,columbia-shuswap,Columbia Shuswap,shuswap,Shuswap,Salmon Arm,FALSE,road,road,nearest,17.7
39931,Ranchero,Community,50.6561476,-119.1991291,663,5939,columbia-shuswap,Columbia Shuswap,columbia-shuswap,Columbia Shuswap,shuswap,Shuswap,Salmon Arm,FALSE,road,road,nearest,7.5
20639,Sorrento,Community,50.8769444,-119.4669444,646,5939,columbia-shuswap,Columbia Shuswap,columbia-shuswap,Columbia Shuswap,shuswap,Shuswap,Salmon Arm,FALSE,road,road,nearest,23.6
1109,Broadview,Community,50.7179154,-119.2505482,642,5939,columbia-shuswap,Columbia Shuswap,columbia-shuswap,Columbia Shuswap,shuswap,Shuswap,Salmon Arm,FALSE,road,road,nearest,2.7
5772,Blind Bay,Community,50.8831813,-119.3845479,640,5939,columbia-shuswap,Columbia Shuswap,columbia-shuswap,Columbia Shuswap,shuswap,Shuswap,Salmon Arm,FALSE,road,road,nearest,21.6
3509,Celista,Community,50.9429400,-119.3501900,593,5939,columbia-shuswap,Columbia Shuswap,columbia-shuswap,Columbia Shuswap,shuswap,Shuswap,Salmon Arm,FALSE,road,road,nearest,27.3
3942,Magna Bay,Community,50.9616923,-119.2835785,593,5939,columbia-shuswap,Columbia Shuswap,columbia-shuswap,Columbia Shuswap,shuswap,Shuswap,Salmon Arm,FALSE,road,road,nearest,28.9
20437,Silver Creek,Locality,50.5998462,-119.3678734,579,5939,columbia-shuswap,Columbia Shuswap,columbia-shuswap,Columbia Shuswap,shuswap,Shuswap,Salmon Arm,FALSE,road,road,nearest,12.9
11208,Carlin,Locality,50.8165149,-119.3178773,569,5939,columbia-shuswap,Columbia Shuswap,columbia-shuswap,Columbia Shuswap,shuswap,Shuswap,Salmon Arm,FALSE,road,road,nearest,13.1
13236,Deep Creek,Locality,50.6165146,-119.2178688,567,5939,columbia-shuswap,Columbia Shuswap,columbia-shuswap,Columbia Shuswap,shuswap,Shuswap,Salmon Arm,FALSE,road,road,nearest,10.3
10528,Canoe,Community,50.7508084,-119.2227489,554,5939,columbia-shuswap,Columbia Shuswap,columbia-shuswap,Columbia Shuswap,shuswap,Shuswap,Salmon Arm,FALSE,road,road,nearest,6.7
11435,Falkland,Community,50.5013889,-119.5583333,536,5939,columbia-shuswap,Columbia Shuswap,columbia-shuswap,Columbia Shuswap,shuswap,Shuswap,Salmon Arm,FALSE,road,road,nearest,29.8
22267,Solsqua,Community,50.8669392,-118.9391094,525,5939,columbia-shuswap,Columbia Shuswap,columbia-shuswap,Columbia Shuswap,shuswap,Shuswap,Salmon Arm,FALSE,road,road,nearest,30.1
38383,Paradise Point,Locality,50.7998496,-119.1678718,524,5939,columbia-shuswap,Columbia Shuswap,columbia-shuswap,Columbia Shuswap,shuswap,Shuswap,Salmon Arm,FALSE,road,road,nearest,13.4
13963,Sunnybrae,Community,50.7757264,-119.2827425,524,5939,columbia-shuswap,Columbia Shuswap,columbia-shuswap,Columbia Shuswap,shuswap,Shuswap,Salmon Arm,FALSE,road,road,nearest,8.3
24780,Yankee Flats,Locality,50.5165124,-119.3678713,484,5939,columbia-shuswap,Columbia Shuswap,columbia-shuswap,Columbia Shuswap,shuswap,Shuswap,Salmon Arm,FALSE,road,road,nearest,21.5
2065,Annis,Community,50.7909600,-119.0841300,482,5939,columbia-shuswap,Columbia Shuswap,columbia-shuswap,Columbia Shuswap,shuswap,Shuswap,Salmon Arm,FALSE,road,road,nearest,16.9
65075,Sicamous 3,Indian Reserve,50.8165181,-119.0012000,482,5939,columbia-shuswap,Columbia Shuswap,columbia-shuswap,Columbia Shuswap,shuswap,Shuswap,Salmon Arm,FALSE,road,road,nearest,23.3
21446,Six Mile Point,Community,50.7670061,-119.0075362,482,5939,columbia-shuswap,Columbia Shuswap,columbia-shuswap,Columbia Shuswap,shuswap,Shuswap,Salmon Arm,FALSE,road,road,nearest,20.4
20652,South Canoe,Community,50.6999429,-119.2158918,370,5939,columbia-shuswap,Columbia Shuswap,columbia-shuswap,Columbia Shuswap,shuswap,Shuswap,Salmon Arm,FALSE,road,road,nearest,4.4
1998,Gleneden,Community,50.7331806,-119.3512096,343,5939,columbia-shuswap,Columbia Shuswap,columbia-shuswap,Columbia Shuswap,shuswap,Shuswap,Salmon Arm,FALSE,road,road,nearest,6.2
65576,Quaaout 1,Indian Reserve,50.8831792,-119.5845546,284,5939,columbia-shuswap,Columbia Shuswap,columbia-shuswap,Columbia Shuswap,shuswap,Shuswap,Salmon Arm,FALSE,road,road,nearest,29.5
19718,Squilax,Community,50.8729423,-119.6110300,284,5939,columbia-shuswap,Columbia Shuswap,columbia-shuswap,Columbia Shuswap,shuswap,Shuswap,Salmon Arm,FALSE,road,road,nearest,30.2
65603,Switsemalph 6,Indian Reserve,50.7305556,-119.3222222,161,5939,columbia-shuswap,Columbia Shuswap,columbia-shuswap,Columbia Shuswap,shuswap,Shuswap,Salmon Arm,FALSE,road,road,nearest,4.5
2010,Glenemma,Locality,50.4665122,-119.3512028,91,5939,columbia-shuswap,Columbia Shuswap,columbia-shuswap,Columbia Shuswap,shuswap,Shuswap,Salmon Arm,FALSE,road,road,nearest,26.6
65743,Switsemalph 3,Indian Reserve,50.7111111,-119.3291667,64,5939,columbia-shuswap,Columbia Shuswap,columbia-shuswap,Columbia Shuswap,shuswap,Shuswap,Salmon Arm,FALSE,road,road,nearest,3.8
65577,Chum Creek 2,Indian Reserve,50.8665124,-119.5845542,53,5939,columbia-shuswap,Columbia Shuswap,columbia-shuswap,Columbia Shuswap,shuswap,Shuswap,Salmon Arm,FALSE,road,road,nearest,28.3
65604,Switsemalph 7,Indian Reserve,50.6972222,-119.3069444,48,5939,columbia-shuswap,Columbia Shuswap,columbia-shuswap,Columbia Shuswap,shuswap,Shuswap,Salmon Arm,FALSE,road,road,nearest,2.1
65572,North Bay 5,Indian Reserve,50.7831813,-119.3178764,45,5939,columbia-shuswap,Columbia Shuswap,columbia-shuswap,Columbia Shuswap,shuswap,Shuswap,Salmon Arm,FALSE,road,road,nearest,9.5
17645,Tappen,Community,50.7831811,-119.3345437,45,5939,columbia-shuswap,Columbia Shuswap,columbia-shuswap,Columbia Shuswap,shuswap,Shuswap,Salmon Arm,FALSE,road,road,nearest,9.9
65610,Hustalen 1,Indian Reserve,50.9665124,-119.6512257,44,5939,columbia-shuswap,Columbia Shuswap,columbia-shuswap,Columbia Shuswap,shuswap,Shuswap,Salmon Arm,FALSE,road,road,nearest,39.4
65579,Scotch Creek 4,Indian Reserve,50.9165138,-119.4845521,30,5939,columbia-shuswap,Columbia Shuswap,columbia-shuswap,Columbia Shuswap,shuswap,Shuswap,Salmon Arm,FALSE,road,road,nearest,28.0
65076,Salmon River 1,Indian Reserve,50.4998461,-119.3178692,,5939,columbia-shuswap,Columbia Shuswap,columbia-shuswap,Columbia Shuswap,shuswap,Shuswap,Salmon Arm,FALSE,road,road,nearest,22.6
30980,Princeton,Town,49.4590346,-120.5089678,3000,5907,okanagan-similkameen,Okanagan-Similkameen,okanagan-similkameen,Okanagan-Similkameen,similkameen,Similkameen,Princeton,TRUE,pass,road,hub,0.0
34877,Hedley,Community,49.3577778,-120.0758333,807,5907,okanagan-similkameen,Okanagan-Similkameen,okanagan-similkameen,Okanagan-Similkameen,similkameen,Similkameen,Princeton,FALSE,pass,road,override,33.3
1034,Allenby,Locality,49.4164947,-120.5178814,674,5907,okanagan-similkameen,Okanagan-Similkameen,okanagan-similkameen,Okanagan-Similkameen,similkameen,Similkameen,Princeton,FALSE,pass,road,nearest,4.8
27626,Coalmont,Community,49.5109635,-120.6925751,674,5907,okanagan-similkameen,Okanagan-Similkameen,okanagan-similkameen,Okanagan-Similkameen,similkameen,Similkameen,Princeton,FALSE,pass,road,nearest,14.5
37730,Eastgate,Community,49.1377575,-120.6140867,674,5907,okanagan-similkameen,Okanagan-Similkameen,okanagan-similkameen,Okanagan-Similkameen,similkameen,Similkameen,Princeton,FALSE,pass,road,nearest,36.5
4715,Manning Park,Community,49.0635409,-120.7821879,674,5907,okanagan-similkameen,Okanagan-Similkameen,okanagan-similkameen,Okanagan-Similkameen,similkameen,Similkameen,Princeton,FALSE,pass,road,nearest,48.2
65193,Nine Mile Creek 4,Indian Reserve,49.4331637,-120.3012081,674,5907,okanagan-similkameen,Okanagan-Similkameen,okanagan-similkameen,Okanagan-Similkameen,similkameen,Similkameen,Princeton,FALSE,pass,road,nearest,15.3
65198,Wolf Creek 3,Indian Reserve,49.4331636,-120.3178753,674,5907,okanagan-similkameen,Okanagan-Similkameen,okanagan-similkameen,Okanagan-Similkameen,similkameen,Similkameen,Princeton,FALSE,pass,road,nearest,14.1
41006,Allison Lake,Locality,49.6887172,-120.6026131,589,5907,okanagan-similkameen,Okanagan-Similkameen,okanagan-similkameen,Okanagan-Similkameen,similkameen,Similkameen,Princeton,FALSE,pass,road,nearest,26.4
27625,Tulameen,Community,49.5464444,-120.7589882,589,5907,okanagan-similkameen,Okanagan-Similkameen,okanagan-similkameen,Okanagan-Similkameen,similkameen,Similkameen,Princeton,FALSE,pass,road,nearest,20.5
27608,Bankeir,Community,49.7164990,-120.2345463,525,5907,okanagan-similkameen,Okanagan-Similkameen,okanagan-similkameen,Okanagan-Similkameen,similkameen,Similkameen,Princeton,FALSE,pass,road,nearest,34.8
65194,One Mile 6,Indian Reserve,49.5998283,-120.5678875,525,5907,okanagan-similkameen,Okanagan-Similkameen,okanagan-similkameen,Okanagan-Similkameen,similkameen,Similkameen,Princeton,FALSE,pass,road,nearest,16.2
66541,Iltcoola 7,Indian Reserve,49.4261111,-120.2661111,444,5907,okanagan-similkameen,Okanagan-Similkameen,okanagan-similkameen,Okanagan-Similkameen,similkameen,Similkameen,Princeton,FALSE,pass,road,nearest,17.9
27609,Jellicoe,Locality,49.6831650,-120.2845471,444,5907,okanagan-similkameen,Okanagan-Similkameen,okanagan-similkameen,Okanagan-Similkameen,similkameen,Similkameen,Princeton,FALSE,pass,road,nearest,29.7
27610,Jura,Locality,49.5331626,-120.4512154,444,5907,okanagan-similkameen,Okanagan-Similkameen,okanagan-similkameen,Okanagan-Similkameen,similkameen,Similkameen,Princeton,FALSE,pass,road,nearest,9.2
65197,Vermilion Forks 1,Indian Reserve,49.4664949,-120.5178826,412,5907,okanagan-similkameen,Okanagan-Similkameen,okanagan-similkameen,Okanagan-Similkameen,similkameen,Similkameen,Princeton,FALSE,pass,road,nearest,1.1
65195,Chuchuwayha 2C,Indian Reserve,49.3164984,-120.1345332,409,5907,okanagan-similkameen,Okanagan-Similkameen,okanagan-similkameen,Okanagan-Similkameen,similkameen,Similkameen,Princeton,FALSE,pass,road,nearest,31.4
65184,Chuchuwayha 2,Indian Reserve,49.3498325,-120.0678652,86,5907,okanagan-similkameen,Okanagan-Similkameen,okanagan-similkameen,Okanagan-Similkameen,similkameen,Similkameen,Princeton,FALSE,pass,road,nearest,34.1
65196,Lulu 5,Indian Reserve,49.3998310,-120.2345385,15,5907,okanagan-similkameen,Okanagan-Similkameen,okanagan-similkameen,Okanagan-Similkameen,similkameen,Similkameen,Princeton,FALSE,pass,road,nearest,20.9
21687,Smithers,Town,54.7791667,-127.1761111,5620,5951,bulkley-nechako,Bulkley-Nechako,bulkley-nechako,Bulkley-Nechako,smithers,Bulkley Valley,Smithers,TRUE,road,road,hub,0.0
40632,Houston,District Municipality,54.3983333,-126.6483333,3181,5951,bulkley-nechako,Bulkley-Nechako,bulkley-nechako,Bulkley-Nechako,smithers,Bulkley Valley,Smithers,FALSE,road,road,nearest,54.3
18602,Telkwa,Village,54.6966667,-127.0508333,1543,5951,bulkley-nechako,Bulkley-Nechako,bulkley-nechako,Bulkley-Nechako,smithers,Bulkley Valley,Smithers,FALSE,road,road,nearest,12.2
7368,Lake Kathlyn,Locality,54.8164624,-127.2182711,831,5951,bulkley-nechako,Bulkley-Nechako,bulkley-nechako,Bulkley-Nechako,smithers,Bulkley Valley,Smithers,FALSE,road,road,nearest,4.9
22309,Quick,Community,54.6175785,-126.9082887,582,5951,bulkley-nechako,Bulkley-Nechako,bulkley-nechako,Bulkley-Nechako,smithers,Bulkley Valley,Smithers,FALSE,road,road,nearest,24.9
15304,Seymour Lake,Locality,54.7497955,-127.1682668,527,5951,bulkley-nechako,Bulkley-Nechako,bulkley-nechako,Bulkley-Nechako,smithers,Bulkley Valley,Smithers,FALSE,road,road,nearest,3.3
14843,Driftwood Creek,Community,54.8231516,-127.0774966,448,5951,bulkley-nechako,Bulkley-Nechako,bulkley-nechako,Bulkley-Nechako,smithers,Bulkley Valley,Smithers,FALSE,road,road,nearest,8.0
2021,Glentanna,Locality,54.8664641,-127.1349370,448,5951,bulkley-nechako,Bulkley-Nechako,bulkley-nechako,Bulkley-Nechako,smithers,Bulkley Valley,Smithers,FALSE,road,road,nearest,10.1
11684,Barrett Lake,Community,54.4497970,-126.7515746,437,5951,bulkley-nechako,Bulkley-Nechako,bulkley-nechako,Bulkley-Nechako,smithers,Bulkley Valley,Smithers,FALSE,road,road,nearest,45.7
65142,Oschawwinna 3,Indian Reserve,54.9331299,-127.2682774,433,5951,bulkley-nechako,Bulkley-Nechako,bulkley-nechako,Bulkley-Nechako,smithers,Bulkley Valley,Smithers,FALSE,road,road,nearest,18.1
64880,Babine 25,Indian Reserve,54.8664772,-126.1349034,399,5951,bulkley-nechako,Bulkley-Nechako,bulkley-nechako,Bulkley-Nechako,smithers,Bulkley Valley,Smithers,FALSE,road,road,nearest,67.4
64879,Babine 26,Indian Reserve,54.9498117,-126.1349066,399,5951,bulkley-nechako,Bulkley-Nechako,bulkley-nechako,Bulkley-Nechako,smithers,Bulkley Valley,Smithers,FALSE,road,road,nearest,69.3
64829,Babine Lake 20,Indian Reserve,55.0664756,-126.4682559,399,5951,bulkley-nechako,Bulkley-Nechako,bulkley-nechako,Bulkley-Nechako,smithers,Bulkley Valley,Smithers,FALSE,road,road,nearest,55.4
64834,Chanoodandidalch 14,Indian Reserve,55.0498090,-126.4515880,399,5951,bulkley-nechako,Bulkley-Nechako,bulkley-nechako,Bulkley-Nechako,smithers,Bulkley Valley,Smithers,FALSE,road,road,nearest,55.2
64836,Michell Pierre 12,Indian Reserve,55.0331432,-126.3682512,399,5951,bulkley-nechako,Bulkley-Nechako,bulkley-nechako,Bulkley-Nechako,smithers,Bulkley Valley,Smithers,FALSE,road,road,nearest,58.9
64838,Ne-tsaw-greece 10,Indian Reserve,55.0664754,-126.4849231,399,5951,bulkley-nechako,Bulkley-Nechako,bulkley-nechako,Bulkley-Nechako,smithers,Bulkley Valley,Smithers,FALSE,road,road,nearest,54.5
64833,Nedoats 13,Indian Reserve,55.0498100,-126.3682518,399,5951,bulkley-nechako,Bulkley-Nechako,bulkley-nechako,Bulkley-Nechako,smithers,Bulkley Valley,Smithers,FALSE,road,road,nearest,59.8
17059,North Bulkley,Community,54.4746876,-126.5051814,399,5951,bulkley-nechako,Bulkley-Nechako,bulkley-nechako,Bulkley-Nechako,smithers,Bulkley Valley,Smithers,FALSE,road,road,nearest,54.9
20984,Topley Landing,Community,54.8083113,-126.1393132,399,5951,bulkley-nechako,Bulkley-Nechako,bulkley-nechako,Bulkley-Nechako,smithers,Bulkley Valley,Smithers,FALSE,road,road,nearest,66.5
21888,Round Lake,Locality,54.6664643,-126.9182552,375,5951,bulkley-nechako,Bulkley-Nechako,bulkley-nechako,Bulkley-Nechako,smithers,Bulkley Valley,Smithers,FALSE,road,road,nearest,20.8
23993,Woodmere,Locality,54.6831308,-126.9515903,375,5951,bulkley-nechako,Bulkley-Nechako,bulkley-nechako,Bulkley-Nechako,smithers,Bulkley Valley,Smithers,FALSE,road,road,nearest,17.9
11653,Granisle,Village,54.8850197,-126.2071546,345,5951,bulkley-nechako,Bulkley-Nechako,bulkley-nechako,Bulkley-Nechako,smithers,Bulkley Valley,Smithers,FALSE,road,road,nearest,63.2
18478,Tatlow,Locality,54.6997955,-127.1182632,233,5951,bulkley-nechako,Bulkley-Nechako,bulkley-nechako,Bulkley-Nechako,smithers,Bulkley Valley,Smithers,FALSE,road,road,nearest,9.6
65143,Jean Baptiste 28,Indian Reserve,54.7331306,-127.0182612,5,5951,bulkley-nechako,Bulkley-Nechako,bulkley-nechako,Bulkley-Nechako,smithers,Bulkley Valley,Smithers,FALSE,road,road,nearest,11.3
64835,Nedoats 11,Indian Reserve,55.0498107,-126.3182501,0,5951,bulkley-nechako,Bulkley-Nechako,bulkley-nechako,Bulkley-Nechako,smithers,Bulkley Valley,Smithers,FALSE,road,road,nearest,62.5
18632,Old Fort,Locality,55.0386111,-126.3144444,0,5951,bulkley-nechako,Bulkley-Nechako,bulkley-nechako,Bulkley-Nechako,smithers,Bulkley Valley,Smithers,FALSE,road,road,nearest,62.2
64831,Tadinlay 15,Indian Reserve,55.0664752,-126.5015903,0,5951,bulkley-nechako,Bulkley-Nechako,bulkley-nechako,Bulkley-Nechako,smithers,Bulkley Valley,Smithers,FALSE,road,road,nearest,53.7
30137,100 Mile House,District Municipality,51.6427778,-121.2955556,1993,5941,cariboo,Cariboo,cariboo,Cariboo,south-cariboo,South Cariboo,100 Mile House,TRUE,road,road,hub,0.0
54040,Deka Lake,Locality,51.6081712,-120.8512835,794,5941,cariboo,Cariboo,cariboo,Cariboo,south-cariboo,South Cariboo,100 Mile House,FALSE,road,road,nearest,30.9
30912,Tatton,Locality,51.7164997,-121.3679706,780,5941,cariboo,Cariboo,cariboo,Cariboo,south-cariboo,South Cariboo,100 Mile House,FALSE,road,road,nearest,9.6
28245,Exeter,Locality,51.6527778,-121.3263889,643,5941,cariboo,Cariboo,cariboo,Cariboo,south-cariboo,South Cariboo,100 Mile House,FALSE,road,road,nearest,2.4
40768,122 Mile House,Locality,51.8498316,-121.6013156,614,5941,cariboo,Cariboo,cariboo,Cariboo,south-cariboo,South Cariboo,100 Mile House,FALSE,road,road,nearest,31.2
40767,127 Mile House,Locality,51.8831644,-121.6679854,614,5941,cariboo,Cariboo,cariboo,Cariboo,south-cariboo,South Cariboo,100 Mile House,FALSE,road,road,nearest,37.0
31564,Wright,Locality,51.8664976,-121.6679849,614,5941,cariboo,Cariboo,cariboo,Cariboo,south-cariboo,South Cariboo,100 Mile House,FALSE,road,road,nearest,35.7
28715,Bridge Lake,Community,51.4831716,-120.7179422,593,5941,cariboo,Cariboo,cariboo,Cariboo,south-cariboo,South Cariboo,100 Mile House,FALSE,road,road,nearest,43.7
64500,Canim Lake 5,Indian Reserve,51.8831759,-120.6346173,589,5941,cariboo,Cariboo,cariboo,Cariboo,south-cariboo,South Cariboo,100 Mile House,FALSE,road,road,nearest,52.8
64498,Canim Lake 6,Indian Reserve,51.8998429,-120.6179506,589,5941,cariboo,Cariboo,cariboo,Cariboo,south-cariboo,South Cariboo,100 Mile House,FALSE,road,road,nearest,54.7
27990,Eagle Creek,Community,51.8641667,-120.8661111,589,5941,cariboo,Cariboo,cariboo,Cariboo,south-cariboo,South Cariboo,100 Mile House,FALSE,road,road,nearest,38.5
30142,114 Mile House,Locality,51.7998330,-121.4346419,562,5941,cariboo,Cariboo,cariboo,Cariboo,south-cariboo,South Cariboo,100 Mile House,FALSE,road,road,nearest,19.9
38599,Lone Butte,Community,51.5546236,-121.1948570,550,5941,cariboo,Cariboo,cariboo,Cariboo,south-cariboo,South Cariboo,100 Mile House,FALSE,road,road,nearest,12.0
30205,93 Mile,Community,51.5709130,-121.3447758,542,5941,cariboo,Cariboo,cariboo,Cariboo,south-cariboo,South Cariboo,100 Mile House,FALSE,road,road,nearest,8.7
30758,Roe Lake,Locality,51.5165039,-120.8346137,541,5941,cariboo,Cariboo,cariboo,Cariboo,south-cariboo,South Cariboo,100 Mile House,FALSE,road,road,nearest,34.8
54041,Sheridan Lake,Locality,51.5303924,-120.8832268,541,5941,cariboo,Cariboo,cariboo,Cariboo,south-cariboo,South Cariboo,100 Mile House,FALSE,road,road,nearest,31.1
40755,108 Mile Ranch,Community,51.7382864,-121.3611204,517,5941,cariboo,Cariboo,cariboo,Cariboo,south-cariboo,South Cariboo,100 Mile House,FALSE,road,road,nearest,11.5
28503,Forest Grove,Community,51.7668869,-121.0983609,487,5941,cariboo,Cariboo,cariboo,Cariboo,south-cariboo,South Cariboo,100 Mile House,FALSE,road,road,nearest,19.4
40759,105 Mile House,Locality,51.6998335,-121.3179684,485,5941,cariboo,Cariboo,cariboo,Cariboo,south-cariboo,South Cariboo,100 Mile House,FALSE,road,road,nearest,6.5
65803,Canim Lake 3,Indian Reserve,51.7665018,-121.2179670,485,5941,cariboo,Cariboo,cariboo,Cariboo,south-cariboo,South Cariboo,100 Mile House,FALSE,road,road,nearest,14.8
64522,Dog Creek 3,Indian Reserve,51.6164911,-122.0679910,476,5941,cariboo,Cariboo,cariboo,Cariboo,south-cariboo,South Cariboo,100 Mile House,FALSE,road,road,nearest,53.4
28567,Gateway,Community,51.6670435,-121.2227160,408,5941,cariboo,Cariboo,cariboo,Cariboo,south-cariboo,South Cariboo,100 Mile House,FALSE,road,road,nearest,5.7
28985,Buffalo Creek,Community,51.7293082,-121.1531924,400,5941,cariboo,Cariboo,cariboo,Cariboo,south-cariboo,South Cariboo,100 Mile House,FALSE,road,road,nearest,13.7
64501,Canim Lake 2,Indian Reserve,51.7331691,-121.1346299,400,5941,cariboo,Cariboo,cariboo,Cariboo,south-cariboo,South Cariboo,100 Mile House,FALSE,road,road,nearest,15.0
38602,Mahood Falls,Locality,51.8331752,-120.6512831,400,5941,cariboo,Cariboo,cariboo,Cariboo,south-cariboo,South Cariboo,100 Mile House,FALSE,road,road,nearest,49.2
30140,111 Mile House,Locality,51.7664999,-121.3846392,385,5941,cariboo,Cariboo,cariboo,Cariboo,south-cariboo,South Cariboo,100 Mile House,FALSE,road,road,nearest,15.1
28744,Lac la Hache,Community,51.8131599,-121.4723868,385,5941,cariboo,Cariboo,cariboo,Cariboo,south-cariboo,South Cariboo,100 Mile House,FALSE,road,road,nearest,22.5
64525,Dog Creek 2,Indian Reserve,51.5998241,-122.0846577,17,5941,cariboo,Cariboo,cariboo,Cariboo,south-cariboo,South Cariboo,100 Mile House,FALSE,road,road,nearest,54.7
64466,Windy Mouth 7,Indian Reserve,51.8498318,-121.5846483,5,5941,cariboo,Cariboo,cariboo,Cariboo,south-cariboo,South Cariboo,100 Mile House,FALSE,road,road,nearest,30.4
29173,Canim Lake,Community,51.7715170,-120.9918843,,5941,cariboo,Cariboo,cariboo,Cariboo,south-cariboo,South Cariboo,100 Mile House,FALSE,road,road,nearest,25.4
64502,Canim Lake 1,Indian Reserve,51.7791667,-120.9847222,,5941,cariboo,Cariboo,cariboo,Cariboo,south-cariboo,South Cariboo,100 Mile House,FALSE,road,road,nearest,26.2
64499,Canim Lake 4,Indian Reserve,51.7998326,-121.4679763,0,5941,cariboo,Cariboo,cariboo,Cariboo,south-cariboo,South Cariboo,100 Mile House,FALSE,road,road,nearest,21.1
38680,Squamish,District Municipality,49.6980556,-123.1558333,25063,5931,squamish-lillooet,Squamish-Lillooet,squamish-lillooet,Squamish-Lillooet,squamish,Squamish & Howe Sound,Squamish,TRUE,road,road,hub,0.0
17125,Northridge,Community,49.7018866,-123.1373156,1528,5931,squamish-lillooet,Squamish-Lillooet,squamish-lillooet,Squamish-Lillooet,squamish,Squamish & Howe Sound,Squamish,FALSE,road,road,nearest,1.4
14492,Dentville,Community,49.7164673,-123.1513061,1371,5931,squamish-lillooet,Squamish-Lillooet,squamish-lillooet,Squamish-Lillooet,squamish,Squamish & Howe Sound,Squamish,FALSE,road,road,nearest,2.1
37740,Woodfibre,Locality,49.6664659,-123.2513079,1265,5931,squamish-lillooet,Squamish-Lillooet,squamish-lillooet,Squamish-Lillooet,squamish,Squamish & Howe Sound,Squamish,FALSE,road,road,nearest,7.7
64620,Yekwaupsum 19,Indian Reserve,49.7331340,-123.1513065,1265,5931,squamish-lillooet,Squamish-Lillooet,squamish-lillooet,Squamish-Lillooet,squamish,Squamish & Howe Sound,Squamish,FALSE,road,road,nearest,3.9
4975,Cheakamus,Community,49.8331344,-123.1513092,1131,5931,squamish-lillooet,Squamish-Lillooet,squamish-lillooet,Squamish-Lillooet,squamish,Squamish & Howe Sound,Squamish,FALSE,road,road,nearest,15.0
27525,Cheekye,Locality,49.7998010,-123.1513083,1131,5931,squamish-lillooet,Squamish-Lillooet,squamish-lillooet,Squamish-Lillooet,squamish,Squamish & Howe Sound,Squamish,FALSE,road,road,nearest,11.3
5322,Garibaldi Estates,Community,49.7408050,-123.1357619,1131,5931,squamish-lillooet,Squamish-Lillooet,squamish-lillooet,Squamish-Lillooet,squamish,Squamish & Howe Sound,Squamish,FALSE,road,road,nearest,5.0
38026,Paradise Valley,Locality,49.8164677,-123.1513088,1131,5931,squamish-lillooet,Squamish-Lillooet,squamish-lillooet,Squamish-Lillooet,squamish,Squamish & Howe Sound,Squamish,FALSE,road,road,nearest,13.2
844,Eagle Run,Community,49.7498009,-123.1346398,1074,5931,squamish-lillooet,Squamish-Lillooet,squamish-lillooet,Squamish-Lillooet,squamish,Squamish & Howe Sound,Squamish,FALSE,road,road,nearest,6.0
37726,Britannia Beach,Community,49.6263889,-123.2036111,1057,5931,squamish-lillooet,Squamish-Lillooet,squamish-lillooet,Squamish-Lillooet,squamish,Squamish & Howe Sound,Squamish,FALSE,road,road,nearest,8.7
64614,Defence Island 28,Indian Reserve,49.5831321,-123.2679729,1057,5931,squamish-lillooet,Squamish-Lillooet,squamish-lillooet,Squamish-Lillooet,squamish,Squamish & Howe Sound,Squamish,FALSE,road,road,nearest,15.1
54435,Furry Creek,Locality,49.5831327,-123.2124156,1057,5931,squamish-lillooet,Squamish-Lillooet,squamish-lillooet,Squamish-Lillooet,squamish,Squamish & Howe Sound,Squamish,FALSE,road,road,nearest,13.4
24225,Minaty Bay,Locality,49.6164661,-123.2179722,1057,5931,squamish-lillooet,Squamish-Lillooet,squamish-lillooet,Squamish-Lillooet,squamish,Squamish & Howe Sound,Squamish,FALSE,road,road,nearest,10.1
54430,Oliver's Landing,Community,49.5853495,-123.2232409,1057,5931,squamish-lillooet,Squamish-Lillooet,squamish-lillooet,Squamish-Lillooet,squamish,Squamish & Howe Sound,Squamish,FALSE,road,road,nearest,13.4
16209,Porteau,Locality,49.5497990,-123.2346376,1057,5931,squamish-lillooet,Squamish-Lillooet,squamish-lillooet,Squamish-Lillooet,squamish,Squamish & Howe Sound,Squamish,FALSE,road,road,nearest,17.4
64597,Skowishin 7,Indian Reserve,49.9331332,-123.3013167,1057,5931,squamish-lillooet,Squamish-Lillooet,squamish-lillooet,Squamish-Lillooet,squamish,Squamish & Howe Sound,Squamish,FALSE,road,road,nearest,28.1
64594,Skowishin Graveyard 10,Indian Reserve,49.9164666,-123.2846490,1057,5931,squamish-lillooet,Squamish-Lillooet,squamish-lillooet,Squamish-Lillooet,squamish,Squamish & Howe Sound,Squamish,FALSE,road,road,nearest,26.0
64595,Yookwitz 12,Indian Reserve,49.7831337,-123.2013095,1057,5931,squamish-lillooet,Squamish-Lillooet,squamish-lillooet,Squamish-Lillooet,squamish,Squamish & Howe Sound,Squamish,FALSE,road,road,nearest,10.0
64596,Aikwucks 15,Indian Reserve,49.7664673,-123.1679746,583,5931,squamish-lillooet,Squamish-Lillooet,squamish-lillooet,Squamish-Lillooet,squamish,Squamish & Howe Sound,Squamish,FALSE,road,road,nearest,7.7
65783,Poquiosin & Skamain 13,Indian Reserve,49.7831340,-123.1679751,583,5931,squamish-lillooet,Squamish-Lillooet,squamish-lillooet,Squamish-Lillooet,squamish,Squamish & Howe Sound,Squamish,FALSE,road,road,nearest,9.5
18426,Hospital Hill,Community,49.7004273,-123.1399407,533,5931,squamish-lillooet,Squamish-Lillooet,squamish-lillooet,Squamish-Lillooet,squamish,Squamish & Howe Sound,Squamish,FALSE,road,road,nearest,1.2
7633,Darrell Bay,Locality,49.6664669,-123.1679720,495,5931,squamish-lillooet,Squamish-Lillooet,squamish-lillooet,Squamish-Lillooet,squamish,Squamish & Howe Sound,Squamish,FALSE,road,road,nearest,3.6
37889,Brackendale,Community,49.7664675,-123.1513074,474,5931,squamish-lillooet,Squamish-Lillooet,squamish-lillooet,Squamish-Lillooet,squamish,Squamish & Howe Sound,Squamish,FALSE,road,road,nearest,7.6
24305,Valleycliffe,Community,49.6998007,-123.1346385,464,5931,squamish-lillooet,Squamish-Lillooet,squamish-lillooet,Squamish-Lillooet,squamish,Squamish & Howe Sound,Squamish,FALSE,road,road,nearest,1.5
64623,Waiwakum 14,Indian Reserve,49.7664673,-123.1679746,224,5931,squamish-lillooet,Squamish-Lillooet,squamish-lillooet,Squamish-Lillooet,squamish,Squamish & Howe Sound,Squamish,FALSE,road,road,nearest,7.7
64617,Stawamus 24,Indian Reserve,49.6831338,-123.1513052,98,5931,squamish-lillooet,Squamish-Lillooet,squamish-lillooet,Squamish-Lillooet,squamish,Squamish & Howe Sound,Squamish,FALSE,road,road,nearest,1.7
64593,Cheakamus 11,Indian Reserve,49.7998006,-123.1846427,95,5931,squamish-lillooet,Squamish-Lillooet,squamish-lillooet,Squamish-Lillooet,squamish,Squamish & Howe Sound,Squamish,FALSE,road,road,nearest,11.5
64622,Kowtain 17,Indian Reserve,49.7331342,-123.1346394,59,5931,squamish-lillooet,Squamish-Lillooet,squamish-lillooet,Squamish-Lillooet,squamish,Squamish & Howe Sound,Squamish,FALSE,road,road,nearest,4.2
64619,Yekwaupsum 18,Indian Reserve,49.7164673,-123.1513061,17,5931,squamish-lillooet,Squamish-Lillooet,squamish-lillooet,Squamish-Lillooet,squamish,Squamish & Howe Sound,Squamish,FALSE,road,road,nearest,2.1
64621,Seaichem 16,Indian Reserve,49.7498009,-123.1346398,15,5931,squamish-lillooet,Squamish-Lillooet,squamish-lillooet,Squamish-Lillooet,squamish,Squamish & Howe Sound,Squamish,FALSE,road,road,nearest,6.0
37405,Stewart,District Municipality,55.9383333,-129.9911111,539,5949,kitimat-stikine,Kitimat-Stikine,kitimat-stikine,Kitimat-Stikine,stewart,Stewart & the Bear Valley,Stewart,TRUE,pass,road,hub,0.0
11649,Granduc,Locality,56.2331101,-130.1017605,517,5949,kitimat-stikine,Kitimat-Stikine,kitimat-stikine,Kitimat-Stikine,stewart,Stewart & the Bear Valley,Stewart,FALSE,pass,road,nearest,33.5
19245,Premier,Locality,56.0497751,-130.0184161,517,5949,kitimat-stikine,Kitimat-Stikine,kitimat-stikine,Kitimat-Stikine,stewart,Stewart & the Bear Valley,Stewart,FALSE,pass,road,nearest,12.5
40305,Bob Quinn Lake,Locality,56.9720089,-130.2490224,74,5949,kitimat-stikine,Kitimat-Stikine,kitimat-stikine,Kitimat-Stikine,stewart,Stewart & the Bear Valley,Stewart,FALSE,pass,road,nearest,116.0
3683,Fowler,Locality,56.8330955,-131.7685103,74,5949,kitimat-stikine,Kitimat-Stikine,kitimat-stikine,Kitimat-Stikine,stewart,Stewart & the Bear Valley,Stewart,FALSE,pass,remote,nearest+beyond-range,147.9
7822,Stikine,Locality,56.6997595,-131.8018382,74,5949,kitimat-stikine,Kitimat-Stikine,kitimat-stikine,Kitimat-Stikine,stewart,Stewart & the Bear Valley,Stewart,FALSE,pass,remote,nearest+beyond-range,140.1
40335,Bell II,Locality,56.7442338,-129.7962185,48,5949,kitimat-stikine,Kitimat-Stikine,kitimat-stikine,Kitimat-Stikine,stewart,Stewart & the Bear Valley,Stewart,FALSE,pass,road,nearest,90.4
40302,Meziadin Junction,Locality,56.1011748,-129.3017280,48,5949,kitimat-stikine,Kitimat-Stikine,kitimat-stikine,Kitimat-Stikine,stewart,Stewart & the Bear Valley,Stewart,FALSE,pass,road,nearest,46.5
14024,Surrey,City,49.1916339,-122.8500614,597141,5915,metro-vancouver,Metro Vancouver,metro-vancouver,Metro Vancouver,surrey-langley,"Surrey, White Rock & Langley",Surrey,TRUE,road,road,hub,0.0
8848,Langley,District Municipality,49.1202778,-122.6597222,138426,5915,metro-vancouver,Metro Vancouver,metro-vancouver,Metro Vancouver,surrey-langley,"Surrey, White Rock & Langley",Surrey,FALSE,road,road,nearest,16.0
14255,New Westminster,City,49.2066667,-122.9105556,82943,5915,metro-vancouver,Metro Vancouver,metro-vancouver,Metro Vancouver,surrey-langley,"Surrey, White Rock & Langley",Surrey,FALSE,road,road,nearest,4.7
8845,Langley,City,49.1044518,-122.6590582,30333,5915,metro-vancouver,Metro Vancouver,metro-vancouver,Metro Vancouver,surrey-langley,"Surrey, White Rock & Langley",Surrey,FALSE,road,road,nearest,16.9
38424,White Rock,City,49.0236111,-122.7983333,22567,5915,metro-vancouver,Metro Vancouver,metro-vancouver,Metro Vancouver,surrey-langley,"Surrey, White Rock & Langley",Surrey,FALSE,road,road,nearest,19.1
82,Queens Park,Community,49.2175267,-122.9056659,5467,5915,metro-vancouver,Metro Vancouver,metro-vancouver,Metro Vancouver,surrey-langley,"Surrey, White Rock & Langley",Surrey,FALSE,road,road,nearest,5.0
24210,Milner,Community,49.1320595,-122.6178518,4918,5915,metro-vancouver,Metro Vancouver,metro-vancouver,Metro Vancouver,surrey-langley,"Surrey, White Rock & Langley",Surrey,FALSE,road,road,nearest,18.1
11650,Grandview,Community,49.0457190,-122.7571710,3391,5915,metro-vancouver,Metro Vancouver,metro-vancouver,Metro Vancouver,surrey-langley,"Surrey, White Rock & Langley",Surrey,FALSE,road,road,nearest,17.6
31007,Queensborough,Community,49.1853437,-122.9407050,2249,5915,metro-vancouver,Metro Vancouver,metro-vancouver,Metro Vancouver,surrey-langley,"Surrey, White Rock & Langley",Surrey,FALSE,road,road,nearest,6.6
2063,Anniedale,Community,49.1664701,-122.7179448,1818,5915,metro-vancouver,Metro Vancouver,metro-vancouver,Metro Vancouver,surrey-langley,"Surrey, White Rock & Langley",Surrey,FALSE,road,road,nearest,10.0
15931,Walnut Grove,Community,49.1718167,-122.6405243,1800,5915,metro-vancouver,Metro Vancouver,metro-vancouver,Metro Vancouver,surrey-langley,"Surrey, White Rock & Langley",Surrey,FALSE,road,road,nearest,15.4
41220,South Surrey,Urban Community,49.0520224,-122.7901474,1377,5915,metro-vancouver,Metro Vancouver,metro-vancouver,Metro Vancouver,surrey-langley,"Surrey, White Rock & Langley",Surrey,FALSE,road,road,nearest,16.1
35863,Sullivan,Community,49.1164691,-122.8012794,1342,5915,metro-vancouver,Metro Vancouver,metro-vancouver,Metro Vancouver,surrey-langley,"Surrey, White Rock & Langley",Surrey,FALSE,road,road,nearest,9.1
4845,Crescent Beach,Community,49.0516100,-122.8834700,1284,5915,metro-vancouver,Metro Vancouver,metro-vancouver,Metro Vancouver,surrey-langley,"Surrey, White Rock & Langley",Surrey,FALSE,road,road,nearest,15.8
25178,Tynehead,Community,49.1855158,-122.7350907,1255,5915,metro-vancouver,Metro Vancouver,metro-vancouver,Metro Vancouver,surrey-langley,"Surrey, White Rock & Langley",Surrey,FALSE,road,road,nearest,8.4
45,Glenbrooke North,Community,49.2191873,-122.9174418,1037,5915,metro-vancouver,Metro Vancouver,metro-vancouver,Metro Vancouver,surrey-langley,"Surrey, White Rock & Langley",Surrey,FALSE,road,road,nearest,5.8
10643,Essondale,Community,49.2297222,-122.8111111,1021,5915,metro-vancouver,Metro Vancouver,metro-vancouver,Metro Vancouver,surrey-langley,"Surrey, White Rock & Langley",Surrey,FALSE,road,road,nearest,5.1
4632,Maillardville,Community,49.2389556,-122.8622438,1001,5915,metro-vancouver,Metro Vancouver,metro-vancouver,Metro Vancouver,surrey-langley,"Surrey, White Rock & Langley",Surrey,FALSE,road,road,nearest,5.3
13967,Sunnyside,Locality,49.0498024,-122.7846105,964,5915,metro-vancouver,Metro Vancouver,metro-vancouver,Metro Vancouver,surrey-langley,"Surrey, White Rock & Langley",Surrey,FALSE,road,road,nearest,16.5
18325,Hopington,Locality,49.0831384,-122.5512708,942,5915,metro-vancouver,Metro Vancouver,metro-vancouver,Metro Vancouver,surrey-langley,"Surrey, White Rock & Langley",Surrey,FALSE,road,road,nearest,24.9
20,Cariboo,Community,49.2490633,-122.8825199,933,5915,metro-vancouver,Metro Vancouver,metro-vancouver,Metro Vancouver,surrey-langley,"Surrey, White Rock & Langley",Surrey,FALSE,road,road,nearest,6.8
9424,Elgin,Community,49.0652778,-122.8194444,933,5915,metro-vancouver,Metro Vancouver,metro-vancouver,Metro Vancouver,surrey-langley,"Surrey, White Rock & Langley",Surrey,FALSE,road,road,nearest,14.2
3559,Forest Knolls,Community,49.1483311,-122.5898182,933,5915,metro-vancouver,Metro Vancouver,metro-vancouver,Metro Vancouver,surrey-langley,"Surrey, White Rock & Langley",Surrey,FALSE,road,road,nearest,19.5
69,Mud Bay,Locality,49.0998014,-122.8846149,925,5915,metro-vancouver,Metro Vancouver,metro-vancouver,Metro Vancouver,surrey-langley,"Surrey, White Rock & Langley",Surrey,FALSE,road,road,nearest,10.5
100,Sullivan Heights,Community,49.2534937,-122.9054713,854,5915,metro-vancouver,Metro Vancouver,metro-vancouver,Metro Vancouver,surrey-langley,"Surrey, White Rock & Langley",Surrey,FALSE,road,road,nearest,8.0
11818,Johnson Heights,Community,49.1833333,-122.8000000,849,5915,metro-vancouver,Metro Vancouver,metro-vancouver,Metro Vancouver,surrey-langley,"Surrey, White Rock & Langley",Surrey,FALSE,road,road,nearest,3.8
28523,Fraser Mills,Community,49.2331355,-122.8512840,829,5915,metro-vancouver,Metro Vancouver,metro-vancouver,Metro Vancouver,surrey-langley,"Surrey, White Rock & Langley",Surrey,FALSE,road,road,nearest,4.6
724,Aldergrove,Community,49.0498059,-122.4679340,827,5915,metro-vancouver,Metro Vancouver,metro-vancouver,Metro Vancouver,surrey-langley,"Surrey, White Rock & Langley",Surrey,FALSE,road,road,nearest,32.0
23378,Whalley,Urban Community,49.1771117,-122.8582035,814,5915,metro-vancouver,Metro Vancouver,metro-vancouver,Metro Vancouver,surrey-langley,"Surrey, White Rock & Langley",Surrey,FALSE,road,road,nearest,1.7
4841,Crescent,Community,49.0498016,-122.8512792,808,5915,metro-vancouver,Metro Vancouver,metro-vancouver,Metro Vancouver,surrey-langley,"Surrey, White Rock & Langley",Surrey,FALSE,road,road,nearest,15.8
8699,Strawberry Hill,Community,49.1331349,-122.8846158,808,5915,metro-vancouver,Metro Vancouver,metro-vancouver,Metro Vancouver,surrey-langley,"Surrey, White Rock & Langley",Surrey,FALSE,road,road,nearest,7.0
8663,Hazelmere,Community,49.0312250,-122.7135060,786,5915,metro-vancouver,Metro Vancouver,metro-vancouver,Metro Vancouver,surrey-langley,"Surrey, White Rock & Langley",Surrey,FALSE,road,road,nearest,20.4
70,Middlegate,Community,49.2164677,-122.9512867,781,5915,metro-vancouver,Metro Vancouver,metro-vancouver,Metro Vancouver,surrey-langley,"Surrey, White Rock & Langley",Surrey,FALSE,road,road,nearest,7.9
3589,Fort Langley,Community,49.1666616,-122.5836741,735,5915,metro-vancouver,Metro Vancouver,metro-vancouver,Metro Vancouver,surrey-langley,"Surrey, White Rock & Langley",Surrey,FALSE,road,road,nearest,19.6
16162,Port Mann,Community,49.2127341,-122.8133469,735,5915,metro-vancouver,Metro Vancouver,metro-vancouver,Metro Vancouver,surrey-langley,"Surrey, White Rock & Langley",Surrey,FALSE,road,road,nearest,3.6
4366,Fraser Heights,Community,49.1998028,-122.7846144,730,5915,metro-vancouver,Metro Vancouver,metro-vancouver,Metro Vancouver,surrey-langley,"Surrey, White Rock & Langley",Surrey,FALSE,road,road,nearest,4.8
786,Bridgeview,Community,49.2098526,-122.8674343,726,5915,metro-vancouver,Metro Vancouver,metro-vancouver,Metro Vancouver,surrey-langley,"Surrey, White Rock & Langley",Surrey,FALSE,road,road,nearest,2.4
25223,Douglas,Community,49.0027778,-122.7355556,706,5915,metro-vancouver,Metro Vancouver,metro-vancouver,Metro Vancouver,surrey-langley,"Surrey, White Rock & Langley",Surrey,FALSE,road,road,nearest,22.6
10212,Cloverdale,Urban Community,49.1081365,-122.7262769,698,5915,metro-vancouver,Metro Vancouver,metro-vancouver,Metro Vancouver,surrey-langley,"Surrey, White Rock & Langley",Surrey,FALSE,road,road,nearest,12.9
17920,Ocean Park,Community,49.0331347,-122.8679460,661,5915,metro-vancouver,Metro Vancouver,metro-vancouver,Metro Vancouver,surrey-langley,"Surrey, White Rock & Langley",Surrey,FALSE,road,road,nearest,17.7
54060,West End,Community,49.2070032,-122.9406542,649,5915,metro-vancouver,Metro Vancouver,metro-vancouver,Metro Vancouver,surrey-langley,"Surrey, White Rock & Langley",Surrey,FALSE,road,road,nearest,6.8
28,Connaught Heights,Community,49.2007012,-122.9522737,634,5915,metro-vancouver,Metro Vancouver,metro-vancouver,Metro Vancouver,surrey-langley,"Surrey, White Rock & Langley",Surrey,FALSE,road,road,nearest,7.5
12,Brunette Creek,Community,49.2315287,-122.8837202,631,5915,metro-vancouver,Metro Vancouver,metro-vancouver,Metro Vancouver,surrey-langley,"Surrey, White Rock & Langley",Surrey,FALSE,road,road,nearest,5.1
15271,Panorama Ridge,Community,49.1021059,-122.8617053,621,5915,metro-vancouver,Metro Vancouver,metro-vancouver,Metro Vancouver,surrey-langley,"Surrey, White Rock & Langley",Surrey,FALSE,road,road,nearest,10.0
4115,Guildford,Urban Community,49.1914693,-122.8012813,611,5915,metro-vancouver,Metro Vancouver,metro-vancouver,Metro Vancouver,surrey-langley,"Surrey, White Rock & Langley",Surrey,FALSE,road,road,nearest,3.5
14250,Newton,Urban Community,49.1331352,-122.8512814,609,5915,metro-vancouver,Metro Vancouver,metro-vancouver,Metro Vancouver,surrey-langley,"Surrey, White Rock & Langley",Surrey,FALSE,road,road,nearest,6.5
38,Eastburn,Community,49.2230556,-122.9411111,603,5915,metro-vancouver,Metro Vancouver,metro-vancouver,Metro Vancouver,surrey-langley,"Surrey, White Rock & Langley",Surrey,FALSE,road,road,nearest,7.5
14026,Surrey Centre,Community,49.1164175,-122.7459765,575,5915,metro-vancouver,Metro Vancouver,metro-vancouver,Metro Vancouver,surrey-langley,"Surrey, White Rock & Langley",Surrey,FALSE,road,road,nearest,11.3
13998,Sunshine Hills,Community,49.1266678,-122.9136020,570,5915,metro-vancouver,Metro Vancouver,metro-vancouver,Metro Vancouver,surrey-langley,"Surrey, White Rock & Langley",Surrey,FALSE,road,road,nearest,8.6
12884,Fleetwood,Urban Community,49.1666667,-122.8000000,553,5915,metro-vancouver,Metro Vancouver,metro-vancouver,Metro Vancouver,surrey-langley,"Surrey, White Rock & Langley",Surrey,FALSE,road,road,nearest,4.6
11945,Fern Ridge,Community,49.0498039,-122.6512730,518,5915,metro-vancouver,Metro Vancouver,metro-vancouver,Metro Vancouver,surrey-langley,"Surrey, White Rock & Langley",Surrey,FALSE,road,road,nearest,21.4
3,Austin Heights,Community,49.2498021,-122.8679516,503,5915,metro-vancouver,Metro Vancouver,metro-vancouver,Metro Vancouver,surrey-langley,"Surrey, White Rock & Langley",Surrey,FALSE,road,road,nearest,6.6
17075,North Delta,Community,49.1664679,-122.9179510,499,5915,metro-vancouver,Metro Vancouver,metro-vancouver,Metro Vancouver,surrey-langley,"Surrey, White Rock & Langley",Surrey,FALSE,road,road,nearest,5.7
64414,Matsqui 4,Indian Reserve,48.9998057,-122.4679327,456,5915,metro-vancouver,Metro Vancouver,metro-vancouver,Metro Vancouver,surrey-langley,"Surrey, White Rock & Langley",Surrey,FALSE,road,road,nearest,35.1
30358,Sapperton,Community,49.2297156,-122.8921347,438,5915,metro-vancouver,Metro Vancouver,metro-vancouver,Metro Vancouver,surrey-langley,"Surrey, White Rock & Langley",Surrey,FALSE,road,road,nearest,5.2
16159,Port Kells,Community,49.1628387,-122.6997232,437,5915,metro-vancouver,Metro Vancouver,metro-vancouver,Metro Vancouver,surrey-langley,"Surrey, White Rock & Langley",Surrey,FALSE,road,road,nearest,11.4
14,Buckingham Heights,Community,49.2331344,-122.9512871,433,5915,metro-vancouver,Metro Vancouver,metro-vancouver,Metro Vancouver,surrey-langley,"Surrey, White Rock & Langley",Surrey,FALSE,road,road,nearest,8.7
1141,Brookswood,Community,49.0626688,-122.6695758,361,5915,metro-vancouver,Metro Vancouver,metro-vancouver,Metro Vancouver,surrey-langley,"Surrey, White Rock & Langley",Surrey,FALSE,road,road,nearest,19.4
54,Kelvin,Community,49.2132621,-122.9336034,351,5915,metro-vancouver,Metro Vancouver,metro-vancouver,Metro Vancouver,surrey-langley,"Surrey, White Rock & Langley",Surrey,FALSE,road,road,nearest,6.5
65051,Barnston Island 3,Indian Reserve,49.1831370,-122.7012780,329,5915,metro-vancouver,Metro Vancouver,metro-vancouver,Metro Vancouver,surrey-langley,"Surrey, White Rock & Langley",Surrey,FALSE,road,road,nearest,10.9
8339,Murrayville,Community,49.0831377,-122.6179395,317,5915,metro-vancouver,Metro Vancouver,metro-vancouver,Metro Vancouver,surrey-langley,"Surrey, White Rock & Langley",Surrey,FALSE,road,road,nearest,20.8
11671,Barnston Island,Community,49.1927100,-122.7224200,111,5915,metro-vancouver,Metro Vancouver,metro-vancouver,Metro Vancouver,surrey-langley,"Surrey, White Rock & Langley",Surrey,FALSE,road,road,nearest,9.3
65772,Semiahmoo,Indian Reserve,48.9998024,-122.7679420,71,5915,metro-vancouver,Metro Vancouver,metro-vancouver,Metro Vancouver,surrey-langley,"Surrey, White Rock & Langley",Surrey,FALSE,road,road,nearest,22.2
64947,Coquitlam 1,Indian Reserve,49.2303600,-122.8052300,55,5915,metro-vancouver,Metro Vancouver,metro-vancouver,Metro Vancouver,surrey-langley,"Surrey, White Rock & Langley",Surrey,FALSE,road,road,nearest,5.4
66,Mayfair,Community,49.2331359,-122.8221164,5,5915,metro-vancouver,Metro Vancouver,metro-vancouver,Metro Vancouver,surrey-langley,"Surrey, White Rock & Langley",Surrey,FALSE,road,road,nearest,5.0
27511,Terrace,City,54.5173965,-128.5995869,12604,5949,kitimat-stikine,Kitimat-Stikine,kitimat-stikine,Kitimat-Stikine,terrace-kitimat,Terrace & Kitimat,Terrace,TRUE,road,road,hub,0.0
36122,Kitimat,District Municipality,54.0533333,-128.6522222,8603,5949,kitimat-stikine,Kitimat-Stikine,kitimat-stikine,Kitimat-Stikine,terrace-kitimat,Terrace & Kitimat,Terrace,FALSE,road,road,nearest,51.7
64781,Alastair 80,Indian Reserve,54.1330940,-129.1849747,737,5949,kitimat-stikine,Kitimat-Stikine,kitimat-stikine,Kitimat-Stikine,terrace-kitimat,Terrace & Kitimat,Terrace,FALSE,road,road,nearest,57.2
64788,Alastair 81,Indian Reserve,54.0997605,-129.1683062,737,5949,kitimat-stikine,Kitimat-Stikine,kitimat-stikine,Kitimat-Stikine,terrace-kitimat,Terrace & Kitimat,Terrace,FALSE,road,road,nearest,59.3
64787,Alastair 82,Indian Reserve,54.0664266,-129.1849721,737,5949,kitimat-stikine,Kitimat-Stikine,kitimat-stikine,Kitimat-Stikine,terrace-kitimat,Terrace & Kitimat,Terrace,FALSE,road,road,nearest,62.9
64796,Dzagayap 73,Indian Reserve,54.3025000,-129.3047222,737,5949,kitimat-stikine,Kitimat-Stikine,kitimat-stikine,Kitimat-Stikine,terrace-kitimat,Terrace & Kitimat,Terrace,FALSE,road,road,nearest,51.5
64795,Dzagayap 74,Indian Reserve,54.3186111,-129.2605556,737,5949,kitimat-stikine,Kitimat-Stikine,kitimat-stikine,Kitimat-Stikine,terrace-kitimat,Terrace & Kitimat,Terrace,FALSE,road,road,nearest,48.1
64794,Gitandoiks 75,Indian Reserve,54.3164291,-129.2183164,737,5949,kitimat-stikine,Kitimat-Stikine,kitimat-stikine,Kitimat-Stikine,terrace-kitimat,Terrace & Kitimat,Terrace,FALSE,road,road,nearest,45.8
64793,Gitandoiks 76,Indian Reserve,54.3164293,-129.2016492,737,5949,kitimat-stikine,Kitimat-Stikine,kitimat-stikine,Kitimat-Stikine,terrace-kitimat,Terrace & Kitimat,Terrace,FALSE,road,road,nearest,44.9
64783,Iakwulgyiyaps 78,Indian Reserve,54.2497621,-129.1849793,737,5949,kitimat-stikine,Kitimat-Stikine,kitimat-stikine,Kitimat-Stikine,terrace-kitimat,Terrace & Kitimat,Terrace,FALSE,road,road,nearest,48.2
64776,Klakelse 86,Indian Reserve,54.4164358,-128.8183076,737,5949,kitimat-stikine,Kitimat-Stikine,kitimat-stikine,Kitimat-Stikine,terrace-kitimat,Terrace & Kitimat,Terrace,FALSE,road,road,nearest,18.1
64775,Ksames 85,Indian Reserve,54.3997675,-128.9183101,737,5949,kitimat-stikine,Kitimat-Stikine,kitimat-stikine,Kitimat-Stikine,terrace-kitimat,Terrace & Kitimat,Terrace,FALSE,road,road,nearest,24.4
64731,Lakelse 25,Indian Reserve,54.3831047,-128.6182998,737,5949,kitimat-stikine,Kitimat-Stikine,kitimat-stikine,Kitimat-Stikine,terrace-kitimat,Terrace & Kitimat,Terrace,FALSE,road,road,nearest,15.0
35474,Lakelse Lake,Community,54.3728661,-128.5445196,737,5949,kitimat-stikine,Kitimat-Stikine,kitimat-stikine,Kitimat-Stikine,terrace-kitimat,Terrace & Kitimat,Terrace,FALSE,road,road,nearest,16.5
64773,Lakgeas 87,Indian Reserve,54.3997714,-128.6349677,737,5949,kitimat-stikine,Kitimat-Stikine,kitimat-stikine,Kitimat-Stikine,terrace-kitimat,Terrace & Kitimat,Terrace,FALSE,road,road,nearest,13.3
18646,Old Remo,Locality,54.4664377,-128.7183063,737,5949,kitimat-stikine,Kitimat-Stikine,kitimat-stikine,Kitimat-Stikine,terrace-kitimat,Terrace & Kitimat,Terrace,FALSE,road,road,nearest,9.5
64784,Psacelay 77,Indian Reserve,54.2830958,-129.1849807,737,5949,kitimat-stikine,Kitimat-Stikine,kitimat-stikine,Kitimat-Stikine,terrace-kitimat,Terrace & Kitimat,Terrace,FALSE,road,road,nearest,46.0
64782,Tsemknawalqan 79,Indian Reserve,54.1997615,-129.1849773,737,5949,kitimat-stikine,Kitimat-Stikine,kitimat-stikine,Kitimat-Stikine,terrace-kitimat,Terrace & Kitimat,Terrace,FALSE,road,road,nearest,51.8
65331,Zimagord 3,Indian Reserve,54.4831044,-128.7349742,737,5949,kitimat-stikine,Kitimat-Stikine,kitimat-stikine,Kitimat-Stikine,terrace-kitimat,Terrace & Kitimat,Terrace,FALSE,road,road,nearest,9.5
27516,Thornhill,Community,54.5136102,-128.5408347,522,5949,kitimat-stikine,Kitimat-Stikine,kitimat-stikine,Kitimat-Stikine,terrace-kitimat,Terrace & Kitimat,Terrace,FALSE,road,road,nearest,3.8
65815,Kitamaat 2,Indian Reserve,53.9664326,-128.6516179,507,5949,kitimat-stikine,Kitimat-Stikine,kitimat-stikine,Kitimat-Stikine,terrace-kitimat,Terrace & Kitimat,Terrace,FALSE,road,road,nearest,61.4
38016,Kitamaat Village,Community,53.9750000,-128.6500000,507,5949,kitimat-stikine,Kitimat-Stikine,kitimat-stikine,Kitimat-Stikine,terrace-kitimat,Terrace & Kitimat,Terrace,FALSE,road,road,nearest,60.4
65829,Bees 6,Indian Reserve,53.9164307,-128.7516191,506,5949,kitimat-stikine,Kitimat-Stikine,kitimat-stikine,Kitimat-Stikine,terrace-kitimat,Terrace & Kitimat,Terrace,FALSE,road,road,nearest,67.6
65828,Jugwees (Minette Bay) 5,Indian Reserve,54.0358333,-128.6169444,506,5949,kitimat-stikine,Kitimat-Stikine,kitimat-stikine,Kitimat-Stikine,terrace-kitimat,Terrace & Kitimat,Terrace,FALSE,road,road,nearest,53.6
65816,Kitamaat 1,Indian Reserve,54.0330998,-128.6682876,506,5949,kitimat-stikine,Kitimat-Stikine,kitimat-stikine,Kitimat-Stikine,terrace-kitimat,Terrace & Kitimat,Terrace,FALSE,road,road,nearest,54.0
65814,Kitasa 7,Indian Reserve,53.8997634,-128.7849529,506,5949,kitimat-stikine,Kitimat-Stikine,kitimat-stikine,Kitimat-Stikine,terrace-kitimat,Terrace & Kitimat,Terrace,FALSE,road,road,nearest,69.7
38629,Nechako,Urban Community,54.0581006,-128.6349542,455,5949,kitimat-stikine,Kitimat-Stikine,kitimat-stikine,Kitimat-Stikine,terrace-kitimat,Terrace & Kitimat,Terrace,FALSE,road,road,nearest,51.1
65324,Dalk-ka-gila-quoeux 2,Indian Reserve,54.5831068,-128.6516422,421,5949,kitimat-stikine,Kitimat-Stikine,kitimat-stikine,Kitimat-Stikine,terrace-kitimat,Terrace & Kitimat,Terrace,FALSE,road,road,nearest,8.0
64786,Kstus 83,Indian Reserve,54.4164321,-129.0849828,421,5949,kitimat-stikine,Kitimat-Stikine,kitimat-stikine,Kitimat-Stikine,terrace-kitimat,Terrace & Kitimat,Terrace,FALSE,road,road,nearest,33.3
64785,Kstus 84,Indian Reserve,54.4497654,-129.1183185,421,5949,kitimat-stikine,Kitimat-Stikine,kitimat-stikine,Kitimat-Stikine,terrace-kitimat,Terrace & Kitimat,Terrace,FALSE,road,road,nearest,34.3
18966,Remo,Community,54.5002865,-128.7179850,421,5949,kitimat-stikine,Kitimat-Stikine,kitimat-stikine,Kitimat-Stikine,terrace-kitimat,Terrace & Kitimat,Terrace,FALSE,road,road,nearest,7.9
27602,Rosswood,Locality,54.7997747,-128.7683214,421,5949,kitimat-stikine,Kitimat-Stikine,kitimat-stikine,Kitimat-Stikine,terrace-kitimat,Terrace & Kitimat,Terrace,FALSE,road,road,nearest,33.2
65161,Chig-in-kaht 8,Indian Reserve,54.8497810,-128.3516432,399,5949,kitimat-stikine,Kitimat-Stikine,kitimat-stikine,Kitimat-Stikine,terrace-kitimat,Terrace & Kitimat,Terrace,FALSE,road,road,nearest,40.2
65339,Chimdimash 2,Indian Reserve,54.6664450,-128.3683030,399,5949,kitimat-stikine,Kitimat-Stikine,kitimat-stikine,Kitimat-Stikine,terrace-kitimat,Terrace & Kitimat,Terrace,FALSE,road,road,nearest,22.3
65338,Chimdimash 2A,Indian Reserve,54.6831121,-128.3516365,399,5949,kitimat-stikine,Kitimat-Stikine,kitimat-stikine,Kitimat-Stikine,terrace-kitimat,Terrace & Kitimat,Terrace,FALSE,road,road,nearest,24.4
36530,Dorreen,Locality,54.8430556,-128.3447222,399,5949,kitimat-stikine,Kitimat-Stikine,kitimat-stikine,Kitimat-Stikine,terrace-kitimat,Terrace & Kitimat,Terrace,FALSE,road,road,nearest,39.7
65333,Ikshenigwolk 3,Indian Reserve,54.7497808,-128.2683031,399,5949,kitimat-stikine,Kitimat-Stikine,kitimat-stikine,Kitimat-Stikine,terrace-kitimat,Terrace & Kitimat,Terrace,FALSE,road,road,nearest,33.5
65328,Ketoneda 7,Indian Reserve,54.8331145,-128.3183081,399,5949,kitimat-stikine,Kitimat-Stikine,kitimat-stikine,Kitimat-Stikine,terrace-kitimat,Terrace & Kitimat,Terrace,FALSE,road,road,nearest,39.5
65335,Kshish 4B,Indian Reserve,54.5664424,-128.4683023,399,5949,kitimat-stikine,Kitimat-Stikine,kitimat-stikine,Kitimat-Stikine,terrace-kitimat,Terrace & Kitimat,Terrace,FALSE,road,road,nearest,10.1
65166,Kwa-tsa-lix 4,Indian Reserve,54.8997812,-128.3849797,399,5949,kitimat-stikine,Kitimat-Stikine,kitimat-stikine,Kitimat-Stikine,terrace-kitimat,Terrace & Kitimat,Terrace,FALSE,road,road,nearest,44.7
35365,Usk,Community,54.6370327,-128.4109710,399,5949,kitimat-stikine,Kitimat-Stikine,kitimat-stikine,Kitimat-Stikine,terrace-kitimat,Terrace & Kitimat,Terrace,FALSE,road,road,nearest,18.0
65334,Zaimoetz 5,Indian Reserve,54.5497753,-128.4849688,399,5949,kitimat-stikine,Kitimat-Stikine,kitimat-stikine,Kitimat-Stikine,terrace-kitimat,Terrace & Kitimat,Terrace,FALSE,road,road,nearest,8.2
35442,Kitsumkalum,Community,54.5223975,-128.6673469,315,5949,kitimat-stikine,Kitimat-Stikine,kitimat-stikine,Kitimat-Stikine,terrace-kitimat,Terrace & Kitimat,Terrace,FALSE,road,road,nearest,4.4
65330,Kitsumkaylum 1,Indian Reserve,54.5331059,-128.6683074,315,5949,kitimat-stikine,Kitimat-Stikine,kitimat-stikine,Kitimat-Stikine,terrace-kitimat,Terrace & Kitimat,Terrace,FALSE,road,road,nearest,4.8
65337,Kitselas 1,Indian Reserve,54.6164437,-128.4183026,291,5949,kitimat-stikine,Kitimat-Stikine,kitimat-stikine,Kitimat-Stikine,terrace-kitimat,Terrace & Kitimat,Terrace,FALSE,road,road,nearest,16.1
65329,Kulspai 6,Indian Reserve,54.4997733,-128.5849700,73,5949,kitimat-stikine,Kitimat-Stikine,kitimat-stikine,Kitimat-Stikine,terrace-kitimat,Terrace & Kitimat,Terrace,FALSE,road,road,nearest,2.2
65047,Canoona 2,Indian Reserve,53.0664239,-128.5849152,0,5949,kitimat-stikine,Kitimat-Stikine,kitimat-stikine,Kitimat-Stikine,terrace-kitimat,Terrace & Kitimat,Terrace,FALSE,road,ferry,zone:douglas-channel,161.3
65391,Crab River (Crab Harbour) 18,Indian Reserve,53.5664266,-128.7682729,0,5949,kitimat-stikine,Kitimat-Stikine,kitimat-stikine,Kitimat-Stikine,terrace-kitimat,Terrace & Kitimat,Terrace,FALSE,road,ferry,zone:douglas-channel,106.3
65830,Giltoyees 13,Indian Reserve,53.8997602,-129.0182936,0,5949,kitimat-stikine,Kitimat-Stikine,kitimat-stikine,Kitimat-Stikine,terrace-kitimat,Terrace & Kitimat,Terrace,FALSE,road,road,nearest,73.9
65312,Gribble Island 10,Indian Reserve,53.3497527,-129.1349429,0,5949,kitimat-stikine,Kitimat-Stikine,kitimat-stikine,Kitimat-Stikine,terrace-kitimat,Terrace & Kitimat,Terrace,FALSE,road,ferry,zone:douglas-channel,134.5
65394,Henderson's Ranch 11,Indian Reserve,53.9830995,-128.6516185,0,5949,kitimat-stikine,Kitimat-Stikine,kitimat-stikine,Kitimat-Stikine,terrace-kitimat,Terrace & Kitimat,Terrace,FALSE,road,road,nearest,59.5
59980,Ja We Yah's 99,Indian Reserve,53.8025000,-128.4647222,0,5949,kitimat-stikine,Kitimat-Stikine,kitimat-stikine,Kitimat-Stikine,terrace-kitimat,Terrace & Kitimat,Terrace,FALSE,road,road,nearest,80.0
65307,Kahas 7,Indian Reserve,53.0664168,-129.1182651,0,5949,kitimat-stikine,Kitimat-Stikine,kitimat-stikine,Kitimat-Stikine,terrace-kitimat,Terrace & Kitimat,Terrace,FALSE,road,ferry,zone:douglas-channel,164.9
65310,Kayel 8,Indian Reserve,53.0664161,-129.1682667,0,5949,kitimat-stikine,Kitimat-Stikine,kitimat-stikine,Kitimat-Stikine,terrace-kitimat,Terrace & Kitimat,Terrace,FALSE,road,ferry,zone:douglas-channel,165.6
3166,Kemano,Community,53.5569792,-127.9483731,0,5949,kitimat-stikine,Kitimat-Stikine,kitimat-stikine,Kitimat-Stikine,terrace-kitimat,Terrace & Kitimat,Terrace,FALSE,road,ferry,zone:douglas-channel,114.9
65392,Kemano 17,Indian Reserve,53.4831006,-128.1515836,0,5949,kitimat-stikine,Kitimat-Stikine,kitimat-stikine,Kitimat-Stikine,terrace-kitimat,Terrace & Kitimat,Terrace,FALSE,road,ferry,zone:douglas-channel,118.7
63781,Kildala River (Thala) 10,Indian Reserve,53.8038889,-128.4600000,0,5949,kitimat-stikine,Kitimat-Stikine,kitimat-stikine,Kitimat-Stikine,terrace-kitimat,Terrace & Kitimat,Terrace,FALSE,road,road,nearest,79.9
63621,Kitlope 16,Indian Reserve,53.2513889,-127.8750000,0,5949,kitimat-stikine,Kitimat-Stikine,kitimat-stikine,Kitimat-Stikine,terrace-kitimat,Terrace & Kitimat,Terrace,FALSE,road,ferry,zone:douglas-channel,148.6
65332,Kshish 4,Indian Reserve,54.5664424,-128.4683023,0,5949,kitimat-stikine,Kitimat-Stikine,kitimat-stikine,Kitimat-Stikine,terrace-kitimat,Terrace & Kitimat,Terrace,FALSE,road,road,nearest,10.1
63821,Kuaste (Mud Bay)(Kildala Arm) 8,Indian Reserve,53.8686111,-128.6888889,0,5949,kitimat-stikine,Kitimat-Stikine,kitimat-stikine,Kitimat-Stikine,terrace-kitimat,Terrace & Kitimat,Terrace,FALSE,road,road,nearest,72.4
65313,Kunhunoan 13,Indian Reserve,53.2164158,-129.3016097,0,5949,kitimat-stikine,Kitimat-Stikine,kitimat-stikine,Kitimat-Stikine,terrace-kitimat,Terrace & Kitimat,Terrace,FALSE,road,ferry,zone:douglas-channel,151.8
65308,Lachkul-jeets 6,Indian Reserve,53.2664161,-129.3182788,0,5949,kitimat-stikine,Kitimat-Stikine,kitimat-stikine,Kitimat-Stikine,terrace-kitimat,Terrace & Kitimat,Terrace,FALSE,road,ferry,zone:douglas-channel,146.9
65311,Maple Point 11,Indian Reserve,53.0997493,-129.2016023,0,5949,kitimat-stikine,Kitimat-Stikine,kitimat-stikine,Kitimat-Stikine,terrace-kitimat,Terrace & Kitimat,Terrace,FALSE,road,ferry,zone:douglas-channel,162.5
65812,Misgatlee 14,Indian Reserve,53.8330919,-129.0849598,0,5949,kitimat-stikine,Kitimat-Stikine,kitimat-stikine,Kitimat-Stikine,terrace-kitimat,Terrace & Kitimat,Terrace,FALSE,road,road,nearest,82.4
63841,Tahla (Kildala) 4,Indian Reserve,53.8369444,-128.4927778,0,5949,kitimat-stikine,Kitimat-Stikine,kitimat-stikine,Kitimat-Stikine,terrace-kitimat,Terrace & Kitimat,Terrace,FALSE,road,road,nearest,76.0
65393,Tosehka (Eagle Bay) 12,Indian Reserve,53.8164302,-128.7016137,0,5949,kitimat-stikine,Kitimat-Stikine,kitimat-stikine,Kitimat-Stikine,terrace-kitimat,Terrace & Kitimat,Terrace,FALSE,road,road,nearest,78.2
65314,Turtle Point 12,Indian Reserve,53.3164172,-129.2682791,0,5949,kitimat-stikine,Kitimat-Stikine,kitimat-stikine,Kitimat-Stikine,terrace-kitimat,Terrace & Kitimat,Terrace,FALSE,road,ferry,zone:douglas-channel,140.5
65835,Walth 3,Indian Reserve,53.9497658,-128.6516172,0,5949,kitimat-stikine,Kitimat-Stikine,kitimat-stikine,Kitimat-Stikine,terrace-kitimat,Terrace & Kitimat,Terrace,FALSE,road,road,nearest,63.2
27622,Weewanie,Locality,53.6916667,-128.7902778,0,5949,kitimat-stikine,Kitimat-Stikine,kitimat-stikine,Kitimat-Stikine,terrace-kitimat,Terrace & Kitimat,Terrace,FALSE,road,ferry,zone:douglas-channel,92.7
65784,Wekellals 15,Indian Reserve,53.2022222,-127.8111111,0,5949,kitimat-stikine,Kitimat-Stikine,kitimat-stikine,Kitimat-Stikine,terrace-kitimat,Terrace & Kitimat,Terrace,FALSE,road,ferry,zone:douglas-channel,155.1
29230,Castlegar,City,49.3244444,-117.6669444,8661,5903,central-kootenay,Central Kootenay,kootenay-boundary,Kootenay Boundary,trail-castlegar,"Trail, Castlegar & Rossland",Trail,FALSE,road,road,override,25.8
21966,Trail,City,49.0944444,-117.7091667,8209,5905,kootenay-boundary,Kootenay Boundary,kootenay-boundary,Kootenay Boundary,trail-castlegar,"Trail, Castlegar & Rossland",Trail,TRUE,road,road,hub,0.0
21861,Rossland,City,49.0803361,-117.8016420,4328,5905,kootenay-boundary,Kootenay Boundary,kootenay-boundary,Kootenay Boundary,trail-castlegar,"Trail, Castlegar & Rossland",Trail,FALSE,road,road,nearest,6.9
4479,Fruitvale,Village,49.1150000,-117.5427778,2033,5905,kootenay-boundary,Kootenay Boundary,kootenay-boundary,Kootenay Boundary,trail-castlegar,"Trail, Castlegar & Rossland",Trail,FALSE,road,road,nearest,12.3
19132,Warfield,Village,49.0941667,-117.7491667,1830,5905,kootenay-boundary,Kootenay Boundary,kootenay-boundary,Kootenay Boundary,trail-castlegar,"Trail, Castlegar & Rossland",Trail,FALSE,road,road,nearest,2.9
13633,Salmo,Village,49.1933333,-117.2786111,1171,5903,central-kootenay,Central Kootenay,kootenay-boundary,Kootenay Boundary,trail-castlegar,"Trail, Castlegar & Rossland",Trail,FALSE,road,road,nearest,33.2
7111,Montrose,Village,49.0788889,-117.5941667,1055,5905,kootenay-boundary,Kootenay Boundary,kootenay-boundary,Kootenay Boundary,trail-castlegar,"Trail, Castlegar & Rossland",Trail,FALSE,road,road,nearest,8.6
15951,Waneta Junction,Community,49.0813293,-117.6170209,998,5905,kootenay-boundary,Kootenay Boundary,kootenay-boundary,Kootenay Boundary,trail-castlegar,"Trail, Castlegar & Rossland",Trail,FALSE,road,road,nearest,6.9
22271,Robson,Community,49.3344444,-117.6913889,888,5903,central-kootenay,Central Kootenay,kootenay-boundary,Kootenay Boundary,trail-castlegar,"Trail, Castlegar & Rossland",Trail,FALSE,road,road,nearest,26.7
1094,Brilliant,Community,49.3236111,-117.6441667,863,5903,central-kootenay,Central Kootenay,kootenay-boundary,Kootenay Boundary,trail-castlegar,"Trail, Castlegar & Rossland",Trail,FALSE,road,road,nearest,25.9
6096,Gibson Creek,Community,49.3602788,-117.6693589,863,5903,central-kootenay,Central Kootenay,kootenay-boundary,Kootenay Boundary,trail-castlegar,"Trail, Castlegar & Rossland",Trail,FALSE,road,road,nearest,29.7
1244,East Trail,Community,49.0988889,-117.6975000,862,5905,kootenay-boundary,Kootenay Boundary,kootenay-boundary,Kootenay Boundary,trail-castlegar,"Trail, Castlegar & Rossland",Trail,FALSE,road,road,nearest,1.0
18720,Ootischenia,Community,49.2872222,-117.6227778,757,5903,central-kootenay,Central Kootenay,kootenay-boundary,Kootenay Boundary,trail-castlegar,"Trail, Castlegar & Rossland",Trail,FALSE,road,road,override,22.3
6012,Genelle,Community,49.2100600,-117.6934300,734,5905,kootenay-boundary,Kootenay Boundary,kootenay-boundary,Kootenay Boundary,trail-castlegar,"Trail, Castlegar & Rossland",Trail,FALSE,road,road,override,12.9
38377,Lower China Creek,Community,49.2157140,-117.6835100,734,5905,kootenay-boundary,Kootenay Boundary,kootenay-boundary,Kootenay Boundary,trail-castlegar,"Trail, Castlegar & Rossland",Trail,FALSE,road,road,nearest,13.6
28395,Kinnaird,Urban Community,49.2859676,-117.6511180,716,5903,central-kootenay,Central Kootenay,kootenay-boundary,Kootenay Boundary,trail-castlegar,"Trail, Castlegar & Rossland",Trail,FALSE,road,road,nearest,21.7
11300,Casino,Community,49.0569563,-117.6553906,688,5905,kootenay-boundary,Kootenay Boundary,kootenay-boundary,Kootenay Boundary,trail-castlegar,"Trail, Castlegar & Rossland",Trail,FALSE,road,road,nearest,5.7
38415,Oasis,Community,49.1353118,-117.7467561,688,5905,kootenay-boundary,Kootenay Boundary,kootenay-boundary,Kootenay Boundary,trail-castlegar,"Trail, Castlegar & Rossland",Trail,FALSE,road,road,nearest,5.3
37822,Paterson,Community,49.0123282,-117.8360285,688,5905,kootenay-boundary,Kootenay Boundary,kootenay-boundary,Kootenay Boundary,trail-castlegar,"Trail, Castlegar & Rossland",Trail,FALSE,road,road,nearest,13.0
19895,Rivervale,Community,49.1204339,-117.7368768,688,5905,kootenay-boundary,Kootenay Boundary,kootenay-boundary,Kootenay Boundary,trail-castlegar,"Trail, Castlegar & Rossland",Trail,FALSE,road,road,nearest,3.5
20428,Silica,Locality,49.0331869,-117.8511189,688,5905,kootenay-boundary,Kootenay Boundary,kootenay-boundary,Kootenay Boundary,trail-castlegar,"Trail, Castlegar & Rossland",Trail,FALSE,road,road,nearest,12.4
38397,Upper China Creek,Community,49.2192720,-117.6932287,688,5905,kootenay-boundary,Kootenay Boundary,kootenay-boundary,Kootenay Boundary,trail-castlegar,"Trail, Castlegar & Rossland",Trail,FALSE,road,road,nearest,13.9
2009,Glenmerry,Community,49.0998556,-117.6677810,621,5905,kootenay-boundary,Kootenay Boundary,kootenay-boundary,Kootenay Boundary,trail-castlegar,"Trail, Castlegar & Rossland",Trail,FALSE,road,road,nearest,3.1
21839,Ross Spur,Community,49.1831170,-117.4663465,621,5903,central-kootenay,Central Kootenay,kootenay-boundary,Kootenay Boundary,trail-castlegar,"Trail, Castlegar & Rossland",Trail,FALSE,road,road,nearest,20.2
13964,Sunningdale,Community,49.1165218,-117.7177831,607,5905,kootenay-boundary,Kootenay Boundary,kootenay-boundary,Kootenay Boundary,trail-castlegar,"Trail, Castlegar & Rossland",Trail,FALSE,road,road,nearest,2.5
13748,Deer Park,Locality,49.4165198,-118.0511342,601,5903,central-kootenay,Central Kootenay,kootenay-boundary,Kootenay Boundary,trail-castlegar,"Trail, Castlegar & Rossland",Trail,FALSE,road,road,nearest,43.6
18971,Renata,Locality,49.4331860,-118.1011363,601,5903,central-kootenay,Central Kootenay,kootenay-boundary,Kootenay Boundary,trail-castlegar,"Trail, Castlegar & Rossland",Trail,FALSE,road,road,nearest,47.2
10594,Erie,Locality,49.1908333,-117.3358333,564,5903,central-kootenay,Central Kootenay,kootenay-boundary,Kootenay Boundary,trail-castlegar,"Trail, Castlegar & Rossland",Trail,FALSE,road,road,nearest,29.2
10100,Jersey,Locality,49.0998598,-117.2344334,564,5903,central-kootenay,Central Kootenay,kootenay-boundary,Kootenay Boundary,trail-castlegar,"Trail, Castlegar & Rossland",Trail,FALSE,road,road,nearest,34.6
21605,Meadows,Locality,49.1831918,-117.4011074,564,5903,central-kootenay,Central Kootenay,kootenay-boundary,Kootenay Boundary,trail-castlegar,"Trail, Castlegar & Rossland",Trail,FALSE,road,road,nearest,24.5
13510,Nelway,Locality,49.0006932,-117.2990583,564,5903,central-kootenay,Central Kootenay,kootenay-boundary,Kootenay Boundary,trail-castlegar,"Trail, Castlegar & Rossland",Trail,FALSE,road,road,nearest,31.7
27436,Remac,Locality,49.0331914,-117.3844369,564,5903,central-kootenay,Central Kootenay,kootenay-boundary,Kootenay Boundary,trail-castlegar,"Trail, Castlegar & Rossland",Trail,FALSE,road,road,nearest,24.6
20234,West Trail,Community,49.0924226,-117.7075863,564,5905,kootenay-boundary,Kootenay Boundary,kootenay-boundary,Kootenay Boundary,trail-castlegar,"Trail, Castlegar & Rossland",Trail,FALSE,road,road,nearest,0.3
2792,Beaver Falls,Community,49.0831897,-117.5844446,541,5905,kootenay-boundary,Kootenay Boundary,kootenay-boundary,Kootenay Boundary,trail-castlegar,"Trail, Castlegar & Rossland",Trail,FALSE,road,road,nearest,9.2
5802,Blueberry Creek,Community,49.2472226,-117.6579613,512,5903,central-kootenay,Central Kootenay,kootenay-boundary,Kootenay Boundary,trail-castlegar,"Trail, Castlegar & Rossland",Trail,FALSE,road,road,nearest,17.4
16741,Tadanac,Community,49.1099595,-117.7188995,487,5905,kootenay-boundary,Kootenay Boundary,kootenay-boundary,Kootenay Boundary,trail-castlegar,"Trail, Castlegar & Rossland",Trail,FALSE,road,road,nearest,1.9
20802,Robson West,Locality,49.3331895,-117.7011207,471,5903,central-kootenay,Central Kootenay,kootenay-boundary,Kootenay Boundary,trail-castlegar,"Trail, Castlegar & Rossland",Trail,FALSE,road,road,nearest,26.6
23312,Raspberry,Community,49.3347222,-117.6580556,437,5903,central-kootenay,Central Kootenay,kootenay-boundary,Kootenay Boundary,trail-castlegar,"Trail, Castlegar & Rossland",Trail,FALSE,road,road,nearest,27.0
27204,Park Siding,Community,49.1710800,-117.5015000,436,5905,kootenay-boundary,Kootenay Boundary,kootenay-boundary,Kootenay Boundary,trail-castlegar,"Trail, Castlegar & Rossland",Trail,FALSE,road,road,nearest,17.3
10892,Columbia Gardens,Community,49.0695899,-117.5867934,403,5905,kootenay-boundary,Kootenay Boundary,kootenay-boundary,Kootenay Boundary,trail-castlegar,"Trail, Castlegar & Rossland",Trail,FALSE,road,road,nearest,9.3
13021,Coquitlam,City,49.2841667,-122.7936111,155554,5915,metro-vancouver,Metro Vancouver,metro-vancouver,Metro Vancouver,tri-cities,Tri-Cities & Ridge Meadows,Coquitlam,TRUE,road,road,hub,0.0
5536,Maple Ridge,City,49.2200000,-122.5988889,95107,5915,metro-vancouver,Metro Vancouver,metro-vancouver,Metro Vancouver,tri-cities,Tri-Cities & Ridge Meadows,Coquitlam,FALSE,road,road,nearest,15.8
17769,Port Coquitlam,City,49.2619444,-122.7802778,64205,5915,metro-vancouver,Metro Vancouver,metro-vancouver,Metro Vancouver,tri-cities,Tri-Cities & Ridge Meadows,Coquitlam,FALSE,road,road,nearest,2.7
16164,Port Moody,City,49.2822222,-122.8294444,34987,5915,metro-vancouver,Metro Vancouver,metro-vancouver,Metro Vancouver,tri-cities,Tri-Cities & Ridge Meadows,Coquitlam,FALSE,road,road,nearest,2.6
16886,Pitt Meadows,City,49.2205555,-122.6902778,19919,5915,metro-vancouver,Metro Vancouver,metro-vancouver,Metro Vancouver,tri-cities,Tri-Cities & Ridge Meadows,Coquitlam,FALSE,road,road,nearest,10.3
27617,Pitt Meadows,Community,49.2316984,-122.6895011,19919,5915,metro-vancouver,Metro Vancouver,metro-vancouver,Metro Vancouver,tri-cities,Tri-Cities & Ridge Meadows,Coquitlam,FALSE,road,road,nearest,9.5
30144,Barnet,Community,49.2905175,-122.9292301,5043,5915,metro-vancouver,Metro Vancouver,metro-vancouver,Metro Vancouver,tri-cities,Tri-Cities & Ridge Meadows,Coquitlam,FALSE,road,road,nearest,9.9
30143,Anmore,Village,49.3144444,-122.8563889,2456,5915,metro-vancouver,Metro Vancouver,metro-vancouver,Metro Vancouver,tri-cities,Tri-Cities & Ridge Meadows,Coquitlam,FALSE,road,road,nearest,5.7
705,Albion,Community,49.1831387,-122.5512733,1557,5915,metro-vancouver,Metro Vancouver,metro-vancouver,Metro Vancouver,tri-cities,Tri-Cities & Ridge Meadows,Coquitlam,FALSE,road,road,nearest,20.9
30403,Silver Valley,Community,49.2521647,-122.5799015,1347,5915,metro-vancouver,Metro Vancouver,metro-vancouver,Metro Vancouver,tri-cities,Tri-Cities & Ridge Meadows,Coquitlam,FALSE,road,road,nearest,15.9
37649,Haney,Community,49.2164716,-122.6012757,1238,5915,metro-vancouver,Metro Vancouver,metro-vancouver,Metro Vancouver,tri-cities,Tri-Cities & Ridge Meadows,Coquitlam,FALSE,road,road,nearest,15.9
17791,Port Hammond,Community,49.2069444,-122.6625000,1199,5915,metro-vancouver,Metro Vancouver,metro-vancouver,Metro Vancouver,tri-cities,Tri-Cities & Ridge Meadows,Coquitlam,FALSE,road,road,nearest,12.8
7,Birchland Manor,Community,49.2664701,-122.7512817,1053,5915,metro-vancouver,Metro Vancouver,metro-vancouver,Metro Vancouver,tri-cities,Tri-Cities & Ridge Meadows,Coquitlam,FALSE,road,road,nearest,3.6
30412,Woodlands,Community,49.3430573,-122.9212793,992,5915,metro-vancouver,Metro Vancouver,metro-vancouver,Metro Vancouver,tri-cities,Tri-Cities & Ridge Meadows,Coquitlam,FALSE,road,road,nearest,11.3
24,Chineside,Community,49.2685760,-122.8297535,885,5915,metro-vancouver,Metro Vancouver,metro-vancouver,Metro Vancouver,tri-cities,Tri-Cities & Ridge Meadows,Coquitlam,FALSE,road,road,nearest,3.1
35,Eagle Ridge,Community,49.2877778,-122.8216667,883,5915,metro-vancouver,Metro Vancouver,metro-vancouver,Metro Vancouver,tri-cities,Tri-Cities & Ridge Meadows,Coquitlam,FALSE,road,road,nearest,2.1
54601,Cassin,Community,49.2761916,-122.8179507,859,5915,metro-vancouver,Metro Vancouver,metro-vancouver,Metro Vancouver,tri-cities,Tri-Cities & Ridge Meadows,Coquitlam,FALSE,road,road,nearest,2.0
65045,Graveyard 5,Indian Reserve,49.2164710,-122.6512773,728,5915,metro-vancouver,Metro Vancouver,metro-vancouver,Metro Vancouver,tri-cities,Tri-Cities & Ridge Meadows,Coquitlam,FALSE,road,road,nearest,12.8
35893,Belcarra,Village,49.3136111,-122.9150000,710,5915,metro-vancouver,Metro Vancouver,metro-vancouver,Metro Vancouver,tri-cities,Tri-Cities & Ridge Meadows,Coquitlam,FALSE,road,road,nearest,9.4
25263,Yennadon,Locality,49.2331385,-122.5846090,707,5915,metro-vancouver,Metro Vancouver,metro-vancouver,Metro Vancouver,tri-cities,Tri-Cities & Ridge Meadows,Coquitlam,FALSE,road,road,nearest,16.2
27,Coombe,Community,49.3171501,-122.9260502,687,5915,metro-vancouver,Metro Vancouver,metro-vancouver,Metro Vancouver,tri-cities,Tri-Cities & Ridge Meadows,Coquitlam,FALSE,road,road,nearest,10.3
115,Woodhaven,Community,49.3187230,-122.9081560,687,5915,metro-vancouver,Metro Vancouver,metro-vancouver,Metro Vancouver,tri-cities,Tri-Cities & Ridge Meadows,Coquitlam,FALSE,road,road,nearest,9.2
64406,Langley 5,Indian Reserve,49.1831389,-122.5346061,605,5915,metro-vancouver,Metro Vancouver,metro-vancouver,Metro Vancouver,tri-cities,Tri-Cities & Ridge Meadows,Coquitlam,FALSE,road,road,nearest,21.9
48,Harbour Village,Community,49.2682761,-122.8136882,598,5915,metro-vancouver,Metro Vancouver,metro-vancouver,Metro Vancouver,tri-cities,Tri-Cities & Ridge Meadows,Coquitlam,FALSE,road,road,nearest,2.3
59,Laurentian Belaire,Community,49.2498024,-122.8346172,596,5915,metro-vancouver,Metro Vancouver,metro-vancouver,Metro Vancouver,tri-cities,Tri-Cities & Ridge Meadows,Coquitlam,FALSE,road,road,nearest,4.8
39858,Pleasantside,Community,49.2921040,-122.8506997,575,5915,metro-vancouver,Metro Vancouver,metro-vancouver,Metro Vancouver,tri-cities,Tri-Cities & Ridge Meadows,Coquitlam,FALSE,road,road,nearest,4.2
76,Oxford Heights,Community,49.2837559,-122.7616176,557,5915,metro-vancouver,Metro Vancouver,metro-vancouver,Metro Vancouver,tri-cities,Tri-Cities & Ridge Meadows,Coquitlam,FALSE,road,road,nearest,2.3
68,Meadowbrook,Community,49.2682172,-122.7962141,515,5915,metro-vancouver,Metro Vancouver,metro-vancouver,Metro Vancouver,tri-cities,Tri-Cities & Ridge Meadows,Coquitlam,FALSE,road,road,nearest,1.8
81,Ranch Park,Community,49.2635310,-122.8087258,486,5915,metro-vancouver,Metro Vancouver,metro-vancouver,Metro Vancouver,tri-cities,Tri-Cities & Ridge Meadows,Coquitlam,FALSE,road,road,nearest,2.5
22793,Ruskin,Community,49.1983717,-122.4352917,477,5915,metro-vancouver,Metro Vancouver,metro-vancouver,Metro Vancouver,tri-cities,Tri-Cities & Ridge Meadows,Coquitlam,FALSE,road,road,nearest,27.7
22085,Whonnock,Community,49.1766938,-122.4673929,442,5915,metro-vancouver,Metro Vancouver,metro-vancouver,Metro Vancouver,tri-cities,Tri-Cities & Ridge Meadows,Coquitlam,FALSE,road,road,nearest,26.5
46,Harbour Chines,Community,49.2664690,-122.8512848,429,5915,metro-vancouver,Metro Vancouver,metro-vancouver,Metro Vancouver,tri-cities,Tri-Cities & Ridge Meadows,Coquitlam,FALSE,road,road,nearest,4.6
85,River Springs,Community,49.2913537,-122.7685953,424,5915,metro-vancouver,Metro Vancouver,metro-vancouver,Metro Vancouver,tri-cities,Tri-Cities & Ridge Meadows,Coquitlam,FALSE,road,road,nearest,2.0
61,Lincoln Park,Community,49.2777620,-122.7404660,414,5915,metro-vancouver,Metro Vancouver,metro-vancouver,Metro Vancouver,tri-cities,Tri-Cities & Ridge Meadows,Coquitlam,FALSE,road,road,nearest,3.9
32,Dartmoor,Community,49.2414692,-122.8221166,383,5915,metro-vancouver,Metro Vancouver,metro-vancouver,Metro Vancouver,tri-cities,Tri-Cities & Ridge Meadows,Coquitlam,FALSE,road,road,nearest,5.2
64,Mary Hill,Community,49.2331363,-122.7846152,375,5915,metro-vancouver,Metro Vancouver,metro-vancouver,Metro Vancouver,tri-cities,Tri-Cities & Ridge Meadows,Coquitlam,FALSE,road,road,nearest,5.7
26325,Glen Valley,Community,49.1623100,-122.4756400,342,5915,metro-vancouver,Metro Vancouver,metro-vancouver,Metro Vancouver,tri-cities,Tri-Cities & Ridge Meadows,Coquitlam,FALSE,road,road,nearest,26.8
65046,Pitt Lake 4,Indian Reserve,49.3498054,-122.6012792,337,5915,metro-vancouver,Metro Vancouver,metro-vancouver,Metro Vancouver,tri-cities,Tri-Cities & Ridge Meadows,Coquitlam,FALSE,road,road,nearest,15.7
101,Sun Valley,Community,49.2788902,-122.7351811,318,5915,metro-vancouver,Metro Vancouver,metro-vancouver,Metro Vancouver,tri-cities,Tri-Cities & Ridge Meadows,Coquitlam,FALSE,road,road,nearest,4.3
34968,Burquitlam,Community,49.2664686,-122.8846192,308,5915,metro-vancouver,Metro Vancouver,metro-vancouver,Metro Vancouver,tri-cities,Tri-Cities & Ridge Meadows,Coquitlam,FALSE,road,road,nearest,6.9
31317,Websters Corners,Community,49.2204850,-122.5126720,308,5915,metro-vancouver,Metro Vancouver,metro-vancouver,Metro Vancouver,tri-cities,Tri-Cities & Ridge Meadows,Coquitlam,FALSE,road,road,nearest,21.6
65052,Katzie 1,Indian Reserve,49.1998041,-122.6679441,244,5915,metro-vancouver,Metro Vancouver,metro-vancouver,Metro Vancouver,tri-cities,Tri-Cities & Ridge Meadows,Coquitlam,FALSE,road,road,nearest,13.1
34978,Ioco,Community,49.3034118,-122.8772074,161,5915,metro-vancouver,Metro Vancouver,metro-vancouver,Metro Vancouver,tri-cities,Tri-Cities & Ridge Meadows,Coquitlam,FALSE,road,road,nearest,6.4
64403,McMillan Island 6,Indian Reserve,49.1831385,-122.5679405,96,5915,metro-vancouver,Metro Vancouver,metro-vancouver,Metro Vancouver,tri-cities,Tri-Cities & Ridge Meadows,Coquitlam,FALSE,road,road,nearest,19.9
64441,Katzie 2,Indian Reserve,49.1998043,-122.6512769,26,5915,metro-vancouver,Metro Vancouver,metro-vancouver,Metro Vancouver,tri-cities,Tri-Cities & Ridge Meadows,Coquitlam,FALSE,road,road,nearest,14.0
64401,Whonnock 1,Indian Reserve,49.1664729,-122.4679370,5,5915,metro-vancouver,Metro Vancouver,metro-vancouver,Metro Vancouver,tri-cities,Tri-Cities & Ridge Meadows,Coquitlam,FALSE,road,road,nearest,27.0
64948,Coquitlam 2,Indian Reserve,49.2474200,-122.7922600,0,5915,metro-vancouver,Metro Vancouver,metro-vancouver,Metro Vancouver,tri-cities,Tri-Cities & Ridge Meadows,Coquitlam,FALSE,road,road,nearest,4.1
24320,Vancouver,City,49.2611111,-123.1138889,696031,5915,metro-vancouver,Metro Vancouver,metro-vancouver,Metro Vancouver,vancouver,Vancouver & Burnaby,Vancouver,TRUE,road,road,hub,0.0
2210,Burnaby,City,49.2427778,-122.9727778,261800,5915,metro-vancouver,Metro Vancouver,metro-vancouver,Metro Vancouver,vancouver,Vancouver & Burnaby,Vancouver,FALSE,road,road,nearest,10.4
39556,Metrotown,Community,49.2248005,-123.0012884,2761,5915,metro-vancouver,Metro Vancouver,metro-vancouver,Metro Vancouver,vancouver,Vancouver & Burnaby,Vancouver,FALSE,road,road,nearest,9.1
64421,Musqueam 2,Indian Reserve,49.2331314,-123.2179620,1646,5915,metro-vancouver,Metro Vancouver,metro-vancouver,Metro Vancouver,vancouver,Vancouver & Burnaby,Vancouver,FALSE,road,road,nearest,8.2
3766,Kensington-Cedar Cottage,Community,49.2499700,-123.0760000,996,5915,metro-vancouver,Metro Vancouver,metro-vancouver,Metro Vancouver,vancouver,Vancouver & Burnaby,Vancouver,FALSE,road,road,nearest,3.0
8577,Hastings-Sunrise,Community,49.2831337,-123.0346243,990,5915,metro-vancouver,Metro Vancouver,metro-vancouver,Metro Vancouver,vancouver,Vancouver & Burnaby,Vancouver,FALSE,road,road,nearest,6.3
8177,Mount Pleasant,Community,49.2664662,-123.1012926,895,5915,metro-vancouver,Metro Vancouver,metro-vancouver,Metro Vancouver,vancouver,Vancouver & Burnaby,Vancouver,FALSE,road,road,nearest,1.1
17887,Oakridge,Community,49.2331326,-123.1179589,787,5915,metro-vancouver,Metro Vancouver,metro-vancouver,Metro Vancouver,vancouver,Vancouver & Burnaby,Vancouver,FALSE,road,road,nearest,3.1
13976,Sunset,Community,49.2191387,-123.0910178,785,5915,metro-vancouver,Metro Vancouver,metro-vancouver,Metro Vancouver,vancouver,Vancouver & Burnaby,Vancouver,FALSE,road,road,nearest,5.0
43,Garden Village,Community,49.2331339,-123.0012886,774,5915,metro-vancouver,Metro Vancouver,metro-vancouver,Metro Vancouver,vancouver,Vancouver & Burnaby,Vancouver,FALSE,road,road,nearest,8.7
22480,Victoria-Fraserview,Community,49.2164664,-123.0679570,729,5915,metro-vancouver,Metro Vancouver,metro-vancouver,Metro Vancouver,vancouver,Vancouver & Burnaby,Vancouver,FALSE,road,road,nearest,6.0
11651,Grandview-Woodlands,Community,49.2766721,-123.0684111,720,5915,metro-vancouver,Metro Vancouver,metro-vancouver,Metro Vancouver,vancouver,Vancouver & Burnaby,Vancouver,FALSE,road,road,nearest,3.7
96,South Slope,Community,49.2164671,-123.0012882,710,5915,metro-vancouver,Metro Vancouver,metro-vancouver,Metro Vancouver,vancouver,Vancouver & Burnaby,Vancouver,FALSE,road,road,nearest,9.6
3846,Killarney,Community,49.2212000,-123.0353300,691,5915,metro-vancouver,Metro Vancouver,metro-vancouver,Metro Vancouver,vancouver,Vancouver & Burnaby,Vancouver,FALSE,road,road,nearest,7.2
4619,Kitsilano,Community,49.2664654,-123.1679614,689,5915,metro-vancouver,Metro Vancouver,metro-vancouver,Metro Vancouver,vancouver,Vancouver & Burnaby,Vancouver,FALSE,road,road,nearest,4.0
22,Cascade Heights,Community,49.2498004,-123.0179563,647,5915,metro-vancouver,Metro Vancouver,metro-vancouver,Metro Vancouver,vancouver,Vancouver & Burnaby,Vancouver,FALSE,road,road,nearest,7.1
11406,Fairview,Community,49.2611111,-123.1333333,647,5915,metro-vancouver,Metro Vancouver,metro-vancouver,Metro Vancouver,vancouver,Vancouver & Burnaby,Vancouver,FALSE,road,road,nearest,1.4
15592,Dunbar-Southlands,Community,49.2461768,-123.1852101,645,5915,metro-vancouver,Metro Vancouver,metro-vancouver,Metro Vancouver,vancouver,Vancouver & Burnaby,Vancouver,FALSE,road,road,nearest,5.4
18974,Renfrew-Collingwood,Community,49.2498002,-123.0346235,641,5915,metro-vancouver,Metro Vancouver,metro-vancouver,Metro Vancouver,vancouver,Vancouver & Burnaby,Vancouver,FALSE,road,road,nearest,5.9
20172,West End,Community,49.2876560,-123.1380975,638,5915,metro-vancouver,Metro Vancouver,metro-vancouver,Metro Vancouver,vancouver,Vancouver & Burnaby,Vancouver,FALSE,road,road,nearest,3.4
116,Willingdon Heights,Community,49.2748006,-123.0096233,632,5915,metro-vancouver,Metro Vancouver,metro-vancouver,Metro Vancouver,vancouver,Vancouver & Burnaby,Vancouver,FALSE,road,road,nearest,7.7
19853,Riley Park,Community,49.2448943,-123.1025559,585,5915,metro-vancouver,Metro Vancouver,metro-vancouver,Metro Vancouver,vancouver,Vancouver & Burnaby,Vancouver,FALSE,road,road,nearest,2.0
99,Suncrest,Community,49.2148470,-123.0124790,582,5915,metro-vancouver,Metro Vancouver,metro-vancouver,Metro Vancouver,vancouver,Vancouver & Burnaby,Vancouver,FALSE,road,road,nearest,9.0
9161,Arbutus Ridge,Community,49.2497987,-123.1679609,565,5915,metro-vancouver,Metro Vancouver,metro-vancouver,Metro Vancouver,vancouver,Vancouver & Burnaby,Vancouver,FALSE,road,road,nearest,4.1
62201,Kitsilano 6,Indian Reserve,49.2738889,-123.1422222,551,5915,metro-vancouver,Metro Vancouver,metro-vancouver,Metro Vancouver,vancouver,Vancouver & Burnaby,Vancouver,FALSE,road,road,nearest,2.5
3784,Kerrisdale,Community,49.2243307,-123.1590268,527,5915,metro-vancouver,Metro Vancouver,metro-vancouver,Metro Vancouver,vancouver,Vancouver & Burnaby,Vancouver,FALSE,road,road,nearest,5.2
20650,South Cambie,Community,49.2461968,-123.1206238,523,5915,metro-vancouver,Metro Vancouver,metro-vancouver,Metro Vancouver,vancouver,Vancouver & Burnaby,Vancouver,FALSE,road,road,nearest,1.7
20221,West Point Grey,Community,49.2667991,-123.2059613,495,5915,metro-vancouver,Metro Vancouver,metro-vancouver,Metro Vancouver,vancouver,Vancouver & Burnaby,Vancouver,FALSE,road,road,nearest,6.7
15406,Shaughnessy,Community,49.2497991,-123.1346266,488,5915,metro-vancouver,Metro Vancouver,metro-vancouver,Metro Vancouver,vancouver,Vancouver & Burnaby,Vancouver,FALSE,road,road,nearest,2.0
9,Brentwood Park,Community,49.2748008,-122.9929561,460,5915,metro-vancouver,Metro Vancouver,metro-vancouver,Metro Vancouver,vancouver,Vancouver & Burnaby,Vancouver,FALSE,road,road,nearest,8.9
8687,Strathcona,Community,49.2765339,-123.0873255,225,5915,metro-vancouver,Metro Vancouver,metro-vancouver,Metro Vancouver,vancouver,Vancouver & Burnaby,Vancouver,FALSE,road,road,nearest,2.6
25071,University Hill,Community,49.2683435,-123.2453113,209,5915,metro-vancouver,Metro Vancouver,metro-vancouver,Metro Vancouver,vancouver,Vancouver & Burnaby,Vancouver,FALSE,road,road,nearest,9.6
22451,Vernon,City,50.2658333,-119.2716667,46199,5937,north-okanagan,North Okanagan,north-okanagan,North Okanagan,vernon,North Okanagan,Vernon,TRUE,road,road,hub,0.0
10820,Coldstream,District Municipality,50.2238889,-119.2300000,11576,5937,north-okanagan,North Okanagan,north-okanagan,North Okanagan,vernon,North Okanagan,Vernon,FALSE,road,road,nearest,5.5
9213,Armstrong,City,50.4483333,-119.1966667,5499,5937,north-okanagan,North Okanagan,north-okanagan,North Okanagan,vernon,North Okanagan,Vernon,FALSE,road,road,nearest,21.0
20754,Spallumcheen,District Municipality,50.4025000,-119.2175000,5490,5937,north-okanagan,North Okanagan,north-okanagan,North Okanagan,vernon,North Okanagan,Vernon,FALSE,road,road,nearest,15.7
9990,Enderby,City,50.5505556,-119.1394444,3129,5937,north-okanagan,North Okanagan,north-okanagan,North Okanagan,vernon,North Okanagan,Vernon,FALSE,road,road,nearest,33.0
12521,Beachcomber Bay,Community,50.2456690,-119.3774041,2627,5937,north-okanagan,North Okanagan,north-okanagan,North Okanagan,vernon,North Okanagan,Vernon,FALSE,road,road,nearest,7.8
11520,Lumby,Village,50.2508333,-118.9619444,2145,5937,north-okanagan,North Okanagan,north-okanagan,North Okanagan,vernon,North Okanagan,Vernon,FALSE,road,road,nearest,22.1
60460,Swan Lake 4,Indian Reserve,50.3377778,-119.2588889,1206,5937,north-okanagan,North Okanagan,north-okanagan,North Okanagan,vernon,North Okanagan,Vernon,FALSE,road,road,nearest,8.1
65670,Okanagan 1,Indian Reserve,50.3498452,-119.3178654,1153,5937,north-okanagan,North Okanagan,north-okanagan,North Okanagan,vernon,North Okanagan,Vernon,FALSE,road,road,nearest,9.9
3111,Kedleston,Locality,50.3165130,-119.1845268,935,5937,north-okanagan,North Okanagan,north-okanagan,North Okanagan,vernon,North Okanagan,Vernon,FALSE,road,road,nearest,8.4
17986,Okanagan Landing,Community,50.2331775,-119.3511969,802,5937,north-okanagan,North Okanagan,north-okanagan,North Okanagan,vernon,North Okanagan,Vernon,FALSE,road,road,nearest,6.7
9788,Ashton Creek,Community,50.5546109,-119.0128388,694,5937,north-okanagan,North Okanagan,north-okanagan,North Okanagan,vernon,North Okanagan,Vernon,FALSE,road,road,nearest,37.0
15675,Hupel,Community,50.6175369,-118.7672026,694,5937,north-okanagan,North Okanagan,north-okanagan,North Okanagan,vernon,North Okanagan,Vernon,FALSE,road,road,nearest,53.0
4539,Kingfisher,Community,50.6055556,-118.7361111,694,5937,north-okanagan,North Okanagan,north-okanagan,North Okanagan,vernon,North Okanagan,Vernon,FALSE,road,road,nearest,53.5
65669,Otter Lake 2,Indian Reserve,50.3998462,-119.2511978,661,5937,north-okanagan,North Okanagan,north-okanagan,North Okanagan,vernon,North Okanagan,Vernon,FALSE,road,road,nearest,15.0
38526,Cherryville,Community,50.2379650,-118.6060374,658,5937,north-okanagan,North Okanagan,north-okanagan,North Okanagan,vernon,North Okanagan,Vernon,FALSE,road,road,nearest,47.4
3231,Grindrod,Community,50.6254700,-119.1231500,644,5937,north-okanagan,North Okanagan,north-okanagan,North Okanagan,vernon,North Okanagan,Vernon,FALSE,road,road,nearest,41.3
22947,Trinity Valley,Community,50.3842146,-118.9355947,587,5937,north-okanagan,North Okanagan,north-okanagan,North Okanagan,vernon,North Okanagan,Vernon,FALSE,road,road,nearest,27.2
11652,Grandview Bench,Community,50.6488539,-119.1563335,523,5937,north-okanagan,North Okanagan,north-okanagan,North Okanagan,vernon,North Okanagan,Vernon,FALSE,road,road,nearest,43.4
14913,Hullcar,Locality,50.4998466,-119.2678675,466,5937,north-okanagan,North Okanagan,north-okanagan,North Okanagan,vernon,North Okanagan,Vernon,FALSE,road,road,nearest,26.0
5541,Mara,Community,50.6852292,-119.0603596,461,5937,north-okanagan,North Okanagan,north-okanagan,North Okanagan,vernon,North Okanagan,Vernon,FALSE,road,road,nearest,49.0
6722,Blue Springs,Locality,50.2498494,-118.8511807,453,5937,north-okanagan,North Okanagan,north-okanagan,North Okanagan,vernon,North Okanagan,Vernon,FALSE,road,road,nearest,29.9
4838,Creighton Valley,Community,50.2141905,-118.7823189,453,5937,north-okanagan,North Okanagan,north-okanagan,North Okanagan,vernon,North Okanagan,Vernon,FALSE,road,road,nearest,35.3
19475,Shuswap Falls,Locality,50.2933333,-118.8197222,453,5937,north-okanagan,North Okanagan,north-okanagan,North Okanagan,vernon,North Okanagan,Vernon,FALSE,road,road,nearest,32.3
65085,Enderby 2,Indian Reserve,50.5498483,-119.1345310,440,5937,north-okanagan,North Okanagan,north-okanagan,North Okanagan,vernon,North Okanagan,Vernon,FALSE,road,road,nearest,33.0
13107,Lavington,Community,50.2309641,-119.1076852,418,5937,north-okanagan,North Okanagan,north-okanagan,North Okanagan,vernon,North Okanagan,Vernon,FALSE,road,road,nearest,12.3
65652,Priest's Valley 6,Indian Reserve,50.2498444,-119.3345301,367,5937,north-okanagan,North Okanagan,north-okanagan,North Okanagan,vernon,North Okanagan,Vernon,FALSE,road,road,nearest,4.8
12192,Mabel Lake,Locality,50.3165169,-118.8011807,329,5937,north-okanagan,North Okanagan,north-okanagan,North Okanagan,vernon,North Okanagan,Vernon,FALSE,road,road,nearest,33.9
65651,Harris 3,Indian Reserve,50.3831796,-119.2345301,0,5937,north-okanagan,North Okanagan,north-okanagan,North Okanagan,vernon,North Okanagan,Vernon,FALSE,road,road,nearest,13.3
40827,Saanich,District Municipality,48.4566667,-123.3733333,122889,5917,capital,Capital,capital,Capital,victoria,Greater Victoria,Victoria,FALSE,road,road,nearest,3.2
22474,Victoria,City,48.4283333,-123.3647222,96277,5917,capital,Capital,capital,Capital,victoria,Greater Victoria,Victoria,TRUE,road,road,hub,0.0
8837,Langford,City,48.4497222,-123.5044444,49199,5917,capital,Capital,capital,Capital,victoria,Greater Victoria,Victoria,FALSE,road,road,nearest,10.6
35878,Colwood,City,48.4236111,-123.4933333,19798,5917,capital,Capital,capital,Capital,victoria,Greater Victoria,Victoria,FALSE,road,road,nearest,9.5
17883,Oak Bay,District Municipality,48.4258333,-123.3180556,18533,5917,capital,Capital,capital,Capital,victoria,Greater Victoria,Victoria,FALSE,road,road,nearest,3.5
10640,Esquimalt,District Municipality,48.4297222,-123.4144444,18298,5917,capital,Capital,capital,Capital,victoria,Greater Victoria,Victoria,FALSE,road,road,nearest,3.7
38674,Central Saanich,District Municipality,48.5944444,-123.4208333,17989,5917,capital,Capital,capital,Capital,victoria,Greater Victoria,Victoria,FALSE,road,road,nearest,18.9
17127,North Saanich,District Municipality,48.6563889,-123.4322222,12623,5917,capital,Capital,capital,Capital,victoria,Greater Victoria,Victoria,FALSE,road,road,nearest,25.8
27029,Sidney,Town,48.6505556,-123.3983333,12614,5917,capital,Capital,capital,Capital,victoria,Greater Victoria,Victoria,FALSE,road,road,nearest,24.8
23448,View Royal,Town,48.4519444,-123.4341667,12062,5917,capital,Capital,capital,Capital,victoria,Greater Victoria,Victoria,FALSE,road,road,nearest,5.8
38033,Metchosin,District Municipality,48.3791667,-123.5358333,5252,5917,capital,Capital,capital,Capital,victoria,Greater Victoria,Victoria,FALSE,road,road,nearest,13.8
65321,Goldstream 13,Indian Reserve,48.4831259,-123.5512863,4739,5917,capital,Capital,capital,Capital,victoria,Greater Victoria,Victoria,FALSE,road,road,nearest,15.0
65217,Cowichan 1,Indian Reserve,48.7497937,-123.5012916,3255,5917,capital,Capital,capital,Capital,victoria,Greater Victoria,Victoria,FALSE,road,road,nearest,37.1
41023,Highlands,District Municipality,48.4805556,-123.5119444,2581,5917,capital,Capital,capital,Capital,victoria,Greater Victoria,Victoria,FALSE,road,road,nearest,12.3
6671,Happy Valley,Community,48.4163090,-123.5331531,2425,5917,capital,Capital,capital,Capital,victoria,Greater Victoria,Victoria,FALSE,road,road,nearest,12.5
12152,Luxton,Community,48.4247927,-123.5346177,2425,5917,capital,Capital,capital,Capital,victoria,Greater Victoria,Victoria,FALSE,road,road,nearest,12.5
65270,New Songhees 1A,Indian Reserve,48.4497940,-123.4179481,1839,5917,capital,Capital,capital,Capital,victoria,Greater Victoria,Victoria,FALSE,road,road,nearest,4.6
65265,East Saanich 2,Indian Reserve,48.5831280,-123.3846171,1790,5917,capital,Capital,capital,Capital,victoria,Greater Victoria,Victoria,FALSE,road,road,nearest,17.3
65319,Bare Island 9,Indian Reserve,48.6331292,-123.2846153,1326,5917,capital,Capital,capital,Capital,victoria,Greater Victoria,Victoria,FALSE,road,road,nearest,23.5
2007,Glen Lake,Locality,48.4331262,-123.5179507,1152,5917,capital,Capital,capital,Capital,victoria,Greater Victoria,Victoria,FALSE,road,road,nearest,11.3
62202,Halkett Island 2,Indian Reserve,48.4391667,-123.3816667,1126,5917,capital,Capital,capital,Capital,victoria,Greater Victoria,Victoria,FALSE,road,road,nearest,1.7
24209,Millstream,Locality,48.4997930,-123.5179524,1109,5917,capital,Capital,capital,Capital,victoria,Greater Victoria,Victoria,FALSE,road,road,nearest,13.8
8706,Strawberry Vale,Community,48.4734074,-123.4125974,946,5917,capital,Capital,capital,Capital,victoria,Greater Victoria,Victoria,FALSE,road,road,nearest,6.1
18920,Sevenoaks,Community,48.4643990,-123.3871246,907,5917,capital,Capital,capital,Capital,victoria,Greater Victoria,Victoria,FALSE,road,road,nearest,4.3
693,Albert Head,Community,48.3916667,-123.5041667,898,5917,capital,Capital,capital,Capital,victoria,Greater Victoria,Victoria,FALSE,road,road,nearest,11.1
38961,James Bay,Community,48.4164610,-123.3846129,833,5917,capital,Capital,capital,Capital,victoria,Greater Victoria,Victoria,FALSE,road,road,nearest,2.0
13136,Saanichton,Community,48.5997943,-123.4179519,822,5917,capital,Capital,capital,Capital,victoria,Greater Victoria,Victoria,FALSE,road,road,nearest,19.5
10886,Colquitz,Community,48.4810662,-123.4092720,771,5917,capital,Capital,capital,Capital,victoria,Greater Victoria,Victoria,FALSE,road,road,nearest,6.7
586,Braemar Heights,Community,48.4255151,-123.5125922,725,5917,capital,Capital,capital,Capital,victoria,Greater Victoria,Victoria,FALSE,road,road,nearest,10.9
65266,South Saanich 1,Indian Reserve,48.5831272,-123.4512858,712,5917,capital,Capital,capital,Capital,victoria,Greater Victoria,Victoria,FALSE,road,road,nearest,18.4
25207,Belmont Park,Community,48.4399851,-123.4663533,689,5917,capital,Capital,capital,Capital,victoria,Greater Victoria,Victoria,FALSE,road,road,nearest,7.6
13041,Cordova Bay,Community,48.5181109,-123.3671012,675,5917,capital,Capital,capital,Capital,victoria,Greater Victoria,Victoria,FALSE,road,road,nearest,10.0
2801,Beaver Lake,Community,48.5070870,-123.3950184,657,5917,capital,Capital,capital,Capital,victoria,Greater Victoria,Victoria,FALSE,road,road,nearest,9.0
7366,Lake Hill,Community,48.4664613,-123.3679470,655,5917,capital,Capital,capital,Capital,victoria,Greater Victoria,Victoria,FALSE,road,road,nearest,4.2
38767,Cadboro Bay,Community,48.4638600,-123.2908700,641,5917,capital,Capital,capital,Capital,victoria,Greater Victoria,Victoria,FALSE,road,road,nearest,6.7
21910,Royal Oak,Community,48.4920008,-123.3904789,624,5917,capital,Capital,capital,Capital,victoria,Greater Victoria,Victoria,FALSE,road,road,nearest,7.3
40322,Ardmore,Locality,48.6386827,-123.4679544,601,5917,capital,Capital,capital,Capital,victoria,Greater Victoria,Victoria,FALSE,road,road,nearest,24.6
50510,Goldstream,Community,48.4571536,-123.5512629,573,5917,capital,Capital,capital,Capital,victoria,Greater Victoria,Victoria,FALSE,road,road,nearest,14.1
38956,Fairfield,Community,48.4169875,-123.3523509,535,5917,capital,Capital,capital,Capital,victoria,Greater Victoria,Victoria,FALSE,road,road,nearest,1.6
794,Brentwood Bay,Community,48.5725374,-123.4514688,534,5917,capital,Capital,capital,Capital,victoria,Greater Victoria,Victoria,FALSE,road,road,nearest,17.3
13231,Deep Cove,Community,48.6831272,-123.4679555,527,5917,capital,Capital,capital,Capital,victoria,Greater Victoria,Victoria,FALSE,road,road,nearest,29.3
19104,Tillicum,Community,48.4497942,-123.4012809,519,5917,capital,Capital,capital,Capital,victoria,Greater Victoria,Victoria,FALSE,road,road,nearest,3.6
21268,Prospect Lake,Community,48.5213900,-123.4386600,517,5917,capital,Capital,capital,Capital,victoria,Greater Victoria,Victoria,FALSE,road,road,nearest,11.7
65267,Senanus Island 10,Indian Reserve,48.5997935,-123.4846206,509,5917,capital,Capital,capital,Capital,victoria,Greater Victoria,Victoria,FALSE,road,road,nearest,21.0
38958,Gordon Head,Community,48.4850755,-123.3203790,493,5917,capital,Capital,capital,Capital,victoria,Greater Victoria,Victoria,FALSE,road,road,nearest,7.1
5590,Marigold,Community,48.4664609,-123.4012813,490,5917,capital,Capital,capital,Capital,victoria,Greater Victoria,Victoria,FALSE,road,road,nearest,5.0
3103,Keating,Community,48.5651405,-123.4166118,283,5917,capital,Capital,capital,Capital,victoria,Greater Victoria,Victoria,FALSE,road,road,nearest,15.7
65287,Cole Bay 3,Indian Reserve,48.6164606,-123.4512867,266,5917,capital,Capital,capital,Capital,victoria,Greater Victoria,Victoria,FALSE,road,road,nearest,21.9
65798,Esquimalt,Indian Reserve,48.4438889,-123.4297222,120,5917,capital,Capital,capital,Capital,victoria,Greater Victoria,Victoria,FALSE,road,road,nearest,5.1
65323,Union Bay 4,Indian Reserve,48.6664607,-123.4512879,109,5917,capital,Capital,capital,Capital,victoria,Greater Victoria,Victoria,FALSE,road,road,nearest,27.2
65271,Chatham Islands 4,Indian Reserve,48.4331292,-123.2512759,0,5917,capital,Capital,capital,Capital,victoria,Greater Victoria,Victoria,FALSE,road,road,nearest,8.4
65797,Discovery Island 3,Indian Reserve,48.4331294,-123.2346088,0,5917,capital,Capital,capital,Capital,victoria,Greater Victoria,Victoria,FALSE,road,road,nearest,9.6
65231,Twin Island 10,Indian Reserve,48.3797222,-123.5050000,0,5917,capital,Capital,capital,Capital,victoria,Greater Victoria,Victoria,FALSE,road,road,nearest,11.7
64519,Bishop Bluffs 10,Indian Reserve,53.0998117,-124.3347792,447,5941,cariboo,Cariboo,cariboo,Cariboo,west-chilcotin,West Chilcotin,Anahim Lake,FALSE,road,road,nearest,96.7
64514,Bishop Bluffs 5,Indian Reserve,53.0664782,-124.3181109,447,5941,cariboo,Cariboo,cariboo,Cariboo,west-chilcotin,West Chilcotin,Anahim Lake,FALSE,road,road,nearest,94.8
64515,Bishop Bluffs 6,Indian Reserve,53.0831450,-124.3181114,447,5941,cariboo,Cariboo,cariboo,Cariboo,west-chilcotin,West Chilcotin,Anahim Lake,FALSE,road,road,nearest,96.1
64535,Chief Morris 13,Indian Reserve,53.0664778,-124.3514453,447,5941,cariboo,Cariboo,cariboo,Cariboo,west-chilcotin,West Chilcotin,Anahim Lake,FALSE,road,road,nearest,93.2
64527,Kloyadingli 2,Indian Reserve,53.1164779,-124.3847814,447,5941,cariboo,Cariboo,cariboo,Cariboo,west-chilcotin,West Chilcotin,Anahim Lake,FALSE,road,road,nearest,95.8
64557,Kluskus 14,Indian Reserve,53.1164789,-124.3014453,447,5941,cariboo,Cariboo,cariboo,Cariboo,west-chilcotin,West Chilcotin,Anahim Lake,FALSE,road,road,nearest,99.6
64536,Kushya Creek 12,Indian Reserve,53.0831410,-124.6514558,447,5941,cariboo,Cariboo,cariboo,Cariboo,west-chilcotin,West Chilcotin,Anahim Lake,FALSE,road,road,nearest,82.2
64516,Kushya Creek 7,Indian Reserve,53.0831407,-124.6681230,447,5941,cariboo,Cariboo,cariboo,Cariboo,west-chilcotin,West Chilcotin,Anahim Lake,FALSE,road,road,nearest,81.6
64537,Tatelkus Lake 28,Indian Reserve,53.2998091,-124.7181321,447,5941,cariboo,Cariboo,cariboo,Cariboo,west-chilcotin,West Chilcotin,Anahim Lake,FALSE,road,road,nearest,101.4
64518,Upper Kluskus Lake 9,Indian Reserve,53.0831418,-124.5847869,447,5941,cariboo,Cariboo,cariboo,Cariboo,west-chilcotin,West Chilcotin,Anahim Lake,FALSE,road,road,nearest,84.7
64529,Yaladelassla 4,Indian Reserve,53.1498120,-124.3514481,447,5941,cariboo,Cariboo,cariboo,Cariboo,west-chilcotin,West Chilcotin,Anahim Lake,FALSE,road,road,nearest,100.1
64442,Alexis Creek 17,Indian Reserve,52.1998025,-124.3680842,348,5941,cariboo,Cariboo,cariboo,Cariboo,west-chilcotin,West Chilcotin,Anahim Lake,FALSE,road,road,nearest,70.2
64443,Alexis Creek 18,Indian Reserve,52.2164693,-124.3680848,348,5941,cariboo,Cariboo,cariboo,Cariboo,west-chilcotin,West Chilcotin,Anahim Lake,FALSE,road,road,nearest,69.4
64447,Alexis Creek 22,Indian Reserve,52.3164708,-124.3180863,348,5941,cariboo,Cariboo,cariboo,Cariboo,west-chilcotin,West Chilcotin,Anahim Lake,FALSE,road,road,nearest,69.1
64455,Alexis Creek 23,Indian Reserve,52.2998038,-124.3347530,348,5941,cariboo,Cariboo,cariboo,Cariboo,west-chilcotin,West Chilcotin,Anahim Lake,FALSE,road,road,nearest,68.5
64454,Alexis Creek 24,Indian Reserve,52.2998036,-124.3514202,348,5941,cariboo,Cariboo,cariboo,Cariboo,west-chilcotin,West Chilcotin,Anahim Lake,FALSE,road,road,nearest,67.4
64457,Alexis Creek 25,Indian Reserve,52.2998032,-124.3847546,348,5941,cariboo,Cariboo,cariboo,Cariboo,west-chilcotin,West Chilcotin,Anahim Lake,FALSE,road,road,nearest,65.2
64456,Alexis Creek 26,Indian Reserve,52.2998026,-124.4347563,348,5941,cariboo,Cariboo,cariboo,Cariboo,west-chilcotin,West Chilcotin,Anahim Lake,FALSE,road,road,nearest,61.9
64451,Alexis Creek 27,Indian Reserve,52.3164696,-124.4180896,348,5941,cariboo,Cariboo,cariboo,Cariboo,west-chilcotin,West Chilcotin,Anahim Lake,FALSE,road,road,nearest,62.5
64450,Alexis Creek 28,Indian Reserve,52.3664707,-124.3680896,348,5941,cariboo,Cariboo,cariboo,Cariboo,west-chilcotin,West Chilcotin,Anahim Lake,FALSE,road,road,nearest,64.6
64453,Alexis Creek 29,Indian Reserve,52.3706370,-124.3972573,348,5941,cariboo,Cariboo,cariboo,Cariboo,west-chilcotin,West Chilcotin,Anahim Lake,FALSE,road,road,nearest,62.6
64452,Alexis Creek 30,Indian Reserve,52.3831369,-124.4180917,348,5941,cariboo,Cariboo,cariboo,Cariboo,west-chilcotin,West Chilcotin,Anahim Lake,FALSE,road,road,nearest,61.0
64463,Alexis Creek 31,Indian Reserve,52.4164707,-124.4014256,348,5941,cariboo,Cariboo,cariboo,Cariboo,west-chilcotin,West Chilcotin,Anahim Lake,FALSE,road,road,nearest,61.7
64462,Alexis Creek 32,Indian Reserve,52.4498040,-124.4347611,348,5941,cariboo,Cariboo,cariboo,Cariboo,west-chilcotin,West Chilcotin,Anahim Lake,FALSE,road,road,nearest,59.2
64465,Alexis Creek 33,Indian Reserve,52.4498036,-124.4680955,348,5941,cariboo,Cariboo,cariboo,Cariboo,west-chilcotin,West Chilcotin,Anahim Lake,FALSE,road,road,nearest,57.0
64458,Alexis Creek 35,Indian Reserve,52.4331396,-124.2347540,348,5941,cariboo,Cariboo,cariboo,Cariboo,west-chilcotin,West Chilcotin,Anahim Lake,FALSE,road,road,nearest,72.8
36170,Kleena Kleene,Community,51.9363809,-124.8013858,348,5941,cariboo,Cariboo,cariboo,Cariboo,west-chilcotin,West Chilcotin,Anahim Lake,FALSE,road,road,nearest,67.7
64448,Seymour Meadows 19,Indian Reserve,52.1998015,-124.4514203,348,5941,cariboo,Cariboo,cariboo,Cariboo,west-chilcotin,West Chilcotin,Anahim Lake,FALSE,road,road,nearest,65.0
30908,Tatla Lake,Locality,51.8997972,-124.6014156,348,5941,cariboo,Cariboo,cariboo,Cariboo,west-chilcotin,West Chilcotin,Anahim Lake,FALSE,road,road,nearest,78.8
64517,Tsachla Lake 8,Indian Reserve,52.9998037,-124.9014613,348,5941,cariboo,Cariboo,cariboo,Cariboo,west-chilcotin,West Chilcotin,Anahim Lake,FALSE,road,road,nearest,66.0
65106,Abuntlet Lake 4,Indian Reserve,52.5664599,-125.4014631,268,5941,cariboo,Cariboo,cariboo,Cariboo,west-chilcotin,West Chilcotin,Anahim Lake,FALSE,road,road,nearest,13.4
1497,Anahim Lake,Community,52.4600234,-125.3085799,268,5941,cariboo,Cariboo,cariboo,Cariboo,west-chilcotin,West Chilcotin,Anahim Lake,TRUE,road,road,hub,0.0
65135,Betty Creek 18,Indian Reserve,52.8664626,-125.4181403,268,5941,cariboo,Cariboo,cariboo,Cariboo,west-chilcotin,West Chilcotin,Anahim Lake,FALSE,road,road,nearest,45.8
65112,Blackwater Meadow 11,Indian Reserve,52.7331265,-125.5348063,268,5941,cariboo,Cariboo,cariboo,Cariboo,west-chilcotin,West Chilcotin,Anahim Lake,FALSE,road,road,nearest,34.0
65109,Cahoose 10,Indian Reserve,52.8664599,-125.6348141,268,5941,cariboo,Cariboo,cariboo,Cariboo,west-chilcotin,West Chilcotin,Anahim Lake,FALSE,road,road,nearest,50.3
65111,Cahoose 12,Indian Reserve,52.8997934,-125.6514824,268,5941,cariboo,Cariboo,cariboo,Cariboo,west-chilcotin,West Chilcotin,Anahim Lake,FALSE,road,road,nearest,54.1
65107,Cahoose 8,Indian Reserve,52.8831259,-125.7014835,268,5941,cariboo,Cariboo,cariboo,Cariboo,west-chilcotin,West Chilcotin,Anahim Lake,FALSE,road,road,nearest,54.0
65132,Casimiel Meadows 15A,Indian Reserve,52.6664598,-125.4848024,268,5941,cariboo,Cariboo,cariboo,Cariboo,west-chilcotin,West Chilcotin,Anahim Lake,FALSE,road,road,nearest,25.9
54701,Charlotte Lake,Locality,52.2247914,-125.3014486,268,5941,cariboo,Cariboo,cariboo,Cariboo,west-chilcotin,West Chilcotin,Anahim Lake,FALSE,road,road,nearest,26.2
64520,Cluchuta Lake 10A,Indian Reserve,52.9664680,-125.0681323,268,5941,cariboo,Cariboo,cariboo,Cariboo,west-chilcotin,West Chilcotin,Anahim Lake,FALSE,road,road,nearest,58.6
64521,Cluchuta Lake 10B,Indian Reserve,52.9664678,-125.0847995,268,5941,cariboo,Cariboo,cariboo,Cariboo,west-chilcotin,West Chilcotin,Anahim Lake,FALSE,road,road,nearest,58.3
65130,Louis Squinas Ranch 14,Indian Reserve,52.5831261,-125.4514652,268,5941,cariboo,Cariboo,cariboo,Cariboo,west-chilcotin,West Chilcotin,Anahim Lake,FALSE,road,road,nearest,16.8
14346,Nimpo Lake,Community,52.3419000,-125.1453700,268,5941,cariboo,Cariboo,cariboo,Cariboo,west-chilcotin,West Chilcotin,Anahim Lake,FALSE,road,road,nearest,17.2
21012,Towdystan,Locality,52.2664611,-125.0847763,268,5941,cariboo,Cariboo,cariboo,Cariboo,west-chilcotin,West Chilcotin,Anahim Lake,FALSE,road,road,nearest,26.3
64538,Tzetzi Lake 11,Indian Reserve,52.9831356,-125.0014640,268,5941,cariboo,Cariboo,cariboo,Cariboo,west-chilcotin,West Chilcotin,Anahim Lake,FALSE,road,road,nearest,61.7
24432,Ulkatcho,Locality,52.9997938,-125.7014874,268,5941,cariboo,Cariboo,cariboo,Cariboo,west-chilcotin,West Chilcotin,Anahim Lake,FALSE,road,road,nearest,65.6
65118,Ulkatcho 1,Indian Reserve,52.9789603,-125.6945421,268,5941,cariboo,Cariboo,cariboo,Cariboo,west-chilcotin,West Chilcotin,Anahim Lake,FALSE,road,road,nearest,63.3
65110,Willow Meadow 9,Indian Reserve,52.7497934,-125.5348068,268,5941,cariboo,Cariboo,cariboo,Cariboo,west-chilcotin,West Chilcotin,Anahim Lake,FALSE,road,road,nearest,35.7
65117,Squinas 2,Indian Reserve,52.4664602,-125.3014565,137,5941,cariboo,Cariboo,cariboo,Cariboo,west-chilcotin,West Chilcotin,Anahim Lake,FALSE,road,road,nearest,0.9
65131,Ulkatcho 14A,Indian Reserve,52.4497938,-125.2681215,116,5941,cariboo,Cariboo,cariboo,Cariboo,west-chilcotin,West Chilcotin,Anahim Lake,FALSE,road,road,nearest,3.0
64526,Kluskus 1,Indian Reserve,53.0998098,-124.4847842,38,5941,cariboo,Cariboo,cariboo,Cariboo,west-chilcotin,West Chilcotin,Anahim Lake,FALSE,road,road,nearest,90.2
65119,Towdystan Lake 3,Indian Reserve,52.2831275,-125.1181112,15,5941,cariboo,Cariboo,cariboo,Cariboo,west-chilcotin,West Chilcotin,Anahim Lake,FALSE,road,road,nearest,23.5
59984,Fishtrap 19,Indian Reserve,52.3591667,-125.1575000,10,5941,cariboo,Cariboo,cariboo,Cariboo,west-chilcotin,West Chilcotin,Anahim Lake,FALSE,road,road,nearest,15.2
65120,Thomas Squinas Ranch 2A,Indian Reserve,52.4831268,-125.3181243,5,5941,cariboo,Cariboo,cariboo,Cariboo,west-chilcotin,West Chilcotin,Anahim Lake,FALSE,road,road,nearest,2.6
64446,Alexis Creek 21,Indian Reserve,52.2998044,-124.2847514,0,5941,cariboo,Cariboo,cariboo,Cariboo,west-chilcotin,West Chilcotin,Anahim Lake,FALSE,road,road,nearest,71.7
64464,Alexis Creek 34,Indian Reserve,52.4831394,-124.2847573,0,5941,cariboo,Cariboo,cariboo,Cariboo,west-chilcotin,West Chilcotin,Anahim Lake,FALSE,road,road,nearest,69.4
65133,Andy Cahoose Meadow 16,Indian Reserve,52.8831255,-125.7348179,0,5941,cariboo,Cariboo,cariboo,Cariboo,west-chilcotin,West Chilcotin,Anahim Lake,FALSE,road,road,nearest,55.1
65839,Salmon River Meadow 7,Indian Reserve,52.9706335,-125.1625800,0,5941,cariboo,Cariboo,cariboo,Cariboo,west-chilcotin,West Chilcotin,Anahim Lake,FALSE,road,road,nearest,57.6
64528,Sundayman's Meadow 3,Indian Reserve,53.1164785,-124.3347798,0,5941,cariboo,Cariboo,cariboo,Cariboo,west-chilcotin,West Chilcotin,Anahim Lake,FALSE,road,road,nearest,98.1
65134,Tilgatko 17,Indian Reserve,52.8664591,-125.7014829,0,5941,cariboo,Cariboo,cariboo,Cariboo,west-chilcotin,West Chilcotin,Anahim Lake,FALSE,road,road,nearest,52.4
65129,Ulkatcho 13,Indian Reserve,52.3831294,-125.0347785,0,5941,cariboo,Cariboo,cariboo,Cariboo,west-chilcotin,West Chilcotin,Anahim Lake,FALSE,road,road,nearest,20.4
20919,Tofino,District Municipality,49.1530556,-125.9044444,2664,5923,alberni-clayoquot,Alberni-Clayoquot,alberni-clayoquot,Alberni-Clayoquot,west-coast-vi,Tofino–Ucluelet,Tofino,TRUE,pass,road,hub,0.0
24419,Ucluelet,District Municipality,48.9427778,-125.5461111,2179,5923,alberni-clayoquot,Alberni-Clayoquot,alberni-clayoquot,Alberni-Clayoquot,west-coast-vi,Tofino–Ucluelet,Tofino,FALSE,pass,road,nearest,35.1
65150,Ahous 16,Indian Reserve,49.1664322,-126.0180455,875,5923,alberni-clayoquot,Alberni-Clayoquot,alberni-clayoquot,Alberni-Clayoquot,west-coast-vi,Tofino–Ucluelet,Tofino,FALSE,pass,road,nearest,8.4
755,Ahousat,Locality,49.2830985,-126.0680502,875,5923,alberni-clayoquot,Alberni-Clayoquot,alberni-clayoquot,Alberni-Clayoquot,west-coast-vi,Tofino–Ucluelet,Tofino,FALSE,pass,road,nearest,18.7
65257,Bartlett Island 32,Indian Reserve,49.2164315,-126.0847155,875,5923,alberni-clayoquot,Alberni-Clayoquot,alberni-clayoquot,Alberni-Clayoquot,west-coast-vi,Tofino–Ucluelet,Tofino,FALSE,pass,road,nearest,14.9
37677,Boat Basin,Locality,49.4789281,-126.4263998,875,5923,alberni-clayoquot,Alberni-Clayoquot,alberni-clayoquot,Alberni-Clayoquot,west-coast-vi,Tofino–Ucluelet,Tofino,FALSE,pass,road,nearest,52.4
62621,Chenatha,First Nation Village,48.9475000,-125.4477778,875,5923,alberni-clayoquot,Alberni-Clayoquot,alberni-clayoquot,Alberni-Clayoquot,west-coast-vi,Tofino–Ucluelet,Tofino,FALSE,pass,road,nearest,40.4
38571,Chetarpe,Locality,49.2497659,-126.0013806,875,5923,alberni-clayoquot,Alberni-Clayoquot,alberni-clayoquot,Alberni-Clayoquot,west-coast-vi,Tofino–Ucluelet,Tofino,FALSE,pass,road,nearest,12.9
65151,Chetarpe 17,Indian Reserve,49.2330990,-126.0180473,875,5923,alberni-clayoquot,Alberni-Clayoquot,alberni-clayoquot,Alberni-Clayoquot,west-coast-vi,Tofino–Ucluelet,Tofino,FALSE,pass,road,nearest,12.1
65244,Clayoqua 6,Indian Reserve,49.1831046,-125.5346981,875,5923,alberni-clayoquot,Alberni-Clayoquot,alberni-clayoquot,Alberni-Clayoquot,west-coast-vi,Tofino–Ucluelet,Tofino,FALSE,pass,road,nearest,27.1
2577,Clayoquot,Locality,49.1664332,-125.9347097,875,5923,alberni-clayoquot,Alberni-Clayoquot,alberni-clayoquot,Alberni-Clayoquot,west-coast-vi,Tofino–Ucluelet,Tofino,FALSE,pass,road,nearest,2.7
65138,Cloolthpich 12,Indian Reserve,49.1997666,-125.9347106,875,5923,alberni-clayoquot,Alberni-Clayoquot,alberni-clayoquot,Alberni-Clayoquot,west-coast-vi,Tofino–Ucluelet,Tofino,FALSE,pass,road,nearest,5.6
65240,Echachis 2,Indian Reserve,49.1330997,-125.9347087,875,5923,alberni-clayoquot,Alberni-Clayoquot,alberni-clayoquot,Alberni-Clayoquot,west-coast-vi,Tofino–Ucluelet,Tofino,FALSE,pass,road,nearest,3.1
65216,Eelseuklis 10,Indian Reserve,49.2164363,-125.6847036,875,5923,alberni-clayoquot,Alberni-Clayoquot,alberni-clayoquot,Alberni-Clayoquot,west-coast-vi,Tofino–Ucluelet,Tofino,FALSE,pass,road,nearest,17.5
10650,Estevan Point,Locality,49.3836111,-126.5433333,875,5923,alberni-clayoquot,Alberni-Clayoquot,alberni-clayoquot,Alberni-Clayoquot,west-coast-vi,Tofino–Ucluelet,Tofino,FALSE,pass,road,nearest,53.0
65255,Hisnit Fishery 34,Indian Reserve,49.3997623,-126.3347282,875,5923,alberni-clayoquot,Alberni-Clayoquot,alberni-clayoquot,Alberni-Clayoquot,west-coast-vi,Tofino–Ucluelet,Tofino,FALSE,pass,road,nearest,41.6
65230,Homais 2,Indian Reserve,49.3997595,-126.5680684,875,5923,alberni-clayoquot,Alberni-Clayoquot,alberni-clayoquot,Alberni-Clayoquot,west-coast-vi,Tofino–Ucluelet,Tofino,FALSE,pass,road,nearest,55.4
18444,Hot Springs Cove,Locality,49.3664298,-126.2638918,875,5923,alberni-clayoquot,Alberni-Clayoquot,alberni-clayoquot,Alberni-Clayoquot,west-coast-vi,Tofino–Ucluelet,Tofino,FALSE,pass,road,nearest,35.3
65215,Ilthpaya 8,Indian Reserve,49.1164364,-125.6513665,875,5923,alberni-clayoquot,Alberni-Clayoquot,alberni-clayoquot,Alberni-Clayoquot,west-coast-vi,Tofino–Ucluelet,Tofino,FALSE,pass,road,nearest,18.9
65251,Indian Island 30,Indian Reserve,49.1164350,-125.7680366,875,5923,alberni-clayoquot,Alberni-Clayoquot,alberni-clayoquot,Alberni-Clayoquot,west-coast-vi,Tofino–Ucluelet,Tofino,FALSE,pass,road,nearest,10.7
65252,Kishnacous 29,Indian Reserve,49.5164298,-126.3013971,875,5923,alberni-clayoquot,Alberni-Clayoquot,alberni-clayoquot,Alberni-Clayoquot,west-coast-vi,Tofino–Ucluelet,Tofino,FALSE,pass,road,nearest,49.6
65246,Kootowis 4,Indian Reserve,49.0997689,-125.7180347,875,5923,alberni-clayoquot,Alberni-Clayoquot,alberni-clayoquot,Alberni-Clayoquot,west-coast-vi,Tofino–Ucluelet,Tofino,FALSE,pass,road,nearest,14.8
65256,Kutcous Point 33,Indian Reserve,49.2497649,-126.0847165,875,5923,alberni-clayoquot,Alberni-Clayoquot,alberni-clayoquot,Alberni-Clayoquot,west-coast-vi,Tofino–Ucluelet,Tofino,FALSE,pass,road,nearest,16.9
65199,Maahpe 4,Indian Reserve,49.4830947,-126.4347335,875,5923,alberni-clayoquot,Alberni-Clayoquot,alberni-clayoquot,Alberni-Clayoquot,west-coast-vi,Tofino–Ucluelet,Tofino,FALSE,pass,road,nearest,53.1
65250,Moyehai 23,Indian Reserve,49.4164341,-125.9180495,875,5923,alberni-clayoquot,Alberni-Clayoquot,alberni-clayoquot,Alberni-Clayoquot,west-coast-vi,Tofino–Ucluelet,Tofino,FALSE,pass,road,nearest,29.3
65140,Oinimitis 14,Indian Reserve,49.3497690,-125.7680431,875,5923,alberni-clayoquot,Alberni-Clayoquot,alberni-clayoquot,Alberni-Clayoquot,west-coast-vi,Tofino–Ucluelet,Tofino,FALSE,pass,road,nearest,24.0
65239,Okeamin 5,Indian Reserve,49.1331029,-125.6680341,875,5923,alberni-clayoquot,Alberni-Clayoquot,alberni-clayoquot,Alberni-Clayoquot,west-coast-vi,Tofino–Ucluelet,Tofino,FALSE,pass,road,nearest,17.3
65269,Omoah 9,Indian Reserve,48.8664399,-125.3013492,875,5923,alberni-clayoquot,Alberni-Clayoquot,alberni-clayoquot,Alberni-Clayoquot,west-coast-vi,Tofino–Ucluelet,Tofino,FALSE,pass,road,nearest,54.3
65243,Onadsilth 9,Indian Reserve,49.2331040,-125.6013682,875,5923,alberni-clayoquot,Alberni-Clayoquot,alberni-clayoquot,Alberni-Clayoquot,west-coast-vi,Tofino–Ucluelet,Tofino,FALSE,pass,road,nearest,23.8
65254,Openit 27,Indian Reserve,49.3664297,-126.2680586,875,5923,alberni-clayoquot,Alberni-Clayoquot,alberni-clayoquot,Alberni-Clayoquot,west-coast-vi,Tofino–Ucluelet,Tofino,FALSE,pass,road,nearest,35.5
65148,Peneetle 22,Indian Reserve,49.2997666,-125.9513805,875,5923,alberni-clayoquot,Alberni-Clayoquot,alberni-clayoquot,Alberni-Clayoquot,west-coast-vi,Tofino–Ucluelet,Tofino,FALSE,pass,road,nearest,16.7
19251,Port Albion,Locality,48.9470297,-125.5369635,875,5923,alberni-clayoquot,Alberni-Clayoquot,alberni-clayoquot,Alberni-Clayoquot,west-coast-vi,Tofino–Ucluelet,Tofino,FALSE,pass,road,nearest,35.2
65139,Quortsowe 13,Indian Reserve,49.2664358,-125.7347064,875,5923,alberni-clayoquot,Alberni-Clayoquot,alberni-clayoquot,Alberni-Clayoquot,west-coast-vi,Tofino–Ucluelet,Tofino,FALSE,pass,road,nearest,17.6
65200,Refuge Cove 6,Indian Reserve,49.3664297,-126.2680586,875,5923,alberni-clayoquot,Alberni-Clayoquot,alberni-clayoquot,Alberni-Clayoquot,west-coast-vi,Tofino–Ucluelet,Tofino,FALSE,pass,road,nearest,35.5
63981,Salmon Beach,Community,48.9600000,-125.4333333,875,5923,alberni-clayoquot,Alberni-Clayoquot,alberni-clayoquot,Alberni-Clayoquot,west-coast-vi,Tofino–Ucluelet,Tofino,FALSE,pass,road,nearest,40.5
65249,Seektukis 24,Indian Reserve,49.3664323,-126.0513854,875,5923,alberni-clayoquot,Alberni-Clayoquot,alberni-clayoquot,Alberni-Clayoquot,west-coast-vi,Tofino–Ucluelet,Tofino,FALSE,pass,road,nearest,26.0
7808,Stewardson Inlet,Locality,49.4164292,-126.3180615,875,5923,alberni-clayoquot,Alberni-Clayoquot,alberni-clayoquot,Alberni-Clayoquot,west-coast-vi,Tofino–Ucluelet,Tofino,FALSE,pass,road,nearest,41.9
65152,Sutaquis 18,Indian Reserve,49.2330998,-125.9513787,875,5923,alberni-clayoquot,Alberni-Clayoquot,alberni-clayoquot,Alberni-Clayoquot,west-coast-vi,Tofino–Ucluelet,Tofino,FALSE,pass,road,nearest,9.5
65261,Swan 35,Indian Reserve,49.3664295,-126.2847257,875,5923,alberni-clayoquot,Alberni-Clayoquot,alberni-clayoquot,Alberni-Clayoquot,west-coast-vi,Tofino–Ucluelet,Tofino,FALSE,pass,road,nearest,36.4
65229,Teahmit 3,Indian Reserve,49.4497607,-126.4847340,875,5923,alberni-clayoquot,Alberni-Clayoquot,alberni-clayoquot,Alberni-Clayoquot,west-coast-vi,Tofino–Ucluelet,Tofino,FALSE,pass,road,nearest,53.5
65147,Tequa 21,Indian Reserve,49.2830991,-126.0180487,875,5923,alberni-clayoquot,Alberni-Clayoquot,alberni-clayoquot,Alberni-Clayoquot,west-coast-vi,Tofino–Ucluelet,Tofino,FALSE,pass,road,nearest,16.6
63121,Tlakmaqis,First Nation Village,48.9791667,-125.5786111,875,5923,alberni-clayoquot,Alberni-Clayoquot,alberni-clayoquot,Alberni-Clayoquot,west-coast-vi,Tofino–Ucluelet,Tofino,FALSE,pass,road,nearest,30.6
65253,Tootoowiltena 28,Indian Reserve,49.3664301,-126.2347242,875,5923,alberni-clayoquot,Alberni-Clayoquot,alberni-clayoquot,Alberni-Clayoquot,west-coast-vi,Tofino–Ucluelet,Tofino,FALSE,pass,road,nearest,33.7
65258,Vargas Island 31,Indian Reserve,49.1497660,-125.9680435,875,5923,alberni-clayoquot,Alberni-Clayoquot,alberni-clayoquot,Alberni-Clayoquot,west-coast-vi,Tofino–Ucluelet,Tofino,FALSE,pass,road,nearest,4.6
65145,Wahous 19,Indian Reserve,49.2664336,-125.9180453,875,5923,alberni-clayoquot,Alberni-Clayoquot,alberni-clayoquot,Alberni-Clayoquot,west-coast-vi,Tofino–Ucluelet,Tofino,FALSE,pass,road,nearest,12.6
65146,Wahous 20,Indian Reserve,49.2831005,-125.9013786,875,5923,alberni-clayoquot,Alberni-Clayoquot,alberni-clayoquot,Alberni-Clayoquot,west-coast-vi,Tofino–Ucluelet,Tofino,FALSE,pass,road,nearest,14.5
65247,Wappook 26,Indian Reserve,49.4330988,-126.0847216,875,5923,alberni-clayoquot,Alberni-Clayoquot,alberni-clayoquot,Alberni-Clayoquot,west-coast-vi,Tofino–Ucluelet,Tofino,FALSE,pass,road,nearest,33.8
65248,Watta 25,Indian Reserve,49.4497661,-126.0347206,875,5923,alberni-clayoquot,Alberni-Clayoquot,alberni-clayoquot,Alberni-Clayoquot,west-coast-vi,Tofino–Ucluelet,Tofino,FALSE,pass,road,nearest,34.3
65245,Winche 7,Indian Reserve,49.1331057,-125.4346938,875,5923,alberni-clayoquot,Alberni-Clayoquot,alberni-clayoquot,Alberni-Clayoquot,west-coast-vi,Tofino–Ucluelet,Tofino,FALSE,pass,road,nearest,34.2
24789,Yarksis,Community,49.1663082,-125.9666851,875,5923,alberni-clayoquot,Alberni-Clayoquot,alberni-clayoquot,Alberni-Clayoquot,west-coast-vi,Tofino–Ucluelet,Tofino,FALSE,pass,road,nearest,4.8
65137,Yarksis 11,Indian Reserve,49.1664328,-125.9680440,875,5923,alberni-clayoquot,Alberni-Clayoquot,alberni-clayoquot,Alberni-Clayoquot,west-coast-vi,Tofino–Ucluelet,Tofino,FALSE,pass,road,nearest,4.9
5614,Marktosis,Community,49.2770316,-126.0570403,760,5923,alberni-clayoquot,Alberni-Clayoquot,alberni-clayoquot,Alberni-Clayoquot,west-coast-vi,Tofino–Ucluelet,Tofino,FALSE,pass,road,nearest,17.7
65149,Marktosis 15,Indian Reserve,49.2759800,-126.0560000,760,5923,alberni-clayoquot,Alberni-Clayoquot,alberni-clayoquot,Alberni-Clayoquot,west-coast-vi,Tofino–Ucluelet,Tofino,FALSE,pass,road,nearest,17.6
63103,Hitacu,First Nation Village,48.9369444,-125.5266667,321,5923,alberni-clayoquot,Alberni-Clayoquot,alberni-clayoquot,Alberni-Clayoquot,west-coast-vi,Tofino–Ucluelet,Tofino,FALSE,pass,road,nearest,36.5
18733,Opitsat,Community,49.1736111,-125.9105556,153,5923,alberni-clayoquot,Alberni-Clayoquot,alberni-clayoquot,Alberni-Clayoquot,west-coast-vi,Tofino–Ucluelet,Tofino,FALSE,pass,road,nearest,2.3
65242,Opitsat 1,Indian Reserve,49.1831001,-125.9180430,153,5923,alberni-clayoquot,Alberni-Clayoquot,alberni-clayoquot,Alberni-Clayoquot,west-coast-vi,Tofino–Ucluelet,Tofino,FALSE,pass,road,nearest,3.5
65241,Esowista 3,Indian Reserve,49.0664347,-125.7847024,90,5923,alberni-clayoquot,Alberni-Clayoquot,alberni-clayoquot,Alberni-Clayoquot,west-coast-vi,Tofino–Ucluelet,Tofino,FALSE,pass,road,nearest,13.0
60001,Tin-Wis 11,Indian Reserve,49.1308333,-125.8986111,26,5923,alberni-clayoquot,Alberni-Clayoquot,alberni-clayoquot,Alberni-Clayoquot,west-coast-vi,Tofino–Ucluelet,Tofino,FALSE,pass,road,nearest,2.5
20340,Hesquiat,Locality,49.3997607,-126.4680655,,5923,alberni-clayoquot,Alberni-Clayoquot,alberni-clayoquot,Alberni-Clayoquot,west-coast-vi,Tofino–Ucluelet,Tofino,FALSE,pass,road,nearest,49.2
65228,Hesquiat 1,Indian Reserve,49.3997607,-126.4680655,,5923,alberni-clayoquot,Alberni-Clayoquot,alberni-clayoquot,Alberni-Clayoquot,west-coast-vi,Tofino–Ucluelet,Tofino,FALSE,pass,road,nearest,49.2
19762,Sooke,District Municipality,48.3827778,-123.7319444,15712,5917,capital,Capital,capital,Capital,west-shore,West Shore & Sooke,Sooke,TRUE,road,road,hub,0.0
65260,Becher Bay 2,Indian Reserve,48.3219444,-123.5925000,986,5917,capital,Capital,capital,Capital,west-shore,West Shore & Sooke,Sooke,FALSE,road,road,nearest,12.3
65233,Long Neck Island 9,Indian Reserve,48.3152778,-123.6002778,986,5917,capital,Capital,capital,Capital,west-shore,West Shore & Sooke,Sooke,FALSE,road,road,nearest,12.3
1240,East Sooke,Community,48.3691268,-123.6847366,935,5917,capital,Capital,capital,Capital,west-shore,West Shore & Sooke,Sooke,FALSE,road,road,nearest,3.8
24212,Milnes Landing,Community,48.3880758,-123.7007566,857,5917,capital,Capital,capital,Capital,west-shore,West Shore & Sooke,Sooke,FALSE,road,road,nearest,2.4
16310,Shirley,Locality,48.3831219,-123.9012944,796,5917,capital,Capital,capital,Capital,west-shore,West Shore & Sooke,Sooke,FALSE,road,road,nearest,12.5
906,Leechtown,Locality,48.4958333,-123.7125000,653,5917,capital,Capital,capital,Capital,west-shore,West Shore & Sooke,Sooke,FALSE,road,road,nearest,12.7
14458,Saseenos,Community,48.3912207,-123.6671949,523,5917,capital,Capital,capital,Capital,west-shore,West Shore & Sooke,Sooke,FALSE,road,road,nearest,4.9
65289,Pacheena 1,Indian Reserve,48.5664500,-124.3846471,399,5917,capital,Capital,capital,Capital,west-shore,West Shore & Sooke,Sooke,FALSE,road,road,nearest,52.3
16166,Port Renfrew,Community,48.5570719,-124.4012641,399,5917,capital,Capital,capital,Capital,west-shore,West Shore & Sooke,Sooke,FALSE,road,road,nearest,53.0
65286,Queesidaquah 4,Indian Reserve,48.5831180,-124.2679773,399,5917,capital,Capital,capital,Capital,west-shore,West Shore & Sooke,Sooke,FALSE,road,road,nearest,45.4
19891,River Jordan,Community,48.4225881,-124.0598946,399,5917,capital,Capital,capital,Capital,west-shore,West Shore & Sooke,Sooke,FALSE,road,road,nearest,24.6
65262,Becher Bay 1,Indian Reserve,48.3394444,-123.5997222,221,5917,capital,Capital,capital,Capital,west-shore,West Shore & Sooke,Sooke,FALSE,road,road,nearest,10.9
65268,T'Sou-ke 1,Indian Reserve,48.3861111,-123.6963889,115,5917,capital,Capital,capital,Capital,west-shore,West Shore & Sooke,Sooke,FALSE,road,road,nearest,2.7
65272,T'Sou-ke 2,Indian Reserve,48.3630556,-123.7472222,115,5917,capital,Capital,capital,Capital,west-shore,West Shore & Sooke,Sooke,FALSE,road,road,nearest,2.5
65284,Gordon River 2,Indian Reserve,48.5831165,-124.4013147,79,5917,capital,Capital,capital,Capital,west-shore,West Shore & Sooke,Sooke,FALSE,road,road,nearest,54.1
65234,Fraser Island 6,Indian Reserve,48.3277778,-123.6069444,0,5917,capital,Capital,capital,Capital,west-shore,West Shore & Sooke,Sooke,FALSE,road,road,nearest,11.1
65259,Lamb Island 5,Indian Reserve,48.3302778,-123.6211111,0,5917,capital,Capital,capital,Capital,west-shore,West Shore & Sooke,Sooke,FALSE,road,road,nearest,10.1
65785,Village Island 7,Indian Reserve,48.3247222,-123.6000000,0,5917,capital,Capital,capital,Capital,west-shore,West Shore & Sooke,Sooke,FALSE,road,road,nearest,11.7
65232,Whale Island 8,Indian Reserve,48.3161111,-123.6069444,0,5917,capital,Capital,capital,Capital,west-shore,West Shore & Sooke,Sooke,FALSE,road,road,nearest,11.8
40939,Whistler,Resort Municipality,50.1172222,-122.9547222,14771,5931,squamish-lillooet,Squamish-Lillooet,squamish-lillooet,Squamish-Lillooet,whistler-pemberton,Whistler & Pemberton,Whistler,TRUE,road,road,hub,0.0
38511,Pemberton,Village,50.3205556,-122.8077778,3622,5931,squamish-lillooet,Squamish-Lillooet,squamish-lillooet,Squamish-Lillooet,whistler-pemberton,Whistler & Pemberton,Whistler,FALSE,road,road,nearest,24.9
40078,Tamarisk,Community,50.0914850,-123.0077255,1764,5931,squamish-lillooet,Squamish-Lillooet,squamish-lillooet,Squamish-Lillooet,whistler-pemberton,Whistler & Pemberton,Whistler,FALSE,road,road,nearest,4.7
34780,Alpine Meadows,Community,50.1498047,-122.9679787,1608,5931,squamish-lillooet,Squamish-Lillooet,squamish-lillooet,Squamish-Lillooet,whistler-pemberton,Whistler & Pemberton,Whistler,FALSE,road,road,nearest,3.7
19548,McGuire,Locality,50.0550000,-123.1069444,1608,5931,squamish-lillooet,Squamish-Lillooet,squamish-lillooet,Squamish-Lillooet,whistler-pemberton,Whistler & Pemberton,Whistler,FALSE,road,road,nearest,12.9
8170,Mount Currie,Community,50.3164133,-122.7174631,1242,5931,squamish-lillooet,Squamish-Lillooet,squamish-lillooet,Squamish-Lillooet,whistler-pemberton,Whistler & Pemberton,Whistler,FALSE,road,road,nearest,27.8
64600,Chuckchuk 8,Indian Reserve,49.9664667,-123.3013176,1057,5931,squamish-lillooet,Squamish-Lillooet,squamish-lillooet,Squamish-Lillooet,whistler-pemberton,Whistler & Pemberton,Whistler,FALSE,road,road,nearest,29.9
37893,Garibaldi,Locality,49.9664684,-123.1513129,1057,5931,squamish-lillooet,Squamish-Lillooet,squamish-lillooet,Squamish-Lillooet,whistler-pemberton,Whistler & Pemberton,Whistler,FALSE,road,road,nearest,21.9
64599,Poyam 9,Indian Reserve,49.9831332,-123.3179852,1057,5931,squamish-lillooet,Squamish-Lillooet,squamish-lillooet,Squamish-Lillooet,whistler-pemberton,Whistler & Pemberton,Whistler,FALSE,road,road,nearest,29.9
34781,Nesters,Locality,50.1331381,-122.9513111,996,5931,squamish-lillooet,Squamish-Lillooet,squamish-lillooet,Squamish-Lillooet,whistler-pemberton,Whistler & Pemberton,Whistler,FALSE,road,road,nearest,1.8
22252,Sproatt,Locality,50.0831369,-123.0346457,996,5931,squamish-lillooet,Squamish-Lillooet,squamish-lillooet,Squamish-Lillooet,whistler-pemberton,Whistler & Pemberton,Whistler,FALSE,road,road,nearest,6.8
64547,Mount Currie 6,Indian Reserve,50.3164756,-122.6679737,958,5931,squamish-lillooet,Squamish-Lillooet,squamish-lillooet,Squamish-Lillooet,whistler-pemberton,Whistler & Pemberton,Whistler,FALSE,road,road,nearest,30.1
64552,Mount Currie 7,Indian Reserve,50.3498087,-122.7013091,958,5931,squamish-lillooet,Squamish-Lillooet,squamish-lillooet,Squamish-Lillooet,whistler-pemberton,Whistler & Pemberton,Whistler,FALSE,road,road,nearest,31.5
34751,Birken,Locality,50.4831437,-122.6179767,807,5931,squamish-lillooet,Squamish-Lillooet,squamish-lillooet,Squamish-Lillooet,whistler-pemberton,Whistler & Pemberton,Whistler,FALSE,road,road,nearest,47.2
4834,Creekside,Locality,50.4008333,-122.7030556,807,5931,squamish-lillooet,Squamish-Lillooet,squamish-lillooet,Squamish-Lillooet,whistler-pemberton,Whistler & Pemberton,Whistler,FALSE,road,road,nearest,36.3
11633,Gramsons,Locality,50.4498094,-122.6846446,807,5931,squamish-lillooet,Squamish-Lillooet,squamish-lillooet,Squamish-Lillooet,whistler-pemberton,Whistler & Pemberton,Whistler,FALSE,road,road,nearest,41.7
64413,Lokla 4,Indian Reserve,50.3831420,-122.7179772,807,5931,squamish-lillooet,Squamish-Lillooet,squamish-lillooet,Squamish-Lillooet,whistler-pemberton,Whistler & Pemberton,Whistler,FALSE,road,road,nearest,34.0
15160,Owl Creek,Locality,50.3472222,-122.7333333,807,5931,squamish-lillooet,Squamish-Lillooet,squamish-lillooet,Squamish-Lillooet,whistler-pemberton,Whistler & Pemberton,Whistler,FALSE,road,road,nearest,30.0
34776,Pemberton Meadows,Locality,50.4414734,-122.9179852,664,5931,squamish-lillooet,Squamish-Lillooet,squamish-lillooet,Squamish-Lillooet,whistler-pemberton,Whistler & Pemberton,Whistler,FALSE,road,road,nearest,36.1
40059,Whistler Creek,Community,50.0954575,-122.9894752,628,5931,squamish-lillooet,Squamish-Lillooet,squamish-lillooet,Squamish-Lillooet,whistler-pemberton,Whistler & Pemberton,Whistler,FALSE,road,road,nearest,3.5
34793,Alta Lake,Locality,50.0998042,-122.9846446,536,5931,squamish-lillooet,Squamish-Lillooet,squamish-lillooet,Squamish-Lillooet,whistler-pemberton,Whistler & Pemberton,Whistler,FALSE,road,road,nearest,2.9
64553,Mount Currie 8,Indian Reserve,50.2998084,-122.7013077,224,5931,squamish-lillooet,Squamish-Lillooet,squamish-lillooet,Squamish-Lillooet,whistler-pemberton,Whistler & Pemberton,Whistler,FALSE,road,road,nearest,27.2
64415,Mount Currie 10,Indian Reserve,50.3192528,-122.7207533,140,5931,squamish-lillooet,Squamish-Lillooet,squamish-lillooet,Squamish-Lillooet,whistler-pemberton,Whistler & Pemberton,Whistler,FALSE,road,road,nearest,28.0
64548,Mount Currie 1,Indian Reserve,50.3081416,-122.7179751,139,5931,squamish-lillooet,Squamish-Lillooet,squamish-lillooet,Squamish-Lillooet,whistler-pemberton,Whistler & Pemberton,Whistler,FALSE,road,road,nearest,27.1
64416,Nesuch 3,Indian Reserve,50.2998092,-122.6346389,95,5931,squamish-lillooet,Squamish-Lillooet,squamish-lillooet,Squamish-Lillooet,whistler-pemberton,Whistler & Pemberton,Whistler,FALSE,road,road,nearest,30.5
64546,Mount Currie 2,Indian Reserve,50.2998081,-122.7346421,38,5931,squamish-lillooet,Squamish-Lillooet,squamish-lillooet,Squamish-Lillooet,whistler-pemberton,Whistler & Pemberton,Whistler,FALSE,road,road,nearest,25.6
25533,Williams Lake,City,52.1291667,-122.1400000,11437,5941,cariboo,Cariboo,cariboo,Cariboo,williams-lake,Williams Lake & Area,Williams Lake,TRUE,road,road,hub,0.0
28222,Enterprise,Locality,51.9713889,-121.8133333,614,5941,cariboo,Cariboo,cariboo,Cariboo,williams-lake,Williams Lake & Area,Williams Lake,FALSE,road,road,nearest,28.4
64478,Loon Lake 10,Indian Reserve,51.8664943,-121.9679950,614,5941,cariboo,Cariboo,cariboo,Cariboo,williams-lake,Williams Lake & Area,Williams Lake,FALSE,road,road,nearest,31.5
15715,Hydraulic,Locality,52.6165042,-121.7013418,561,5941,cariboo,Cariboo,cariboo,Cariboo,williams-lake,Williams Lake & Area,Williams Lake,FALSE,road,road,nearest,61.8
1395,Likely,Community,52.6165532,-121.5642925,561,5941,cariboo,Cariboo,cariboo,Cariboo,williams-lake,Williams Lake & Area,Williams Lake,FALSE,road,road,nearest,66.8
40763,141 Mile House,Community,52.0073411,-121.8630876,544,5941,cariboo,Cariboo,cariboo,Cariboo,williams-lake,Williams Lake & Area,Williams Lake,FALSE,road,road,nearest,23.3
5646,Black Creek,Locality,52.2963889,-121.0930556,528,5941,cariboo,Cariboo,cariboo,Cariboo,williams-lake,Williams Lake & Area,Williams Lake,FALSE,road,road,nearest,73.7
18367,Horsefly,Community,52.3331713,-121.4179903,528,5941,cariboo,Cariboo,cariboo,Cariboo,williams-lake,Williams Lake & Area,Williams Lake,FALSE,road,road,nearest,54.2
40758,150 Mile House,Community,52.1055556,-121.9277778,521,5941,cariboo,Cariboo,cariboo,Cariboo,williams-lake,Williams Lake & Area,Williams Lake,FALSE,road,road,nearest,14.7
41161,Commodore Heights,Community,52.1672053,-122.1387775,521,5941,cariboo,Cariboo,cariboo,Cariboo,williams-lake,Williams Lake & Area,Williams Lake,FALSE,road,road,nearest,4.2
13580,St. Joseph Mission,Community,52.0626847,-121.9518006,506,5941,cariboo,Cariboo,cariboo,Cariboo,williams-lake,Williams Lake & Area,Williams Lake,FALSE,road,road,nearest,14.8
24273,Miocene,Locality,52.2428887,-121.7735552,501,5941,cariboo,Cariboo,cariboo,Cariboo,williams-lake,Williams Lake & Area,Williams Lake,FALSE,road,road,nearest,28.0
37644,Glendale,Community,52.1486766,-122.1658126,492,5941,cariboo,Cariboo,cariboo,Cariboo,williams-lake,Williams Lake & Area,Williams Lake,FALSE,road,road,nearest,2.8
64524,Dog Creek 4,Indian Reserve,51.5998216,-122.3013315,484,5941,cariboo,Cariboo,cariboo,Cariboo,williams-lake,Williams Lake & Area,Williams Lake,FALSE,road,road,nearest,59.9
41162,Esler,Community,52.1000000,-122.1833333,484,5941,cariboo,Cariboo,cariboo,Cariboo,williams-lake,Williams Lake & Area,Williams Lake,FALSE,road,road,nearest,4.4
64476,Old Clemens 16,Indian Reserve,51.7164887,-122.3513366,484,5941,cariboo,Cariboo,cariboo,Cariboo,williams-lake,Williams Lake & Area,Williams Lake,FALSE,road,road,nearest,48.1
64472,Alixton 5,Indian Reserve,51.7998251,-122.1346652,476,5941,cariboo,Cariboo,cariboo,Cariboo,williams-lake,Williams Lake & Area,Williams Lake,FALSE,road,road,nearest,36.6
27787,Alkali Lake,Community,51.7831572,-122.2346680,476,5941,cariboo,Cariboo,cariboo,Cariboo,williams-lake,Williams Lake & Area,Williams Lake,FALSE,road,road,nearest,39.0
64468,Cludolicum 9,Indian Reserve,51.8664935,-122.0346638,476,5941,cariboo,Cariboo,cariboo,Cariboo,williams-lake,Williams Lake & Area,Williams Lake,FALSE,road,road,nearest,30.1
64469,Cludolicum 9A,Indian Reserve,51.8664937,-122.0179966,476,5941,cariboo,Cariboo,cariboo,Cariboo,williams-lake,Williams Lake & Area,Williams Lake,FALSE,road,road,nearest,30.4
27729,Dog Creek,Community,51.5815592,-122.2374988,476,5941,cariboo,Cariboo,cariboo,Cariboo,williams-lake,Williams Lake & Area,Williams Lake,FALSE,road,road,nearest,61.3
64481,Isadore Harry 12,Indian Reserve,51.7998259,-122.0679963,476,5941,cariboo,Cariboo,cariboo,Cariboo,williams-lake,Williams Lake & Area,Williams Lake,FALSE,road,road,nearest,37.0
64477,Little Springs 18,Indian Reserve,51.8664929,-122.0846655,476,5941,cariboo,Cariboo,cariboo,Cariboo,williams-lake,Williams Lake & Area,Williams Lake,FALSE,road,road,nearest,29.5
12202,Macalister,Locality,52.4498279,-122.4013604,476,5941,cariboo,Cariboo,cariboo,Cariboo,williams-lake,Williams Lake & Area,Williams Lake,FALSE,road,road,nearest,39.8
21173,Marguerite,Community,52.5013845,-122.4273217,476,5941,cariboo,Cariboo,cariboo,Cariboo,williams-lake,Williams Lake & Area,Williams Lake,FALSE,road,road,nearest,45.8
20576,McLeese Lake,Community,52.4200000,-122.2952778,476,5941,cariboo,Cariboo,cariboo,Cariboo,williams-lake,Williams Lake & Area,Williams Lake,FALSE,road,road,nearest,34.0
64474,Pete Suckers 13,Indian Reserve,51.7831591,-122.0679958,476,5941,cariboo,Cariboo,cariboo,Cariboo,williams-lake,Williams Lake & Area,Williams Lake,FALSE,road,road,nearest,38.8
64475,Roper's Meadow 14,Indian Reserve,51.7831581,-122.1513319,476,5941,cariboo,Cariboo,cariboo,Cariboo,williams-lake,Williams Lake & Area,Williams Lake,FALSE,road,road,nearest,38.5
64479,Sampson's Meadow 11,Indian Reserve,51.7998265,-122.0179947,476,5941,cariboo,Cariboo,cariboo,Cariboo,williams-lake,Williams Lake & Area,Williams Lake,FALSE,road,road,nearest,37.6
64480,Sampson's Meadow 11A,Indian Reserve,51.7998266,-122.0013274,476,5941,cariboo,Cariboo,cariboo,Cariboo,williams-lake,Williams Lake & Area,Williams Lake,FALSE,road,road,nearest,37.8
19737,Soda Creek,Community,52.3505843,-122.2956072,476,5941,cariboo,Cariboo,cariboo,Cariboo,williams-lake,Williams Lake & Area,Williams Lake,FALSE,road,road,nearest,26.8
31604,Springhouse,Community,51.9621840,-122.1432085,476,5941,cariboo,Cariboo,cariboo,Cariboo,williams-lake,Williams Lake & Area,Williams Lake,FALSE,road,road,nearest,18.6
5030,Big Lake Ranch,Locality,52.4165006,-121.8513408,474,5941,cariboo,Cariboo,cariboo,Cariboo,williams-lake,Williams Lake & Area,Williams Lake,FALSE,road,road,nearest,37.5
38728,Pine Valley,Community,52.1759529,-122.0851878,471,5941,cariboo,Cariboo,cariboo,Cariboo,williams-lake,Williams Lake & Area,Williams Lake,FALSE,road,road,nearest,6.4
28279,Becher House,Locality,51.9498220,-122.5180157,447,5941,cariboo,Cariboo,cariboo,Cariboo,williams-lake,Williams Lake & Area,Williams Lake,FALSE,road,road,nearest,32.7
64643,Big Joe's Meadow 7,Indian Reserve,52.4331586,-122.6180338,447,5941,cariboo,Cariboo,cariboo,Cariboo,williams-lake,Williams Lake & Area,Williams Lake,FALSE,road,road,nearest,46.9
38555,Chilcotin Forest,Community,52.1164896,-122.5680224,447,5941,cariboo,Cariboo,cariboo,Cariboo,williams-lake,Williams Lake & Area,Williams Lake,FALSE,road,road,nearest,29.3
65125,Chimney Creek 5,Indian Reserve,52.0664924,-122.2846781,447,5941,cariboo,Cariboo,cariboo,Cariboo,williams-lake,Williams Lake & Area,Williams Lake,FALSE,road,road,nearest,12.1
64640,Freddie's Meadow 8,Indian Reserve,52.4831593,-122.6013681,447,5941,cariboo,Cariboo,cariboo,Cariboo,williams-lake,Williams Lake & Area,Williams Lake,FALSE,road,road,nearest,50.3
28559,Gang Ranch,Community,51.5498208,-122.3346645,447,5941,cariboo,Cariboo,cariboo,Cariboo,williams-lake,Williams Lake & Area,Williams Lake,FALSE,road,road,nearest,65.8
64669,McKay Meadow 4,Indian Reserve,52.4998259,-122.6180358,447,5941,cariboo,Cariboo,cariboo,Cariboo,williams-lake,Williams Lake & Area,Williams Lake,FALSE,road,road,nearest,52.5
21648,Meldrum Creek,Locality,52.0998255,-122.3346808,447,5941,cariboo,Cariboo,cariboo,Cariboo,williams-lake,Williams Lake & Area,Williams Lake,FALSE,road,road,nearest,13.7
64642,Necausley Creek 6,Indian Reserve,52.4831591,-122.6180353,447,5941,cariboo,Cariboo,cariboo,Cariboo,williams-lake,Williams Lake & Area,Williams Lake,FALSE,road,road,nearest,51.0
30728,Riske Creek,Community,51.9582951,-122.5166699,447,5941,cariboo,Cariboo,cariboo,Cariboo,williams-lake,Williams Lake & Area,Williams Lake,FALSE,road,road,nearest,32.0
65113,Toosey 1A,Indian Reserve,51.9164882,-122.5346819,447,5941,cariboo,Cariboo,cariboo,Cariboo,williams-lake,Williams Lake & Area,Williams Lake,FALSE,road,road,nearest,35.9
65115,Toosey 3,Indian Reserve,51.8831567,-122.3513415,447,5941,cariboo,Cariboo,cariboo,Cariboo,williams-lake,Williams Lake & Area,Williams Lake,FALSE,road,road,nearest,30.9
64668,Webster Creek 5,Indian Reserve,52.4831587,-122.6513698,447,5941,cariboo,Cariboo,cariboo,Cariboo,williams-lake,Williams Lake & Area,Williams Lake,FALSE,road,road,nearest,52.5
64473,Wycott's Flat 6,Indian Reserve,51.6164882,-122.3179992,447,5941,cariboo,Cariboo,cariboo,Cariboo,williams-lake,Williams Lake & Area,Williams Lake,FALSE,road,road,nearest,58.3
40327,Dugan Lake,Locality,52.1661111,-121.9275000,417,5941,cariboo,Cariboo,cariboo,Cariboo,williams-lake,Williams Lake & Area,Williams Lake,FALSE,road,road,nearest,15.1
65123,James Louie 3A,Indian Reserve,52.1664971,-121.9513366,417,5941,cariboo,Cariboo,cariboo,Cariboo,williams-lake,Williams Lake & Area,Williams Lake,FALSE,road,road,nearest,13.5
65126,San Jose 6,Indian Reserve,52.1331616,-122.1180079,392,5941,cariboo,Cariboo,cariboo,Cariboo,williams-lake,Williams Lake & Area,Williams Lake,FALSE,road,road,nearest,1.6
65121,Asahal Lake 2,Indian Reserve,52.1498295,-122.0180050,391,5941,cariboo,Cariboo,cariboo,Cariboo,williams-lake,Williams Lake & Area,Williams Lake,FALSE,road,road,nearest,8.6
65127,Carpenter Mountain 15,Indian Reserve,52.1831637,-121.9680044,391,5941,cariboo,Cariboo,cariboo,Cariboo,williams-lake,Williams Lake & Area,Williams Lake,FALSE,road,road,nearest,13.2
65122,Five Mile 3,Indian Reserve,52.1652778,-121.9625000,391,5941,cariboo,Cariboo,cariboo,Cariboo,williams-lake,Williams Lake & Area,Williams Lake,FALSE,road,road,nearest,12.8
64645,Alexandria 12,Indian Reserve,52.5164962,-122.3180263,369,5941,cariboo,Cariboo,cariboo,Cariboo,williams-lake,Williams Lake & Area,Williams Lake,FALSE,road,road,nearest,44.7
65124,Tillion 4,Indian Reserve,52.1644444,-122.2716667,369,5941,cariboo,Cariboo,cariboo,Cariboo,williams-lake,Williams Lake & Area,Williams Lake,FALSE,road,road,nearest,9.8
64459,Alkali Lake 1,Indian Reserve,51.7831572,-122.2346680,358,5941,cariboo,Cariboo,cariboo,Cariboo,williams-lake,Williams Lake & Area,Williams Lake,FALSE,road,road,nearest,39.0
41164,Dog Creek,Community,52.1026056,-122.1263406,354,5941,cariboo,Cariboo,cariboo,Cariboo,williams-lake,Williams Lake & Area,Williams Lake,FALSE,road,road,nearest,3.1
8792,Sugarcane,Community,52.1083333,-121.9944444,248,5941,cariboo,Cariboo,cariboo,Cariboo,williams-lake,Williams Lake & Area,Williams Lake,FALSE,road,road,nearest,10.2
65136,Williams Lake 1,Indian Reserve,52.1164961,-122.0013368,248,5941,cariboo,Cariboo,cariboo,Cariboo,williams-lake,Williams Lake & Area,Williams Lake,FALSE,road,road,nearest,9.6
41163,South Lakeside,Community,52.1092072,-122.0964391,233,5941,cariboo,Cariboo,cariboo,Cariboo,williams-lake,Williams Lake & Area,Williams Lake,FALSE,road,road,nearest,3.7
65029,Deep Creek 2,Indian Reserve,52.2623298,-122.0888441,111,5941,cariboo,Cariboo,cariboo,Cariboo,williams-lake,Williams Lake & Area,Williams Lake,FALSE,road,road,nearest,15.2
70045,Tl'esqox,Community,51.9308333,-122.5027778,104,5941,cariboo,Cariboo,cariboo,Cariboo,williams-lake,Williams Lake & Area,Williams Lake,FALSE,road,road,nearest,33.2
65114,Toosey 1,Indian Reserve,51.9192666,-122.4846804,104,5941,cariboo,Cariboo,cariboo,Cariboo,williams-lake,Williams Lake & Area,Williams Lake,FALSE,road,road,nearest,33.2
64506,Dog Creek 1,Indian Reserve,51.5831558,-122.2179949,88,5941,cariboo,Cariboo,cariboo,Cariboo,williams-lake,Williams Lake & Area,Williams Lake,FALSE,road,road,nearest,60.9
65032,Soda Creek 1,Indian Reserve,52.3164949,-122.2680185,30,5941,cariboo,Cariboo,cariboo,Cariboo,williams-lake,Williams Lake & Area,Williams Lake,FALSE,road,road,nearest,22.6
64467,Little Springs 8,Indian Reserve,51.8498261,-122.0846650,20,5941,cariboo,Cariboo,cariboo,Cariboo,williams-lake,Williams Lake & Area,Williams Lake,FALSE,road,road,nearest,31.3
64461,Johny Sticks 2,Indian Reserve,51.8331584,-122.1680006,10,5941,cariboo,Cariboo,cariboo,Cariboo,williams-lake,Williams Lake & Area,Williams Lake,FALSE,road,road,nearest,33.0
64471,Alkali Lake 4A,Indian Reserve,51.8164921,-122.1179985,5,5941,cariboo,Cariboo,cariboo,Cariboo,williams-lake,Williams Lake & Area,Williams Lake,FALSE,road,road,nearest,34.8
65116,Baptiste Meadow 2,Indian Reserve,51.9970442,-122.5555184,0,5941,cariboo,Cariboo,cariboo,Cariboo,williams-lake,Williams Lake & Area,Williams Lake,FALSE,road,road,nearest,32.0
64512,Canoe Creek 3,Indian Reserve,51.5331550,-122.2513279,0,5941,cariboo,Cariboo,cariboo,Cariboo,williams-lake,Williams Lake & Area,Williams Lake,FALSE,road,road,nearest,66.7
64470,Sandy Harry 4,Indian Reserve,51.8164923,-122.1013313,0,5941,cariboo,Cariboo,cariboo,Cariboo,williams-lake,Williams Lake & Area,Williams Lake,FALSE,road,road,nearest,34.9
64460,Swan Lake 3,Indian Reserve,51.8498257,-122.1179995,0,5941,cariboo,Cariboo,cariboo,Cariboo,williams-lake,Williams Lake & Area,Williams Lake,FALSE,road,road,nearest,31.1
2907,Ingenika Mine,Locality,56.6998512,-125.1849450,449,5955,peace-river,Peace River,peace-river,Peace River,williston,Williston & the Rocky Mountain Trench,Tsay Keh Dene,FALSE,remote,road,zone:williston-trench,24.3
65782,Police Meadow 2,Indian Reserve,56.7831912,-124.7849341,449,5955,peace-river,Peace River,peace-river,Peace River,williston,Williston & the Rocky Mountain Trench,Tsay Keh Dene,FALSE,remote,road,zone:williston-trench,15.7
64853,Sucker Lake 2,Indian Reserve,57.3831915,-125.5849894,449,5955,peace-river,Peace River,peace-river,Peace River,williston,Williston & the Rocky Mountain Trench,Tsay Keh Dene,FALSE,remote,road,zone:williston-trench,66.9
64852,Weissener Lake 3,Indian Reserve,57.7331959,-125.7516782,449,5955,peace-river,Peace River,peace-river,Peace River,williston,Williston & the Rocky Mountain Trench,Tsay Keh Dene,FALSE,remote,road,zone:williston-trench,105.6
54738,Fort Ware,Community,57.4283562,-125.6365450,242,5955,peace-river,Peace River,peace-river,Peace River,williston,Williston & the Rocky Mountain Trench,Tsay Keh Dene,FALSE,remote,road,zone:williston-trench,72.8
64854,Fort Ware 1,Indian Reserve,57.4331918,-125.6349935,242,5955,peace-river,Peace River,peace-river,Peace River,williston,Williston & the Rocky Mountain Trench,Tsay Keh Dene,FALSE,remote,road,zone:williston-trench,73.2
41381,Tsay Keh Dene,Locality,56.8831906,-124.9682783,229,5955,peace-river,Peace River,peace-river,Peace River,williston,Williston & the Rocky Mountain Trench,Tsay Keh Dene,TRUE,remote,road,hub,0.0
65818,Ingenika Point,Indian Reserve,56.7831898,-124.8932713,0,5955,peace-river,Peace River,peace-river,Peace River,williston,Williston & the Rocky Mountain Trench,Tsay Keh Dene,FALSE,remote,road,zone:williston-trench,12.0
