dguid,alt_geo_code,geo_level,geo_name_full,geo_name,geo_kind,characteristic,population
2021A000011124,01,Country,Canada,Canada,,"Population, 2021",36991981
2021A000259,59,Province,British Columbia,British Columbia,,"Population, 2021",5000879
2021A00035901,5901,Census division,"East Kootenay, Regional district (RD)",East Kootenay,Regional district (RD),"Population, 2021",65896
2021A00055901003,5901003,Census subdivision,"Elkford, District municipality (DM)",Elkford,District municipality (DM),"Population, 2021",2749
2021S051259010237,59010237,Dissemination area,59010237,59010237,,"Population, 2021",0
2021S051259010238,59010238,Dissemination area,59010238,59010238,,"Population, 2021",494
2021S051259010239,59010239,Dissemination area,59010239,59010239,,"Population, 2021",475
2021S051259010240,59010240,Dissemination area,59010240,59010240,,"Population, 2021",399
2021S051259010241,59010241,Dissemination area,59010241,59010241,,"Population, 2021",658
2021S051259010242,59010242,Dissemination area,59010242,59010242,,"Population, 2021",723
2021S051259010249,59010249,Dissemination area,59010249,59010249,,"Population, 2021",0
2021A00055901006,5901006,Census subdivision,"Sparwood, District municipality (DM)",Sparwood,District municipality (DM),"Population, 2021",4148
2021S051259010216,59010216,Dissemination area,59010216,59010216,,"Population, 2021",0
2021S051259010228,59010228,Dissemination area,59010228,59010228,,"Population, 2021",421
2021S051259010229,59010229,Dissemination area,59010229,59010229,,"Population, 2021",566
2021S051259010230,59010230,Dissemination area,59010230,59010230,,"Population, 2021",460
2021S051259010231,59010231,Dissemination area,59010231,59010231,,"Population, 2021",269
2021S051259010232,59010232,Dissemination area,59010232,59010232,,"Population, 2021",840
2021S051259010233,59010233,Dissemination area,59010233,59010233,,"Population, 2021",795
2021S051259010234,59010234,Dissemination area,59010234,59010234,,"Population, 2021",797
2021S051259010236,59010236,Dissemination area,59010236,59010236,,"Population, 2021",0
2021S051259010247,59010247,Dissemination area,59010247,59010247,,"Population, 2021",0
2021A00055901012,5901012,Census subdivision,"Fernie, City (CY)",Fernie,City (CY),"Population, 2021",6320
2021S051259010217,59010217,Dissemination area,59010217,59010217,,"Population, 2021",482
2021S051259010218,59010218,Dissemination area,59010218,59010218,,"Population, 2021",754
2021S051259010219,59010219,Dissemination area,59010219,59010219,,"Population, 2021",499
2021S051259010220,59010220,Dissemination area,59010220,59010220,,"Population, 2021",583
2021S051259010221,59010221,Dissemination area,59010221,59010221,,"Population, 2021",512
2021S051259010222,59010222,Dissemination area,59010222,59010222,,"Population, 2021",586
2021S051259010223,59010223,Dissemination area,59010223,59010223,,"Population, 2021",651
2021S051259010226,59010226,Dissemination area,59010226,59010226,,"Population, 2021",466
2021S051259010258,59010258,Dissemination area,59010258,59010258,,"Population, 2021",1787
2021A00055901017,5901017,Census subdivision,"East Kootenay A, Regional district electoral area (RDA)",East Kootenay A,Regional district electoral area (RDA),"Population, 2021",1875
2021S051259010227,59010227,Dissemination area,59010227,59010227,,"Population, 2021",524
2021S051259010248,59010248,Dissemination area,59010248,59010248,,"Population, 2021",376
2021S051259010254,59010254,Dissemination area,59010254,59010254,,"Population, 2021",614
2021S051259010256,59010256,Dissemination area,59010256,59010256,,"Population, 2021",361
2021A00055901019,5901019,Census subdivision,"East Kootenay B, Regional district electoral area (RDA)",East Kootenay B,Regional district electoral area (RDA),"Population, 2021",2011
2021S051259010210,59010210,Dissemination area,59010210,59010210,,"Population, 2021",421
2021S051259010211,59010211,Dissemination area,59010211,59010211,,"Population, 2021",461
2021S051259010212,59010212,Dissemination area,59010212,59010212,,"Population, 2021",622
2021S051259010213,59010213,Dissemination area,59010213,59010213,,"Population, 2021",507
2021A00055901022,5901022,Census subdivision,"Cranbrook, City (CY)",Cranbrook,City (CY),"Population, 2021",20499
2021S051259010147,59010147,Dissemination area,59010147,59010147,,"Population, 2021",0
2021S051259010166,59010166,Dissemination area,59010166,59010166,,"Population, 2021",429
2021S051259010167,59010167,Dissemination area,59010167,59010167,,"Population, 2021",492
2021S051259010168,59010168,Dissemination area,59010168,59010168,,"Population, 2021",431
2021S051259010169,59010169,Dissemination area,59010169,59010169,,"Population, 2021",676
2021S051259010170,59010170,Dissemination area,59010170,59010170,,"Population, 2021",443
2021S051259010171,59010171,Dissemination area,59010171,59010171,,"Population, 2021",542
2021S051259010172,59010172,Dissemination area,59010172,59010172,,"Population, 2021",420
2021S051259010173,59010173,Dissemination area,59010173,59010173,,"Population, 2021",380
2021S051259010174,59010174,Dissemination area,59010174,59010174,,"Population, 2021",412
2021S051259010175,59010175,Dissemination area,59010175,59010175,,"Population, 2021",434
2021S051259010176,59010176,Dissemination area,59010176,59010176,,"Population, 2021",999
2021S051259010177,59010177,Dissemination area,59010177,59010177,,"Population, 2021",535
2021S051259010178,59010178,Dissemination area,59010178,59010178,,"Population, 2021",547
2021S051259010179,59010179,Dissemination area,59010179,59010179,,"Population, 2021",433
2021S051259010180,59010180,Dissemination area,59010180,59010180,,"Population, 2021",630
2021S051259010181,59010181,Dissemination area,59010181,59010181,,"Population, 2021",670
2021S051259010183,59010183,Dissemination area,59010183,59010183,,"Population, 2021",488
2021S051259010184,59010184,Dissemination area,59010184,59010184,,"Population, 2021",501
2021S051259010185,59010185,Dissemination area,59010185,59010185,,"Population, 2021",534
2021S051259010186,59010186,Dissemination area,59010186,59010186,,"Population, 2021",520
2021S051259010187,59010187,Dissemination area,59010187,59010187,,"Population, 2021",462
2021S051259010188,59010188,Dissemination area,59010188,59010188,,"Population, 2021",392
2021S051259010189,59010189,Dissemination area,59010189,59010189,,"Population, 2021",346
2021S051259010190,59010190,Dissemination area,59010190,59010190,,"Population, 2021",514
2021S051259010191,59010191,Dissemination area,59010191,59010191,,"Population, 2021",363
2021S051259010192,59010192,Dissemination area,59010192,59010192,,"Population, 2021",476
2021S051259010193,59010193,Dissemination area,59010193,59010193,,"Population, 2021",456
2021S051259010194,59010194,Dissemination area,59010194,59010194,,"Population, 2021",451
2021S051259010195,59010195,Dissemination area,59010195,59010195,,"Population, 2021",416
2021S051259010196,59010196,Dissemination area,59010196,59010196,,"Population, 2021",491
2021S051259010197,59010197,Dissemination area,59010197,59010197,,"Population, 2021",447
2021S051259010198,59010198,Dissemination area,59010198,59010198,,"Population, 2021",527
2021S051259010199,59010199,Dissemination area,59010199,59010199,,"Population, 2021",453
2021S051259010200,59010200,Dissemination area,59010200,59010200,,"Population, 2021",736
2021S051259010202,59010202,Dissemination area,59010202,59010202,,"Population, 2021",1032
2021S051259010207,59010207,Dissemination area,59010207,59010207,,"Population, 2021",939
2021S051259010245,59010245,Dissemination area,59010245,59010245,,"Population, 2021",1482
2021A00055901028,5901028,Census subdivision,"Kimberley, City (CY)",Kimberley,City (CY),"Population, 2021",8115
2021S051259010150,59010150,Dissemination area,59010150,59010150,,"Population, 2021",589
2021S051259010151,59010151,Dissemination area,59010151,59010151,,"Population, 2021",637
2021S051259010152,59010152,Dissemination area,59010152,59010152,,"Population, 2021",620
2021S051259010153,59010153,Dissemination area,59010153,59010153,,"Population, 2021",733
2021S051259010154,59010154,Dissemination area,59010154,59010154,,"Population, 2021",524
2021S051259010155,59010155,Dissemination area,59010155,59010155,,"Population, 2021",518
2021S051259010156,59010156,Dissemination area,59010156,59010156,,"Population, 2021",1551
2021S051259010157,59010157,Dissemination area,59010157,59010157,,"Population, 2021",453
2021S051259010158,59010158,Dissemination area,59010158,59010158,,"Population, 2021",576
2021S051259010159,59010159,Dissemination area,59010159,59010159,,"Population, 2021",538
2021S051259010160,59010160,Dissemination area,59010160,59010160,,"Population, 2021",458
2021S051259010161,59010161,Dissemination area,59010161,59010161,,"Population, 2021",491
2021S051259010162,59010162,Dissemination area,59010162,59010162,,"Population, 2021",427
2021A00055901035,5901035,Census subdivision,"East Kootenay C, Regional district electoral area (RDA)",East Kootenay C,Regional district electoral area (RDA),"Population, 2021",6536
2021S051259010143,59010143,Dissemination area,59010143,59010143,,"Population, 2021",679
2021S051259010145,59010145,Dissemination area,59010145,59010145,,"Population, 2021",0
2021S051259010164,59010164,Dissemination area,59010164,59010164,,"Population, 2021",1129
2021S051259010165,59010165,Dissemination area,59010165,59010165,,"Population, 2021",877
2021S051259010204,59010204,Dissemination area,59010204,59010204,,"Population, 2021",560
2021S051259010205,59010205,Dissemination area,59010205,59010205,,"Population, 2021",550
2021S051259010206,59010206,Dissemination area,59010206,59010206,,"Population, 2021",488
2021S051259010208,59010208,Dissemination area,59010208,59010208,,"Population, 2021",704
2021S051259010209,59010209,Dissemination area,59010209,59010209,,"Population, 2021",460
2021S051259010244,59010244,Dissemination area,59010244,59010244,,"Population, 2021",570
2021S051259010260,59010260,Dissemination area,59010260,59010260,,"Population, 2021",519
2021A00055901037,5901037,Census subdivision,"East Kootenay E, Regional district electoral area (RDA)",East Kootenay E,Regional district electoral area (RDA),"Population, 2021",1686
2021S051259010141,59010141,Dissemination area,59010141,59010141,,"Population, 2021",309
2021S051259010142,59010142,Dissemination area,59010142,59010142,,"Population, 2021",486
2021S051259010149,59010149,Dissemination area,59010149,59010149,,"Population, 2021",514
2021S051259010163,59010163,Dissemination area,59010163,59010163,,"Population, 2021",377
2021A00055901039,5901039,Census subdivision,"Invermere, District municipality (DM)",Invermere,District municipality (DM),"Population, 2021",3917
2021S051259010128,59010128,Dissemination area,59010128,59010128,,"Population, 2021",681
2021S051259010129,59010129,Dissemination area,59010129,59010129,,"Population, 2021",456
2021S051259010130,59010130,Dissemination area,59010130,59010130,,"Population, 2021",708
2021S051259010131,59010131,Dissemination area,59010131,59010131,,"Population, 2021",545
2021S051259010132,59010132,Dissemination area,59010132,59010132,,"Population, 2021",627
2021S051259010133,59010133,Dissemination area,59010133,59010133,,"Population, 2021",900
2021A00055901040,5901040,Census subdivision,"Radium Hot Springs, Village (VL)",Radium Hot Springs,Village (VL),"Population, 2021",1339
2021S051259010126,59010126,Dissemination area,59010126,59010126,,"Population, 2021",1339
2021A00055901043,5901043,Census subdivision,"Canal Flats, Village (VL)",Canal Flats,Village (VL),"Population, 2021",802
2021S051259010139,59010139,Dissemination area,59010139,59010139,,"Population, 2021",802
2021A00055901046,5901046,Census subdivision,"East Kootenay F, Regional district electoral area (RDA)",East Kootenay F,Regional district electoral area (RDA),"Population, 2021",3521
2021S051259010135,59010135,Dissemination area,59010135,59010135,,"Population, 2021",514
2021S051259010137,59010137,Dissemination area,59010137,59010137,,"Population, 2021",696
2021S051259010140,59010140,Dissemination area,59010140,59010140,,"Population, 2021",587
2021S051259010269,59010269,Dissemination area,59010269,59010269,,"Population, 2021",878
2021S051259010270,59010270,Dissemination area,59010270,59010270,,"Population, 2021",846
2021A00055901048,5901048,Census subdivision,"East Kootenay G, Regional district electoral area (RDA)",East Kootenay G,Regional district electoral area (RDA),"Population, 2021",1654
2021S051259010124,59010124,Dissemination area,59010124,59010124,,"Population, 2021",579
2021S051259010125,59010125,Dissemination area,59010125,59010125,,"Population, 2021",473
2021S051259010265,59010265,Dissemination area,59010265,59010265,,"Population, 2021",602
2021A00055901801,5901801,Census subdivision,"Tobacco Plains 2, Indian reserve (IRI)",Tobacco Plains 2,Indian reserve (IRI),"Population, 2021",96
2021S051259010214,59010214,Dissemination area,59010214,59010214,,"Population, 2021",96
2021A00055901802,5901802,Census subdivision,"Isidore's Ranch 4, Indian reserve (IRI)",Isidore's Ranch 4,Indian reserve (IRI),"Population, 2021",0
2021S051259010144,59010144,Dissemination area,59010144,59010144,,"Population, 2021",0
2021A00055901803,5901803,Census subdivision,"Kootenay 1, Indian reserve (IRI)",Kootenay 1,Indian reserve (IRI),"Population, 2021",145
2021S051259010146,59010146,Dissemination area,59010146,59010146,,"Population, 2021",145
2021A00055901804,5901804,Census subdivision,"Columbia Lake 3, Indian reserve (IRI)",Columbia Lake 3,Indian reserve (IRI),"Population, 2021",149
2021S051259010136,59010136,Dissemination area,59010136,59010136,,"Population, 2021",149
2021A00055901805,5901805,Census subdivision,"Cassimayooks (Mayook) 5, Indian reserve (IRI)",Cassimayooks (Mayook) 5,Indian reserve (IRI),"Population, 2021",5
2021S051259010203,59010203,Dissemination area,59010203,59010203,,"Population, 2021",5
2021A00055901806,5901806,Census subdivision,"Shuswap, Indian reserve (IRI)",Shuswap,Indian reserve (IRI),"Population, 2021",319
2021S051259010268,59010268,Dissemination area,59010268,59010268,,"Population, 2021",319
2021A00055901808,5901808,Census subdivision,"St. Mary's, Indian reserve (IRI)",St. Mary's,Indian reserve (IRI),"Population, 2021",10
2021S051259010259,59010259,Dissemination area,59010259,59010259,,"Population, 2021",10
2021A00035903,5903,Census division,"Central Kootenay, Regional district (RD)",Central Kootenay,Regional district (RD),"Population, 2021",62509
2021A00055903004,5903004,Census subdivision,"Creston, Town (T)",Creston,Town (T),"Population, 2021",5583
2021S051259030209,59030209,Dissemination area,59030209,59030209,,"Population, 2021",559
2021S051259030210,59030210,Dissemination area,59030210,59030210,,"Population, 2021",585
2021S051259030211,59030211,Dissemination area,59030211,59030211,,"Population, 2021",483
2021S051259030212,59030212,Dissemination area,59030212,59030212,,"Population, 2021",540
2021S051259030213,59030213,Dissemination area,59030213,59030213,,"Population, 2021",948
2021S051259030214,59030214,Dissemination area,59030214,59030214,,"Population, 2021",402
2021S051259030215,59030215,Dissemination area,59030215,59030215,,"Population, 2021",698
2021S051259030216,59030216,Dissemination area,59030216,59030216,,"Population, 2021",535
2021S051259030217,59030217,Dissemination area,59030217,59030217,,"Population, 2021",651
2021S051259030249,59030249,Dissemination area,59030249,59030249,,"Population, 2021",182
2021A00055903010,5903010,Census subdivision,"Central Kootenay A, Regional district electoral area (RDA)",Central Kootenay A,Regional district electoral area (RDA),"Population, 2021",2241
2021S051259030226,59030226,Dissemination area,59030226,59030226,,"Population, 2021",585
2021S051259030237,59030237,Dissemination area,59030237,59030237,,"Population, 2021",454
2021S051259030254,59030254,Dissemination area,59030254,59030254,,"Population, 2021",607
2021S051259030255,59030255,Dissemination area,59030255,59030255,,"Population, 2021",595
2021A00055903011,5903011,Census subdivision,"Salmo, Village (VL)",Salmo,Village (VL),"Population, 2021",1140
2021S051259030200,59030200,Dissemination area,59030200,59030200,,"Population, 2021",595
2021S051259030201,59030201,Dissemination area,59030201,59030201,,"Population, 2021",545
2021A00055903013,5903013,Census subdivision,"Central Kootenay B, Regional district electoral area (RDA)",Central Kootenay B,Regional district electoral area (RDA),"Population, 2021",4802
2021S051259030207,59030207,Dissemination area,59030207,59030207,,"Population, 2021",535
2021S051259030208,59030208,Dissemination area,59030208,59030208,,"Population, 2021",597
2021S051259030220,59030220,Dissemination area,59030220,59030220,,"Population, 2021",654
2021S051259030221,59030221,Dissemination area,59030221,59030221,,"Population, 2021",384
2021S051259030222,59030222,Dissemination area,59030222,59030222,,"Population, 2021",928
2021S051259030223,59030223,Dissemination area,59030223,59030223,,"Population, 2021",641
2021S051259030224,59030224,Dissemination area,59030224,59030224,,"Population, 2021",576
2021S051259030225,59030225,Dissemination area,59030225,59030225,,"Population, 2021",487
2021A00055903015,5903015,Census subdivision,"Nelson, City (CY)",Nelson,City (CY),"Population, 2021",11106
2021S051259030144,59030144,Dissemination area,59030144,59030144,,"Population, 2021",720
2021S051259030145,59030145,Dissemination area,59030145,59030145,,"Population, 2021",817
2021S051259030146,59030146,Dissemination area,59030146,59030146,,"Population, 2021",542
2021S051259030147,59030147,Dissemination area,59030147,59030147,,"Population, 2021",576
2021S051259030148,59030148,Dissemination area,59030148,59030148,,"Population, 2021",483
2021S051259030149,59030149,Dissemination area,59030149,59030149,,"Population, 2021",489
2021S051259030150,59030150,Dissemination area,59030150,59030150,,"Population, 2021",525
2021S051259030151,59030151,Dissemination area,59030151,59030151,,"Population, 2021",568
2021S051259030152,59030152,Dissemination area,59030152,59030152,,"Population, 2021",513
2021S051259030153,59030153,Dissemination area,59030153,59030153,,"Population, 2021",560
2021S051259030154,59030154,Dissemination area,59030154,59030154,,"Population, 2021",531
2021S051259030155,59030155,Dissemination area,59030155,59030155,,"Population, 2021",480
2021S051259030156,59030156,Dissemination area,59030156,59030156,,"Population, 2021",815
2021S051259030157,59030157,Dissemination area,59030157,59030157,,"Population, 2021",700
2021S051259030158,59030158,Dissemination area,59030158,59030158,,"Population, 2021",610
2021S051259030160,59030160,Dissemination area,59030160,59030160,,"Population, 2021",590
2021S051259030161,59030161,Dissemination area,59030161,59030161,,"Population, 2021",479
2021S051259030162,59030162,Dissemination area,59030162,59030162,,"Population, 2021",583
2021S051259030164,59030164,Dissemination area,59030164,59030164,,"Population, 2021",525
2021S051259030168,59030168,Dissemination area,59030168,59030168,,"Population, 2021",0
2021A00055903017,5903017,Census subdivision,"Central Kootenay C, Regional district electoral area (RDA)",Central Kootenay C,Regional district electoral area (RDA),"Population, 2021",1475
2021S051259030204,59030204,Dissemination area,59030204,59030204,,"Population, 2021",493
2021S051259030205,59030205,Dissemination area,59030205,59030205,,"Population, 2021",576
2021S051259030247,59030247,Dissemination area,59030247,59030247,,"Population, 2021",406
2021A00055903019,5903019,Census subdivision,"Slocan, Village (VL)",Slocan,Village (VL),"Population, 2021",379
2021S051259030138,59030138,Dissemination area,59030138,59030138,,"Population, 2021",379
2021A00055903023,5903023,Census subdivision,"Kaslo, Village (VL)",Kaslo,Village (VL),"Population, 2021",1049
2021S051259030239,59030239,Dissemination area,59030239,59030239,,"Population, 2021",577
2021S051259030246,59030246,Dissemination area,59030246,59030246,,"Population, 2021",472
2021A00055903027,5903027,Census subdivision,"Silverton, Village (VL)",Silverton,Village (VL),"Population, 2021",149
2021S051259030136,59030136,Dissemination area,59030136,59030136,,"Population, 2021",149
2021A00055903032,5903032,Census subdivision,"New Denver, Village (VL)",New Denver,Village (VL),"Population, 2021",487
2021S051259030135,59030135,Dissemination area,59030135,59030135,,"Population, 2021",487
2021A00055903039,5903039,Census subdivision,"Central Kootenay D, Regional district electoral area (RDA)",Central Kootenay D,Regional district electoral area (RDA),"Population, 2021",1462
2021S051259030238,59030238,Dissemination area,59030238,59030238,,"Population, 2021",508
2021S051259030241,59030241,Dissemination area,59030241,59030241,,"Population, 2021",485
2021S051259030244,59030244,Dissemination area,59030244,59030244,,"Population, 2021",469
2021A00055903041,5903041,Census subdivision,"Central Kootenay E, Regional district electoral area (RDA)",Central Kootenay E,Regional district electoral area (RDA),"Population, 2021",3897
2021S051259030159,59030159,Dissemination area,59030159,59030159,,"Population, 2021",453
2021S051259030163,59030163,Dissemination area,59030163,59030163,,"Population, 2021",826
2021S051259030167,59030167,Dissemination area,59030167,59030167,,"Population, 2021",636
2021S051259030229,59030229,Dissemination area,59030229,59030229,,"Population, 2021",452
2021S051259030230,59030230,Dissemination area,59030230,59030230,,"Population, 2021",530
2021S051259030231,59030231,Dissemination area,59030231,59030231,,"Population, 2021",528
2021S051259030232,59030232,Dissemination area,59030232,59030232,,"Population, 2021",472
2021A00055903043,5903043,Census subdivision,"Central Kootenay F, Regional district electoral area (RDA)",Central Kootenay F,Regional district electoral area (RDA),"Population, 2021",4116
2021S051259030142,59030142,Dissemination area,59030142,59030142,,"Population, 2021",437
2021S051259030143,59030143,Dissemination area,59030143,59030143,,"Population, 2021",503
2021S051259030165,59030165,Dissemination area,59030165,59030165,,"Population, 2021",382
2021S051259030166,59030166,Dissemination area,59030166,59030166,,"Population, 2021",731
2021S051259030169,59030169,Dissemination area,59030169,59030169,,"Population, 2021",592
2021S051259030233,59030233,Dissemination area,59030233,59030233,,"Population, 2021",522
2021S051259030234,59030234,Dissemination area,59030234,59030234,,"Population, 2021",376
2021S051259030235,59030235,Dissemination area,59030235,59030235,,"Population, 2021",573
2021A00055903045,5903045,Census subdivision,"Castlegar, City (CY)",Castlegar,City (CY),"Population, 2021",8338
2021S051259030178,59030178,Dissemination area,59030178,59030178,,"Population, 2021",741
2021S051259030180,59030180,Dissemination area,59030180,59030180,,"Population, 2021",432
2021S051259030181,59030181,Dissemination area,59030181,59030181,,"Population, 2021",475
2021S051259030182,59030182,Dissemination area,59030182,59030182,,"Population, 2021",448
2021S051259030183,59030183,Dissemination area,59030183,59030183,,"Population, 2021",609
2021S051259030184,59030184,Dissemination area,59030184,59030184,,"Population, 2021",411
2021S051259030185,59030185,Dissemination area,59030185,59030185,,"Population, 2021",471
2021S051259030189,59030189,Dissemination area,59030189,59030189,,"Population, 2021",504
2021S051259030190,59030190,Dissemination area,59030190,59030190,,"Population, 2021",470
2021S051259030191,59030191,Dissemination area,59030191,59030191,,"Population, 2021",716
2021S051259030192,59030192,Dissemination area,59030192,59030192,,"Population, 2021",823
2021S051259030193,59030193,Dissemination area,59030193,59030193,,"Population, 2021",943
2021S051259030196,59030196,Dissemination area,59030196,59030196,,"Population, 2021",0
2021S051259030197,59030197,Dissemination area,59030197,59030197,,"Population, 2021",783
2021S051259030198,59030198,Dissemination area,59030198,59030198,,"Population, 2021",512
2021A00055903047,5903047,Census subdivision,"Central Kootenay G, Regional district electoral area (RDA)",Central Kootenay G,Regional district electoral area (RDA),"Population, 2021",1650
2021S051259030199,59030199,Dissemination area,59030199,59030199,,"Population, 2021",621
2021S051259030202,59030202,Dissemination area,59030202,59030202,,"Population, 2021",564
2021S051259030203,59030203,Dissemination area,59030203,59030203,,"Population, 2021",465
2021A00055903050,5903050,Census subdivision,"Nakusp, Village (VL)",Nakusp,Village (VL),"Population, 2021",1589
2021S051259030129,59030129,Dissemination area,59030129,59030129,,"Population, 2021",432
2021S051259030130,59030130,Dissemination area,59030130,59030130,,"Population, 2021",468
2021S051259030131,59030131,Dissemination area,59030131,59030131,,"Population, 2021",689
2021S051259030133,59030133,Dissemination area,59030133,59030133,,"Population, 2021",0
2021A00055903052,5903052,Census subdivision,"Central Kootenay H, Regional district electoral area (RDA)",Central Kootenay H,Regional district electoral area (RDA),"Population, 2021",5045
2021S051259030134,59030134,Dissemination area,59030134,59030134,,"Population, 2021",498
2021S051259030137,59030137,Dissemination area,59030137,59030137,,"Population, 2021",646
2021S051259030139,59030139,Dissemination area,59030139,59030139,,"Population, 2021",570
2021S051259030140,59030140,Dissemination area,59030140,59030140,,"Population, 2021",464
2021S051259030141,59030141,Dissemination area,59030141,59030141,,"Population, 2021",580
2021S051259030170,59030170,Dissemination area,59030170,59030170,,"Population, 2021",670
2021S051259030173,59030173,Dissemination area,59030173,59030173,,"Population, 2021",414
2021S051259030174,59030174,Dissemination area,59030174,59030174,,"Population, 2021",424
2021S051259030175,59030175,Dissemination area,59030175,59030175,,"Population, 2021",779
2021A00055903056,5903056,Census subdivision,"Central Kootenay I, Regional district electoral area (RDA)",Central Kootenay I,Regional district electoral area (RDA),"Population, 2021",2607
2021S051259030171,59030171,Dissemination area,59030171,59030171,,"Population, 2021",433
2021S051259030172,59030172,Dissemination area,59030172,59030172,,"Population, 2021",839
2021S051259030176,59030176,Dissemination area,59030176,59030176,,"Population, 2021",863
2021S051259030177,59030177,Dissemination area,59030177,59030177,,"Population, 2021",472
2021A00055903058,5903058,Census subdivision,"Central Kootenay J, Regional district electoral area (RDA)",Central Kootenay J,Regional district electoral area (RDA),"Population, 2021",3517
2021S051259030179,59030179,Dissemination area,59030179,59030179,,"Population, 2021",128
2021S051259030186,59030186,Dissemination area,59030186,59030186,,"Population, 2021",437
2021S051259030187,59030187,Dissemination area,59030187,59030187,,"Population, 2021",888
2021S051259030188,59030188,Dissemination area,59030188,59030188,,"Population, 2021",601
2021S051259030194,59030194,Dissemination area,59030194,59030194,,"Population, 2021",706
2021S051259030195,59030195,Dissemination area,59030195,59030195,,"Population, 2021",757
2021A00055903060,5903060,Census subdivision,"Central Kootenay K, Regional district electoral area (RDA)",Central Kootenay K,Regional district electoral area (RDA),"Population, 2021",1784
2021S051259030128,59030128,Dissemination area,59030128,59030128,,"Population, 2021",539
2021S051259030132,59030132,Dissemination area,59030132,59030132,,"Population, 2021",442
2021S051259030242,59030242,Dissemination area,59030242,59030242,,"Population, 2021",381
2021S051259030243,59030243,Dissemination area,59030243,59030243,,"Population, 2021",422
2021A00055903807,5903807,Census subdivision,"Creston 1, Indian reserve (IRI)",Creston 1,Indian reserve (IRI),"Population, 2021",93
2021S051259030206,59030206,Dissemination area,59030206,59030206,,"Population, 2021",93
2021A00035905,5905,Census division,"Kootenay Boundary, Regional district (RD)",Kootenay Boundary,Regional district (RD),"Population, 2021",33152
2021A00055905005,5905005,Census subdivision,"Fruitvale, Village (VL)",Fruitvale,Village (VL),"Population, 2021",1958
2021S051259050108,59050108,Dissemination area,59050108,59050108,,"Population, 2021",484
2021S051259050111,59050111,Dissemination area,59050111,59050111,,"Population, 2021",528
2021S051259050115,59050115,Dissemination area,59050115,59050115,,"Population, 2021",946
2021A00055905009,5905009,Census subdivision,"Montrose, Village (VL)",Montrose,Village (VL),"Population, 2021",1013
2021S051259050102,59050102,Dissemination area,59050102,59050102,,"Population, 2021",472
2021S051259050103,59050103,Dissemination area,59050103,59050103,,"Population, 2021",541
2021A00055905014,5905014,Census subdivision,"Trail, City (CY)",Trail,City (CY),"Population, 2021",7920
2021S051259050090,59050090,Dissemination area,59050090,59050090,,"Population, 2021",656
2021S051259050091,59050091,Dissemination area,59050091,59050091,,"Population, 2021",487
2021S051259050092,59050092,Dissemination area,59050092,59050092,,"Population, 2021",564
2021S051259050093,59050093,Dissemination area,59050093,59050093,,"Population, 2021",688
2021S051259050094,59050094,Dissemination area,59050094,59050094,,"Population, 2021",553
2021S051259050095,59050095,Dissemination area,59050095,59050095,,"Population, 2021",482
2021S051259050096,59050096,Dissemination area,59050096,59050096,,"Population, 2021",862
2021S051259050097,59050097,Dissemination area,59050097,59050097,,"Population, 2021",670
2021S051259050098,59050098,Dissemination area,59050098,59050098,,"Population, 2021",732
2021S051259050099,59050099,Dissemination area,59050099,59050099,,"Population, 2021",621
2021S051259050100,59050100,Dissemination area,59050100,59050100,,"Population, 2021",998
2021S051259050105,59050105,Dissemination area,59050105,59050105,,"Population, 2021",607
2021A00055905018,5905018,Census subdivision,"Warfield, Village (VL)",Warfield,Village (VL),"Population, 2021",1753
2021S051259050087,59050087,Dissemination area,59050087,59050087,,"Population, 2021",720
2021S051259050088,59050088,Dissemination area,59050088,59050088,,"Population, 2021",379
2021S051259050089,59050089,Dissemination area,59050089,59050089,,"Population, 2021",654
2021A00055905023,5905023,Census subdivision,"Rossland, City (CY)",Rossland,City (CY),"Population, 2021",4140
2021S051259050081,59050081,Dissemination area,59050081,59050081,,"Population, 2021",825
2021S051259050082,59050082,Dissemination area,59050082,59050082,,"Population, 2021",670
2021S051259050083,59050083,Dissemination area,59050083,59050083,,"Population, 2021",597
2021S051259050084,59050084,Dissemination area,59050084,59050084,,"Population, 2021",646
2021S051259050085,59050085,Dissemination area,59050085,59050085,,"Population, 2021",530
2021S051259050086,59050086,Dissemination area,59050086,59050086,,"Population, 2021",872
2021A00055905026,5905026,Census subdivision,"Kootenay Boundary A, Regional district electoral area (RDA)",Kootenay Boundary A,Regional district electoral area (RDA),"Population, 2021",1624
2021S051259050101,59050101,Dissemination area,59050101,59050101,,"Population, 2021",403
2021S051259050109,59050109,Dissemination area,59050109,59050109,,"Population, 2021",351
2021S051259050110,59050110,Dissemination area,59050110,59050110,,"Population, 2021",434
2021S051259050118,59050118,Dissemination area,59050118,59050118,,"Population, 2021",436
2021A00055905030,5905030,Census subdivision,"Kootenay Boundary B / Lower Columbia-Old-Glory, Regional district electoral area (RDA)",Kootenay Boundary B / Lower Columbia-Old-Glory,Regional district electoral area (RDA),"Population, 2021",1422
2021S051259050080,59050080,Dissemination area,59050080,59050080,,"Population, 2021",688
2021S051259050106,59050106,Dissemination area,59050106,59050106,,"Population, 2021",734
2021A00055905032,5905032,Census subdivision,"Grand Forks, City (CY)",Grand Forks,City (CY),"Population, 2021",4112
2021S051259050067,59050067,Dissemination area,59050067,59050067,,"Population, 2021",559
2021S051259050068,59050068,Dissemination area,59050068,59050068,,"Population, 2021",719
2021S051259050069,59050069,Dissemination area,59050069,59050069,,"Population, 2021",537
2021S051259050070,59050070,Dissemination area,59050070,59050070,,"Population, 2021",657
2021S051259050071,59050071,Dissemination area,59050071,59050071,,"Population, 2021",495
2021S051259050072,59050072,Dissemination area,59050072,59050072,,"Population, 2021",423
2021S051259050073,59050073,Dissemination area,59050073,59050073,,"Population, 2021",722
2021A00055905037,5905037,Census subdivision,"Midway, Village (VL)",Midway,Village (VL),"Population, 2021",651
2021S051259050112,59050112,Dissemination area,59050112,59050112,,"Population, 2021",651
2021A00055905042,5905042,Census subdivision,"Greenwood, City (CY)",Greenwood,City (CY),"Population, 2021",702
2021S051259050064,59050064,Dissemination area,59050064,59050064,,"Population, 2021",702
2021A00055905050,5905050,Census subdivision,"Kootenay Boundary C / Christina Lake, Regional district electoral area (RDA)",Kootenay Boundary C / Christina Lake,Regional district electoral area (RDA),"Population, 2021",1627
2021S051259050076,59050076,Dissemination area,59050076,59050076,,"Population, 2021",572
2021S051259050077,59050077,Dissemination area,59050077,59050077,,"Population, 2021",518
2021S051259050078,59050078,Dissemination area,59050078,59050078,,"Population, 2021",537
2021A00055905052,5905052,Census subdivision,"Kootenay Boundary D / Rural Grand Forks, Regional district electoral area (RDA)",Kootenay Boundary D / Rural Grand Forks,Regional district electoral area (RDA),"Population, 2021",3226
2021S051259050065,59050065,Dissemination area,59050065,59050065,,"Population, 2021",600
2021S051259050066,59050066,Dissemination area,59050066,59050066,,"Population, 2021",605
2021S051259050074,59050074,Dissemination area,59050074,59050074,,"Population, 2021",717
2021S051259050075,59050075,Dissemination area,59050075,59050075,,"Population, 2021",708
2021S051259050079,59050079,Dissemination area,59050079,59050079,,"Population, 2021",596
2021A00055905054,5905054,Census subdivision,"Kootenay Boundary E / West Boundary, Regional district electoral area (RDA)",Kootenay Boundary E / West Boundary,Regional district electoral area (RDA),"Population, 2021",3004
2021S051259050062,59050062,Dissemination area,59050062,59050062,,"Population, 2021",1316
2021S051259050063,59050063,Dissemination area,59050063,59050063,,"Population, 2021",616
2021S051259050113,59050113,Dissemination area,59050113,59050113,,"Population, 2021",767
2021S051259050114,59050114,Dissemination area,59050114,59050114,,"Population, 2021",305
2021A00035907,5907,Census division,"Okanagan-Similkameen, Regional district (RD)",Okanagan-Similkameen,Regional district (RD),"Population, 2021",90178
2021A00055907005,5907005,Census subdivision,"Osoyoos, Town (T)",Osoyoos,Town (T),"Population, 2021",5556
2021S051259070284,59070284,Dissemination area,59070284,59070284,,"Population, 2021",509
2021S051259070285,59070285,Dissemination area,59070285,59070285,,"Population, 2021",356
2021S051259070286,59070286,Dissemination area,59070286,59070286,,"Population, 2021",846
2021S051259070287,59070287,Dissemination area,59070287,59070287,,"Population, 2021",298
2021S051259070288,59070288,Dissemination area,59070288,59070288,,"Population, 2021",691
2021S051259070291,59070291,Dissemination area,59070291,59070291,,"Population, 2021",633
2021S051259070292,59070292,Dissemination area,59070292,59070292,,"Population, 2021",568
2021S051259070293,59070293,Dissemination area,59070293,59070293,,"Population, 2021",728
2021S051259070294,59070294,Dissemination area,59070294,59070294,,"Population, 2021",927
2021A00055907009,5907009,Census subdivision,"Keremeos, Village (VL)",Keremeos,Village (VL),"Population, 2021",1608
2021S051259070153,59070153,Dissemination area,59070153,59070153,,"Population, 2021",735
2021S051259070154,59070154,Dissemination area,59070154,59070154,,"Population, 2021",873
2021A00055907014,5907014,Census subdivision,"Oliver, Town (T)",Oliver,Town (T),"Population, 2021",5094
2021S051259070162,59070162,Dissemination area,59070162,59070162,,"Population, 2021",631
2021S051259070163,59070163,Dissemination area,59070163,59070163,,"Population, 2021",538
2021S051259070164,59070164,Dissemination area,59070164,59070164,,"Population, 2021",521
2021S051259070165,59070165,Dissemination area,59070165,59070165,,"Population, 2021",695
2021S051259070166,59070166,Dissemination area,59070166,59070166,,"Population, 2021",825
2021S051259070167,59070167,Dissemination area,59070167,59070167,,"Population, 2021",596
2021S051259070168,59070168,Dissemination area,59070168,59070168,,"Population, 2021",465
2021S051259070169,59070169,Dissemination area,59070169,59070169,,"Population, 2021",823
2021A00055907022,5907022,Census subdivision,"Okanagan-Similkameen A, Regional district electoral area (RDA)",Okanagan-Similkameen A,Regional district electoral area (RDA),"Population, 2021",2139
2021S051259070282,59070282,Dissemination area,59070282,59070282,,"Population, 2021",398
2021S051259070283,59070283,Dissemination area,59070283,59070283,,"Population, 2021",488
2021S051259070289,59070289,Dissemination area,59070289,59070289,,"Population, 2021",419
2021S051259070290,59070290,Dissemination area,59070290,59070290,,"Population, 2021",834
2021A00055907024,5907024,Census subdivision,"Princeton, Town (T)",Princeton,Town (T),"Population, 2021",2894
2021S051259070137,59070137,Dissemination area,59070137,59070137,,"Population, 2021",412
2021S051259070138,59070138,Dissemination area,59070138,59070138,,"Population, 2021",15
2021S051259070139,59070139,Dissemination area,59070139,59070139,,"Population, 2021",373
2021S051259070140,59070140,Dissemination area,59070140,59070140,,"Population, 2021",887
2021S051259070141,59070141,Dissemination area,59070141,59070141,,"Population, 2021",519
2021S051259070142,59070142,Dissemination area,59070142,59070142,,"Population, 2021",688
2021S051259070144,59070144,Dissemination area,59070144,59070144,,"Population, 2021",0
2021S051259070301,59070301,Dissemination area,59070301,59070301,,"Population, 2021",0
2021A00055907026,5907026,Census subdivision,"Okanagan-Similkameen B, Regional district electoral area (RDA)",Okanagan-Similkameen B,Regional district electoral area (RDA),"Population, 2021",1151
2021S051259070155,59070155,Dissemination area,59070155,59070155,,"Population, 2021",459
2021S051259070157,59070157,Dissemination area,59070157,59070157,,"Population, 2021",692
2021A00055907028,5907028,Census subdivision,"Okanagan-Similkameen C, Regional district electoral area (RDA)",Okanagan-Similkameen C,Regional district electoral area (RDA),"Population, 2021",3986
2021S051259070160,59070160,Dissemination area,59070160,59070160,,"Population, 2021",505
2021S051259070161,59070161,Dissemination area,59070161,59070161,,"Population, 2021",439
2021S051259070170,59070170,Dissemination area,59070170,59070170,,"Population, 2021",405
2021S051259070171,59070171,Dissemination area,59070171,59070171,,"Population, 2021",570
2021S051259070277,59070277,Dissemination area,59070277,59070277,,"Population, 2021",798
2021S051259070279,59070279,Dissemination area,59070279,59070279,,"Population, 2021",401
2021S051259070280,59070280,Dissemination area,59070280,59070280,,"Population, 2021",351
2021S051259070281,59070281,Dissemination area,59070281,59070281,,"Population, 2021",517
2021A00055907035,5907035,Census subdivision,"Summerland, District municipality (DM)",Summerland,District municipality (DM),"Population, 2021",12042
2021S051259070183,59070183,Dissemination area,59070183,59070183,,"Population, 2021",670
2021S051259070184,59070184,Dissemination area,59070184,59070184,,"Population, 2021",525
2021S051259070185,59070185,Dissemination area,59070185,59070185,,"Population, 2021",540
2021S051259070186,59070186,Dissemination area,59070186,59070186,,"Population, 2021",567
2021S051259070187,59070187,Dissemination area,59070187,59070187,,"Population, 2021",572
2021S051259070188,59070188,Dissemination area,59070188,59070188,,"Population, 2021",500
2021S051259070189,59070189,Dissemination area,59070189,59070189,,"Population, 2021",547
2021S051259070190,59070190,Dissemination area,59070190,59070190,,"Population, 2021",586
2021S051259070191,59070191,Dissemination area,59070191,59070191,,"Population, 2021",505
2021S051259070192,59070192,Dissemination area,59070192,59070192,,"Population, 2021",626
2021S051259070193,59070193,Dissemination area,59070193,59070193,,"Population, 2021",602
2021S051259070194,59070194,Dissemination area,59070194,59070194,,"Population, 2021",532
2021S051259070195,59070195,Dissemination area,59070195,59070195,,"Population, 2021",513
2021S051259070196,59070196,Dissemination area,59070196,59070196,,"Population, 2021",558
2021S051259070197,59070197,Dissemination area,59070197,59070197,,"Population, 2021",597
2021S051259070198,59070198,Dissemination area,59070198,59070198,,"Population, 2021",565
2021S051259070199,59070199,Dissemination area,59070199,59070199,,"Population, 2021",447
2021S051259070200,59070200,Dissemination area,59070200,59070200,,"Population, 2021",302
2021S051259070201,59070201,Dissemination area,59070201,59070201,,"Population, 2021",449
2021S051259070202,59070202,Dissemination area,59070202,59070202,,"Population, 2021",523
2021S051259070203,59070203,Dissemination area,59070203,59070203,,"Population, 2021",875
2021S051259070204,59070204,Dissemination area,59070204,59070204,,"Population, 2021",441
2021A00055907041,5907041,Census subdivision,"Penticton, City (CY)",Penticton,City (CY),"Population, 2021",36885
2021S051259070208,59070208,Dissemination area,59070208,59070208,,"Population, 2021",397
2021S051259070209,59070209,Dissemination area,59070209,59070209,,"Population, 2021",504
2021S051259070210,59070210,Dissemination area,59070210,59070210,,"Population, 2021",416
2021S051259070211,59070211,Dissemination area,59070211,59070211,,"Population, 2021",440
2021S051259070212,59070212,Dissemination area,59070212,59070212,,"Population, 2021",629
2021S051259070213,59070213,Dissemination area,59070213,59070213,,"Population, 2021",481
2021S051259070214,59070214,Dissemination area,59070214,59070214,,"Population, 2021",1129
2021S051259070215,59070215,Dissemination area,59070215,59070215,,"Population, 2021",596
2021S051259070216,59070216,Dissemination area,59070216,59070216,,"Population, 2021",437
2021S051259070217,59070217,Dissemination area,59070217,59070217,,"Population, 2021",390
2021S051259070218,59070218,Dissemination area,59070218,59070218,,"Population, 2021",496
2021S051259070219,59070219,Dissemination area,59070219,59070219,,"Population, 2021",453
2021S051259070220,59070220,Dissemination area,59070220,59070220,,"Population, 2021",450
2021S051259070221,59070221,Dissemination area,59070221,59070221,,"Population, 2021",495
2021S051259070222,59070222,Dissemination area,59070222,59070222,,"Population, 2021",437
2021S051259070227,59070227,Dissemination area,59070227,59070227,,"Population, 2021",352
2021S051259070228,59070228,Dissemination area,59070228,59070228,,"Population, 2021",1170
2021S051259070229,59070229,Dissemination area,59070229,59070229,,"Population, 2021",1577
2021S051259070230,59070230,Dissemination area,59070230,59070230,,"Population, 2021",370
2021S051259070231,59070231,Dissemination area,59070231,59070231,,"Population, 2021",437
2021S051259070232,59070232,Dissemination area,59070232,59070232,,"Population, 2021",459
2021S051259070233,59070233,Dissemination area,59070233,59070233,,"Population, 2021",440
2021S051259070234,59070234,Dissemination area,59070234,59070234,,"Population, 2021",504
2021S051259070235,59070235,Dissemination area,59070235,59070235,,"Population, 2021",563
2021S051259070236,59070236,Dissemination area,59070236,59070236,,"Population, 2021",593
2021S051259070237,59070237,Dissemination area,59070237,59070237,,"Population, 2021",591
2021S051259070238,59070238,Dissemination area,59070238,59070238,,"Population, 2021",651
2021S051259070239,59070239,Dissemination area,59070239,59070239,,"Population, 2021",455
2021S051259070240,59070240,Dissemination area,59070240,59070240,,"Population, 2021",640
2021S051259070241,59070241,Dissemination area,59070241,59070241,,"Population, 2021",531
2021S051259070242,59070242,Dissemination area,59070242,59070242,,"Population, 2021",1534
2021S051259070243,59070243,Dissemination area,59070243,59070243,,"Population, 2021",509
2021S051259070244,59070244,Dissemination area,59070244,59070244,,"Population, 2021",777
2021S051259070245,59070245,Dissemination area,59070245,59070245,,"Population, 2021",503
2021S051259070246,59070246,Dissemination area,59070246,59070246,,"Population, 2021",616
2021S051259070247,59070247,Dissemination area,59070247,59070247,,"Population, 2021",528
2021S051259070248,59070248,Dissemination area,59070248,59070248,,"Population, 2021",527
2021S051259070249,59070249,Dissemination area,59070249,59070249,,"Population, 2021",702
2021S051259070250,59070250,Dissemination area,59070250,59070250,,"Population, 2021",374
2021S051259070252,59070252,Dissemination area,59070252,59070252,,"Population, 2021",1192
2021S051259070253,59070253,Dissemination area,59070253,59070253,,"Population, 2021",502
2021S051259070254,59070254,Dissemination area,59070254,59070254,,"Population, 2021",481
2021S051259070255,59070255,Dissemination area,59070255,59070255,,"Population, 2021",659
2021S051259070256,59070256,Dissemination area,59070256,59070256,,"Population, 2021",619
2021S051259070257,59070257,Dissemination area,59070257,59070257,,"Population, 2021",601
2021S051259070258,59070258,Dissemination area,59070258,59070258,,"Population, 2021",712
2021S051259070259,59070259,Dissemination area,59070259,59070259,,"Population, 2021",406
2021S051259070260,59070260,Dissemination area,59070260,59070260,,"Population, 2021",1082
2021S051259070261,59070261,Dissemination area,59070261,59070261,,"Population, 2021",219
2021S051259070264,59070264,Dissemination area,59070264,59070264,,"Population, 2021",449
2021S051259070266,59070266,Dissemination area,59070266,59070266,,"Population, 2021",521
2021S051259070267,59070267,Dissemination area,59070267,59070267,,"Population, 2021",822
2021S051259070268,59070268,Dissemination area,59070268,59070268,,"Population, 2021",632
2021S051259070269,59070269,Dissemination area,59070269,59070269,,"Population, 2021",967
2021S051259070270,59070270,Dissemination area,59070270,59070270,,"Population, 2021",542
2021S051259070271,59070271,Dissemination area,59070271,59070271,,"Population, 2021",363
2021S051259070272,59070272,Dissemination area,59070272,59070272,,"Population, 2021",335
2021S051259070273,59070273,Dissemination area,59070273,59070273,,"Population, 2021",566
2021S051259070296,59070296,Dissemination area,59070296,59070296,,"Population, 2021",739
2021S051259070297,59070297,Dissemination area,59070297,59070297,,"Population, 2021",693
2021S051259070298,59070298,Dissemination area,59070298,59070298,,"Population, 2021",630
2021A00055907047,5907047,Census subdivision,"Okanagan-Similkameen D, Regional district electoral area (RDA)",Okanagan-Similkameen D,Regional district electoral area (RDA),"Population, 2021",4016
2021S051259070173,59070173,Dissemination area,59070173,59070173,,"Population, 2021",503
2021S051259070174,59070174,Dissemination area,59070174,59070174,,"Population, 2021",666
2021S051259070175,59070175,Dissemination area,59070175,59070175,,"Population, 2021",454
2021S051259070274,59070274,Dissemination area,59070274,59070274,,"Population, 2021",644
2021S051259070275,59070275,Dissemination area,59070275,59070275,,"Population, 2021",492
2021S051259070276,59070276,Dissemination area,59070276,59070276,,"Population, 2021",386
2021S051259070315,59070315,Dissemination area,59070315,59070315,,"Population, 2021",309
2021S051259070318,59070318,Dissemination area,59070318,59070318,,"Population, 2021",562
2021A00055907048,5907048,Census subdivision,"Okanagan-Similkameen I, Regional district electoral area (RDA)",Okanagan-Similkameen I,Regional district electoral area (RDA),"Population, 2021",2307
2021S051259070178,59070178,Dissemination area,59070178,59070178,,"Population, 2021",618
2021S051259070311,59070311,Dissemination area,59070311,59070311,,"Population, 2021",1031
2021S051259070312,59070312,Dissemination area,59070312,59070312,,"Population, 2021",382
2021S051259070314,59070314,Dissemination area,59070314,59070314,,"Population, 2021",201
2021S051259070316,59070316,Dissemination area,59070316,59070316,,"Population, 2021",75
2021A00055907049,5907049,Census subdivision,"Okanagan-Similkameen E, Regional district electoral area (RDA)",Okanagan-Similkameen E,Regional district electoral area (RDA),"Population, 2021",2015
2021S051259070223,59070223,Dissemination area,59070223,59070223,,"Population, 2021",675
2021S051259070224,59070224,Dissemination area,59070224,59070224,,"Population, 2021",411
2021S051259070225,59070225,Dissemination area,59070225,59070225,,"Population, 2021",492
2021S051259070226,59070226,Dissemination area,59070226,59070226,,"Population, 2021",437
2021A00055907051,5907051,Census subdivision,"Okanagan-Similkameen F, Regional district electoral area (RDA)",Okanagan-Similkameen F,Regional district electoral area (RDA),"Population, 2021",2092
2021S051259070180,59070180,Dissemination area,59070180,59070180,,"Population, 2021",477
2021S051259070181,59070181,Dissemination area,59070181,59070181,,"Population, 2021",817
2021S051259070182,59070182,Dissemination area,59070182,59070182,,"Population, 2021",340
2021S051259070205,59070205,Dissemination area,59070205,59070205,,"Population, 2021",458
2021A00055907053,5907053,Census subdivision,"Okanagan-Similkameen G, Regional district electoral area (RDA)",Okanagan-Similkameen G,Regional district electoral area (RDA),"Population, 2021",2298
2021S051259070146,59070146,Dissemination area,59070146,59070146,,"Population, 2021",409
2021S051259070151,59070151,Dissemination area,59070151,59070151,,"Population, 2021",488
2021S051259070152,59070152,Dissemination area,59070152,59070152,,"Population, 2021",594
2021S051259070309,59070309,Dissemination area,59070309,59070309,,"Population, 2021",807
2021A00055907055,5907055,Census subdivision,"Okanagan-Similkameen H, Regional district electoral area (RDA)",Okanagan-Similkameen H,Regional district electoral area (RDA),"Population, 2021",2232
2021S051259070135,59070135,Dissemination area,59070135,59070135,,"Population, 2021",525
2021S051259070145,59070145,Dissemination area,59070145,59070145,,"Population, 2021",589
2021S051259070302,59070302,Dissemination area,59070302,59070302,,"Population, 2021",674
2021S051259070320,59070320,Dissemination area,59070320,59070320,,"Population, 2021",444
2021A00055907801,5907801,Census subdivision,"Lower Similkameen 2, Indian reserve (IRI)",Lower Similkameen 2,Indian reserve (IRI),"Population, 2021",76
2021S051259070156,59070156,Dissemination area,59070156,59070156,,"Population, 2021",76
2021A00055907802,5907802,Census subdivision,"Osoyoos 1, Indian reserve (IRI)",Osoyoos 1,Indian reserve (IRI),"Population, 2021",1426
2021S051259070303,59070303,Dissemination area,59070303,59070303,,"Population, 2021",1247
2021S051259070304,59070304,Dissemination area,59070304,59070304,,"Population, 2021",179
2021A00055907803,5907803,Census subdivision,"Penticton 1, Indian reserve (IRI)",Penticton 1,Indian reserve (IRI),"Population, 2021",2080
2021S051259070207,59070207,Dissemination area,59070207,59070207,,"Population, 2021",308
2021S051259070251,59070251,Dissemination area,59070251,59070251,,"Population, 2021",83
2021S051259070299,59070299,Dissemination area,59070299,59070299,,"Population, 2021",252
2021S051259070305,59070305,Dissemination area,59070305,59070305,,"Population, 2021",0
2021S051259070306,59070306,Dissemination area,59070306,59070306,,"Population, 2021",201
2021S051259070307,59070307,Dissemination area,59070307,59070307,,"Population, 2021",236
2021S051259070308,59070308,Dissemination area,59070308,59070308,,"Population, 2021",1000
2021A00055907805,5907805,Census subdivision,"Chopaka 7 & 8, Indian reserve (IRI)",Chopaka 7 & 8,Indian reserve (IRI),"Population, 2021",86
2021S051259070158,59070158,Dissemination area,59070158,59070158,,"Population, 2021",86
2021A00055907806,5907806,Census subdivision,"Blind Creek 6, Indian reserve (IRI)",Blind Creek 6,Indian reserve (IRI),"Population, 2021",26
2021S051259070159,59070159,Dissemination area,59070159,59070159,,"Population, 2021",26
2021A00055907807,5907807,Census subdivision,"Chuchuwayha 2, Indian reserve (IRI)",Chuchuwayha 2,Indian reserve (IRI),"Population, 2021",86
2021S051259070147,59070147,Dissemination area,59070147,59070147,,"Population, 2021",86
2021A00055907808,5907808,Census subdivision,"Alexis 9, Indian reserve (IRI)",Alexis 9,Indian reserve (IRI),"Population, 2021",10
2021S051259070150,59070150,Dissemination area,59070150,59070150,,"Population, 2021",10
2021A00055907809,5907809,Census subdivision,"Ashnola 10, Indian reserve (IRI)",Ashnola 10,Indian reserve (IRI),"Population, 2021",58
2021S051259070148,59070148,Dissemination area,59070148,59070148,,"Population, 2021",58
2021A00055907850,5907850,Census subdivision,"Lulu 5, Indian reserve (IRI)",Lulu 5,Indian reserve (IRI),"Population, 2021",15
2021S051259070319,59070319,Dissemination area,59070319,59070319,,"Population, 2021",15
2021A00035909,5909,Census division,"Fraser Valley, Regional district (RD)",Fraser Valley,Regional district (RD),"Population, 2021",324005
2021A00055909009,5909009,Census subdivision,"Hope, District municipality (DM)",Hope,District municipality (DM),"Population, 2021",6686
2021S051259090636,59090636,Dissemination area,59090636,59090636,,"Population, 2021",540
2021S051259090637,59090637,Dissemination area,59090637,59090637,,"Population, 2021",538
2021S051259090638,59090638,Dissemination area,59090638,59090638,,"Population, 2021",523
2021S051259090639,59090639,Dissemination area,59090639,59090639,,"Population, 2021",760
2021S051259090644,59090644,Dissemination area,59090644,59090644,,"Population, 2021",454
2021S051259090645,59090645,Dissemination area,59090645,59090645,,"Population, 2021",422
2021S051259090646,59090646,Dissemination area,59090646,59090646,,"Population, 2021",434
2021S051259090647,59090647,Dissemination area,59090647,59090647,,"Population, 2021",348
2021S051259090648,59090648,Dissemination area,59090648,59090648,,"Population, 2021",442
2021S051259090649,59090649,Dissemination area,59090649,59090649,,"Population, 2021",589
2021S051259090650,59090650,Dissemination area,59090650,59090650,,"Population, 2021",594
2021S051259090651,59090651,Dissemination area,59090651,59090651,,"Population, 2021",1042
2021S051259090652,59090652,Dissemination area,59090652,59090652,,"Population, 2021",0
2021A00055909014,5909014,Census subdivision,"Fraser Valley A, Regional district electoral area (RDA)",Fraser Valley A,Regional district electoral area (RDA),"Population, 2021",495
2021S051259090773,59090773,Dissemination area,59090773,59090773,,"Population, 2021",0
2021S051259090777,59090777,Dissemination area,59090777,59090777,,"Population, 2021",0
2021S051259090778,59090778,Dissemination area,59090778,59090778,,"Population, 2021",0
2021S051259090779,59090779,Dissemination area,59090779,59090779,,"Population, 2021",0
2021S051259090810,59090810,Dissemination area,59090810,59090810,,"Population, 2021",495
2021A00055909016,5909016,Census subdivision,"Fraser Valley B, Regional district electoral area (RDA)",Fraser Valley B,Regional district electoral area (RDA),"Population, 2021",869
2021S051259090625,59090625,Dissemination area,59090625,59090625,,"Population, 2021",0
2021S051259090630,59090630,Dissemination area,59090630,59090630,,"Population, 2021",0
2021S051259090641,59090641,Dissemination area,59090641,59090641,,"Population, 2021",0
2021S051259090642,59090642,Dissemination area,59090642,59090642,,"Population, 2021",0
2021S051259090643,59090643,Dissemination area,59090643,59090643,,"Population, 2021",0
2021S051259090653,59090653,Dissemination area,59090653,59090653,,"Population, 2021",0
2021S051259090803,59090803,Dissemination area,59090803,59090803,,"Population, 2021",472
2021S051259090804,59090804,Dissemination area,59090804,59090804,,"Population, 2021",397
2021A00055909020,5909020,Census subdivision,"Chilliwack, City (CY)",Chilliwack,City (CY),"Population, 2021",93203
2021S051259090526,59090526,Dissemination area,59090526,59090526,,"Population, 2021",1801
2021S051259090530,59090530,Dissemination area,59090530,59090530,,"Population, 2021",846
2021S051259090531,59090531,Dissemination area,59090531,59090531,,"Population, 2021",538
2021S051259090532,59090532,Dissemination area,59090532,59090532,,"Population, 2021",629
2021S051259090533,59090533,Dissemination area,59090533,59090533,,"Population, 2021",816
2021S051259090534,59090534,Dissemination area,59090534,59090534,,"Population, 2021",468
2021S051259090535,59090535,Dissemination area,59090535,59090535,,"Population, 2021",2161
2021S051259090536,59090536,Dissemination area,59090536,59090536,,"Population, 2021",602
2021S051259090537,59090537,Dissemination area,59090537,59090537,,"Population, 2021",357
2021S051259090538,59090538,Dissemination area,59090538,59090538,,"Population, 2021",421
2021S051259090539,59090539,Dissemination area,59090539,59090539,,"Population, 2021",605
2021S051259090540,59090540,Dissemination area,59090540,59090540,,"Population, 2021",800
2021S051259090541,59090541,Dissemination area,59090541,59090541,,"Population, 2021",393
2021S051259090542,59090542,Dissemination area,59090542,59090542,,"Population, 2021",1223
2021S051259090543,59090543,Dissemination area,59090543,59090543,,"Population, 2021",361
2021S051259090544,59090544,Dissemination area,59090544,59090544,,"Population, 2021",349
2021S051259090545,59090545,Dissemination area,59090545,59090545,,"Population, 2021",620
2021S051259090546,59090546,Dissemination area,59090546,59090546,,"Population, 2021",719
2021S051259090547,59090547,Dissemination area,59090547,59090547,,"Population, 2021",500
2021S051259090550,59090550,Dissemination area,59090550,59090550,,"Population, 2021",954
2021S051259090551,59090551,Dissemination area,59090551,59090551,,"Population, 2021",540
2021S051259090552,59090552,Dissemination area,59090552,59090552,,"Population, 2021",486
2021S051259090553,59090553,Dissemination area,59090553,59090553,,"Population, 2021",606
2021S051259090554,59090554,Dissemination area,59090554,59090554,,"Population, 2021",532
2021S051259090555,59090555,Dissemination area,59090555,59090555,,"Population, 2021",674
2021S051259090556,59090556,Dissemination area,59090556,59090556,,"Population, 2021",770
2021S051259090557,59090557,Dissemination area,59090557,59090557,,"Population, 2021",827
2021S051259090559,59090559,Dissemination area,59090559,59090559,,"Population, 2021",493
2021S051259090564,59090564,Dissemination area,59090564,59090564,,"Population, 2021",626
2021S051259090565,59090565,Dissemination area,59090565,59090565,,"Population, 2021",525
2021S051259090566,59090566,Dissemination area,59090566,59090566,,"Population, 2021",457
2021S051259090567,59090567,Dissemination area,59090567,59090567,,"Population, 2021",521
2021S051259090568,59090568,Dissemination area,59090568,59090568,,"Population, 2021",512
2021S051259090569,59090569,Dissemination area,59090569,59090569,,"Population, 2021",436
2021S051259090570,59090570,Dissemination area,59090570,59090570,,"Population, 2021",628
2021S051259090571,59090571,Dissemination area,59090571,59090571,,"Population, 2021",424
2021S051259090578,59090578,Dissemination area,59090578,59090578,,"Population, 2021",554
2021S051259090579,59090579,Dissemination area,59090579,59090579,,"Population, 2021",578
2021S051259090580,59090580,Dissemination area,59090580,59090580,,"Population, 2021",481
2021S051259090581,59090581,Dissemination area,59090581,59090581,,"Population, 2021",690
2021S051259090582,59090582,Dissemination area,59090582,59090582,,"Population, 2021",522
2021S051259090583,59090583,Dissemination area,59090583,59090583,,"Population, 2021",551
2021S051259090584,59090584,Dissemination area,59090584,59090584,,"Population, 2021",758
2021S051259090585,59090585,Dissemination area,59090585,59090585,,"Population, 2021",1136
2021S051259090586,59090586,Dissemination area,59090586,59090586,,"Population, 2021",617
2021S051259090592,59090592,Dissemination area,59090592,59090592,,"Population, 2021",469
2021S051259090593,59090593,Dissemination area,59090593,59090593,,"Population, 2021",491
2021S051259090594,59090594,Dissemination area,59090594,59090594,,"Population, 2021",480
2021S051259090596,59090596,Dissemination area,59090596,59090596,,"Population, 2021",457
2021S051259090597,59090597,Dissemination area,59090597,59090597,,"Population, 2021",602
2021S051259090598,59090598,Dissemination area,59090598,59090598,,"Population, 2021",617
2021S051259090655,59090655,Dissemination area,59090655,59090655,,"Population, 2021",401
2021S051259090657,59090657,Dissemination area,59090657,59090657,,"Population, 2021",403
2021S051259090660,59090660,Dissemination area,59090660,59090660,,"Population, 2021",1969
2021S051259090661,59090661,Dissemination area,59090661,59090661,,"Population, 2021",410
2021S051259090662,59090662,Dissemination area,59090662,59090662,,"Population, 2021",350
2021S051259090664,59090664,Dissemination area,59090664,59090664,,"Population, 2021",579
2021S051259090665,59090665,Dissemination area,59090665,59090665,,"Population, 2021",499
2021S051259090666,59090666,Dissemination area,59090666,59090666,,"Population, 2021",584
2021S051259090670,59090670,Dissemination area,59090670,59090670,,"Population, 2021",725
2021S051259090671,59090671,Dissemination area,59090671,59090671,,"Population, 2021",895
2021S051259090680,59090680,Dissemination area,59090680,59090680,,"Population, 2021",613
2021S051259090681,59090681,Dissemination area,59090681,59090681,,"Population, 2021",462
2021S051259090682,59090682,Dissemination area,59090682,59090682,,"Population, 2021",436
2021S051259090683,59090683,Dissemination area,59090683,59090683,,"Population, 2021",513
2021S051259090684,59090684,Dissemination area,59090684,59090684,,"Population, 2021",650
2021S051259090687,59090687,Dissemination area,59090687,59090687,,"Population, 2021",507
2021S051259090688,59090688,Dissemination area,59090688,59090688,,"Population, 2021",437
2021S051259090689,59090689,Dissemination area,59090689,59090689,,"Population, 2021",1197
2021S051259090690,59090690,Dissemination area,59090690,59090690,,"Population, 2021",664
2021S051259090691,59090691,Dissemination area,59090691,59090691,,"Population, 2021",618
2021S051259090692,59090692,Dissemination area,59090692,59090692,,"Population, 2021",443
2021S051259090694,59090694,Dissemination area,59090694,59090694,,"Population, 2021",463
2021S051259090696,59090696,Dissemination area,59090696,59090696,,"Population, 2021",1576
2021S051259090702,59090702,Dissemination area,59090702,59090702,,"Population, 2021",564
2021S051259090703,59090703,Dissemination area,59090703,59090703,,"Population, 2021",807
2021S051259090704,59090704,Dissemination area,59090704,59090704,,"Population, 2021",102
2021S051259090707,59090707,Dissemination area,59090707,59090707,,"Population, 2021",397
2021S051259090708,59090708,Dissemination area,59090708,59090708,,"Population, 2021",399
2021S051259090709,59090709,Dissemination area,59090709,59090709,,"Population, 2021",571
2021S051259090710,59090710,Dissemination area,59090710,59090710,,"Population, 2021",608
2021S051259090711,59090711,Dissemination area,59090711,59090711,,"Population, 2021",439
2021S051259090713,59090713,Dissemination area,59090713,59090713,,"Population, 2021",672
2021S051259090714,59090714,Dissemination area,59090714,59090714,,"Population, 2021",442
2021S051259090716,59090716,Dissemination area,59090716,59090716,,"Population, 2021",533
2021S051259090768,59090768,Dissemination area,59090768,59090768,,"Population, 2021",741
2021S051259090816,59090816,Dissemination area,59090816,59090816,,"Population, 2021",1397
2021S051259090817,59090817,Dissemination area,59090817,59090817,,"Population, 2021",2550
2021S051259090818,59090818,Dissemination area,59090818,59090818,,"Population, 2021",1886
2021S051259090819,59090819,Dissemination area,59090819,59090819,,"Population, 2021",1870
2021S051259090820,59090820,Dissemination area,59090820,59090820,,"Population, 2021",448
2021S051259090821,59090821,Dissemination area,59090821,59090821,,"Population, 2021",2251
2021S051259090822,59090822,Dissemination area,59090822,59090822,,"Population, 2021",1105
2021S051259090824,59090824,Dissemination area,59090824,59090824,,"Population, 2021",642
2021S051259090825,59090825,Dissemination area,59090825,59090825,,"Population, 2021",446
2021S051259090826,59090826,Dissemination area,59090826,59090826,,"Population, 2021",455
2021S051259090828,59090828,Dissemination area,59090828,59090828,,"Population, 2021",375
2021S051259090829,59090829,Dissemination area,59090829,59090829,,"Population, 2021",485
2021S051259090830,59090830,Dissemination area,59090830,59090830,,"Population, 2021",712
2021S051259090831,59090831,Dissemination area,59090831,59090831,,"Population, 2021",517
2021S051259090832,59090832,Dissemination area,59090832,59090832,,"Population, 2021",589
2021S051259090836,59090836,Dissemination area,59090836,59090836,,"Population, 2021",746
2021S051259090837,59090837,Dissemination area,59090837,59090837,,"Population, 2021",617
2021S051259090838,59090838,Dissemination area,59090838,59090838,,"Population, 2021",801
2021S051259090839,59090839,Dissemination area,59090839,59090839,,"Population, 2021",453
2021S051259090840,59090840,Dissemination area,59090840,59090840,,"Population, 2021",19
2021S051259090841,59090841,Dissemination area,59090841,59090841,,"Population, 2021",571
2021S051259090842,59090842,Dissemination area,59090842,59090842,,"Population, 2021",841
2021S051259090845,59090845,Dissemination area,59090845,59090845,,"Population, 2021",889
2021S051259090846,59090846,Dissemination area,59090846,59090846,,"Population, 2021",878
2021S051259090847,59090847,Dissemination area,59090847,59090847,,"Population, 2021",1063
2021S051259090848,59090848,Dissemination area,59090848,59090848,,"Population, 2021",1305
2021S051259090849,59090849,Dissemination area,59090849,59090849,,"Population, 2021",778
2021S051259090850,59090850,Dissemination area,59090850,59090850,,"Population, 2021",1235
2021S051259090851,59090851,Dissemination area,59090851,59090851,,"Population, 2021",1794
2021S051259090852,59090852,Dissemination area,59090852,59090852,,"Population, 2021",1330
2021S051259090853,59090853,Dissemination area,59090853,59090853,,"Population, 2021",1780
2021S051259090854,59090854,Dissemination area,59090854,59090854,,"Population, 2021",562
2021S051259090856,59090856,Dissemination area,59090856,59090856,,"Population, 2021",560
2021S051259090857,59090857,Dissemination area,59090857,59090857,,"Population, 2021",411
2021S051259090859,59090859,Dissemination area,59090859,59090859,,"Population, 2021",1006
2021S051259090861,59090861,Dissemination area,59090861,59090861,,"Population, 2021",559
2021S051259090863,59090863,Dissemination area,59090863,59090863,,"Population, 2021",489
2021S051259090864,59090864,Dissemination area,59090864,59090864,,"Population, 2021",247
2021S051259090865,59090865,Dissemination area,59090865,59090865,,"Population, 2021",832
2021S051259090866,59090866,Dissemination area,59090866,59090866,,"Population, 2021",565
2021S051259090868,59090868,Dissemination area,59090868,59090868,,"Population, 2021",845
2021S051259090869,59090869,Dissemination area,59090869,59090869,,"Population, 2021",629
2021S051259090973,59090973,Dissemination area,59090973,59090973,,"Population, 2021",544
2021S051259090981,59090981,Dissemination area,59090981,59090981,,"Population, 2021",234
2021S051259090982,59090982,Dissemination area,59090982,59090982,,"Population, 2021",0
2021A00055909027,5909027,Census subdivision,"Harrison Hot Springs, Village (VL)",Harrison Hot Springs,Village (VL),"Population, 2021",1905
2021S051259090612,59090612,Dissemination area,59090612,59090612,,"Population, 2021",478
2021S051259090613,59090613,Dissemination area,59090613,59090613,,"Population, 2021",874
2021S051259090614,59090614,Dissemination area,59090614,59090614,,"Population, 2021",553
2021A00055909032,5909032,Census subdivision,"Kent, District municipality (DM)",Kent,District municipality (DM),"Population, 2021",6300
2021S051259090603,59090603,Dissemination area,59090603,59090603,,"Population, 2021",408
2021S051259090605,59090605,Dissemination area,59090605,59090605,,"Population, 2021",1121
2021S051259090606,59090606,Dissemination area,59090606,59090606,,"Population, 2021",387
2021S051259090607,59090607,Dissemination area,59090607,59090607,,"Population, 2021",778
2021S051259090608,59090608,Dissemination area,59090608,59090608,,"Population, 2021",534
2021S051259090609,59090609,Dissemination area,59090609,59090609,,"Population, 2021",979
2021S051259090610,59090610,Dissemination area,59090610,59090610,,"Population, 2021",406
2021S051259090615,59090615,Dissemination area,59090615,59090615,,"Population, 2021",541
2021S051259090616,59090616,Dissemination area,59090616,59090616,,"Population, 2021",520
2021S051259090617,59090617,Dissemination area,59090617,59090617,,"Population, 2021",626
2021A00055909034,5909034,Census subdivision,"Fraser Valley D, Regional district electoral area (RDA)",Fraser Valley D,Regional district electoral area (RDA),"Population, 2021",2092
2021S051259090600,59090600,Dissemination area,59090600,59090600,,"Population, 2021",1046
2021S051259090601,59090601,Dissemination area,59090601,59090601,,"Population, 2021",1046
2021A00055909035,5909035,Census subdivision,"Fraser Valley H, Regional district electoral area (RDA)",Fraser Valley H,Regional district electoral area (RDA),"Population, 2021",2459
2021S051259090725,59090725,Dissemination area,59090725,59090725,,"Population, 2021",419
2021S051259090727,59090727,Dissemination area,59090727,59090727,,"Population, 2021",823
2021S051259090729,59090729,Dissemination area,59090729,59090729,,"Population, 2021",189
2021S051259090730,59090730,Dissemination area,59090730,59090730,,"Population, 2021",737
2021S051259090812,59090812,Dissemination area,59090812,59090812,,"Population, 2021",291
2021A00055909036,5909036,Census subdivision,"Fraser Valley E, Regional district electoral area (RDA)",Fraser Valley E,Regional district electoral area (RDA),"Population, 2021",1568
2021S051259090656,59090656,Dissemination area,59090656,59090656,,"Population, 2021",689
2021S051259090814,59090814,Dissemination area,59090814,59090814,,"Population, 2021",879
2021A00055909048,5909048,Census subdivision,"Fraser Valley C, Regional district electoral area (RDA)",Fraser Valley C,Regional district electoral area (RDA),"Population, 2021",1133
2021S051259090450,59090450,Dissemination area,59090450,59090450,,"Population, 2021",1133
2021S051259090458,59090458,Dissemination area,59090458,59090458,,"Population, 2021",0
2021S051259090459,59090459,Dissemination area,59090459,59090459,,"Population, 2021",0
2021A00055909052,5909052,Census subdivision,"Abbotsford, City (CY)",Abbotsford,City (CY),"Population, 2021",153524
2021S051259090049,59090049,Dissemination area,59090049,59090049,,"Population, 2021",609
2021S051259090051,59090051,Dissemination area,59090051,59090051,,"Population, 2021",698
2021S051259090052,59090052,Dissemination area,59090052,59090052,,"Population, 2021",592
2021S051259090054,59090054,Dissemination area,59090054,59090054,,"Population, 2021",599
2021S051259090055,59090055,Dissemination area,59090055,59090055,,"Population, 2021",1319
2021S051259090057,59090057,Dissemination area,59090057,59090057,,"Population, 2021",264
2021S051259090058,59090058,Dissemination area,59090058,59090058,,"Population, 2021",872
2021S051259090059,59090059,Dissemination area,59090059,59090059,,"Population, 2021",273
2021S051259090060,59090060,Dissemination area,59090060,59090060,,"Population, 2021",631
2021S051259090061,59090061,Dissemination area,59090061,59090061,,"Population, 2021",825
2021S051259090062,59090062,Dissemination area,59090062,59090062,,"Population, 2021",777
2021S051259090064,59090064,Dissemination area,59090064,59090064,,"Population, 2021",457
2021S051259090065,59090065,Dissemination area,59090065,59090065,,"Population, 2021",720
2021S051259090066,59090066,Dissemination area,59090066,59090066,,"Population, 2021",663
2021S051259090068,59090068,Dissemination area,59090068,59090068,,"Population, 2021",482
2021S051259090069,59090069,Dissemination area,59090069,59090069,,"Population, 2021",975
2021S051259090071,59090071,Dissemination area,59090071,59090071,,"Population, 2021",850
2021S051259090072,59090072,Dissemination area,59090072,59090072,,"Population, 2021",870
2021S051259090073,59090073,Dissemination area,59090073,59090073,,"Population, 2021",764
2021S051259090074,59090074,Dissemination area,59090074,59090074,,"Population, 2021",474
2021S051259090075,59090075,Dissemination area,59090075,59090075,,"Population, 2021",1061
2021S051259090078,59090078,Dissemination area,59090078,59090078,,"Population, 2021",1170
2021S051259090082,59090082,Dissemination area,59090082,59090082,,"Population, 2021",663
2021S051259090083,59090083,Dissemination area,59090083,59090083,,"Population, 2021",319
2021S051259090084,59090084,Dissemination area,59090084,59090084,,"Population, 2021",619
2021S051259090086,59090086,Dissemination area,59090086,59090086,,"Population, 2021",654
2021S051259090087,59090087,Dissemination area,59090087,59090087,,"Population, 2021",453
2021S051259090088,59090088,Dissemination area,59090088,59090088,,"Population, 2021",695
2021S051259090089,59090089,Dissemination area,59090089,59090089,,"Population, 2021",1050
2021S051259090090,59090090,Dissemination area,59090090,59090090,,"Population, 2021",415
2021S051259090091,59090091,Dissemination area,59090091,59090091,,"Population, 2021",506
2021S051259090092,59090092,Dissemination area,59090092,59090092,,"Population, 2021",860
2021S051259090093,59090093,Dissemination area,59090093,59090093,,"Population, 2021",657
2021S051259090094,59090094,Dissemination area,59090094,59090094,,"Population, 2021",730
2021S051259090095,59090095,Dissemination area,59090095,59090095,,"Population, 2021",654
2021S051259090096,59090096,Dissemination area,59090096,59090096,,"Population, 2021",495
2021S051259090097,59090097,Dissemination area,59090097,59090097,,"Population, 2021",521
2021S051259090098,59090098,Dissemination area,59090098,59090098,,"Population, 2021",881
2021S051259090099,59090099,Dissemination area,59090099,59090099,,"Population, 2021",636
2021S051259090100,59090100,Dissemination area,59090100,59090100,,"Population, 2021",467
2021S051259090101,59090101,Dissemination area,59090101,59090101,,"Population, 2021",440
2021S051259090102,59090102,Dissemination area,59090102,59090102,,"Population, 2021",507
2021S051259090103,59090103,Dissemination area,59090103,59090103,,"Population, 2021",1104
2021S051259090104,59090104,Dissemination area,59090104,59090104,,"Population, 2021",368
2021S051259090105,59090105,Dissemination area,59090105,59090105,,"Population, 2021",927
2021S051259090106,59090106,Dissemination area,59090106,59090106,,"Population, 2021",798
2021S051259090108,59090108,Dissemination area,59090108,59090108,,"Population, 2021",721
2021S051259090109,59090109,Dissemination area,59090109,59090109,,"Population, 2021",850
2021S051259090110,59090110,Dissemination area,59090110,59090110,,"Population, 2021",422
2021S051259090111,59090111,Dissemination area,59090111,59090111,,"Population, 2021",931
2021S051259090112,59090112,Dissemination area,59090112,59090112,,"Population, 2021",727
2021S051259090114,59090114,Dissemination area,59090114,59090114,,"Population, 2021",289
2021S051259090115,59090115,Dissemination area,59090115,59090115,,"Population, 2021",730
2021S051259090116,59090116,Dissemination area,59090116,59090116,,"Population, 2021",331
2021S051259090117,59090117,Dissemination area,59090117,59090117,,"Population, 2021",353
2021S051259090121,59090121,Dissemination area,59090121,59090121,,"Population, 2021",673
2021S051259090122,59090122,Dissemination area,59090122,59090122,,"Population, 2021",565
2021S051259090123,59090123,Dissemination area,59090123,59090123,,"Population, 2021",1223
2021S051259090126,59090126,Dissemination area,59090126,59090126,,"Population, 2021",401
2021S051259090127,59090127,Dissemination area,59090127,59090127,,"Population, 2021",442
2021S051259090128,59090128,Dissemination area,59090128,59090128,,"Population, 2021",546
2021S051259090131,59090131,Dissemination area,59090131,59090131,,"Population, 2021",1108
2021S051259090133,59090133,Dissemination area,59090133,59090133,,"Population, 2021",1023
2021S051259090134,59090134,Dissemination area,59090134,59090134,,"Population, 2021",652
2021S051259090135,59090135,Dissemination area,59090135,59090135,,"Population, 2021",657
2021S051259090136,59090136,Dissemination area,59090136,59090136,,"Population, 2021",769
2021S051259090137,59090137,Dissemination area,59090137,59090137,,"Population, 2021",573
2021S051259090140,59090140,Dissemination area,59090140,59090140,,"Population, 2021",459
2021S051259090141,59090141,Dissemination area,59090141,59090141,,"Population, 2021",853
2021S051259090144,59090144,Dissemination area,59090144,59090144,,"Population, 2021",1147
2021S051259090145,59090145,Dissemination area,59090145,59090145,,"Population, 2021",891
2021S051259090146,59090146,Dissemination area,59090146,59090146,,"Population, 2021",446
2021S051259090148,59090148,Dissemination area,59090148,59090148,,"Population, 2021",1259
2021S051259090149,59090149,Dissemination area,59090149,59090149,,"Population, 2021",342
2021S051259090150,59090150,Dissemination area,59090150,59090150,,"Population, 2021",663
2021S051259090151,59090151,Dissemination area,59090151,59090151,,"Population, 2021",916
2021S051259090152,59090152,Dissemination area,59090152,59090152,,"Population, 2021",716
2021S051259090153,59090153,Dissemination area,59090153,59090153,,"Population, 2021",623
2021S051259090154,59090154,Dissemination area,59090154,59090154,,"Population, 2021",487
2021S051259090155,59090155,Dissemination area,59090155,59090155,,"Population, 2021",185
2021S051259090156,59090156,Dissemination area,59090156,59090156,,"Population, 2021",496
2021S051259090157,59090157,Dissemination area,59090157,59090157,,"Population, 2021",574
2021S051259090158,59090158,Dissemination area,59090158,59090158,,"Population, 2021",1152
2021S051259090159,59090159,Dissemination area,59090159,59090159,,"Population, 2021",743
2021S051259090165,59090165,Dissemination area,59090165,59090165,,"Population, 2021",871
2021S051259090166,59090166,Dissemination area,59090166,59090166,,"Population, 2021",1180
2021S051259090169,59090169,Dissemination area,59090169,59090169,,"Population, 2021",352
2021S051259090170,59090170,Dissemination area,59090170,59090170,,"Population, 2021",666
2021S051259090171,59090171,Dissemination area,59090171,59090171,,"Population, 2021",440
2021S051259090172,59090172,Dissemination area,59090172,59090172,,"Population, 2021",376
2021S051259090374,59090374,Dissemination area,59090374,59090374,,"Population, 2021",526
2021S051259090375,59090375,Dissemination area,59090375,59090375,,"Population, 2021",541
2021S051259090376,59090376,Dissemination area,59090376,59090376,,"Population, 2021",500
2021S051259090377,59090377,Dissemination area,59090377,59090377,,"Population, 2021",786
2021S051259090378,59090378,Dissemination area,59090378,59090378,,"Population, 2021",398
2021S051259090379,59090379,Dissemination area,59090379,59090379,,"Population, 2021",389
2021S051259090380,59090380,Dissemination area,59090380,59090380,,"Population, 2021",1053
2021S051259090382,59090382,Dissemination area,59090382,59090382,,"Population, 2021",335
2021S051259090383,59090383,Dissemination area,59090383,59090383,,"Population, 2021",719
2021S051259090384,59090384,Dissemination area,59090384,59090384,,"Population, 2021",612
2021S051259090385,59090385,Dissemination area,59090385,59090385,,"Population, 2021",739
2021S051259090386,59090386,Dissemination area,59090386,59090386,,"Population, 2021",1364
2021S051259090387,59090387,Dissemination area,59090387,59090387,,"Population, 2021",875
2021S051259090388,59090388,Dissemination area,59090388,59090388,,"Population, 2021",998
2021S051259090390,59090390,Dissemination area,59090390,59090390,,"Population, 2021",1066
2021S051259090391,59090391,Dissemination area,59090391,59090391,,"Population, 2021",515
2021S051259090392,59090392,Dissemination area,59090392,59090392,,"Population, 2021",562
2021S051259090393,59090393,Dissemination area,59090393,59090393,,"Population, 2021",572
2021S051259090394,59090394,Dissemination area,59090394,59090394,,"Population, 2021",507
2021S051259090395,59090395,Dissemination area,59090395,59090395,,"Population, 2021",470
2021S051259090396,59090396,Dissemination area,59090396,59090396,,"Population, 2021",693
2021S051259090400,59090400,Dissemination area,59090400,59090400,,"Population, 2021",635
2021S051259090401,59090401,Dissemination area,59090401,59090401,,"Population, 2021",646
2021S051259090402,59090402,Dissemination area,59090402,59090402,,"Population, 2021",595
2021S051259090403,59090403,Dissemination area,59090403,59090403,,"Population, 2021",609
2021S051259090404,59090404,Dissemination area,59090404,59090404,,"Population, 2021",568
2021S051259090424,59090424,Dissemination area,59090424,59090424,,"Population, 2021",632
2021S051259090425,59090425,Dissemination area,59090425,59090425,,"Population, 2021",559
2021S051259090428,59090428,Dissemination area,59090428,59090428,,"Population, 2021",482
2021S051259090429,59090429,Dissemination area,59090429,59090429,,"Population, 2021",955
2021S051259090439,59090439,Dissemination area,59090439,59090439,,"Population, 2021",979
2021S051259090444,59090444,Dissemination area,59090444,59090444,,"Population, 2021",1078
2021S051259090446,59090446,Dissemination area,59090446,59090446,,"Population, 2021",860
2021S051259090447,59090447,Dissemination area,59090447,59090447,,"Population, 2021",414
2021S051259090717,59090717,Dissemination area,59090717,59090717,,"Population, 2021",577
2021S051259090718,59090718,Dissemination area,59090718,59090718,,"Population, 2021",529
2021S051259090719,59090719,Dissemination area,59090719,59090719,,"Population, 2021",456
2021S051259090720,59090720,Dissemination area,59090720,59090720,,"Population, 2021",561
2021S051259090721,59090721,Dissemination area,59090721,59090721,,"Population, 2021",440
2021S051259090723,59090723,Dissemination area,59090723,59090723,,"Population, 2021",428
2021S051259090724,59090724,Dissemination area,59090724,59090724,,"Population, 2021",412
2021S051259090734,59090734,Dissemination area,59090734,59090734,,"Population, 2021",538
2021S051259090735,59090735,Dissemination area,59090735,59090735,,"Population, 2021",506
2021S051259090736,59090736,Dissemination area,59090736,59090736,,"Population, 2021",468
2021S051259090738,59090738,Dissemination area,59090738,59090738,,"Population, 2021",526
2021S051259090754,59090754,Dissemination area,59090754,59090754,,"Population, 2021",927
2021S051259090755,59090755,Dissemination area,59090755,59090755,,"Population, 2021",484
2021S051259090756,59090756,Dissemination area,59090756,59090756,,"Population, 2021",375
2021S051259090757,59090757,Dissemination area,59090757,59090757,,"Population, 2021",850
2021S051259090758,59090758,Dissemination area,59090758,59090758,,"Population, 2021",336
2021S051259090759,59090759,Dissemination area,59090759,59090759,,"Population, 2021",323
2021S051259090760,59090760,Dissemination area,59090760,59090760,,"Population, 2021",831
2021S051259090761,59090761,Dissemination area,59090761,59090761,,"Population, 2021",810
2021S051259090765,59090765,Dissemination area,59090765,59090765,,"Population, 2021",759
2021S051259090782,59090782,Dissemination area,59090782,59090782,,"Population, 2021",1035
2021S051259090783,59090783,Dissemination area,59090783,59090783,,"Population, 2021",724
2021S051259090786,59090786,Dissemination area,59090786,59090786,,"Population, 2021",1185
2021S051259090787,59090787,Dissemination area,59090787,59090787,,"Population, 2021",772
2021S051259090791,59090791,Dissemination area,59090791,59090791,,"Population, 2021",1389
2021S051259090792,59090792,Dissemination area,59090792,59090792,,"Population, 2021",959
2021S051259090793,59090793,Dissemination area,59090793,59090793,,"Population, 2021",732
2021S051259090795,59090795,Dissemination area,59090795,59090795,,"Population, 2021",545
2021S051259090799,59090799,Dissemination area,59090799,59090799,,"Population, 2021",508
2021S051259090874,59090874,Dissemination area,59090874,59090874,,"Population, 2021",849
2021S051259090875,59090875,Dissemination area,59090875,59090875,,"Population, 2021",420
2021S051259090878,59090878,Dissemination area,59090878,59090878,,"Population, 2021",413
2021S051259090882,59090882,Dissemination area,59090882,59090882,,"Population, 2021",459
2021S051259090884,59090884,Dissemination area,59090884,59090884,,"Population, 2021",813
2021S051259090885,59090885,Dissemination area,59090885,59090885,,"Population, 2021",431
2021S051259090886,59090886,Dissemination area,59090886,59090886,,"Population, 2021",478
2021S051259090888,59090888,Dissemination area,59090888,59090888,,"Population, 2021",762
2021S051259090889,59090889,Dissemination area,59090889,59090889,,"Population, 2021",38
2021S051259090890,59090890,Dissemination area,59090890,59090890,,"Population, 2021",352
2021S051259090891,59090891,Dissemination area,59090891,59090891,,"Population, 2021",874
2021S051259090892,59090892,Dissemination area,59090892,59090892,,"Population, 2021",562
2021S051259090893,59090893,Dissemination area,59090893,59090893,,"Population, 2021",967
2021S051259090894,59090894,Dissemination area,59090894,59090894,,"Population, 2021",567
2021S051259090895,59090895,Dissemination area,59090895,59090895,,"Population, 2021",696
2021S051259090896,59090896,Dissemination area,59090896,59090896,,"Population, 2021",372
2021S051259090897,59090897,Dissemination area,59090897,59090897,,"Population, 2021",602
2021S051259090898,59090898,Dissemination area,59090898,59090898,,"Population, 2021",412
2021S051259090899,59090899,Dissemination area,59090899,59090899,,"Population, 2021",1097
2021S051259090901,59090901,Dissemination area,59090901,59090901,,"Population, 2021",926
2021S051259090902,59090902,Dissemination area,59090902,59090902,,"Population, 2021",432
2021S051259090903,59090903,Dissemination area,59090903,59090903,,"Population, 2021",550
2021S051259090904,59090904,Dissemination area,59090904,59090904,,"Population, 2021",921
2021S051259090905,59090905,Dissemination area,59090905,59090905,,"Population, 2021",809
2021S051259090906,59090906,Dissemination area,59090906,59090906,,"Population, 2021",455
2021S051259090907,59090907,Dissemination area,59090907,59090907,,"Population, 2021",761
2021S051259090908,59090908,Dissemination area,59090908,59090908,,"Population, 2021",374
2021S051259090909,59090909,Dissemination area,59090909,59090909,,"Population, 2021",857
2021S051259090910,59090910,Dissemination area,59090910,59090910,,"Population, 2021",860
2021S051259090911,59090911,Dissemination area,59090911,59090911,,"Population, 2021",610
2021S051259090912,59090912,Dissemination area,59090912,59090912,,"Population, 2021",891
2021S051259090913,59090913,Dissemination area,59090913,59090913,,"Population, 2021",805
2021S051259090915,59090915,Dissemination area,59090915,59090915,,"Population, 2021",1101
2021S051259090916,59090916,Dissemination area,59090916,59090916,,"Population, 2021",454
2021S051259090917,59090917,Dissemination area,59090917,59090917,,"Population, 2021",670
2021S051259090918,59090918,Dissemination area,59090918,59090918,,"Population, 2021",628
2021S051259090919,59090919,Dissemination area,59090919,59090919,,"Population, 2021",653
2021S051259090920,59090920,Dissemination area,59090920,59090920,,"Population, 2021",888
2021S051259090922,59090922,Dissemination area,59090922,59090922,,"Population, 2021",849
2021S051259090923,59090923,Dissemination area,59090923,59090923,,"Population, 2021",506
2021S051259090924,59090924,Dissemination area,59090924,59090924,,"Population, 2021",993
2021S051259090925,59090925,Dissemination area,59090925,59090925,,"Population, 2021",792
2021S051259090926,59090926,Dissemination area,59090926,59090926,,"Population, 2021",369
2021S051259090927,59090927,Dissemination area,59090927,59090927,,"Population, 2021",593
2021S051259090928,59090928,Dissemination area,59090928,59090928,,"Population, 2021",1036
2021S051259090929,59090929,Dissemination area,59090929,59090929,,"Population, 2021",660
2021S051259090930,59090930,Dissemination area,59090930,59090930,,"Population, 2021",658
2021S051259090931,59090931,Dissemination area,59090931,59090931,,"Population, 2021",693
2021S051259090939,59090939,Dissemination area,59090939,59090939,,"Population, 2021",818
2021S051259090941,59090941,Dissemination area,59090941,59090941,,"Population, 2021",448
2021S051259090942,59090942,Dissemination area,59090942,59090942,,"Population, 2021",343
2021S051259090943,59090943,Dissemination area,59090943,59090943,,"Population, 2021",765
2021S051259090944,59090944,Dissemination area,59090944,59090944,,"Population, 2021",575
2021S051259090945,59090945,Dissemination area,59090945,59090945,,"Population, 2021",1107
2021S051259090946,59090946,Dissemination area,59090946,59090946,,"Population, 2021",787
2021S051259090947,59090947,Dissemination area,59090947,59090947,,"Population, 2021",777
2021S051259090949,59090949,Dissemination area,59090949,59090949,,"Population, 2021",865
2021S051259090955,59090955,Dissemination area,59090955,59090955,,"Population, 2021",1172
2021S051259090956,59090956,Dissemination area,59090956,59090956,,"Population, 2021",1480
2021S051259090957,59090957,Dissemination area,59090957,59090957,,"Population, 2021",717
2021S051259090959,59090959,Dissemination area,59090959,59090959,,"Population, 2021",757
2021S051259090961,59090961,Dissemination area,59090961,59090961,,"Population, 2021",828
2021S051259090962,59090962,Dissemination area,59090962,59090962,,"Population, 2021",530
2021S051259090963,59090963,Dissemination area,59090963,59090963,,"Population, 2021",390
2021S051259090964,59090964,Dissemination area,59090964,59090964,,"Population, 2021",577
2021S051259090965,59090965,Dissemination area,59090965,59090965,,"Population, 2021",641
2021S051259090966,59090966,Dissemination area,59090966,59090966,,"Population, 2021",981
2021S051259090967,59090967,Dissemination area,59090967,59090967,,"Population, 2021",795
2021S051259090968,59090968,Dissemination area,59090968,59090968,,"Population, 2021",1017
2021S051259090975,59090975,Dissemination area,59090975,59090975,,"Population, 2021",1010
2021S051259090976,59090976,Dissemination area,59090976,59090976,,"Population, 2021",782
2021A00055909056,5909056,Census subdivision,"Mission, District municipality (DM)",Mission,District municipality (DM),"Population, 2021",41519
2021S051259090462,59090462,Dissemination area,59090462,59090462,,"Population, 2021",609
2021S051259090464,59090464,Dissemination area,59090464,59090464,,"Population, 2021",563
2021S051259090466,59090466,Dissemination area,59090466,59090466,,"Population, 2021",561
2021S051259090467,59090467,Dissemination area,59090467,59090467,,"Population, 2021",414
2021S051259090468,59090468,Dissemination area,59090468,59090468,,"Population, 2021",503
2021S051259090469,59090469,Dissemination area,59090469,59090469,,"Population, 2021",576
2021S051259090470,59090470,Dissemination area,59090470,59090470,,"Population, 2021",526
2021S051259090471,59090471,Dissemination area,59090471,59090471,,"Population, 2021",554
2021S051259090472,59090472,Dissemination area,59090472,59090472,,"Population, 2021",568
2021S051259090473,59090473,Dissemination area,59090473,59090473,,"Population, 2021",335
2021S051259090474,59090474,Dissemination area,59090474,59090474,,"Population, 2021",659
2021S051259090475,59090475,Dissemination area,59090475,59090475,,"Population, 2021",552
2021S051259090476,59090476,Dissemination area,59090476,59090476,,"Population, 2021",688
2021S051259090477,59090477,Dissemination area,59090477,59090477,,"Population, 2021",462
2021S051259090478,59090478,Dissemination area,59090478,59090478,,"Population, 2021",445
2021S051259090479,59090479,Dissemination area,59090479,59090479,,"Population, 2021",588
2021S051259090480,59090480,Dissemination area,59090480,59090480,,"Population, 2021",712
2021S051259090481,59090481,Dissemination area,59090481,59090481,,"Population, 2021",1176
2021S051259090482,59090482,Dissemination area,59090482,59090482,,"Population, 2021",1528
2021S051259090483,59090483,Dissemination area,59090483,59090483,,"Population, 2021",1489
2021S051259090484,59090484,Dissemination area,59090484,59090484,,"Population, 2021",404
2021S051259090485,59090485,Dissemination area,59090485,59090485,,"Population, 2021",2347
2021S051259090486,59090486,Dissemination area,59090486,59090486,,"Population, 2021",790
2021S051259090487,59090487,Dissemination area,59090487,59090487,,"Population, 2021",441
2021S051259090488,59090488,Dissemination area,59090488,59090488,,"Population, 2021",494
2021S051259090489,59090489,Dissemination area,59090489,59090489,,"Population, 2021",440
2021S051259090490,59090490,Dissemination area,59090490,59090490,,"Population, 2021",445
2021S051259090491,59090491,Dissemination area,59090491,59090491,,"Population, 2021",370
2021S051259090492,59090492,Dissemination area,59090492,59090492,,"Population, 2021",428
2021S051259090493,59090493,Dissemination area,59090493,59090493,,"Population, 2021",669
2021S051259090494,59090494,Dissemination area,59090494,59090494,,"Population, 2021",480
2021S051259090495,59090495,Dissemination area,59090495,59090495,,"Population, 2021",635
2021S051259090496,59090496,Dissemination area,59090496,59090496,,"Population, 2021",475
2021S051259090497,59090497,Dissemination area,59090497,59090497,,"Population, 2021",413
2021S051259090498,59090498,Dissemination area,59090498,59090498,,"Population, 2021",547
2021S051259090499,59090499,Dissemination area,59090499,59090499,,"Population, 2021",600
2021S051259090500,59090500,Dissemination area,59090500,59090500,,"Population, 2021",478
2021S051259090501,59090501,Dissemination area,59090501,59090501,,"Population, 2021",475
2021S051259090502,59090502,Dissemination area,59090502,59090502,,"Population, 2021",487
2021S051259090503,59090503,Dissemination area,59090503,59090503,,"Population, 2021",522
2021S051259090504,59090504,Dissemination area,59090504,59090504,,"Population, 2021",539
2021S051259090505,59090505,Dissemination area,59090505,59090505,,"Population, 2021",1375
2021S051259090506,59090506,Dissemination area,59090506,59090506,,"Population, 2021",472
2021S051259090507,59090507,Dissemination area,59090507,59090507,,"Population, 2021",344
2021S051259090508,59090508,Dissemination area,59090508,59090508,,"Population, 2021",461
2021S051259090509,59090509,Dissemination area,59090509,59090509,,"Population, 2021",471
2021S051259090510,59090510,Dissemination area,59090510,59090510,,"Population, 2021",664
2021S051259090513,59090513,Dissemination area,59090513,59090513,,"Population, 2021",923
2021S051259090514,59090514,Dissemination area,59090514,59090514,,"Population, 2021",464
2021S051259090515,59090515,Dissemination area,59090515,59090515,,"Population, 2021",267
2021S051259090516,59090516,Dissemination area,59090516,59090516,,"Population, 2021",677
2021S051259090517,59090517,Dissemination area,59090517,59090517,,"Population, 2021",549
2021S051259090518,59090518,Dissemination area,59090518,59090518,,"Population, 2021",506
2021S051259090519,59090519,Dissemination area,59090519,59090519,,"Population, 2021",251
2021S051259090740,59090740,Dissemination area,59090740,59090740,,"Population, 2021",508
2021S051259090741,59090741,Dissemination area,59090741,59090741,,"Population, 2021",438
2021S051259090742,59090742,Dissemination area,59090742,59090742,,"Population, 2021",476
2021S051259090743,59090743,Dissemination area,59090743,59090743,,"Population, 2021",520
2021S051259090744,59090744,Dissemination area,59090744,59090744,,"Population, 2021",732
2021S051259090745,59090745,Dissemination area,59090745,59090745,,"Population, 2021",592
2021S051259090746,59090746,Dissemination area,59090746,59090746,,"Population, 2021",490
2021S051259090747,59090747,Dissemination area,59090747,59090747,,"Population, 2021",313
2021S051259090748,59090748,Dissemination area,59090748,59090748,,"Population, 2021",465
2021S051259090749,59090749,Dissemination area,59090749,59090749,,"Population, 2021",470
2021S051259090750,59090750,Dissemination area,59090750,59090750,,"Population, 2021",604
2021S051259090751,59090751,Dissemination area,59090751,59090751,,"Population, 2021",671
2021S051259090752,59090752,Dissemination area,59090752,59090752,,"Population, 2021",471
2021S051259090753,59090753,Dissemination area,59090753,59090753,,"Population, 2021",457
2021S051259090970,59090970,Dissemination area,59090970,59090970,,"Population, 2021",167
2021S051259090972,59090972,Dissemination area,59090972,59090972,,"Population, 2021",734
2021A00055909060,5909060,Census subdivision,"Fraser Valley F, Regional district electoral area (RDA)",Fraser Valley F,Regional district electoral area (RDA),"Population, 2021",1384
2021S051259090461,59090461,Dissemination area,59090461,59090461,,"Population, 2021",781
2021S051259090520,59090520,Dissemination area,59090520,59090520,,"Population, 2021",603
2021A00055909062,5909062,Census subdivision,"Fraser Valley G, Regional district electoral area (RDA)",Fraser Valley G,Regional district electoral area (RDA),"Population, 2021",1692
2021S051259090511,59090511,Dissemination area,59090511,59090511,,"Population, 2021",561
2021S051259090512,59090512,Dissemination area,59090512,59090512,,"Population, 2021",425
2021S051259090524,59090524,Dissemination area,59090524,59090524,,"Population, 2021",382
2021S051259090807,59090807,Dissemination area,59090807,59090807,,"Population, 2021",0
2021S051259090978,59090978,Dissemination area,59090978,59090978,,"Population, 2021",324
2021S051259090979,59090979,Dissemination area,59090979,59090979,,"Population, 2021",0
2021A00055909804,5909804,Census subdivision,"Chawathil 4, Indian reserve (IRI)",Chawathil 4,Indian reserve (IRI),"Population, 2021",182
2021S051259090623,59090623,Dissemination area,59090623,59090623,,"Population, 2021",182
2021A00055909805,5909805,Census subdivision,"Inkahtsaph 6, Indian reserve (IRI)",Inkahtsaph 6,Indian reserve (IRI),"Population, 2021",0
2021S051259090776,59090776,Dissemination area,59090776,59090776,,"Population, 2021",0
2021A00055909806,5909806,Census subdivision,"Kopchitchin 2, Indian reserve (IRI)",Kopchitchin 2,Indian reserve (IRI),"Population, 2021",41
2021S051259090771,59090771,Dissemination area,59090771,59090771,,"Population, 2021",41
2021A00055909807,5909807,Census subdivision,"Ohamil 1, Indian reserve (IRI)",Ohamil 1,Indian reserve (IRI),"Population, 2021",150
2021S051259090622,59090622,Dissemination area,59090622,59090622,,"Population, 2021",150
2021A00055909808,5909808,Census subdivision,"Puckatholetchin 11, Indian reserve (IRI)",Puckatholetchin 11,Indian reserve (IRI),"Population, 2021",10
2021S051259090626,59090626,Dissemination area,59090626,59090626,,"Population, 2021",10
2021A00055909809,5909809,Census subdivision,"Saddle Rock 9, Indian reserve (IRI)",Saddle Rock 9,Indian reserve (IRI),"Population, 2021",0
2021S051259090631,59090631,Dissemination area,59090631,59090631,,"Population, 2021",0
2021A00055909810,5909810,Census subdivision,"Lukseetsissum 9, Indian reserve (IRI)",Lukseetsissum 9,Indian reserve (IRI),"Population, 2021",52
2021S051259090619,59090619,Dissemination area,59090619,59090619,,"Population, 2021",52
2021A00055909812,5909812,Census subdivision,"Schkam 2, Indian reserve (IRI)",Schkam 2,Indian reserve (IRI),"Population, 2021",62
2021S051259090640,59090640,Dissemination area,59090640,59090640,,"Population, 2021",62
2021A00055909814,5909814,Census subdivision,"Skawahlook 1, Indian reserve (IRI)",Skawahlook 1,Indian reserve (IRI),"Population, 2021",10
2021S051259090624,59090624,Dissemination area,59090624,59090624,,"Population, 2021",10
2021A00055909815,5909815,Census subdivision,"Speyum 3, Indian reserve (IRI)",Speyum 3,Indian reserve (IRI),"Population, 2021",0
2021S051259090775,59090775,Dissemination area,59090775,59090775,,"Population, 2021",0
2021A00055909816,5909816,Census subdivision,"Spuzzum 1, Indian reserve (IRI)",Spuzzum 1,Indian reserve (IRI),"Population, 2021",55
2021S051259090632,59090632,Dissemination area,59090632,59090632,,"Population, 2021",55
2021A00055909817,5909817,Census subdivision,"Tuckkwiowhum 1, Indian reserve (IRI)",Tuckkwiowhum 1,Indian reserve (IRI),"Population, 2021",31
2021S051259090780,59090780,Dissemination area,59090780,59090780,,"Population, 2021",31
2021A00055909818,5909818,Census subdivision,"Yale Town 1, Indian reserve (IRI)",Yale Town 1,Indian reserve (IRI),"Population, 2021",5
2021S051259090629,59090629,Dissemination area,59090629,59090629,,"Population, 2021",5
2021A00055909819,5909819,Census subdivision,"Kahmoose 4, Indian reserve (IRI)",Kahmoose 4,Indian reserve (IRI),"Population, 2021",5
2021S051259090774,59090774,Dissemination area,59090774,59090774,,"Population, 2021",5
2021A00055909821,5909821,Census subdivision,"Kwawkwawapilt 6, Indian reserve (IRI)",Kwawkwawapilt 6,Indian reserve (IRI),"Population, 2021",295
2021S051259090872,59090872,Dissemination area,59090872,59090872,,"Population, 2021",295
2021S051259090873,59090873,Dissemination area,59090873,59090873,,"Population, 2021",0
2021A00055909824,5909824,Census subdivision,"Skwah 4, Indian reserve (IRI)",Skwah 4,Indian reserve (IRI),"Population, 2021",245
2021S051259090591,59090591,Dissemination area,59090591,59090591,,"Population, 2021",245
2021A00055909825,5909825,Census subdivision,"Skwali 3, Indian reserve (IRI)",Skwali 3,Indian reserve (IRI),"Population, 2021",0
2021S051259090590,59090590,Dissemination area,59090590,59090590,,"Population, 2021",0
2021A00055909826,5909826,Census subdivision,"Skway 5, Indian reserve (IRI)",Skway 5,Indian reserve (IRI),"Population, 2021",89
2021S051259090528,59090528,Dissemination area,59090528,59090528,,"Population, 2021",89
2021A00055909827,5909827,Census subdivision,"Soowahlie 14, Indian reserve (IRI)",Soowahlie 14,Indian reserve (IRI),"Population, 2021",255
2021S051259090731,59090731,Dissemination area,59090731,59090731,,"Population, 2021",255
2021A00055909830,5909830,Census subdivision,"Tzeachten 13, Indian reserve (IRI)",Tzeachten 13,Indian reserve (IRI),"Population, 2021",3089
2021S051259090833,59090833,Dissemination area,59090833,59090833,,"Population, 2021",1207
2021S051259090834,59090834,Dissemination area,59090834,59090834,,"Population, 2021",553
2021S051259090870,59090870,Dissemination area,59090870,59090870,,"Population, 2021",1188
2021S051259090871,59090871,Dissemination area,59090871,59090871,,"Population, 2021",141
2021A00055909831,5909831,Census subdivision,"Yakweakwioose 12, Indian reserve (IRI)",Yakweakwioose 12,Indian reserve (IRI),"Population, 2021",49
2021S051259090699,59090699,Dissemination area,59090699,59090699,,"Population, 2021",49
2021A00055909832,5909832,Census subdivision,"Seabird Island, Indian reserve (IRI)",Seabird Island,Indian reserve (IRI),"Population, 2021",800
2021S051259090611,59090611,Dissemination area,59090611,59090611,,"Population, 2021",800
2021A00055909833,5909833,Census subdivision,"Scowlitz 1, Indian reserve (IRI)",Scowlitz 1,Indian reserve (IRI),"Population, 2021",5
2021S051259090618,59090618,Dissemination area,59090618,59090618,,"Population, 2021",5
2021A00055909834,5909834,Census subdivision,"Tseatah 2, Indian reserve (IRI)",Tseatah 2,Indian reserve (IRI),"Population, 2021",15
2021S051259090604,59090604,Dissemination area,59090604,59090604,,"Population, 2021",15
2021A00055909835,5909835,Census subdivision,"Aitchelitch 9, Indian reserve (IRI)",Aitchelitch 9,Indian reserve (IRI),"Population, 2021",45
2021S051259090706,59090706,Dissemination area,59090706,59090706,,"Population, 2021",45
2021A00055909836,5909836,Census subdivision,"Boston Bar 1A, Indian reserve (IRI)",Boston Bar 1A,Indian reserve (IRI),"Population, 2021",0
2021S051259090781,59090781,Dissemination area,59090781,59090781,,"Population, 2021",0
2021A00055909837,5909837,Census subdivision,"Cheam 1, Indian reserve (IRI)",Cheam 1,Indian reserve (IRI),"Population, 2021",207
2021S051259090599,59090599,Dissemination area,59090599,59090599,,"Population, 2021",207
2021A00055909838,5909838,Census subdivision,"Schelowat 1, Indian reserve (IRI)",Schelowat 1,Indian reserve (IRI),"Population, 2021",5
2021S051259090595,59090595,Dissemination area,59090595,59090595,,"Population, 2021",5
2021A00055909839,5909839,Census subdivision,"Chehalis 5, Indian reserve (IRI)",Chehalis 5,Indian reserve (IRI),"Population, 2021",500
2021S051259090451,59090451,Dissemination area,59090451,59090451,,"Population, 2021",500
2021A00055909841,5909841,Census subdivision,"Stullawheets 8, Indian reserve (IRI)",Stullawheets 8,Indian reserve (IRI),"Population, 2021",76
2021S051259090627,59090627,Dissemination area,59090627,59090627,,"Population, 2021",76
2021A00055909842,5909842,Census subdivision,"Douglas 8, Indian reserve (IRI)",Douglas 8,Indian reserve (IRI),"Population, 2021",66
2021S051259090456,59090456,Dissemination area,59090456,59090456,,"Population, 2021",66
2021A00055909843,5909843,Census subdivision,"Peters 1, Indian reserve (IRI)",Peters 1,Indian reserve (IRI),"Population, 2021",
2021S051259090634,59090634,Dissemination area,59090634,59090634,,"Population, 2021",
2021S051259090635,59090635,Dissemination area,59090635,59090635,,"Population, 2021",
2021A00055909844,5909844,Census subdivision,"Popkum 1, Indian reserve (IRI)",Popkum 1,Indian reserve (IRI),"Population, 2021",0
2021S051259090602,59090602,Dissemination area,59090602,59090602,,"Population, 2021",0
2021A00055909845,5909845,Census subdivision,"Skookumchuck 4, Indian reserve (IRI)",Skookumchuck 4,Indian reserve (IRI),"Population, 2021",30
2021S051259090453,59090453,Dissemination area,59090453,59090453,,"Population, 2021",30
2021A00055909847,5909847,Census subdivision,"Bucktum 4, Indian reserve (IRI)",Bucktum 4,Indian reserve (IRI),"Population, 2021",5
2021S051259090772,59090772,Dissemination area,59090772,59090772,,"Population, 2021",5
2021A00055909848,5909848,Census subdivision,"Tipella 7, Indian reserve (IRI)",Tipella 7,Indian reserve (IRI),"Population, 2021",0
2021S051259090457,59090457,Dissemination area,59090457,59090457,,"Population, 2021",0
2021A00055909850,5909850,Census subdivision,"Boothroyd 13, Indian reserve (IRI)",Boothroyd 13,Indian reserve (IRI),"Population, 2021",0
2021S051259090811,59090811,Dissemination area,59090811,59090811,,"Population, 2021",0
2021A00055909851,5909851,Census subdivision,"Ruby Creek 2, Indian reserve (IRI)",Ruby Creek 2,Indian reserve (IRI),"Population, 2021",19
2021S051259090620,59090620,Dissemination area,59090620,59090620,,"Population, 2021",19
2021A00055909852,5909852,Census subdivision,"Paqulh, Indian reserve (IRI)",Paqulh,Indian reserve (IRI),"Population, 2021",0
2021S051259090449,59090449,Dissemination area,59090449,59090449,,"Population, 2021",0
2021A00055909856,5909856,Census subdivision,"Langley 2, Indian reserve (IRI)",Langley 2,Indian reserve (IRI),"Population, 2021",332
2021S051259090969,59090969,Dissemination area,59090969,59090969,,"Population, 2021",332
2021A00055909875,5909875,Census subdivision,"Q'alatkú7em, Indian reserve (IRI)",Q'alatkú7em,Indian reserve (IRI),"Population, 2021",50
2021S051259090460,59090460,Dissemination area,59090460,59090460,,"Population, 2021",50
2021A00055909876,5909876,Census subdivision,"Albert Flat 5, Indian reserve (IRI)",Albert Flat 5,Indian reserve (IRI),"Population, 2021",41
2021S051259090633,59090633,Dissemination area,59090633,59090633,,"Population, 2021",41
2021A00055909877,5909877,Census subdivision,"Upper Sumas 6, Indian reserve (IRI)",Upper Sumas 6,Indian reserve (IRI),"Population, 2021",232
2021S051259090722,59090722,Dissemination area,59090722,59090722,,"Population, 2021",232
2021A00055909878,5909878,Census subdivision,"Matsqui Main 2, Indian reserve (IRI)",Matsqui Main 2,Indian reserve (IRI),"Population, 2021",119
2021S051259090739,59090739,Dissemination area,59090739,59090739,,"Population, 2021",119
2021A00055909879,5909879,Census subdivision,"Holachten 8, Indian reserve (IRI)",Holachten 8,Indian reserve (IRI),"Population, 2021",330
2021S051259090525,59090525,Dissemination area,59090525,59090525,,"Population, 2021",330
2021A00055909880,5909880,Census subdivision,"Lakahahmen 11, Indian reserve (IRI)",Lakahahmen 11,Indian reserve (IRI),"Population, 2021",170
2021S051259090980,59090980,Dissemination area,59090980,59090980,,"Population, 2021",170
2021A00055909881,5909881,Census subdivision,"Skweahm 10, Indian reserve (IRI)",Skweahm 10,Indian reserve (IRI),"Population, 2021",228
2021S051259090523,59090523,Dissemination area,59090523,59090523,,"Population, 2021",228
2021A00055909882,5909882,Census subdivision,"Squawkum Creek 3, Indian reserve (IRI)",Squawkum Creek 3,Indian reserve (IRI),"Population, 2021",130
2021S051259090452,59090452,Dissemination area,59090452,59090452,,"Population, 2021",130
2021A00055909883,5909883,Census subdivision,"Sachteen, Indian reserve (IRI)",Sachteen,Indian reserve (IRI),"Population, 2021",5
2021S051259090454,59090454,Dissemination area,59090454,59090454,,"Population, 2021",5
2021S051259090455,59090455,Dissemination area,59090455,59090455,,"Population, 2021",0
2021A00055909884,5909884,Census subdivision,"Skowkale, Indian reserve (IRI)",Skowkale,Indian reserve (IRI),"Population, 2021",983
2021S051259090700,59090700,Dissemination area,59090700,59090700,,"Population, 2021",777
2021S051259090701,59090701,Dissemination area,59090701,59090701,,"Population, 2021",206
2021A00055909885,5909885,Census subdivision,"Squiaala, Indian reserve (IRI)",Squiaala,Indian reserve (IRI),"Population, 2021",158
2021S051259090527,59090527,Dissemination area,59090527,59090527,,"Population, 2021",33
2021S051259090705,59090705,Dissemination area,59090705,59090705,,"Population, 2021",125
2021A00035915,5915,Census division,"Greater Vancouver, Regional district (RD)",Greater Vancouver,Regional district (RD),"Population, 2021",2642825
2021A00055915001,5915001,Census subdivision,"Langley, District municipality (DM)",Langley,District municipality (DM),"Population, 2021",132603
2021S051259152360,59152360,Dissemination area,59152360,59152360,,"Population, 2021",457
2021S051259152361,59152361,Dissemination area,59152361,59152361,,"Population, 2021",424
2021S051259152362,59152362,Dissemination area,59152362,59152362,,"Population, 2021",496
2021S051259152363,59152363,Dissemination area,59152363,59152363,,"Population, 2021",460
2021S051259152364,59152364,Dissemination area,59152364,59152364,,"Population, 2021",444
2021S051259152365,59152365,Dissemination area,59152365,59152365,,"Population, 2021",565
2021S051259152366,59152366,Dissemination area,59152366,59152366,,"Population, 2021",578
2021S051259152367,59152367,Dissemination area,59152367,59152367,,"Population, 2021",511
2021S051259152368,59152368,Dissemination area,59152368,59152368,,"Population, 2021",495
2021S051259152369,59152369,Dissemination area,59152369,59152369,,"Population, 2021",1023
2021S051259152370,59152370,Dissemination area,59152370,59152370,,"Population, 2021",1070
2021S051259152371,59152371,Dissemination area,59152371,59152371,,"Population, 2021",330
2021S051259152372,59152372,Dissemination area,59152372,59152372,,"Population, 2021",925
2021S051259152373,59152373,Dissemination area,59152373,59152373,,"Population, 2021",317
2021S051259152374,59152374,Dissemination area,59152374,59152374,,"Population, 2021",648
2021S051259152375,59152375,Dissemination area,59152375,59152375,,"Population, 2021",586
2021S051259152377,59152377,Dissemination area,59152377,59152377,,"Population, 2021",1991
2021S051259152380,59152380,Dissemination area,59152380,59152380,,"Population, 2021",331
2021S051259152381,59152381,Dissemination area,59152381,59152381,,"Population, 2021",599
2021S051259152395,59152395,Dissemination area,59152395,59152395,,"Population, 2021",1503
2021S051259152396,59152396,Dissemination area,59152396,59152396,,"Population, 2021",656
2021S051259152397,59152397,Dissemination area,59152397,59152397,,"Population, 2021",592
2021S051259152398,59152398,Dissemination area,59152398,59152398,,"Population, 2021",326
2021S051259152399,59152399,Dissemination area,59152399,59152399,,"Population, 2021",405
2021S051259152403,59152403,Dissemination area,59152403,59152403,,"Population, 2021",799
2021S051259152407,59152407,Dissemination area,59152407,59152407,,"Population, 2021",1016
2021S051259152408,59152408,Dissemination area,59152408,59152408,,"Population, 2021",359
2021S051259152409,59152409,Dissemination area,59152409,59152409,,"Population, 2021",440
2021S051259152410,59152410,Dissemination area,59152410,59152410,,"Population, 2021",528
2021S051259152411,59152411,Dissemination area,59152411,59152411,,"Population, 2021",389
2021S051259152414,59152414,Dissemination area,59152414,59152414,,"Population, 2021",1800
2021S051259152415,59152415,Dissemination area,59152415,59152415,,"Population, 2021",441
2021S051259152416,59152416,Dissemination area,59152416,59152416,,"Population, 2021",246
2021S051259152417,59152417,Dissemination area,59152417,59152417,,"Population, 2021",655
2021S051259152418,59152418,Dissemination area,59152418,59152418,,"Population, 2021",1844
2021S051259152419,59152419,Dissemination area,59152419,59152419,,"Population, 2021",344
2021S051259152420,59152420,Dissemination area,59152420,59152420,,"Population, 2021",544
2021S051259152421,59152421,Dissemination area,59152421,59152421,,"Population, 2021",506
2021S051259152422,59152422,Dissemination area,59152422,59152422,,"Population, 2021",459
2021S051259152423,59152423,Dissemination area,59152423,59152423,,"Population, 2021",719
2021S051259152424,59152424,Dissemination area,59152424,59152424,,"Population, 2021",1024
2021S051259152425,59152425,Dissemination area,59152425,59152425,,"Population, 2021",960
2021S051259152431,59152431,Dissemination area,59152431,59152431,,"Population, 2021",718
2021S051259152432,59152432,Dissemination area,59152432,59152432,,"Population, 2021",1091
2021S051259152434,59152434,Dissemination area,59152434,59152434,,"Population, 2021",712
2021S051259152491,59152491,Dissemination area,59152491,59152491,,"Population, 2021",705
2021S051259152492,59152492,Dissemination area,59152492,59152492,,"Population, 2021",371
2021S051259152494,59152494,Dissemination area,59152494,59152494,,"Population, 2021",626
2021S051259152495,59152495,Dissemination area,59152495,59152495,,"Population, 2021",406
2021S051259152496,59152496,Dissemination area,59152496,59152496,,"Population, 2021",741
2021S051259152497,59152497,Dissemination area,59152497,59152497,,"Population, 2021",1083
2021S051259152498,59152498,Dissemination area,59152498,59152498,,"Population, 2021",425
2021S051259152499,59152499,Dissemination area,59152499,59152499,,"Population, 2021",715
2021S051259152500,59152500,Dissemination area,59152500,59152500,,"Population, 2021",664
2021S051259152501,59152501,Dissemination area,59152501,59152501,,"Population, 2021",803
2021S051259152502,59152502,Dissemination area,59152502,59152502,,"Population, 2021",996
2021S051259152507,59152507,Dissemination area,59152507,59152507,,"Population, 2021",559
2021S051259152510,59152510,Dissemination area,59152510,59152510,,"Population, 2021",429
2021S051259152511,59152511,Dissemination area,59152511,59152511,,"Population, 2021",434
2021S051259152512,59152512,Dissemination area,59152512,59152512,,"Population, 2021",636
2021S051259152514,59152514,Dissemination area,59152514,59152514,,"Population, 2021",461
2021S051259152515,59152515,Dissemination area,59152515,59152515,,"Population, 2021",788
2021S051259152516,59152516,Dissemination area,59152516,59152516,,"Population, 2021",444
2021S051259152517,59152517,Dissemination area,59152517,59152517,,"Population, 2021",585
2021S051259152518,59152518,Dissemination area,59152518,59152518,,"Population, 2021",448
2021S051259152519,59152519,Dissemination area,59152519,59152519,,"Population, 2021",421
2021S051259152520,59152520,Dissemination area,59152520,59152520,,"Population, 2021",827
2021S051259152523,59152523,Dissemination area,59152523,59152523,,"Population, 2021",1162
2021S051259152524,59152524,Dissemination area,59152524,59152524,,"Population, 2021",1200
2021S051259152531,59152531,Dissemination area,59152531,59152531,,"Population, 2021",942
2021S051259152559,59152559,Dissemination area,59152559,59152559,,"Population, 2021",521
2021S051259152560,59152560,Dissemination area,59152560,59152560,,"Population, 2021",589
2021S051259152561,59152561,Dissemination area,59152561,59152561,,"Population, 2021",412
2021S051259152562,59152562,Dissemination area,59152562,59152562,,"Population, 2021",518
2021S051259152563,59152563,Dissemination area,59152563,59152563,,"Population, 2021",389
2021S051259152564,59152564,Dissemination area,59152564,59152564,,"Population, 2021",473
2021S051259152566,59152566,Dissemination area,59152566,59152566,,"Population, 2021",578
2021S051259152567,59152567,Dissemination area,59152567,59152567,,"Population, 2021",477
2021S051259152568,59152568,Dissemination area,59152568,59152568,,"Population, 2021",309
2021S051259152569,59152569,Dissemination area,59152569,59152569,,"Population, 2021",481
2021S051259152570,59152570,Dissemination area,59152570,59152570,,"Population, 2021",483
2021S051259152571,59152571,Dissemination area,59152571,59152571,,"Population, 2021",361
2021S051259152777,59152777,Dissemination area,59152777,59152777,,"Population, 2021",507
2021S051259152778,59152778,Dissemination area,59152778,59152778,,"Population, 2021",632
2021S051259153403,59153403,Dissemination area,59153403,59153403,,"Population, 2021",942
2021S051259153432,59153432,Dissemination area,59153432,59153432,,"Population, 2021",582
2021S051259153433,59153433,Dissemination area,59153433,59153433,,"Population, 2021",736
2021S051259153435,59153435,Dissemination area,59153435,59153435,,"Population, 2021",720
2021S051259153436,59153436,Dissemination area,59153436,59153436,,"Population, 2021",760
2021S051259153437,59153437,Dissemination area,59153437,59153437,,"Population, 2021",722
2021S051259153438,59153438,Dissemination area,59153438,59153438,,"Population, 2021",252
2021S051259153439,59153439,Dissemination area,59153439,59153439,,"Population, 2021",1507
2021S051259153459,59153459,Dissemination area,59153459,59153459,,"Population, 2021",644
2021S051259153460,59153460,Dissemination area,59153460,59153460,,"Population, 2021",1055
2021S051259153541,59153541,Dissemination area,59153541,59153541,,"Population, 2021",599
2021S051259153542,59153542,Dissemination area,59153542,59153542,,"Population, 2021",852
2021S051259153543,59153543,Dissemination area,59153543,59153543,,"Population, 2021",266
2021S051259153547,59153547,Dissemination area,59153547,59153547,,"Population, 2021",1537
2021S051259153756,59153756,Dissemination area,59153756,59153756,,"Population, 2021",485
2021S051259153757,59153757,Dissemination area,59153757,59153757,,"Population, 2021",735
2021S051259153758,59153758,Dissemination area,59153758,59153758,,"Population, 2021",690
2021S051259153762,59153762,Dissemination area,59153762,59153762,,"Population, 2021",628
2021S051259153763,59153763,Dissemination area,59153763,59153763,,"Population, 2021",441
2021S051259153764,59153764,Dissemination area,59153764,59153764,,"Population, 2021",611
2021S051259153765,59153765,Dissemination area,59153765,59153765,,"Population, 2021",575
2021S051259153766,59153766,Dissemination area,59153766,59153766,,"Population, 2021",529
2021S051259153767,59153767,Dissemination area,59153767,59153767,,"Population, 2021",528
2021S051259153768,59153768,Dissemination area,59153768,59153768,,"Population, 2021",582
2021S051259153769,59153769,Dissemination area,59153769,59153769,,"Population, 2021",559
2021S051259153770,59153770,Dissemination area,59153770,59153770,,"Population, 2021",490
2021S051259153771,59153771,Dissemination area,59153771,59153771,,"Population, 2021",555
2021S051259153772,59153772,Dissemination area,59153772,59153772,,"Population, 2021",569
2021S051259153773,59153773,Dissemination area,59153773,59153773,,"Population, 2021",553
2021S051259153774,59153774,Dissemination area,59153774,59153774,,"Population, 2021",462
2021S051259153775,59153775,Dissemination area,59153775,59153775,,"Population, 2021",530
2021S051259153776,59153776,Dissemination area,59153776,59153776,,"Population, 2021",445
2021S051259153777,59153777,Dissemination area,59153777,59153777,,"Population, 2021",527
2021S051259153778,59153778,Dissemination area,59153778,59153778,,"Population, 2021",1164
2021S051259153779,59153779,Dissemination area,59153779,59153779,,"Population, 2021",511
2021S051259153780,59153780,Dissemination area,59153780,59153780,,"Population, 2021",509
2021S051259153781,59153781,Dissemination area,59153781,59153781,,"Population, 2021",501
2021S051259153782,59153782,Dissemination area,59153782,59153782,,"Population, 2021",466
2021S051259153783,59153783,Dissemination area,59153783,59153783,,"Population, 2021",531
2021S051259153784,59153784,Dissemination area,59153784,59153784,,"Population, 2021",629
2021S051259153785,59153785,Dissemination area,59153785,59153785,,"Population, 2021",512
2021S051259153786,59153786,Dissemination area,59153786,59153786,,"Population, 2021",554
2021S051259153788,59153788,Dissemination area,59153788,59153788,,"Population, 2021",1169
2021S051259153789,59153789,Dissemination area,59153789,59153789,,"Population, 2021",413
2021S051259153790,59153790,Dissemination area,59153790,59153790,,"Population, 2021",345
2021S051259153791,59153791,Dissemination area,59153791,59153791,,"Population, 2021",228
2021S051259153792,59153792,Dissemination area,59153792,59153792,,"Population, 2021",575
2021S051259153854,59153854,Dissemination area,59153854,59153854,,"Population, 2021",278
2021S051259153856,59153856,Dissemination area,59153856,59153856,,"Population, 2021",1193
2021S051259153857,59153857,Dissemination area,59153857,59153857,,"Population, 2021",7753
2021S051259153858,59153858,Dissemination area,59153858,59153858,,"Population, 2021",1761
2021S051259153859,59153859,Dissemination area,59153859,59153859,,"Population, 2021",1227
2021S051259153860,59153860,Dissemination area,59153860,59153860,,"Population, 2021",561
2021S051259153861,59153861,Dissemination area,59153861,59153861,,"Population, 2021",1501
2021S051259153862,59153862,Dissemination area,59153862,59153862,,"Population, 2021",764
2021S051259153864,59153864,Dissemination area,59153864,59153864,,"Population, 2021",835
2021S051259153866,59153866,Dissemination area,59153866,59153866,,"Population, 2021",1799
2021S051259153867,59153867,Dissemination area,59153867,59153867,,"Population, 2021",823
2021S051259153868,59153868,Dissemination area,59153868,59153868,,"Population, 2021",1148
2021S051259153869,59153869,Dissemination area,59153869,59153869,,"Population, 2021",1134
2021S051259153870,59153870,Dissemination area,59153870,59153870,,"Population, 2021",934
2021S051259153871,59153871,Dissemination area,59153871,59153871,,"Population, 2021",401
2021S051259153872,59153872,Dissemination area,59153872,59153872,,"Population, 2021",944
2021S051259153873,59153873,Dissemination area,59153873,59153873,,"Population, 2021",862
2021S051259153874,59153874,Dissemination area,59153874,59153874,,"Population, 2021",812
2021S051259153875,59153875,Dissemination area,59153875,59153875,,"Population, 2021",255
2021S051259153876,59153876,Dissemination area,59153876,59153876,,"Population, 2021",713
2021S051259153877,59153877,Dissemination area,59153877,59153877,,"Population, 2021",456
2021S051259153940,59153940,Dissemination area,59153940,59153940,,"Population, 2021",490
2021S051259153941,59153941,Dissemination area,59153941,59153941,,"Population, 2021",344
2021S051259153942,59153942,Dissemination area,59153942,59153942,,"Population, 2021",1276
2021S051259153943,59153943,Dissemination area,59153943,59153943,,"Population, 2021",933
2021S051259153944,59153944,Dissemination area,59153944,59153944,,"Population, 2021",342
2021S051259154058,59154058,Dissemination area,59154058,59154058,,"Population, 2021",1938
2021S051259154059,59154059,Dissemination area,59154059,59154059,,"Population, 2021",749
2021S051259154060,59154060,Dissemination area,59154060,59154060,,"Population, 2021",4918
2021S051259154062,59154062,Dissemination area,59154062,59154062,,"Population, 2021",8561
2021S051259154063,59154063,Dissemination area,59154063,59154063,,"Population, 2021",1247
2021S051259154064,59154064,Dissemination area,59154064,59154064,,"Population, 2021",949
2021A00055915002,5915002,Census subdivision,"Langley, City (CY)",Langley,City (CY),"Population, 2021",28963
2021S051259152341,59152341,Dissemination area,59152341,59152341,,"Population, 2021",1092
2021S051259152342,59152342,Dissemination area,59152342,59152342,,"Population, 2021",316
2021S051259152343,59152343,Dissemination area,59152343,59152343,,"Population, 2021",1106
2021S051259152344,59152344,Dissemination area,59152344,59152344,,"Population, 2021",1039
2021S051259152345,59152345,Dissemination area,59152345,59152345,,"Population, 2021",1023
2021S051259152346,59152346,Dissemination area,59152346,59152346,,"Population, 2021",1057
2021S051259152347,59152347,Dissemination area,59152347,59152347,,"Population, 2021",1009
2021S051259152348,59152348,Dissemination area,59152348,59152348,,"Population, 2021",415
2021S051259152350,59152350,Dissemination area,59152350,59152350,,"Population, 2021",784
2021S051259152351,59152351,Dissemination area,59152351,59152351,,"Population, 2021",546
2021S051259152352,59152352,Dissemination area,59152352,59152352,,"Population, 2021",618
2021S051259152353,59152353,Dissemination area,59152353,59152353,,"Population, 2021",399
2021S051259152354,59152354,Dissemination area,59152354,59152354,,"Population, 2021",513
2021S051259152355,59152355,Dissemination area,59152355,59152355,,"Population, 2021",513
2021S051259152356,59152356,Dissemination area,59152356,59152356,,"Population, 2021",483
2021S051259152357,59152357,Dissemination area,59152357,59152357,,"Population, 2021",294
2021S051259152358,59152358,Dissemination area,59152358,59152358,,"Population, 2021",898
2021S051259152359,59152359,Dissemination area,59152359,59152359,,"Population, 2021",843
2021S051259152382,59152382,Dissemination area,59152382,59152382,,"Population, 2021",705
2021S051259152383,59152383,Dissemination area,59152383,59152383,,"Population, 2021",326
2021S051259152384,59152384,Dissemination area,59152384,59152384,,"Population, 2021",481
2021S051259152385,59152385,Dissemination area,59152385,59152385,,"Population, 2021",715
2021S051259152386,59152386,Dissemination area,59152386,59152386,,"Population, 2021",551
2021S051259152387,59152387,Dissemination area,59152387,59152387,,"Population, 2021",523
2021S051259152388,59152388,Dissemination area,59152388,59152388,,"Population, 2021",633
2021S051259152389,59152389,Dissemination area,59152389,59152389,,"Population, 2021",1595
2021S051259152390,59152390,Dissemination area,59152390,59152390,,"Population, 2021",795
2021S051259152391,59152391,Dissemination area,59152391,59152391,,"Population, 2021",1260
2021S051259152392,59152392,Dissemination area,59152392,59152392,,"Population, 2021",2126
2021S051259152393,59152393,Dissemination area,59152393,59152393,,"Population, 2021",668
2021S051259152394,59152394,Dissemination area,59152394,59152394,,"Population, 2021",1089
2021S051259152779,59152779,Dissemination area,59152779,59152779,,"Population, 2021",427
2021S051259152780,59152780,Dissemination area,59152780,59152780,,"Population, 2021",445
2021S051259152781,59152781,Dissemination area,59152781,59152781,,"Population, 2021",687
2021S051259152782,59152782,Dissemination area,59152782,59152782,,"Population, 2021",632
2021S051259152783,59152783,Dissemination area,59152783,59152783,,"Population, 2021",281
2021S051259152784,59152784,Dissemination area,59152784,59152784,,"Population, 2021",451
2021S051259152785,59152785,Dissemination area,59152785,59152785,,"Population, 2021",708
2021S051259153545,59153545,Dissemination area,59153545,59153545,,"Population, 2021",521
2021S051259153546,59153546,Dissemination area,59153546,59153546,,"Population, 2021",396
2021A00055915004,5915004,Census subdivision,"Surrey, City (CY)",Surrey,City (CY),"Population, 2021",568322
2021S051259151838,59151838,Dissemination area,59151838,59151838,,"Population, 2021",1255
2021S051259151839,59151839,Dissemination area,59151839,59151839,,"Population, 2021",274
2021S051259151840,59151840,Dissemination area,59151840,59151840,,"Population, 2021",848
2021S051259151841,59151841,Dissemination area,59151841,59151841,,"Population, 2021",781
2021S051259151842,59151842,Dissemination area,59151842,59151842,,"Population, 2021",929
2021S051259151843,59151843,Dissemination area,59151843,59151843,,"Population, 2021",889
2021S051259151844,59151844,Dissemination area,59151844,59151844,,"Population, 2021",566
2021S051259151845,59151845,Dissemination area,59151845,59151845,,"Population, 2021",1852
2021S051259151846,59151846,Dissemination area,59151846,59151846,,"Population, 2021",654
2021S051259151847,59151847,Dissemination area,59151847,59151847,,"Population, 2021",538
2021S051259151848,59151848,Dissemination area,59151848,59151848,,"Population, 2021",843
2021S051259151849,59151849,Dissemination area,59151849,59151849,,"Population, 2021",512
2021S051259151850,59151850,Dissemination area,59151850,59151850,,"Population, 2021",553
2021S051259151851,59151851,Dissemination area,59151851,59151851,,"Population, 2021",631
2021S051259151852,59151852,Dissemination area,59151852,59151852,,"Population, 2021",478
2021S051259151853,59151853,Dissemination area,59151853,59151853,,"Population, 2021",1222
2021S051259151854,59151854,Dissemination area,59151854,59151854,,"Population, 2021",687
2021S051259151855,59151855,Dissemination area,59151855,59151855,,"Population, 2021",499
2021S051259151857,59151857,Dissemination area,59151857,59151857,,"Population, 2021",390
2021S051259151858,59151858,Dissemination area,59151858,59151858,,"Population, 2021",909
2021S051259151860,59151860,Dissemination area,59151860,59151860,,"Population, 2021",849
2021S051259151862,59151862,Dissemination area,59151862,59151862,,"Population, 2021",611
2021S051259151865,59151865,Dissemination area,59151865,59151865,,"Population, 2021",736
2021S051259151866,59151866,Dissemination area,59151866,59151866,,"Population, 2021",760
2021S051259151871,59151871,Dissemination area,59151871,59151871,,"Population, 2021",677
2021S051259151872,59151872,Dissemination area,59151872,59151872,,"Population, 2021",561
2021S051259151873,59151873,Dissemination area,59151873,59151873,,"Population, 2021",546
2021S051259151874,59151874,Dissemination area,59151874,59151874,,"Population, 2021",604
2021S051259151880,59151880,Dissemination area,59151880,59151880,,"Population, 2021",1571
2021S051259151881,59151881,Dissemination area,59151881,59151881,,"Population, 2021",325
2021S051259151882,59151882,Dissemination area,59151882,59151882,,"Population, 2021",533
2021S051259151883,59151883,Dissemination area,59151883,59151883,,"Population, 2021",998
2021S051259151884,59151884,Dissemination area,59151884,59151884,,"Population, 2021",424
2021S051259151885,59151885,Dissemination area,59151885,59151885,,"Population, 2021",623
2021S051259151886,59151886,Dissemination area,59151886,59151886,,"Population, 2021",648
2021S051259151887,59151887,Dissemination area,59151887,59151887,,"Population, 2021",1065
2021S051259151888,59151888,Dissemination area,59151888,59151888,,"Population, 2021",1569
2021S051259151889,59151889,Dissemination area,59151889,59151889,,"Population, 2021",1316
2021S051259151890,59151890,Dissemination area,59151890,59151890,,"Population, 2021",630
2021S051259151891,59151891,Dissemination area,59151891,59151891,,"Population, 2021",458
2021S051259151892,59151892,Dissemination area,59151892,59151892,,"Population, 2021",808
2021S051259151893,59151893,Dissemination area,59151893,59151893,,"Population, 2021",408
2021S051259151897,59151897,Dissemination area,59151897,59151897,,"Population, 2021",440
2021S051259151898,59151898,Dissemination area,59151898,59151898,,"Population, 2021",1349
2021S051259151899,59151899,Dissemination area,59151899,59151899,,"Population, 2021",1394
2021S051259151900,59151900,Dissemination area,59151900,59151900,,"Population, 2021",505
2021S051259151901,59151901,Dissemination area,59151901,59151901,,"Population, 2021",517
2021S051259151902,59151902,Dissemination area,59151902,59151902,,"Population, 2021",525
2021S051259151903,59151903,Dissemination area,59151903,59151903,,"Population, 2021",745
2021S051259151904,59151904,Dissemination area,59151904,59151904,,"Population, 2021",644
2021S051259151905,59151905,Dissemination area,59151905,59151905,,"Population, 2021",784
2021S051259151906,59151906,Dissemination area,59151906,59151906,,"Population, 2021",714
2021S051259151907,59151907,Dissemination area,59151907,59151907,,"Population, 2021",682
2021S051259151908,59151908,Dissemination area,59151908,59151908,,"Population, 2021",629
2021S051259151909,59151909,Dissemination area,59151909,59151909,,"Population, 2021",652
2021S051259151910,59151910,Dissemination area,59151910,59151910,,"Population, 2021",555
2021S051259151911,59151911,Dissemination area,59151911,59151911,,"Population, 2021",928
2021S051259151912,59151912,Dissemination area,59151912,59151912,,"Population, 2021",735
2021S051259151913,59151913,Dissemination area,59151913,59151913,,"Population, 2021",504
2021S051259151914,59151914,Dissemination area,59151914,59151914,,"Population, 2021",592
2021S051259151915,59151915,Dissemination area,59151915,59151915,,"Population, 2021",665
2021S051259151916,59151916,Dissemination area,59151916,59151916,,"Population, 2021",781
2021S051259151917,59151917,Dissemination area,59151917,59151917,,"Population, 2021",599
2021S051259151918,59151918,Dissemination area,59151918,59151918,,"Population, 2021",607
2021S051259151919,59151919,Dissemination area,59151919,59151919,,"Population, 2021",1212
2021S051259151920,59151920,Dissemination area,59151920,59151920,,"Population, 2021",703
2021S051259151921,59151921,Dissemination area,59151921,59151921,,"Population, 2021",1002
2021S051259151922,59151922,Dissemination area,59151922,59151922,,"Population, 2021",846
2021S051259151923,59151923,Dissemination area,59151923,59151923,,"Population, 2021",892
2021S051259151924,59151924,Dissemination area,59151924,59151924,,"Population, 2021",622
2021S051259151925,59151925,Dissemination area,59151925,59151925,,"Population, 2021",792
2021S051259151926,59151926,Dissemination area,59151926,59151926,,"Population, 2021",734
2021S051259151927,59151927,Dissemination area,59151927,59151927,,"Population, 2021",487
2021S051259151929,59151929,Dissemination area,59151929,59151929,,"Population, 2021",1215
2021S051259151931,59151931,Dissemination area,59151931,59151931,,"Population, 2021",1821
2021S051259151932,59151932,Dissemination area,59151932,59151932,,"Population, 2021",1369
2021S051259151933,59151933,Dissemination area,59151933,59151933,,"Population, 2021",1172
2021S051259151934,59151934,Dissemination area,59151934,59151934,,"Population, 2021",1531
2021S051259151935,59151935,Dissemination area,59151935,59151935,,"Population, 2021",573
2021S051259151936,59151936,Dissemination area,59151936,59151936,,"Population, 2021",1032
2021S051259151937,59151937,Dissemination area,59151937,59151937,,"Population, 2021",590
2021S051259151938,59151938,Dissemination area,59151938,59151938,,"Population, 2021",993
2021S051259151939,59151939,Dissemination area,59151939,59151939,,"Population, 2021",808
2021S051259151940,59151940,Dissemination area,59151940,59151940,,"Population, 2021",418
2021S051259151941,59151941,Dissemination area,59151941,59151941,,"Population, 2021",496
2021S051259151942,59151942,Dissemination area,59151942,59151942,,"Population, 2021",569
2021S051259151943,59151943,Dissemination area,59151943,59151943,,"Population, 2021",563
2021S051259151944,59151944,Dissemination area,59151944,59151944,,"Population, 2021",1261
2021S051259151945,59151945,Dissemination area,59151945,59151945,,"Population, 2021",658
2021S051259151948,59151948,Dissemination area,59151948,59151948,,"Population, 2021",389
2021S051259151950,59151950,Dissemination area,59151950,59151950,,"Population, 2021",1081
2021S051259151951,59151951,Dissemination area,59151951,59151951,,"Population, 2021",1959
2021S051259151952,59151952,Dissemination area,59151952,59151952,,"Population, 2021",518
2021S051259151955,59151955,Dissemination area,59151955,59151955,,"Population, 2021",480
2021S051259151956,59151956,Dissemination area,59151956,59151956,,"Population, 2021",819
2021S051259151957,59151957,Dissemination area,59151957,59151957,,"Population, 2021",319
2021S051259151958,59151958,Dissemination area,59151958,59151958,,"Population, 2021",666
2021S051259151959,59151959,Dissemination area,59151959,59151959,,"Population, 2021",475
2021S051259151960,59151960,Dissemination area,59151960,59151960,,"Population, 2021",887
2021S051259151961,59151961,Dissemination area,59151961,59151961,,"Population, 2021",1201
2021S051259151962,59151962,Dissemination area,59151962,59151962,,"Population, 2021",988
2021S051259151963,59151963,Dissemination area,59151963,59151963,,"Population, 2021",660
2021S051259151964,59151964,Dissemination area,59151964,59151964,,"Population, 2021",728
2021S051259151965,59151965,Dissemination area,59151965,59151965,,"Population, 2021",908
2021S051259151968,59151968,Dissemination area,59151968,59151968,,"Population, 2021",654
2021S051259151969,59151969,Dissemination area,59151969,59151969,,"Population, 2021",914
2021S051259151970,59151970,Dissemination area,59151970,59151970,,"Population, 2021",561
2021S051259151971,59151971,Dissemination area,59151971,59151971,,"Population, 2021",798
2021S051259151972,59151972,Dissemination area,59151972,59151972,,"Population, 2021",515
2021S051259151973,59151973,Dissemination area,59151973,59151973,,"Population, 2021",731
2021S051259151974,59151974,Dissemination area,59151974,59151974,,"Population, 2021",1349
2021S051259151975,59151975,Dissemination area,59151975,59151975,,"Population, 2021",919
2021S051259151978,59151978,Dissemination area,59151978,59151978,,"Population, 2021",678
2021S051259151979,59151979,Dissemination area,59151979,59151979,,"Population, 2021",720
2021S051259151980,59151980,Dissemination area,59151980,59151980,,"Population, 2021",314
2021S051259151986,59151986,Dissemination area,59151986,59151986,,"Population, 2021",1193
2021S051259151987,59151987,Dissemination area,59151987,59151987,,"Population, 2021",353
2021S051259151988,59151988,Dissemination area,59151988,59151988,,"Population, 2021",657
2021S051259151989,59151989,Dissemination area,59151989,59151989,,"Population, 2021",403
2021S051259151990,59151990,Dissemination area,59151990,59151990,,"Population, 2021",950
2021S051259151991,59151991,Dissemination area,59151991,59151991,,"Population, 2021",652
2021S051259151992,59151992,Dissemination area,59151992,59151992,,"Population, 2021",874
2021S051259151993,59151993,Dissemination area,59151993,59151993,,"Population, 2021",473
2021S051259151994,59151994,Dissemination area,59151994,59151994,,"Population, 2021",642
2021S051259151995,59151995,Dissemination area,59151995,59151995,,"Population, 2021",811
2021S051259151997,59151997,Dissemination area,59151997,59151997,,"Population, 2021",599
2021S051259152000,59152000,Dissemination area,59152000,59152000,,"Population, 2021",830
2021S051259152001,59152001,Dissemination area,59152001,59152001,,"Population, 2021",1019
2021S051259152004,59152004,Dissemination area,59152004,59152004,,"Population, 2021",654
2021S051259152005,59152005,Dissemination area,59152005,59152005,,"Population, 2021",608
2021S051259152006,59152006,Dissemination area,59152006,59152006,,"Population, 2021",1006
2021S051259152007,59152007,Dissemination area,59152007,59152007,,"Population, 2021",497
2021S051259152008,59152008,Dissemination area,59152008,59152008,,"Population, 2021",684
2021S051259152009,59152009,Dissemination area,59152009,59152009,,"Population, 2021",350
2021S051259152010,59152010,Dissemination area,59152010,59152010,,"Population, 2021",460
2021S051259152011,59152011,Dissemination area,59152011,59152011,,"Population, 2021",742
2021S051259152012,59152012,Dissemination area,59152012,59152012,,"Population, 2021",669
2021S051259152013,59152013,Dissemination area,59152013,59152013,,"Population, 2021",499
2021S051259152014,59152014,Dissemination area,59152014,59152014,,"Population, 2021",1529
2021S051259152015,59152015,Dissemination area,59152015,59152015,,"Population, 2021",581
2021S051259152016,59152016,Dissemination area,59152016,59152016,,"Population, 2021",628
2021S051259152017,59152017,Dissemination area,59152017,59152017,,"Population, 2021",451
2021S051259152018,59152018,Dissemination area,59152018,59152018,,"Population, 2021",920
2021S051259152019,59152019,Dissemination area,59152019,59152019,,"Population, 2021",539
2021S051259152021,59152021,Dissemination area,59152021,59152021,,"Population, 2021",809
2021S051259152022,59152022,Dissemination area,59152022,59152022,,"Population, 2021",1144
2021S051259152024,59152024,Dissemination area,59152024,59152024,,"Population, 2021",702
2021S051259152025,59152025,Dissemination area,59152025,59152025,,"Population, 2021",1867
2021S051259152027,59152027,Dissemination area,59152027,59152027,,"Population, 2021",759
2021S051259152028,59152028,Dissemination area,59152028,59152028,,"Population, 2021",1602
2021S051259152029,59152029,Dissemination area,59152029,59152029,,"Population, 2021",1040
2021S051259152030,59152030,Dissemination area,59152030,59152030,,"Population, 2021",867
2021S051259152032,59152032,Dissemination area,59152032,59152032,,"Population, 2021",495
2021S051259152033,59152033,Dissemination area,59152033,59152033,,"Population, 2021",935
2021S051259152034,59152034,Dissemination area,59152034,59152034,,"Population, 2021",925
2021S051259152035,59152035,Dissemination area,59152035,59152035,,"Population, 2021",759
2021S051259152036,59152036,Dissemination area,59152036,59152036,,"Population, 2021",781
2021S051259152037,59152037,Dissemination area,59152037,59152037,,"Population, 2021",510
2021S051259152040,59152040,Dissemination area,59152040,59152040,,"Population, 2021",849
2021S051259152041,59152041,Dissemination area,59152041,59152041,,"Population, 2021",738
2021S051259152042,59152042,Dissemination area,59152042,59152042,,"Population, 2021",1330
2021S051259152043,59152043,Dissemination area,59152043,59152043,,"Population, 2021",283
2021S051259152044,59152044,Dissemination area,59152044,59152044,,"Population, 2021",979
2021S051259152046,59152046,Dissemination area,59152046,59152046,,"Population, 2021",486
2021S051259152047,59152047,Dissemination area,59152047,59152047,,"Population, 2021",899
2021S051259152048,59152048,Dissemination area,59152048,59152048,,"Population, 2021",711
2021S051259152049,59152049,Dissemination area,59152049,59152049,,"Population, 2021",844
2021S051259152050,59152050,Dissemination area,59152050,59152050,,"Population, 2021",733
2021S051259152051,59152051,Dissemination area,59152051,59152051,,"Population, 2021",673
2021S051259152052,59152052,Dissemination area,59152052,59152052,,"Population, 2021",1599
2021S051259152053,59152053,Dissemination area,59152053,59152053,,"Population, 2021",1297
2021S051259152054,59152054,Dissemination area,59152054,59152054,,"Population, 2021",1654
2021S051259152055,59152055,Dissemination area,59152055,59152055,,"Population, 2021",354
2021S051259152056,59152056,Dissemination area,59152056,59152056,,"Population, 2021",323
2021S051259152057,59152057,Dissemination area,59152057,59152057,,"Population, 2021",1485
2021S051259152058,59152058,Dissemination area,59152058,59152058,,"Population, 2021",331
2021S051259152059,59152059,Dissemination area,59152059,59152059,,"Population, 2021",616
2021S051259152060,59152060,Dissemination area,59152060,59152060,,"Population, 2021",850
2021S051259152061,59152061,Dissemination area,59152061,59152061,,"Population, 2021",580
2021S051259152062,59152062,Dissemination area,59152062,59152062,,"Population, 2021",579
2021S051259152063,59152063,Dissemination area,59152063,59152063,,"Population, 2021",1238
2021S051259152065,59152065,Dissemination area,59152065,59152065,,"Population, 2021",1245
2021S051259152067,59152067,Dissemination area,59152067,59152067,,"Population, 2021",1162
2021S051259152068,59152068,Dissemination area,59152068,59152068,,"Population, 2021",663
2021S051259152070,59152070,Dissemination area,59152070,59152070,,"Population, 2021",470
2021S051259152071,59152071,Dissemination area,59152071,59152071,,"Population, 2021",1140
2021S051259152072,59152072,Dissemination area,59152072,59152072,,"Population, 2021",1497
2021S051259152073,59152073,Dissemination area,59152073,59152073,,"Population, 2021",880
2021S051259152074,59152074,Dissemination area,59152074,59152074,,"Population, 2021",977
2021S051259152075,59152075,Dissemination area,59152075,59152075,,"Population, 2021",859
2021S051259152076,59152076,Dissemination area,59152076,59152076,,"Population, 2021",490
2021S051259152077,59152077,Dissemination area,59152077,59152077,,"Population, 2021",349
2021S051259152078,59152078,Dissemination area,59152078,59152078,,"Population, 2021",1988
2021S051259152079,59152079,Dissemination area,59152079,59152079,,"Population, 2021",710
2021S051259152080,59152080,Dissemination area,59152080,59152080,,"Population, 2021",495
2021S051259152081,59152081,Dissemination area,59152081,59152081,,"Population, 2021",808
2021S051259152082,59152082,Dissemination area,59152082,59152082,,"Population, 2021",1840
2021S051259152094,59152094,Dissemination area,59152094,59152094,,"Population, 2021",793
2021S051259152095,59152095,Dissemination area,59152095,59152095,,"Population, 2021",757
2021S051259152096,59152096,Dissemination area,59152096,59152096,,"Population, 2021",753
2021S051259152097,59152097,Dissemination area,59152097,59152097,,"Population, 2021",525
2021S051259152100,59152100,Dissemination area,59152100,59152100,,"Population, 2021",559
2021S051259152101,59152101,Dissemination area,59152101,59152101,,"Population, 2021",1037
2021S051259152102,59152102,Dissemination area,59152102,59152102,,"Population, 2021",1128
2021S051259152104,59152104,Dissemination area,59152104,59152104,,"Population, 2021",627
2021S051259152105,59152105,Dissemination area,59152105,59152105,,"Population, 2021",740
2021S051259152106,59152106,Dissemination area,59152106,59152106,,"Population, 2021",1421
2021S051259152107,59152107,Dissemination area,59152107,59152107,,"Population, 2021",1147
2021S051259152119,59152119,Dissemination area,59152119,59152119,,"Population, 2021",596
2021S051259152120,59152120,Dissemination area,59152120,59152120,,"Population, 2021",983
2021S051259152121,59152121,Dissemination area,59152121,59152121,,"Population, 2021",749
2021S051259152171,59152171,Dissemination area,59152171,59152171,,"Population, 2021",605
2021S051259152172,59152172,Dissemination area,59152172,59152172,,"Population, 2021",662
2021S051259152173,59152173,Dissemination area,59152173,59152173,,"Population, 2021",650
2021S051259152174,59152174,Dissemination area,59152174,59152174,,"Population, 2021",1267
2021S051259152175,59152175,Dissemination area,59152175,59152175,,"Population, 2021",1147
2021S051259152177,59152177,Dissemination area,59152177,59152177,,"Population, 2021",897
2021S051259152178,59152178,Dissemination area,59152178,59152178,,"Population, 2021",766
2021S051259152179,59152179,Dissemination area,59152179,59152179,,"Population, 2021",547
2021S051259152180,59152180,Dissemination area,59152180,59152180,,"Population, 2021",463
2021S051259152181,59152181,Dissemination area,59152181,59152181,,"Population, 2021",604
2021S051259152182,59152182,Dissemination area,59152182,59152182,,"Population, 2021",528
2021S051259152183,59152183,Dissemination area,59152183,59152183,,"Population, 2021",652
2021S051259152184,59152184,Dissemination area,59152184,59152184,,"Population, 2021",874
2021S051259152185,59152185,Dissemination area,59152185,59152185,,"Population, 2021",880
2021S051259152186,59152186,Dissemination area,59152186,59152186,,"Population, 2021",1219
2021S051259152187,59152187,Dissemination area,59152187,59152187,,"Population, 2021",490
2021S051259152188,59152188,Dissemination area,59152188,59152188,,"Population, 2021",841
2021S051259152189,59152189,Dissemination area,59152189,59152189,,"Population, 2021",911
2021S051259152190,59152190,Dissemination area,59152190,59152190,,"Population, 2021",510
2021S051259152191,59152191,Dissemination area,59152191,59152191,,"Population, 2021",634
2021S051259152192,59152192,Dissemination area,59152192,59152192,,"Population, 2021",645
2021S051259152193,59152193,Dissemination area,59152193,59152193,,"Population, 2021",882
2021S051259152194,59152194,Dissemination area,59152194,59152194,,"Population, 2021",552
2021S051259152195,59152195,Dissemination area,59152195,59152195,,"Population, 2021",565
2021S051259152196,59152196,Dissemination area,59152196,59152196,,"Population, 2021",1256
2021S051259152197,59152197,Dissemination area,59152197,59152197,,"Population, 2021",639
2021S051259152198,59152198,Dissemination area,59152198,59152198,,"Population, 2021",691
2021S051259152199,59152199,Dissemination area,59152199,59152199,,"Population, 2021",685
2021S051259152200,59152200,Dissemination area,59152200,59152200,,"Population, 2021",654
2021S051259152202,59152202,Dissemination area,59152202,59152202,,"Population, 2021",1214
2021S051259152203,59152203,Dissemination area,59152203,59152203,,"Population, 2021",967
2021S051259152204,59152204,Dissemination area,59152204,59152204,,"Population, 2021",865
2021S051259152205,59152205,Dissemination area,59152205,59152205,,"Population, 2021",863
2021S051259152206,59152206,Dissemination area,59152206,59152206,,"Population, 2021",1319
2021S051259152207,59152207,Dissemination area,59152207,59152207,,"Population, 2021",704
2021S051259152208,59152208,Dissemination area,59152208,59152208,,"Population, 2021",771
2021S051259152209,59152209,Dissemination area,59152209,59152209,,"Population, 2021",836
2021S051259152210,59152210,Dissemination area,59152210,59152210,,"Population, 2021",473
2021S051259152211,59152211,Dissemination area,59152211,59152211,,"Population, 2021",397
2021S051259152212,59152212,Dissemination area,59152212,59152212,,"Population, 2021",567
2021S051259152213,59152213,Dissemination area,59152213,59152213,,"Population, 2021",919
2021S051259152214,59152214,Dissemination area,59152214,59152214,,"Population, 2021",707
2021S051259152217,59152217,Dissemination area,59152217,59152217,,"Population, 2021",943
2021S051259152218,59152218,Dissemination area,59152218,59152218,,"Population, 2021",523
2021S051259152219,59152219,Dissemination area,59152219,59152219,,"Population, 2021",555
2021S051259152220,59152220,Dissemination area,59152220,59152220,,"Population, 2021",579
2021S051259152224,59152224,Dissemination area,59152224,59152224,,"Population, 2021",835
2021S051259152225,59152225,Dissemination area,59152225,59152225,,"Population, 2021",849
2021S051259152226,59152226,Dissemination area,59152226,59152226,,"Population, 2021",629
2021S051259152227,59152227,Dissemination area,59152227,59152227,,"Population, 2021",684
2021S051259152228,59152228,Dissemination area,59152228,59152228,,"Population, 2021",663
2021S051259152229,59152229,Dissemination area,59152229,59152229,,"Population, 2021",814
2021S051259152230,59152230,Dissemination area,59152230,59152230,,"Population, 2021",456
2021S051259152231,59152231,Dissemination area,59152231,59152231,,"Population, 2021",739
2021S051259152232,59152232,Dissemination area,59152232,59152232,,"Population, 2021",636
2021S051259152233,59152233,Dissemination area,59152233,59152233,,"Population, 2021",779
2021S051259152234,59152234,Dissemination area,59152234,59152234,,"Population, 2021",830
2021S051259152235,59152235,Dissemination area,59152235,59152235,,"Population, 2021",678
2021S051259152236,59152236,Dissemination area,59152236,59152236,,"Population, 2021",602
2021S051259152237,59152237,Dissemination area,59152237,59152237,,"Population, 2021",890
2021S051259152238,59152238,Dissemination area,59152238,59152238,,"Population, 2021",736
2021S051259152239,59152239,Dissemination area,59152239,59152239,,"Population, 2021",598
2021S051259152240,59152240,Dissemination area,59152240,59152240,,"Population, 2021",909
2021S051259152241,59152241,Dissemination area,59152241,59152241,,"Population, 2021",539
2021S051259152242,59152242,Dissemination area,59152242,59152242,,"Population, 2021",655
2021S051259152243,59152243,Dissemination area,59152243,59152243,,"Population, 2021",680
2021S051259152244,59152244,Dissemination area,59152244,59152244,,"Population, 2021",856
2021S051259152245,59152245,Dissemination area,59152245,59152245,,"Population, 2021",626
2021S051259152246,59152246,Dissemination area,59152246,59152246,,"Population, 2021",649
2021S051259152247,59152247,Dissemination area,59152247,59152247,,"Population, 2021",609
2021S051259152248,59152248,Dissemination area,59152248,59152248,,"Population, 2021",542
2021S051259152249,59152249,Dissemination area,59152249,59152249,,"Population, 2021",601
2021S051259152250,59152250,Dissemination area,59152250,59152250,,"Population, 2021",491
2021S051259152251,59152251,Dissemination area,59152251,59152251,,"Population, 2021",1194
2021S051259152253,59152253,Dissemination area,59152253,59152253,,"Population, 2021",1228
2021S051259152254,59152254,Dissemination area,59152254,59152254,,"Population, 2021",719
2021S051259152255,59152255,Dissemination area,59152255,59152255,,"Population, 2021",1497
2021S051259152276,59152276,Dissemination area,59152276,59152276,,"Population, 2021",1641
2021S051259152277,59152277,Dissemination area,59152277,59152277,,"Population, 2021",700
2021S051259152278,59152278,Dissemination area,59152278,59152278,,"Population, 2021",445
2021S051259152279,59152279,Dissemination area,59152279,59152279,,"Population, 2021",797
2021S051259152280,59152280,Dissemination area,59152280,59152280,,"Population, 2021",431
2021S051259152281,59152281,Dissemination area,59152281,59152281,,"Population, 2021",498
2021S051259152282,59152282,Dissemination area,59152282,59152282,,"Population, 2021",499
2021S051259152283,59152283,Dissemination area,59152283,59152283,,"Population, 2021",286
2021S051259152284,59152284,Dissemination area,59152284,59152284,,"Population, 2021",1163
2021S051259152286,59152286,Dissemination area,59152286,59152286,,"Population, 2021",1485
2021S051259152288,59152288,Dissemination area,59152288,59152288,,"Population, 2021",908
2021S051259152289,59152289,Dissemination area,59152289,59152289,,"Population, 2021",925
2021S051259152291,59152291,Dissemination area,59152291,59152291,,"Population, 2021",826
2021S051259152292,59152292,Dissemination area,59152292,59152292,,"Population, 2021",621
2021S051259152294,59152294,Dissemination area,59152294,59152294,,"Population, 2021",2346
2021S051259152299,59152299,Dissemination area,59152299,59152299,,"Population, 2021",920
2021S051259152300,59152300,Dissemination area,59152300,59152300,,"Population, 2021",586
2021S051259152302,59152302,Dissemination area,59152302,59152302,,"Population, 2021",1180
2021S051259152303,59152303,Dissemination area,59152303,59152303,,"Population, 2021",762
2021S051259152304,59152304,Dissemination area,59152304,59152304,,"Population, 2021",547
2021S051259152305,59152305,Dissemination area,59152305,59152305,,"Population, 2021",686
2021S051259152306,59152306,Dissemination area,59152306,59152306,,"Population, 2021",792
2021S051259152307,59152307,Dissemination area,59152307,59152307,,"Population, 2021",574
2021S051259152308,59152308,Dissemination area,59152308,59152308,,"Population, 2021",805
2021S051259152309,59152309,Dissemination area,59152309,59152309,,"Population, 2021",575
2021S051259152313,59152313,Dissemination area,59152313,59152313,,"Population, 2021",504
2021S051259152314,59152314,Dissemination area,59152314,59152314,,"Population, 2021",557
2021S051259152315,59152315,Dissemination area,59152315,59152315,,"Population, 2021",738
2021S051259152316,59152316,Dissemination area,59152316,59152316,,"Population, 2021",587
2021S051259152317,59152317,Dissemination area,59152317,59152317,,"Population, 2021",698
2021S051259152318,59152318,Dissemination area,59152318,59152318,,"Population, 2021",658
2021S051259152319,59152319,Dissemination area,59152319,59152319,,"Population, 2021",641
2021S051259152320,59152320,Dissemination area,59152320,59152320,,"Population, 2021",949
2021S051259152321,59152321,Dissemination area,59152321,59152321,,"Population, 2021",1394
2021S051259152322,59152322,Dissemination area,59152322,59152322,,"Population, 2021",437
2021S051259152323,59152323,Dissemination area,59152323,59152323,,"Population, 2021",897
2021S051259152324,59152324,Dissemination area,59152324,59152324,,"Population, 2021",581
2021S051259152325,59152325,Dissemination area,59152325,59152325,,"Population, 2021",644
2021S051259152326,59152326,Dissemination area,59152326,59152326,,"Population, 2021",915
2021S051259152327,59152327,Dissemination area,59152327,59152327,,"Population, 2021",748
2021S051259152328,59152328,Dissemination area,59152328,59152328,,"Population, 2021",607
2021S051259152329,59152329,Dissemination area,59152329,59152329,,"Population, 2021",393
2021S051259152330,59152330,Dissemination area,59152330,59152330,,"Population, 2021",768
2021S051259152331,59152331,Dissemination area,59152331,59152331,,"Population, 2021",703
2021S051259152332,59152332,Dissemination area,59152332,59152332,,"Population, 2021",714
2021S051259152333,59152333,Dissemination area,59152333,59152333,,"Population, 2021",545
2021S051259152334,59152334,Dissemination area,59152334,59152334,,"Population, 2021",696
2021S051259152335,59152335,Dissemination area,59152335,59152335,,"Population, 2021",820
2021S051259152336,59152336,Dissemination area,59152336,59152336,,"Population, 2021",555
2021S051259152337,59152337,Dissemination area,59152337,59152337,,"Population, 2021",875
2021S051259152338,59152338,Dissemination area,59152338,59152338,,"Population, 2021",514
2021S051259152339,59152339,Dissemination area,59152339,59152339,,"Population, 2021",526
2021S051259152340,59152340,Dissemination area,59152340,59152340,,"Population, 2021",2049
2021S051259152572,59152572,Dissemination area,59152572,59152572,,"Population, 2021",246
2021S051259152574,59152574,Dissemination area,59152574,59152574,,"Population, 2021",271
2021S051259152578,59152578,Dissemination area,59152578,59152578,,"Population, 2021",659
2021S051259152580,59152580,Dissemination area,59152580,59152580,,"Population, 2021",774
2021S051259152599,59152599,Dissemination area,59152599,59152599,,"Population, 2021",368
2021S051259152600,59152600,Dissemination area,59152600,59152600,,"Population, 2021",432
2021S051259152601,59152601,Dissemination area,59152601,59152601,,"Population, 2021",463
2021S051259152602,59152602,Dissemination area,59152602,59152602,,"Population, 2021",587
2021S051259152603,59152603,Dissemination area,59152603,59152603,,"Population, 2021",678
2021S051259152604,59152604,Dissemination area,59152604,59152604,,"Population, 2021",698
2021S051259152607,59152607,Dissemination area,59152607,59152607,,"Population, 2021",580
2021S051259152609,59152609,Dissemination area,59152609,59152609,,"Population, 2021",585
2021S051259152610,59152610,Dissemination area,59152610,59152610,,"Population, 2021",581
2021S051259152611,59152611,Dissemination area,59152611,59152611,,"Population, 2021",280
2021S051259152612,59152612,Dissemination area,59152612,59152612,,"Population, 2021",319
2021S051259152613,59152613,Dissemination area,59152613,59152613,,"Population, 2021",546
2021S051259152614,59152614,Dissemination area,59152614,59152614,,"Population, 2021",512
2021S051259152615,59152615,Dissemination area,59152615,59152615,,"Population, 2021",688
2021S051259152616,59152616,Dissemination area,59152616,59152616,,"Population, 2021",661
2021S051259152617,59152617,Dissemination area,59152617,59152617,,"Population, 2021",406
2021S051259152618,59152618,Dissemination area,59152618,59152618,,"Population, 2021",592
2021S051259152619,59152619,Dissemination area,59152619,59152619,,"Population, 2021",425
2021S051259152620,59152620,Dissemination area,59152620,59152620,,"Population, 2021",542
2021S051259152621,59152621,Dissemination area,59152621,59152621,,"Population, 2021",690
2021S051259152631,59152631,Dissemination area,59152631,59152631,,"Population, 2021",0
2021S051259152632,59152632,Dissemination area,59152632,59152632,,"Population, 2021",574
2021S051259152633,59152633,Dissemination area,59152633,59152633,,"Population, 2021",490
2021S051259152634,59152634,Dissemination area,59152634,59152634,,"Population, 2021",432
2021S051259152635,59152635,Dissemination area,59152635,59152635,,"Population, 2021",466
2021S051259152636,59152636,Dissemination area,59152636,59152636,,"Population, 2021",442
2021S051259152637,59152637,Dissemination area,59152637,59152637,,"Population, 2021",547
2021S051259152638,59152638,Dissemination area,59152638,59152638,,"Population, 2021",434
2021S051259152640,59152640,Dissemination area,59152640,59152640,,"Population, 2021",419
2021S051259152641,59152641,Dissemination area,59152641,59152641,,"Population, 2021",808
2021S051259152642,59152642,Dissemination area,59152642,59152642,,"Population, 2021",444
2021S051259152643,59152643,Dissemination area,59152643,59152643,,"Population, 2021",697
2021S051259152644,59152644,Dissemination area,59152644,59152644,,"Population, 2021",702
2021S051259152645,59152645,Dissemination area,59152645,59152645,,"Population, 2021",675
2021S051259152646,59152646,Dissemination area,59152646,59152646,,"Population, 2021",1326
2021S051259152647,59152647,Dissemination area,59152647,59152647,,"Population, 2021",560
2021S051259152648,59152648,Dissemination area,59152648,59152648,,"Population, 2021",439
2021S051259152650,59152650,Dissemination area,59152650,59152650,,"Population, 2021",2083
2021S051259152651,59152651,Dissemination area,59152651,59152651,,"Population, 2021",860
2021S051259152652,59152652,Dissemination area,59152652,59152652,,"Population, 2021",1763
2021S051259152653,59152653,Dissemination area,59152653,59152653,,"Population, 2021",745
2021S051259152654,59152654,Dissemination area,59152654,59152654,,"Population, 2021",587
2021S051259152655,59152655,Dissemination area,59152655,59152655,,"Population, 2021",475
2021S051259152657,59152657,Dissemination area,59152657,59152657,,"Population, 2021",689
2021S051259152658,59152658,Dissemination area,59152658,59152658,,"Population, 2021",1097
2021S051259152659,59152659,Dissemination area,59152659,59152659,,"Population, 2021",497
2021S051259152660,59152660,Dissemination area,59152660,59152660,,"Population, 2021",538
2021S051259152661,59152661,Dissemination area,59152661,59152661,,"Population, 2021",969
2021S051259152662,59152662,Dissemination area,59152662,59152662,,"Population, 2021",1027
2021S051259152667,59152667,Dissemination area,59152667,59152667,,"Population, 2021",919
2021S051259152668,59152668,Dissemination area,59152668,59152668,,"Population, 2021",578
2021S051259152669,59152669,Dissemination area,59152669,59152669,,"Population, 2021",934
2021S051259152670,59152670,Dissemination area,59152670,59152670,,"Population, 2021",692
2021S051259152672,59152672,Dissemination area,59152672,59152672,,"Population, 2021",457
2021S051259152674,59152674,Dissemination area,59152674,59152674,,"Population, 2021",611
2021S051259152675,59152675,Dissemination area,59152675,59152675,,"Population, 2021",494
2021S051259152676,59152676,Dissemination area,59152676,59152676,,"Population, 2021",1218
2021S051259152681,59152681,Dissemination area,59152681,59152681,,"Population, 2021",3391
2021S051259152684,59152684,Dissemination area,59152684,59152684,,"Population, 2021",580
2021S051259152689,59152689,Dissemination area,59152689,59152689,,"Population, 2021",920
2021S051259152690,59152690,Dissemination area,59152690,59152690,,"Population, 2021",395
2021S051259152692,59152692,Dissemination area,59152692,59152692,,"Population, 2021",469
2021S051259152793,59152793,Dissemination area,59152793,59152793,,"Population, 2021",1818
2021S051259152795,59152795,Dissemination area,59152795,59152795,,"Population, 2021",503
2021S051259152796,59152796,Dissemination area,59152796,59152796,,"Population, 2021",351
2021S051259152799,59152799,Dissemination area,59152799,59152799,,"Population, 2021",338
2021S051259152800,59152800,Dissemination area,59152800,59152800,,"Population, 2021",1231
2021S051259152801,59152801,Dissemination area,59152801,59152801,,"Population, 2021",637
2021S051259152802,59152802,Dissemination area,59152802,59152802,,"Population, 2021",320
2021S051259152803,59152803,Dissemination area,59152803,59152803,,"Population, 2021",409
2021S051259152804,59152804,Dissemination area,59152804,59152804,,"Population, 2021",1060
2021S051259152805,59152805,Dissemination area,59152805,59152805,,"Population, 2021",2035
2021S051259152806,59152806,Dissemination area,59152806,59152806,,"Population, 2021",372
2021S051259152809,59152809,Dissemination area,59152809,59152809,,"Population, 2021",1908
2021S051259152810,59152810,Dissemination area,59152810,59152810,,"Population, 2021",1620
2021S051259152964,59152964,Dissemination area,59152964,59152964,,"Population, 2021",740
2021S051259152965,59152965,Dissemination area,59152965,59152965,,"Population, 2021",726
2021S051259152966,59152966,Dissemination area,59152966,59152966,,"Population, 2021",624
2021S051259152967,59152967,Dissemination area,59152967,59152967,,"Population, 2021",931
2021S051259152968,59152968,Dissemination area,59152968,59152968,,"Population, 2021",786
2021S051259152969,59152969,Dissemination area,59152969,59152969,,"Population, 2021",701
2021S051259153033,59153033,Dissemination area,59153033,59153033,,"Population, 2021",1081
2021S051259153034,59153034,Dissemination area,59153034,59153034,,"Population, 2021",696
2021S051259153035,59153035,Dissemination area,59153035,59153035,,"Population, 2021",642
2021S051259153036,59153036,Dissemination area,59153036,59153036,,"Population, 2021",927
2021S051259153361,59153361,Dissemination area,59153361,59153361,,"Population, 2021",1646
2021S051259153362,59153362,Dissemination area,59153362,59153362,,"Population, 2021",2056
2021S051259153367,59153367,Dissemination area,59153367,59153367,,"Population, 2021",1405
2021S051259153375,59153375,Dissemination area,59153375,59153375,,"Population, 2021",2654
2021S051259153376,59153376,Dissemination area,59153376,59153376,,"Population, 2021",506
2021S051259153386,59153386,Dissemination area,59153386,59153386,,"Population, 2021",1327
2021S051259153388,59153388,Dissemination area,59153388,59153388,,"Population, 2021",1478
2021S051259153389,59153389,Dissemination area,59153389,59153389,,"Population, 2021",2152
2021S051259153390,59153390,Dissemination area,59153390,59153390,,"Population, 2021",1482
2021S051259153401,59153401,Dissemination area,59153401,59153401,,"Population, 2021",1284
2021S051259153419,59153419,Dissemination area,59153419,59153419,,"Population, 2021",929
2021S051259153420,59153420,Dissemination area,59153420,59153420,,"Population, 2021",723
2021S051259153421,59153421,Dissemination area,59153421,59153421,,"Population, 2021",343
2021S051259153422,59153422,Dissemination area,59153422,59153422,,"Population, 2021",440
2021S051259153423,59153423,Dissemination area,59153423,59153423,,"Population, 2021",919
2021S051259153424,59153424,Dissemination area,59153424,59153424,,"Population, 2021",1027
2021S051259153425,59153425,Dissemination area,59153425,59153425,,"Population, 2021",555
2021S051259153426,59153426,Dissemination area,59153426,59153426,,"Population, 2021",829
2021S051259153429,59153429,Dissemination area,59153429,59153429,,"Population, 2021",1426
2021S051259153430,59153430,Dissemination area,59153430,59153430,,"Population, 2021",576
2021S051259153431,59153431,Dissemination area,59153431,59153431,,"Population, 2021",1015
2021S051259153445,59153445,Dissemination area,59153445,59153445,,"Population, 2021",433
2021S051259153454,59153454,Dissemination area,59153454,59153454,,"Population, 2021",840
2021S051259153455,59153455,Dissemination area,59153455,59153455,,"Population, 2021",517
2021S051259153503,59153503,Dissemination area,59153503,59153503,,"Population, 2021",1123
2021S051259153504,59153504,Dissemination area,59153504,59153504,,"Population, 2021",974
2021S051259153506,59153506,Dissemination area,59153506,59153506,,"Population, 2021",1113
2021S051259153507,59153507,Dissemination area,59153507,59153507,,"Population, 2021",1461
2021S051259153508,59153508,Dissemination area,59153508,59153508,,"Population, 2021",1827
2021S051259153511,59153511,Dissemination area,59153511,59153511,,"Population, 2021",524
2021S051259153515,59153515,Dissemination area,59153515,59153515,,"Population, 2021",1505
2021S051259153517,59153517,Dissemination area,59153517,59153517,,"Population, 2021",554
2021S051259153518,59153518,Dissemination area,59153518,59153518,,"Population, 2021",1485
2021S051259153519,59153519,Dissemination area,59153519,59153519,,"Population, 2021",971
2021S051259153520,59153520,Dissemination area,59153520,59153520,,"Population, 2021",1909
2021S051259153521,59153521,Dissemination area,59153521,59153521,,"Population, 2021",1574
2021S051259153531,59153531,Dissemination area,59153531,59153531,,"Population, 2021",1788
2021S051259153532,59153532,Dissemination area,59153532,59153532,,"Population, 2021",633
2021S051259153535,59153535,Dissemination area,59153535,59153535,,"Population, 2021",1620
2021S051259153557,59153557,Dissemination area,59153557,59153557,,"Population, 2021",1319
2021S051259153558,59153558,Dissemination area,59153558,59153558,,"Population, 2021",1720
2021S051259153563,59153563,Dissemination area,59153563,59153563,,"Population, 2021",652
2021S051259153710,59153710,Dissemination area,59153710,59153710,,"Population, 2021",565
2021S051259153711,59153711,Dissemination area,59153711,59153711,,"Population, 2021",616
2021S051259153712,59153712,Dissemination area,59153712,59153712,,"Population, 2021",489
2021S051259153713,59153713,Dissemination area,59153713,59153713,,"Population, 2021",920
2021S051259153714,59153714,Dissemination area,59153714,59153714,,"Population, 2021",730
2021S051259153715,59153715,Dissemination area,59153715,59153715,,"Population, 2021",1584
2021S051259153716,59153716,Dissemination area,59153716,59153716,,"Population, 2021",1627
2021S051259153717,59153717,Dissemination area,59153717,59153717,,"Population, 2021",670
2021S051259153718,59153718,Dissemination area,59153718,59153718,,"Population, 2021",803
2021S051259153719,59153719,Dissemination area,59153719,59153719,,"Population, 2021",564
2021S051259153720,59153720,Dissemination area,59153720,59153720,,"Population, 2021",509
2021S051259153721,59153721,Dissemination area,59153721,59153721,,"Population, 2021",1723
2021S051259153722,59153722,Dissemination area,59153722,59153722,,"Population, 2021",380
2021S051259153723,59153723,Dissemination area,59153723,59153723,,"Population, 2021",329
2021S051259153724,59153724,Dissemination area,59153724,59153724,,"Population, 2021",437
2021S051259153725,59153725,Dissemination area,59153725,59153725,,"Population, 2021",499
2021S051259153733,59153733,Dissemination area,59153733,59153733,,"Population, 2021",1330
2021S051259153734,59153734,Dissemination area,59153734,59153734,,"Population, 2021",780
2021S051259153737,59153737,Dissemination area,59153737,59153737,,"Population, 2021",1128
2021S051259153738,59153738,Dissemination area,59153738,59153738,,"Population, 2021",1748
2021S051259153739,59153739,Dissemination area,59153739,59153739,,"Population, 2021",1159
2021S051259153742,59153742,Dissemination area,59153742,59153742,,"Population, 2021",993
2021S051259153743,59153743,Dissemination area,59153743,59153743,,"Population, 2021",519
2021S051259153893,59153893,Dissemination area,59153893,59153893,,"Population, 2021",811
2021S051259153894,59153894,Dissemination area,59153894,59153894,,"Population, 2021",670
2021S051259153895,59153895,Dissemination area,59153895,59153895,,"Population, 2021",562
2021S051259153896,59153896,Dissemination area,59153896,59153896,,"Population, 2021",1168
2021S051259153897,59153897,Dissemination area,59153897,59153897,,"Population, 2021",1061
2021S051259153898,59153898,Dissemination area,59153898,59153898,,"Population, 2021",1038
2021S051259153899,59153899,Dissemination area,59153899,59153899,,"Population, 2021",1033
2021S051259153901,59153901,Dissemination area,59153901,59153901,,"Population, 2021",1342
2021S051259153902,59153902,Dissemination area,59153902,59153902,,"Population, 2021",1343
2021S051259153903,59153903,Dissemination area,59153903,59153903,,"Population, 2021",754
2021S051259153904,59153904,Dissemination area,59153904,59153904,,"Population, 2021",1766
2021S051259153905,59153905,Dissemination area,59153905,59153905,,"Population, 2021",669
2021S051259153906,59153906,Dissemination area,59153906,59153906,,"Population, 2021",617
2021S051259153907,59153907,Dissemination area,59153907,59153907,,"Population, 2021",498
2021S051259153908,59153908,Dissemination area,59153908,59153908,,"Population, 2021",458
2021S051259153909,59153909,Dissemination area,59153909,59153909,,"Population, 2021",1021
2021S051259153910,59153910,Dissemination area,59153910,59153910,,"Population, 2021",780
2021S051259153911,59153911,Dissemination area,59153911,59153911,,"Population, 2021",942
2021S051259153912,59153912,Dissemination area,59153912,59153912,,"Population, 2021",1010
2021S051259153913,59153913,Dissemination area,59153913,59153913,,"Population, 2021",907
2021S051259153914,59153914,Dissemination area,59153914,59153914,,"Population, 2021",237
2021S051259153915,59153915,Dissemination area,59153915,59153915,,"Population, 2021",1399
2021S051259153916,59153916,Dissemination area,59153916,59153916,,"Population, 2021",1258
2021S051259153917,59153917,Dissemination area,59153917,59153917,,"Population, 2021",1296
2021S051259153918,59153918,Dissemination area,59153918,59153918,,"Population, 2021",453
2021S051259153919,59153919,Dissemination area,59153919,59153919,,"Population, 2021",865
2021S051259153920,59153920,Dissemination area,59153920,59153920,,"Population, 2021",1079
2021S051259153925,59153925,Dissemination area,59153925,59153925,,"Population, 2021",1454
2021S051259153926,59153926,Dissemination area,59153926,59153926,,"Population, 2021",1395
2021S051259153927,59153927,Dissemination area,59153927,59153927,,"Population, 2021",897
2021S051259153928,59153928,Dissemination area,59153928,59153928,,"Population, 2021",2106
2021S051259153929,59153929,Dissemination area,59153929,59153929,,"Population, 2021",695
2021S051259153930,59153930,Dissemination area,59153930,59153930,,"Population, 2021",713
2021S051259153931,59153931,Dissemination area,59153931,59153931,,"Population, 2021",1424
2021S051259153932,59153932,Dissemination area,59153932,59153932,,"Population, 2021",721
2021S051259153935,59153935,Dissemination area,59153935,59153935,,"Population, 2021",747
2021S051259153936,59153936,Dissemination area,59153936,59153936,,"Population, 2021",495
2021S051259153937,59153937,Dissemination area,59153937,59153937,,"Population, 2021",623
2021S051259154010,59154010,Dissemination area,59154010,59154010,,"Population, 2021",646
2021S051259154022,59154022,Dissemination area,59154022,59154022,,"Population, 2021",1249
2021S051259154023,59154023,Dissemination area,59154023,59154023,,"Population, 2021",819
2021S051259154025,59154025,Dissemination area,59154025,59154025,,"Population, 2021",3066
2021S051259154201,59154201,Dissemination area,59154201,59154201,,"Population, 2021",599
2021S051259154202,59154202,Dissemination area,59154202,59154202,,"Population, 2021",833
2021S051259154203,59154203,Dissemination area,59154203,59154203,,"Population, 2021",1137
2021S051259154204,59154204,Dissemination area,59154204,59154204,,"Population, 2021",745
2021S051259154205,59154205,Dissemination area,59154205,59154205,,"Population, 2021",886
2021S051259154206,59154206,Dissemination area,59154206,59154206,,"Population, 2021",713
2021S051259154207,59154207,Dissemination area,59154207,59154207,,"Population, 2021",1191
2021S051259154208,59154208,Dissemination area,59154208,59154208,,"Population, 2021",769
2021S051259154209,59154209,Dissemination area,59154209,59154209,,"Population, 2021",1365
2021S051259154210,59154210,Dissemination area,59154210,59154210,,"Population, 2021",1311
2021S051259154211,59154211,Dissemination area,59154211,59154211,,"Population, 2021",540
2021S051259154212,59154212,Dissemination area,59154212,59154212,,"Population, 2021",652
2021S051259154213,59154213,Dissemination area,59154213,59154213,,"Population, 2021",1135
2021S051259154214,59154214,Dissemination area,59154214,59154214,,"Population, 2021",828
2021S051259154216,59154216,Dissemination area,59154216,59154216,,"Population, 2021",1951
2021S051259154217,59154217,Dissemination area,59154217,59154217,,"Population, 2021",883
2021S051259154218,59154218,Dissemination area,59154218,59154218,,"Population, 2021",529
2021S051259154220,59154220,Dissemination area,59154220,59154220,,"Population, 2021",1278
2021S051259154221,59154221,Dissemination area,59154221,59154221,,"Population, 2021",1766
2021S051259154222,59154222,Dissemination area,59154222,59154222,,"Population, 2021",387
2021S051259154223,59154223,Dissemination area,59154223,59154223,,"Population, 2021",706
2021S051259154224,59154224,Dissemination area,59154224,59154224,,"Population, 2021",553
2021S051259154225,59154225,Dissemination area,59154225,59154225,,"Population, 2021",724
2021S051259154226,59154226,Dissemination area,59154226,59154226,,"Population, 2021",809
2021S051259154227,59154227,Dissemination area,59154227,59154227,,"Population, 2021",550
2021S051259154228,59154228,Dissemination area,59154228,59154228,,"Population, 2021",606
2021S051259154229,59154229,Dissemination area,59154229,59154229,,"Population, 2021",645
2021S051259154230,59154230,Dissemination area,59154230,59154230,,"Population, 2021",514
2021S051259154231,59154231,Dissemination area,59154231,59154231,,"Population, 2021",1885
2021S051259154237,59154237,Dissemination area,59154237,59154237,,"Population, 2021",625
2021S051259154238,59154238,Dissemination area,59154238,59154238,,"Population, 2021",786
2021S051259154239,59154239,Dissemination area,59154239,59154239,,"Population, 2021",571
2021S051259154240,59154240,Dissemination area,59154240,59154240,,"Population, 2021",675
2021S051259154241,59154241,Dissemination area,59154241,59154241,,"Population, 2021",1446
2021S051259154242,59154242,Dissemination area,59154242,59154242,,"Population, 2021",769
2021S051259154243,59154243,Dissemination area,59154243,59154243,,"Population, 2021",975
2021S051259154244,59154244,Dissemination area,59154244,59154244,,"Population, 2021",706
2021S051259154245,59154245,Dissemination area,59154245,59154245,,"Population, 2021",964
2021S051259154246,59154246,Dissemination area,59154246,59154246,,"Population, 2021",1236
2021S051259154247,59154247,Dissemination area,59154247,59154247,,"Population, 2021",613
2021S051259154248,59154248,Dissemination area,59154248,59154248,,"Population, 2021",1466
2021S051259154249,59154249,Dissemination area,59154249,59154249,,"Population, 2021",1438
2021S051259154250,59154250,Dissemination area,59154250,59154250,,"Population, 2021",569
2021S051259154251,59154251,Dissemination area,59154251,59154251,,"Population, 2021",2388
2021S051259154252,59154252,Dissemination area,59154252,59154252,,"Population, 2021",1377
2021S051259154253,59154253,Dissemination area,59154253,59154253,,"Population, 2021",568
2021S051259154254,59154254,Dissemination area,59154254,59154254,,"Population, 2021",692
2021S051259154255,59154255,Dissemination area,59154255,59154255,,"Population, 2021",446
2021S051259154256,59154256,Dissemination area,59154256,59154256,,"Population, 2021",1349
2021S051259154257,59154257,Dissemination area,59154257,59154257,,"Population, 2021",1272
2021S051259154258,59154258,Dissemination area,59154258,59154258,,"Population, 2021",497
2021S051259154259,59154259,Dissemination area,59154259,59154259,,"Population, 2021",955
2021S051259154260,59154260,Dissemination area,59154260,59154260,,"Population, 2021",1013
2021S051259154261,59154261,Dissemination area,59154261,59154261,,"Population, 2021",1004
2021S051259154262,59154262,Dissemination area,59154262,59154262,,"Population, 2021",1108
2021S051259154263,59154263,Dissemination area,59154263,59154263,,"Population, 2021",618
2021S051259154264,59154264,Dissemination area,59154264,59154264,,"Population, 2021",1422
2021S051259154265,59154265,Dissemination area,59154265,59154265,,"Population, 2021",936
2021S051259154266,59154266,Dissemination area,59154266,59154266,,"Population, 2021",722
2021S051259154267,59154267,Dissemination area,59154267,59154267,,"Population, 2021",627
2021S051259154268,59154268,Dissemination area,59154268,59154268,,"Population, 2021",1108
2021S051259154269,59154269,Dissemination area,59154269,59154269,,"Population, 2021",525
2021S051259154270,59154270,Dissemination area,59154270,59154270,,"Population, 2021",1903
2021S051259154271,59154271,Dissemination area,59154271,59154271,,"Population, 2021",1875
2021S051259154272,59154272,Dissemination area,59154272,59154272,,"Population, 2021",546
2021S051259154273,59154273,Dissemination area,59154273,59154273,,"Population, 2021",751
2021S051259154275,59154275,Dissemination area,59154275,59154275,,"Population, 2021",681
2021S051259154279,59154279,Dissemination area,59154279,59154279,,"Population, 2021",598
2021S051259154280,59154280,Dissemination area,59154280,59154280,,"Population, 2021",584
2021S051259154281,59154281,Dissemination area,59154281,59154281,,"Population, 2021",728
2021S051259154282,59154282,Dissemination area,59154282,59154282,,"Population, 2021",961
2021S051259154285,59154285,Dissemination area,59154285,59154285,,"Population, 2021",868
2021S051259154286,59154286,Dissemination area,59154286,59154286,,"Population, 2021",719
2021S051259154287,59154287,Dissemination area,59154287,59154287,,"Population, 2021",1777
2021S051259154288,59154288,Dissemination area,59154288,59154288,,"Population, 2021",914
2021S051259154289,59154289,Dissemination area,59154289,59154289,,"Population, 2021",959
2021S051259154290,59154290,Dissemination area,59154290,59154290,,"Population, 2021",755
2021S051259154291,59154291,Dissemination area,59154291,59154291,,"Population, 2021",641
2021S051259154292,59154292,Dissemination area,59154292,59154292,,"Population, 2021",2220
2021S051259154293,59154293,Dissemination area,59154293,59154293,,"Population, 2021",548
2021S051259154295,59154295,Dissemination area,59154295,59154295,,"Population, 2021",586
2021S051259154296,59154296,Dissemination area,59154296,59154296,,"Population, 2021",1608
2021S051259154298,59154298,Dissemination area,59154298,59154298,,"Population, 2021",601
2021S051259154299,59154299,Dissemination area,59154299,59154299,,"Population, 2021",859
2021S051259154300,59154300,Dissemination area,59154300,59154300,,"Population, 2021",2084
2021S051259154301,59154301,Dissemination area,59154301,59154301,,"Population, 2021",668
2021S051259154302,59154302,Dissemination area,59154302,59154302,,"Population, 2021",700
2021S051259154304,59154304,Dissemination area,59154304,59154304,,"Population, 2021",571
2021S051259154305,59154305,Dissemination area,59154305,59154305,,"Population, 2021",1394
2021S051259154307,59154307,Dissemination area,59154307,59154307,,"Population, 2021",499
2021S051259154312,59154312,Dissemination area,59154312,59154312,,"Population, 2021",614
2021S051259154313,59154313,Dissemination area,59154313,59154313,,"Population, 2021",1839
2021S051259154314,59154314,Dissemination area,59154314,59154314,,"Population, 2021",404
2021S051259154315,59154315,Dissemination area,59154315,59154315,,"Population, 2021",680
2021S051259154316,59154316,Dissemination area,59154316,59154316,,"Population, 2021",1130
2021S051259154317,59154317,Dissemination area,59154317,59154317,,"Population, 2021",791
2021S051259154319,59154319,Dissemination area,59154319,59154319,,"Population, 2021",677
2021S051259154321,59154321,Dissemination area,59154321,59154321,,"Population, 2021",1053
2021S051259154323,59154323,Dissemination area,59154323,59154323,,"Population, 2021",436
2021S051259154325,59154325,Dissemination area,59154325,59154325,,"Population, 2021",1294
2021S051259154326,59154326,Dissemination area,59154326,59154326,,"Population, 2021",532
2021S051259154327,59154327,Dissemination area,59154327,59154327,,"Population, 2021",960
2021S051259154328,59154328,Dissemination area,59154328,59154328,,"Population, 2021",847
2021S051259154329,59154329,Dissemination area,59154329,59154329,,"Population, 2021",432
2021S051259154330,59154330,Dissemination area,59154330,59154330,,"Population, 2021",1379
2021S051259154331,59154331,Dissemination area,59154331,59154331,,"Population, 2021",464
2021S051259154332,59154332,Dissemination area,59154332,59154332,,"Population, 2021",443
2021S051259154333,59154333,Dissemination area,59154333,59154333,,"Population, 2021",413
2021S051259154334,59154334,Dissemination area,59154334,59154334,,"Population, 2021",542
2021S051259154335,59154335,Dissemination area,59154335,59154335,,"Population, 2021",853
2021S051259154336,59154336,Dissemination area,59154336,59154336,,"Population, 2021",1445
2021S051259154337,59154337,Dissemination area,59154337,59154337,,"Population, 2021",402
2021S051259154338,59154338,Dissemination area,59154338,59154338,,"Population, 2021",417
2021S051259154339,59154339,Dissemination area,59154339,59154339,,"Population, 2021",610
2021S051259154340,59154340,Dissemination area,59154340,59154340,,"Population, 2021",1278
2021S051259154341,59154341,Dissemination area,59154341,59154341,,"Population, 2021",933
2021S051259154342,59154342,Dissemination area,59154342,59154342,,"Population, 2021",759
2021S051259154343,59154343,Dissemination area,59154343,59154343,,"Population, 2021",1177
2021S051259154344,59154344,Dissemination area,59154344,59154344,,"Population, 2021",1245
2021S051259154345,59154345,Dissemination area,59154345,59154345,,"Population, 2021",1544
2021S051259154346,59154346,Dissemination area,59154346,59154346,,"Population, 2021",1552
2021S051259154347,59154347,Dissemination area,59154347,59154347,,"Population, 2021",803
2021S051259154348,59154348,Dissemination area,59154348,59154348,,"Population, 2021",2111
2021S051259154349,59154349,Dissemination area,59154349,59154349,,"Population, 2021",1204
2021S051259154350,59154350,Dissemination area,59154350,59154350,,"Population, 2021",1187
2021S051259154351,59154351,Dissemination area,59154351,59154351,,"Population, 2021",449
2021S051259154352,59154352,Dissemination area,59154352,59154352,,"Population, 2021",980
2021S051259154353,59154353,Dissemination area,59154353,59154353,,"Population, 2021",829
2021S051259154354,59154354,Dissemination area,59154354,59154354,,"Population, 2021",780
2021A00055915007,5915007,Census subdivision,"White Rock, City (CY)",White Rock,City (CY),"Population, 2021",21939
2021S051259152581,59152581,Dissemination area,59152581,59152581,,"Population, 2021",491
2021S051259152582,59152582,Dissemination area,59152582,59152582,,"Population, 2021",585
2021S051259152583,59152583,Dissemination area,59152583,59152583,,"Population, 2021",617
2021S051259152584,59152584,Dissemination area,59152584,59152584,,"Population, 2021",592
2021S051259152585,59152585,Dissemination area,59152585,59152585,,"Population, 2021",611
2021S051259152586,59152586,Dissemination area,59152586,59152586,,"Population, 2021",393
2021S051259152587,59152587,Dissemination area,59152587,59152587,,"Population, 2021",382
2021S051259152588,59152588,Dissemination area,59152588,59152588,,"Population, 2021",641
2021S051259152589,59152589,Dissemination area,59152589,59152589,,"Population, 2021",493
2021S051259152590,59152590,Dissemination area,59152590,59152590,,"Population, 2021",916
2021S051259152591,59152591,Dissemination area,59152591,59152591,,"Population, 2021",888
2021S051259152592,59152592,Dissemination area,59152592,59152592,,"Population, 2021",1165
2021S051259152593,59152593,Dissemination area,59152593,59152593,,"Population, 2021",609
2021S051259152594,59152594,Dissemination area,59152594,59152594,,"Population, 2021",568
2021S051259152595,59152595,Dissemination area,59152595,59152595,,"Population, 2021",848
2021S051259152596,59152596,Dissemination area,59152596,59152596,,"Population, 2021",735
2021S051259152597,59152597,Dissemination area,59152597,59152597,,"Population, 2021",513
2021S051259152598,59152598,Dissemination area,59152598,59152598,,"Population, 2021",617
2021S051259152605,59152605,Dissemination area,59152605,59152605,,"Population, 2021",713
2021S051259152606,59152606,Dissemination area,59152606,59152606,,"Population, 2021",728
2021S051259152608,59152608,Dissemination area,59152608,59152608,,"Population, 2021",572
2021S051259152622,59152622,Dissemination area,59152622,59152622,,"Population, 2021",583
2021S051259152623,59152623,Dissemination area,59152623,59152623,,"Population, 2021",593
2021S051259152624,59152624,Dissemination area,59152624,59152624,,"Population, 2021",748
2021S051259152625,59152625,Dissemination area,59152625,59152625,,"Population, 2021",457
2021S051259152626,59152626,Dissemination area,59152626,59152626,,"Population, 2021",466
2021S051259152627,59152627,Dissemination area,59152627,59152627,,"Population, 2021",450
2021S051259152628,59152628,Dissemination area,59152628,59152628,,"Population, 2021",406
2021S051259152629,59152629,Dissemination area,59152629,59152629,,"Population, 2021",741
2021S051259152630,59152630,Dissemination area,59152630,59152630,,"Population, 2021",541
2021S051259152671,59152671,Dissemination area,59152671,59152671,,"Population, 2021",633
2021S051259152673,59152673,Dissemination area,59152673,59152673,,"Population, 2021",553
2021S051259152677,59152677,Dissemination area,59152677,59152677,,"Population, 2021",525
2021S051259153972,59153972,Dissemination area,59153972,59153972,,"Population, 2021",907
2021S051259153973,59153973,Dissemination area,59153973,59153973,,"Population, 2021",659
2021A00055915011,5915011,Census subdivision,"Delta, City (CY)",Delta,City (CY),"Population, 2021",108455
2021S051259152083,59152083,Dissemination area,59152083,59152083,,"Population, 2021",533
2021S051259152084,59152084,Dissemination area,59152084,59152084,,"Population, 2021",275
2021S051259152086,59152086,Dissemination area,59152086,59152086,,"Population, 2021",692
2021S051259152087,59152087,Dissemination area,59152087,59152087,,"Population, 2021",500
2021S051259152088,59152088,Dissemination area,59152088,59152088,,"Population, 2021",518
2021S051259152089,59152089,Dissemination area,59152089,59152089,,"Population, 2021",606
2021S051259152090,59152090,Dissemination area,59152090,59152090,,"Population, 2021",623
2021S051259152091,59152091,Dissemination area,59152091,59152091,,"Population, 2021",1449
2021S051259152108,59152108,Dissemination area,59152108,59152108,,"Population, 2021",800
2021S051259152109,59152109,Dissemination area,59152109,59152109,,"Population, 2021",1063
2021S051259152110,59152110,Dissemination area,59152110,59152110,,"Population, 2021",371
2021S051259152111,59152111,Dissemination area,59152111,59152111,,"Population, 2021",575
2021S051259152112,59152112,Dissemination area,59152112,59152112,,"Population, 2021",1962
2021S051259152113,59152113,Dissemination area,59152113,59152113,,"Population, 2021",1049
2021S051259152114,59152114,Dissemination area,59152114,59152114,,"Population, 2021",838
2021S051259152115,59152115,Dissemination area,59152115,59152115,,"Population, 2021",621
2021S051259152116,59152116,Dissemination area,59152116,59152116,,"Population, 2021",995
2021S051259152117,59152117,Dissemination area,59152117,59152117,,"Population, 2021",863
2021S051259152118,59152118,Dissemination area,59152118,59152118,,"Population, 2021",820
2021S051259152122,59152122,Dissemination area,59152122,59152122,,"Population, 2021",780
2021S051259152123,59152123,Dissemination area,59152123,59152123,,"Population, 2021",634
2021S051259152124,59152124,Dissemination area,59152124,59152124,,"Population, 2021",1227
2021S051259152125,59152125,Dissemination area,59152125,59152125,,"Population, 2021",914
2021S051259152126,59152126,Dissemination area,59152126,59152126,,"Population, 2021",567
2021S051259152127,59152127,Dissemination area,59152127,59152127,,"Population, 2021",428
2021S051259152128,59152128,Dissemination area,59152128,59152128,,"Population, 2021",700
2021S051259152129,59152129,Dissemination area,59152129,59152129,,"Population, 2021",578
2021S051259152130,59152130,Dissemination area,59152130,59152130,,"Population, 2021",436
2021S051259152131,59152131,Dissemination area,59152131,59152131,,"Population, 2021",469
2021S051259152132,59152132,Dissemination area,59152132,59152132,,"Population, 2021",638
2021S051259152133,59152133,Dissemination area,59152133,59152133,,"Population, 2021",537
2021S051259152134,59152134,Dissemination area,59152134,59152134,,"Population, 2021",551
2021S051259152135,59152135,Dissemination area,59152135,59152135,,"Population, 2021",725
2021S051259152138,59152138,Dissemination area,59152138,59152138,,"Population, 2021",517
2021S051259152139,59152139,Dissemination area,59152139,59152139,,"Population, 2021",605
2021S051259152140,59152140,Dissemination area,59152140,59152140,,"Population, 2021",502
2021S051259152143,59152143,Dissemination area,59152143,59152143,,"Population, 2021",567
2021S051259152144,59152144,Dissemination area,59152144,59152144,,"Population, 2021",567
2021S051259152145,59152145,Dissemination area,59152145,59152145,,"Population, 2021",795
2021S051259152146,59152146,Dissemination area,59152146,59152146,,"Population, 2021",626
2021S051259152147,59152147,Dissemination area,59152147,59152147,,"Population, 2021",793
2021S051259152148,59152148,Dissemination area,59152148,59152148,,"Population, 2021",347
2021S051259152149,59152149,Dissemination area,59152149,59152149,,"Population, 2021",658
2021S051259152150,59152150,Dissemination area,59152150,59152150,,"Population, 2021",417
2021S051259152151,59152151,Dissemination area,59152151,59152151,,"Population, 2021",477
2021S051259152152,59152152,Dissemination area,59152152,59152152,,"Population, 2021",655
2021S051259152153,59152153,Dissemination area,59152153,59152153,,"Population, 2021",664
2021S051259152154,59152154,Dissemination area,59152154,59152154,,"Population, 2021",637
2021S051259152155,59152155,Dissemination area,59152155,59152155,,"Population, 2021",818
2021S051259152156,59152156,Dissemination area,59152156,59152156,,"Population, 2021",573
2021S051259152157,59152157,Dissemination area,59152157,59152157,,"Population, 2021",561
2021S051259152158,59152158,Dissemination area,59152158,59152158,,"Population, 2021",1138
2021S051259152159,59152159,Dissemination area,59152159,59152159,,"Population, 2021",628
2021S051259152160,59152160,Dissemination area,59152160,59152160,,"Population, 2021",359
2021S051259152163,59152163,Dissemination area,59152163,59152163,,"Population, 2021",609
2021S051259152164,59152164,Dissemination area,59152164,59152164,,"Population, 2021",541
2021S051259152165,59152165,Dissemination area,59152165,59152165,,"Population, 2021",1023
2021S051259152166,59152166,Dissemination area,59152166,59152166,,"Population, 2021",934
2021S051259152167,59152167,Dissemination area,59152167,59152167,,"Population, 2021",504
2021S051259152169,59152169,Dissemination area,59152169,59152169,,"Population, 2021",578
2021S051259152170,59152170,Dissemination area,59152170,59152170,,"Population, 2021",346
2021S051259152256,59152256,Dissemination area,59152256,59152256,,"Population, 2021",499
2021S051259152257,59152257,Dissemination area,59152257,59152257,,"Population, 2021",554
2021S051259152258,59152258,Dissemination area,59152258,59152258,,"Population, 2021",563
2021S051259152260,59152260,Dissemination area,59152260,59152260,,"Population, 2021",461
2021S051259152264,59152264,Dissemination area,59152264,59152264,,"Population, 2021",570
2021S051259152265,59152265,Dissemination area,59152265,59152265,,"Population, 2021",718
2021S051259152266,59152266,Dissemination area,59152266,59152266,,"Population, 2021",437
2021S051259152267,59152267,Dissemination area,59152267,59152267,,"Population, 2021",468
2021S051259152268,59152268,Dissemination area,59152268,59152268,,"Population, 2021",654
2021S051259152269,59152269,Dissemination area,59152269,59152269,,"Population, 2021",521
2021S051259152270,59152270,Dissemination area,59152270,59152270,,"Population, 2021",707
2021S051259152271,59152271,Dissemination area,59152271,59152271,,"Population, 2021",451
2021S051259152272,59152272,Dissemination area,59152272,59152272,,"Population, 2021",235
2021S051259152273,59152273,Dissemination area,59152273,59152273,,"Population, 2021",820
2021S051259152274,59152274,Dissemination area,59152274,59152274,,"Population, 2021",614
2021S051259152285,59152285,Dissemination area,59152285,59152285,,"Population, 2021",685
2021S051259152290,59152290,Dissemination area,59152290,59152290,,"Population, 2021",411
2021S051259152695,59152695,Dissemination area,59152695,59152695,,"Population, 2021",458
2021S051259152696,59152696,Dissemination area,59152696,59152696,,"Population, 2021",682
2021S051259152697,59152697,Dissemination area,59152697,59152697,,"Population, 2021",486
2021S051259152698,59152698,Dissemination area,59152698,59152698,,"Population, 2021",460
2021S051259152699,59152699,Dissemination area,59152699,59152699,,"Population, 2021",482
2021S051259152700,59152700,Dissemination area,59152700,59152700,,"Population, 2021",588
2021S051259152701,59152701,Dissemination area,59152701,59152701,,"Population, 2021",470
2021S051259152702,59152702,Dissemination area,59152702,59152702,,"Population, 2021",411
2021S051259152703,59152703,Dissemination area,59152703,59152703,,"Population, 2021",450
2021S051259152704,59152704,Dissemination area,59152704,59152704,,"Population, 2021",845
2021S051259152705,59152705,Dissemination area,59152705,59152705,,"Population, 2021",477
2021S051259152706,59152706,Dissemination area,59152706,59152706,,"Population, 2021",365
2021S051259152710,59152710,Dissemination area,59152710,59152710,,"Population, 2021",513
2021S051259152711,59152711,Dissemination area,59152711,59152711,,"Population, 2021",781
2021S051259152712,59152712,Dissemination area,59152712,59152712,,"Population, 2021",465
2021S051259152713,59152713,Dissemination area,59152713,59152713,,"Population, 2021",531
2021S051259152714,59152714,Dissemination area,59152714,59152714,,"Population, 2021",371
2021S051259152715,59152715,Dissemination area,59152715,59152715,,"Population, 2021",400
2021S051259152716,59152716,Dissemination area,59152716,59152716,,"Population, 2021",721
2021S051259152717,59152717,Dissemination area,59152717,59152717,,"Population, 2021",276
2021S051259152718,59152718,Dissemination area,59152718,59152718,,"Population, 2021",781
2021S051259152719,59152719,Dissemination area,59152719,59152719,,"Population, 2021",815
2021S051259152720,59152720,Dissemination area,59152720,59152720,,"Population, 2021",438
2021S051259152721,59152721,Dissemination area,59152721,59152721,,"Population, 2021",474
2021S051259152722,59152722,Dissemination area,59152722,59152722,,"Population, 2021",808
2021S051259152723,59152723,Dissemination area,59152723,59152723,,"Population, 2021",471
2021S051259152724,59152724,Dissemination area,59152724,59152724,,"Population, 2021",372
2021S051259152725,59152725,Dissemination area,59152725,59152725,,"Population, 2021",686
2021S051259152726,59152726,Dissemination area,59152726,59152726,,"Population, 2021",566
2021S051259152730,59152730,Dissemination area,59152730,59152730,,"Population, 2021",1335
2021S051259152731,59152731,Dissemination area,59152731,59152731,,"Population, 2021",448
2021S051259152732,59152732,Dissemination area,59152732,59152732,,"Population, 2021",424
2021S051259152733,59152733,Dissemination area,59152733,59152733,,"Population, 2021",470
2021S051259152734,59152734,Dissemination area,59152734,59152734,,"Population, 2021",595
2021S051259152735,59152735,Dissemination area,59152735,59152735,,"Population, 2021",511
2021S051259152736,59152736,Dissemination area,59152736,59152736,,"Population, 2021",488
2021S051259152737,59152737,Dissemination area,59152737,59152737,,"Population, 2021",490
2021S051259152738,59152738,Dissemination area,59152738,59152738,,"Population, 2021",438
2021S051259152739,59152739,Dissemination area,59152739,59152739,,"Population, 2021",354
2021S051259152740,59152740,Dissemination area,59152740,59152740,,"Population, 2021",553
2021S051259152741,59152741,Dissemination area,59152741,59152741,,"Population, 2021",436
2021S051259152742,59152742,Dissemination area,59152742,59152742,,"Population, 2021",442
2021S051259152743,59152743,Dissemination area,59152743,59152743,,"Population, 2021",386
2021S051259152744,59152744,Dissemination area,59152744,59152744,,"Population, 2021",636
2021S051259152745,59152745,Dissemination area,59152745,59152745,,"Population, 2021",333
2021S051259152746,59152746,Dissemination area,59152746,59152746,,"Population, 2021",956
2021S051259152747,59152747,Dissemination area,59152747,59152747,,"Population, 2021",373
2021S051259152748,59152748,Dissemination area,59152748,59152748,,"Population, 2021",466
2021S051259152749,59152749,Dissemination area,59152749,59152749,,"Population, 2021",611
2021S051259152750,59152750,Dissemination area,59152750,59152750,,"Population, 2021",629
2021S051259152751,59152751,Dissemination area,59152751,59152751,,"Population, 2021",996
2021S051259152752,59152752,Dissemination area,59152752,59152752,,"Population, 2021",849
2021S051259152756,59152756,Dissemination area,59152756,59152756,,"Population, 2021",1170
2021S051259152757,59152757,Dissemination area,59152757,59152757,,"Population, 2021",260
2021S051259152758,59152758,Dissemination area,59152758,59152758,,"Population, 2021",620
2021S051259152759,59152759,Dissemination area,59152759,59152759,,"Population, 2021",325
2021S051259152760,59152760,Dissemination area,59152760,59152760,,"Population, 2021",383
2021S051259152761,59152761,Dissemination area,59152761,59152761,,"Population, 2021",473
2021S051259152762,59152762,Dissemination area,59152762,59152762,,"Population, 2021",506
2021S051259152763,59152763,Dissemination area,59152763,59152763,,"Population, 2021",614
2021S051259152764,59152764,Dissemination area,59152764,59152764,,"Population, 2021",652
2021S051259152765,59152765,Dissemination area,59152765,59152765,,"Population, 2021",813
2021S051259152766,59152766,Dissemination area,59152766,59152766,,"Population, 2021",363
2021S051259152767,59152767,Dissemination area,59152767,59152767,,"Population, 2021",425
2021S051259152768,59152768,Dissemination area,59152768,59152768,,"Population, 2021",441
2021S051259152774,59152774,Dissemination area,59152774,59152774,,"Population, 2021",571
2021S051259152775,59152775,Dissemination area,59152775,59152775,,"Population, 2021",836
2021S051259152776,59152776,Dissemination area,59152776,59152776,,"Population, 2021",602
2021S051259153391,59153391,Dissemination area,59153391,59153391,,"Population, 2021",1302
2021S051259153427,59153427,Dissemination area,59153427,59153427,,"Population, 2021",296
2021S051259153428,59153428,Dissemination area,59153428,59153428,,"Population, 2021",293
2021S051259153456,59153456,Dissemination area,59153456,59153456,,"Population, 2021",834
2021S051259153537,59153537,Dissemination area,59153537,59153537,,"Population, 2021",1218
2021S051259153538,59153538,Dissemination area,59153538,59153538,,"Population, 2021",678
2021S051259153603,59153603,Dissemination area,59153603,59153603,,"Population, 2021",606
2021S051259153606,59153606,Dissemination area,59153606,59153606,,"Population, 2021",449
2021S051259153607,59153607,Dissemination area,59153607,59153607,,"Population, 2021",672
2021S051259153608,59153608,Dissemination area,59153608,59153608,,"Population, 2021",752
2021S051259153609,59153609,Dissemination area,59153609,59153609,,"Population, 2021",2081
2021S051259153610,59153610,Dissemination area,59153610,59153610,,"Population, 2021",415
2021S051259153611,59153611,Dissemination area,59153611,59153611,,"Population, 2021",613
2021S051259153612,59153612,Dissemination area,59153612,59153612,,"Population, 2021",549
2021S051259153613,59153613,Dissemination area,59153613,59153613,,"Population, 2021",786
2021S051259153614,59153614,Dissemination area,59153614,59153614,,"Population, 2021",400
2021S051259153615,59153615,Dissemination area,59153615,59153615,,"Population, 2021",551
2021S051259154355,59154355,Dissemination area,59154355,59154355,,"Population, 2021",505
2021S051259154357,59154357,Dissemination area,59154357,59154357,,"Population, 2021",712
2021S051259154359,59154359,Dissemination area,59154359,59154359,,"Population, 2021",2060
2021S051259154361,59154361,Dissemination area,59154361,59154361,,"Population, 2021",962
2021S051259154362,59154362,Dissemination area,59154362,59154362,,"Population, 2021",828
2021S051259154363,59154363,Dissemination area,59154363,59154363,,"Population, 2021",1833
2021A00055915015,5915015,Census subdivision,"Richmond, City (CY)",Richmond,City (CY),"Population, 2021",209937
2021S051259150992,59150992,Dissemination area,59150992,59150992,,"Population, 2021",507
2021S051259150993,59150993,Dissemination area,59150993,59150993,,"Population, 2021",841
2021S051259150994,59150994,Dissemination area,59150994,59150994,,"Population, 2021",374
2021S051259150995,59150995,Dissemination area,59150995,59150995,,"Population, 2021",2251
2021S051259150996,59150996,Dissemination area,59150996,59150996,,"Population, 2021",1267
2021S051259150997,59150997,Dissemination area,59150997,59150997,,"Population, 2021",357
2021S051259150998,59150998,Dissemination area,59150998,59150998,,"Population, 2021",832
2021S051259151002,59151002,Dissemination area,59151002,59151002,,"Population, 2021",563
2021S051259151008,59151008,Dissemination area,59151008,59151008,,"Population, 2021",818
2021S051259151013,59151013,Dissemination area,59151013,59151013,,"Population, 2021",1094
2021S051259151014,59151014,Dissemination area,59151014,59151014,,"Population, 2021",380
2021S051259151015,59151015,Dissemination area,59151015,59151015,,"Population, 2021",431
2021S051259151016,59151016,Dissemination area,59151016,59151016,,"Population, 2021",770
2021S051259151017,59151017,Dissemination area,59151017,59151017,,"Population, 2021",482
2021S051259151018,59151018,Dissemination area,59151018,59151018,,"Population, 2021",519
2021S051259151019,59151019,Dissemination area,59151019,59151019,,"Population, 2021",450
2021S051259151020,59151020,Dissemination area,59151020,59151020,,"Population, 2021",597
2021S051259151022,59151022,Dissemination area,59151022,59151022,,"Population, 2021",626
2021S051259151023,59151023,Dissemination area,59151023,59151023,,"Population, 2021",591
2021S051259151024,59151024,Dissemination area,59151024,59151024,,"Population, 2021",555
2021S051259151025,59151025,Dissemination area,59151025,59151025,,"Population, 2021",599
2021S051259151026,59151026,Dissemination area,59151026,59151026,,"Population, 2021",1199
2021S051259151027,59151027,Dissemination area,59151027,59151027,,"Population, 2021",512
2021S051259151028,59151028,Dissemination area,59151028,59151028,,"Population, 2021",425
2021S051259151029,59151029,Dissemination area,59151029,59151029,,"Population, 2021",426
2021S051259151030,59151030,Dissemination area,59151030,59151030,,"Population, 2021",1941
2021S051259151031,59151031,Dissemination area,59151031,59151031,,"Population, 2021",284
2021S051259151032,59151032,Dissemination area,59151032,59151032,,"Population, 2021",338
2021S051259151033,59151033,Dissemination area,59151033,59151033,,"Population, 2021",407
2021S051259151034,59151034,Dissemination area,59151034,59151034,,"Population, 2021",517
2021S051259151035,59151035,Dissemination area,59151035,59151035,,"Population, 2021",218
2021S051259151036,59151036,Dissemination area,59151036,59151036,,"Population, 2021",375
2021S051259151037,59151037,Dissemination area,59151037,59151037,,"Population, 2021",558
2021S051259151038,59151038,Dissemination area,59151038,59151038,,"Population, 2021",509
2021S051259151039,59151039,Dissemination area,59151039,59151039,,"Population, 2021",1008
2021S051259151040,59151040,Dissemination area,59151040,59151040,,"Population, 2021",617
2021S051259151041,59151041,Dissemination area,59151041,59151041,,"Population, 2021",732
2021S051259151042,59151042,Dissemination area,59151042,59151042,,"Population, 2021",1271
2021S051259151043,59151043,Dissemination area,59151043,59151043,,"Population, 2021",609
2021S051259151044,59151044,Dissemination area,59151044,59151044,,"Population, 2021",376
2021S051259151045,59151045,Dissemination area,59151045,59151045,,"Population, 2021",821
2021S051259151046,59151046,Dissemination area,59151046,59151046,,"Population, 2021",325
2021S051259151048,59151048,Dissemination area,59151048,59151048,,"Population, 2021",665
2021S051259151049,59151049,Dissemination area,59151049,59151049,,"Population, 2021",687
2021S051259151050,59151050,Dissemination area,59151050,59151050,,"Population, 2021",1599
2021S051259151051,59151051,Dissemination area,59151051,59151051,,"Population, 2021",632
2021S051259151053,59151053,Dissemination area,59151053,59151053,,"Population, 2021",682
2021S051259151057,59151057,Dissemination area,59151057,59151057,,"Population, 2021",1372
2021S051259151058,59151058,Dissemination area,59151058,59151058,,"Population, 2021",3502
2021S051259151059,59151059,Dissemination area,59151059,59151059,,"Population, 2021",374
2021S051259151061,59151061,Dissemination area,59151061,59151061,,"Population, 2021",520
2021S051259151062,59151062,Dissemination area,59151062,59151062,,"Population, 2021",463
2021S051259151063,59151063,Dissemination area,59151063,59151063,,"Population, 2021",526
2021S051259151064,59151064,Dissemination area,59151064,59151064,,"Population, 2021",607
2021S051259151065,59151065,Dissemination area,59151065,59151065,,"Population, 2021",1155
2021S051259151066,59151066,Dissemination area,59151066,59151066,,"Population, 2021",463
2021S051259151067,59151067,Dissemination area,59151067,59151067,,"Population, 2021",413
2021S051259151068,59151068,Dissemination area,59151068,59151068,,"Population, 2021",366
2021S051259151072,59151072,Dissemination area,59151072,59151072,,"Population, 2021",492
2021S051259151073,59151073,Dissemination area,59151073,59151073,,"Population, 2021",518
2021S051259151074,59151074,Dissemination area,59151074,59151074,,"Population, 2021",1403
2021S051259151075,59151075,Dissemination area,59151075,59151075,,"Population, 2021",574
2021S051259151076,59151076,Dissemination area,59151076,59151076,,"Population, 2021",504
2021S051259151077,59151077,Dissemination area,59151077,59151077,,"Population, 2021",525
2021S051259151078,59151078,Dissemination area,59151078,59151078,,"Population, 2021",514
2021S051259151079,59151079,Dissemination area,59151079,59151079,,"Population, 2021",474
2021S051259151080,59151080,Dissemination area,59151080,59151080,,"Population, 2021",1347
2021S051259151081,59151081,Dissemination area,59151081,59151081,,"Population, 2021",483
2021S051259151082,59151082,Dissemination area,59151082,59151082,,"Population, 2021",443
2021S051259151083,59151083,Dissemination area,59151083,59151083,,"Population, 2021",483
2021S051259151084,59151084,Dissemination area,59151084,59151084,,"Population, 2021",453
2021S051259151085,59151085,Dissemination area,59151085,59151085,,"Population, 2021",671
2021S051259151086,59151086,Dissemination area,59151086,59151086,,"Population, 2021",320
2021S051259151087,59151087,Dissemination area,59151087,59151087,,"Population, 2021",498
2021S051259151088,59151088,Dissemination area,59151088,59151088,,"Population, 2021",471
2021S051259151089,59151089,Dissemination area,59151089,59151089,,"Population, 2021",448
2021S051259151090,59151090,Dissemination area,59151090,59151090,,"Population, 2021",542
2021S051259151091,59151091,Dissemination area,59151091,59151091,,"Population, 2021",909
2021S051259151092,59151092,Dissemination area,59151092,59151092,,"Population, 2021",451
2021S051259151093,59151093,Dissemination area,59151093,59151093,,"Population, 2021",663
2021S051259151094,59151094,Dissemination area,59151094,59151094,,"Population, 2021",378
2021S051259151095,59151095,Dissemination area,59151095,59151095,,"Population, 2021",548
2021S051259151097,59151097,Dissemination area,59151097,59151097,,"Population, 2021",635
2021S051259151098,59151098,Dissemination area,59151098,59151098,,"Population, 2021",590
2021S051259151099,59151099,Dissemination area,59151099,59151099,,"Population, 2021",461
2021S051259151100,59151100,Dissemination area,59151100,59151100,,"Population, 2021",484
2021S051259151101,59151101,Dissemination area,59151101,59151101,,"Population, 2021",576
2021S051259151102,59151102,Dissemination area,59151102,59151102,,"Population, 2021",1239
2021S051259151103,59151103,Dissemination area,59151103,59151103,,"Population, 2021",371
2021S051259151104,59151104,Dissemination area,59151104,59151104,,"Population, 2021",481
2021S051259151105,59151105,Dissemination area,59151105,59151105,,"Population, 2021",773
2021S051259151106,59151106,Dissemination area,59151106,59151106,,"Population, 2021",483
2021S051259151107,59151107,Dissemination area,59151107,59151107,,"Population, 2021",964
2021S051259151108,59151108,Dissemination area,59151108,59151108,,"Population, 2021",858
2021S051259151112,59151112,Dissemination area,59151112,59151112,,"Population, 2021",388
2021S051259151113,59151113,Dissemination area,59151113,59151113,,"Population, 2021",710
2021S051259151116,59151116,Dissemination area,59151116,59151116,,"Population, 2021",795
2021S051259151117,59151117,Dissemination area,59151117,59151117,,"Population, 2021",521
2021S051259151118,59151118,Dissemination area,59151118,59151118,,"Population, 2021",646
2021S051259151121,59151121,Dissemination area,59151121,59151121,,"Population, 2021",433
2021S051259151122,59151122,Dissemination area,59151122,59151122,,"Population, 2021",698
2021S051259151123,59151123,Dissemination area,59151123,59151123,,"Population, 2021",563
2021S051259151124,59151124,Dissemination area,59151124,59151124,,"Population, 2021",654
2021S051259151125,59151125,Dissemination area,59151125,59151125,,"Population, 2021",409
2021S051259151126,59151126,Dissemination area,59151126,59151126,,"Population, 2021",427
2021S051259151127,59151127,Dissemination area,59151127,59151127,,"Population, 2021",560
2021S051259151128,59151128,Dissemination area,59151128,59151128,,"Population, 2021",270
2021S051259151129,59151129,Dissemination area,59151129,59151129,,"Population, 2021",841
2021S051259151130,59151130,Dissemination area,59151130,59151130,,"Population, 2021",406
2021S051259151131,59151131,Dissemination area,59151131,59151131,,"Population, 2021",576
2021S051259151132,59151132,Dissemination area,59151132,59151132,,"Population, 2021",554
2021S051259151133,59151133,Dissemination area,59151133,59151133,,"Population, 2021",794
2021S051259151134,59151134,Dissemination area,59151134,59151134,,"Population, 2021",781
2021S051259151135,59151135,Dissemination area,59151135,59151135,,"Population, 2021",1556
2021S051259151136,59151136,Dissemination area,59151136,59151136,,"Population, 2021",849
2021S051259151137,59151137,Dissemination area,59151137,59151137,,"Population, 2021",1038
2021S051259151138,59151138,Dissemination area,59151138,59151138,,"Population, 2021",1085
2021S051259151139,59151139,Dissemination area,59151139,59151139,,"Population, 2021",961
2021S051259151141,59151141,Dissemination area,59151141,59151141,,"Population, 2021",1767
2021S051259151142,59151142,Dissemination area,59151142,59151142,,"Population, 2021",460
2021S051259151143,59151143,Dissemination area,59151143,59151143,,"Population, 2021",1014
2021S051259151145,59151145,Dissemination area,59151145,59151145,,"Population, 2021",660
2021S051259151146,59151146,Dissemination area,59151146,59151146,,"Population, 2021",1508
2021S051259151147,59151147,Dissemination area,59151147,59151147,,"Population, 2021",996
2021S051259151148,59151148,Dissemination area,59151148,59151148,,"Population, 2021",1180
2021S051259151149,59151149,Dissemination area,59151149,59151149,,"Population, 2021",1565
2021S051259151150,59151150,Dissemination area,59151150,59151150,,"Population, 2021",480
2021S051259151151,59151151,Dissemination area,59151151,59151151,,"Population, 2021",689
2021S051259151152,59151152,Dissemination area,59151152,59151152,,"Population, 2021",625
2021S051259151153,59151153,Dissemination area,59151153,59151153,,"Population, 2021",655
2021S051259151154,59151154,Dissemination area,59151154,59151154,,"Population, 2021",358
2021S051259151155,59151155,Dissemination area,59151155,59151155,,"Population, 2021",840
2021S051259151156,59151156,Dissemination area,59151156,59151156,,"Population, 2021",415
2021S051259151157,59151157,Dissemination area,59151157,59151157,,"Population, 2021",566
2021S051259151158,59151158,Dissemination area,59151158,59151158,,"Population, 2021",405
2021S051259151159,59151159,Dissemination area,59151159,59151159,,"Population, 2021",498
2021S051259151160,59151160,Dissemination area,59151160,59151160,,"Population, 2021",840
2021S051259151161,59151161,Dissemination area,59151161,59151161,,"Population, 2021",612
2021S051259151162,59151162,Dissemination area,59151162,59151162,,"Population, 2021",398
2021S051259151163,59151163,Dissemination area,59151163,59151163,,"Population, 2021",703
2021S051259151164,59151164,Dissemination area,59151164,59151164,,"Population, 2021",927
2021S051259151165,59151165,Dissemination area,59151165,59151165,,"Population, 2021",365
2021S051259151166,59151166,Dissemination area,59151166,59151166,,"Population, 2021",357
2021S051259151167,59151167,Dissemination area,59151167,59151167,,"Population, 2021",865
2021S051259151168,59151168,Dissemination area,59151168,59151168,,"Population, 2021",453
2021S051259151169,59151169,Dissemination area,59151169,59151169,,"Population, 2021",1651
2021S051259151170,59151170,Dissemination area,59151170,59151170,,"Population, 2021",584
2021S051259151171,59151171,Dissemination area,59151171,59151171,,"Population, 2021",354
2021S051259151172,59151172,Dissemination area,59151172,59151172,,"Population, 2021",524
2021S051259151173,59151173,Dissemination area,59151173,59151173,,"Population, 2021",1385
2021S051259151174,59151174,Dissemination area,59151174,59151174,,"Population, 2021",667
2021S051259151175,59151175,Dissemination area,59151175,59151175,,"Population, 2021",549
2021S051259151176,59151176,Dissemination area,59151176,59151176,,"Population, 2021",221
2021S051259151177,59151177,Dissemination area,59151177,59151177,,"Population, 2021",641
2021S051259151178,59151178,Dissemination area,59151178,59151178,,"Population, 2021",593
2021S051259151179,59151179,Dissemination area,59151179,59151179,,"Population, 2021",685
2021S051259151180,59151180,Dissemination area,59151180,59151180,,"Population, 2021",517
2021S051259151182,59151182,Dissemination area,59151182,59151182,,"Population, 2021",649
2021S051259151195,59151195,Dissemination area,59151195,59151195,,"Population, 2021",1101
2021S051259151196,59151196,Dissemination area,59151196,59151196,,"Population, 2021",567
2021S051259151197,59151197,Dissemination area,59151197,59151197,,"Population, 2021",1918
2021S051259152813,59152813,Dissemination area,59152813,59152813,,"Population, 2021",349
2021S051259152814,59152814,Dissemination area,59152814,59152814,,"Population, 2021",834
2021S051259152816,59152816,Dissemination area,59152816,59152816,,"Population, 2021",1330
2021S051259152817,59152817,Dissemination area,59152817,59152817,,"Population, 2021",737
2021S051259153099,59153099,Dissemination area,59153099,59153099,,"Population, 2021",586
2021S051259153102,59153102,Dissemination area,59153102,59153102,,"Population, 2021",591
2021S051259153103,59153103,Dissemination area,59153103,59153103,,"Population, 2021",295
2021S051259153104,59153104,Dissemination area,59153104,59153104,,"Population, 2021",435
2021S051259153105,59153105,Dissemination area,59153105,59153105,,"Population, 2021",424
2021S051259153106,59153106,Dissemination area,59153106,59153106,,"Population, 2021",624
2021S051259153107,59153107,Dissemination area,59153107,59153107,,"Population, 2021",788
2021S051259153108,59153108,Dissemination area,59153108,59153108,,"Population, 2021",958
2021S051259153110,59153110,Dissemination area,59153110,59153110,,"Population, 2021",480
2021S051259153111,59153111,Dissemination area,59153111,59153111,,"Population, 2021",603
2021S051259153113,59153113,Dissemination area,59153113,59153113,,"Population, 2021",1343
2021S051259153114,59153114,Dissemination area,59153114,59153114,,"Population, 2021",324
2021S051259153121,59153121,Dissemination area,59153121,59153121,,"Population, 2021",836
2021S051259153122,59153122,Dissemination area,59153122,59153122,,"Population, 2021",424
2021S051259153342,59153342,Dissemination area,59153342,59153342,,"Population, 2021",1225
2021S051259153343,59153343,Dissemination area,59153343,59153343,,"Population, 2021",252
2021S051259153344,59153344,Dissemination area,59153344,59153344,,"Population, 2021",1419
2021S051259153345,59153345,Dissemination area,59153345,59153345,,"Population, 2021",1638
2021S051259153351,59153351,Dissemination area,59153351,59153351,,"Population, 2021",1333
2021S051259153352,59153352,Dissemination area,59153352,59153352,,"Population, 2021",1296
2021S051259153398,59153398,Dissemination area,59153398,59153398,,"Population, 2021",1523
2021S051259153408,59153408,Dissemination area,59153408,59153408,,"Population, 2021",1777
2021S051259153409,59153409,Dissemination area,59153409,59153409,,"Population, 2021",506
2021S051259153410,59153410,Dissemination area,59153410,59153410,,"Population, 2021",2281
2021S051259153411,59153411,Dissemination area,59153411,59153411,,"Population, 2021",863
2021S051259153412,59153412,Dissemination area,59153412,59153412,,"Population, 2021",608
2021S051259153450,59153450,Dissemination area,59153450,59153450,,"Population, 2021",558
2021S051259153451,59153451,Dissemination area,59153451,59153451,,"Population, 2021",800
2021S051259153452,59153452,Dissemination area,59153452,59153452,,"Population, 2021",811
2021S051259153453,59153453,Dissemination area,59153453,59153453,,"Population, 2021",567
2021S051259153484,59153484,Dissemination area,59153484,59153484,,"Population, 2021",610
2021S051259153485,59153485,Dissemination area,59153485,59153485,,"Population, 2021",771
2021S051259153487,59153487,Dissemination area,59153487,59153487,,"Population, 2021",236
2021S051259153489,59153489,Dissemination area,59153489,59153489,,"Population, 2021",10
2021S051259153528,59153528,Dissemination area,59153528,59153528,,"Population, 2021",5414
2021S051259153529,59153529,Dissemination area,59153529,59153529,,"Population, 2021",2834
2021S051259153530,59153530,Dissemination area,59153530,59153530,,"Population, 2021",770
2021S051259153602,59153602,Dissemination area,59153602,59153602,,"Population, 2021",819
2021S051259153616,59153616,Dissemination area,59153616,59153616,,"Population, 2021",1003
2021S051259153617,59153617,Dissemination area,59153617,59153617,,"Population, 2021",543
2021S051259153618,59153618,Dissemination area,59153618,59153618,,"Population, 2021",579
2021S051259153619,59153619,Dissemination area,59153619,59153619,,"Population, 2021",881
2021S051259153620,59153620,Dissemination area,59153620,59153620,,"Population, 2021",1087
2021S051259153621,59153621,Dissemination area,59153621,59153621,,"Population, 2021",689
2021S051259153622,59153622,Dissemination area,59153622,59153622,,"Population, 2021",715
2021S051259153623,59153623,Dissemination area,59153623,59153623,,"Population, 2021",560
2021S051259153624,59153624,Dissemination area,59153624,59153624,,"Population, 2021",710
2021S051259153625,59153625,Dissemination area,59153625,59153625,,"Population, 2021",631
2021S051259153626,59153626,Dissemination area,59153626,59153626,,"Population, 2021",716
2021S051259153627,59153627,Dissemination area,59153627,59153627,,"Population, 2021",502
2021S051259153628,59153628,Dissemination area,59153628,59153628,,"Population, 2021",536
2021S051259153629,59153629,Dissemination area,59153629,59153629,,"Population, 2021",701
2021S051259153630,59153630,Dissemination area,59153630,59153630,,"Population, 2021",502
2021S051259153631,59153631,Dissemination area,59153631,59153631,,"Population, 2021",782
2021S051259153701,59153701,Dissemination area,59153701,59153701,,"Population, 2021",1891
2021S051259153702,59153702,Dissemination area,59153702,59153702,,"Population, 2021",1209
2021S051259153703,59153703,Dissemination area,59153703,59153703,,"Population, 2021",2626
2021S051259153704,59153704,Dissemination area,59153704,59153704,,"Population, 2021",915
2021S051259153705,59153705,Dissemination area,59153705,59153705,,"Population, 2021",840
2021S051259153706,59153706,Dissemination area,59153706,59153706,,"Population, 2021",1001
2021S051259153707,59153707,Dissemination area,59153707,59153707,,"Population, 2021",1241
2021S051259153708,59153708,Dissemination area,59153708,59153708,,"Population, 2021",1039
2021S051259153709,59153709,Dissemination area,59153709,59153709,,"Population, 2021",911
2021S051259153794,59153794,Dissemination area,59153794,59153794,,"Population, 2021",934
2021S051259153795,59153795,Dissemination area,59153795,59153795,,"Population, 2021",811
2021S051259153796,59153796,Dissemination area,59153796,59153796,,"Population, 2021",921
2021S051259153797,59153797,Dissemination area,59153797,59153797,,"Population, 2021",1283
2021S051259153798,59153798,Dissemination area,59153798,59153798,,"Population, 2021",1190
2021S051259153878,59153878,Dissemination area,59153878,59153878,,"Population, 2021",392
2021S051259153879,59153879,Dissemination area,59153879,59153879,,"Population, 2021",358
2021S051259153921,59153921,Dissemination area,59153921,59153921,,"Population, 2021",994
2021S051259153922,59153922,Dissemination area,59153922,59153922,,"Population, 2021",745
2021S051259153945,59153945,Dissemination area,59153945,59153945,,"Population, 2021",4294
2021S051259153946,59153946,Dissemination area,59153946,59153946,,"Population, 2021",846
2021S051259153948,59153948,Dissemination area,59153948,59153948,,"Population, 2021",1933
2021S051259153949,59153949,Dissemination area,59153949,59153949,,"Population, 2021",4379
2021S051259153950,59153950,Dissemination area,59153950,59153950,,"Population, 2021",608
2021S051259154118,59154118,Dissemination area,59154118,59154118,,"Population, 2021",1579
2021S051259154119,59154119,Dissemination area,59154119,59154119,,"Population, 2021",427
2021S051259154120,59154120,Dissemination area,59154120,59154120,,"Population, 2021",741
2021S051259154121,59154121,Dissemination area,59154121,59154121,,"Population, 2021",468
2021S051259154122,59154122,Dissemination area,59154122,59154122,,"Population, 2021",750
2021S051259154123,59154123,Dissemination area,59154123,59154123,,"Population, 2021",737
2021S051259154124,59154124,Dissemination area,59154124,59154124,,"Population, 2021",522
2021S051259154125,59154125,Dissemination area,59154125,59154125,,"Population, 2021",591
2021S051259154126,59154126,Dissemination area,59154126,59154126,,"Population, 2021",1388
2021S051259154127,59154127,Dissemination area,59154127,59154127,,"Population, 2021",617
2021S051259154128,59154128,Dissemination area,59154128,59154128,,"Population, 2021",436
2021S051259154129,59154129,Dissemination area,59154129,59154129,,"Population, 2021",769
2021S051259154130,59154130,Dissemination area,59154130,59154130,,"Population, 2021",815
2021S051259154131,59154131,Dissemination area,59154131,59154131,,"Population, 2021",628
2021S051259154132,59154132,Dissemination area,59154132,59154132,,"Population, 2021",659
2021S051259154133,59154133,Dissemination area,59154133,59154133,,"Population, 2021",1683
2021A00055915020,5915020,Census subdivision,"Metro Vancouver A, Regional district electoral area (RDA)",Metro Vancouver A,Regional district electoral area (RDA),"Population, 2021",18612
2021S051259150936,59150936,Dissemination area,59150936,59150936,,"Population, 2021",531
2021S051259150938,59150938,Dissemination area,59150938,59150938,,"Population, 2021",323
2021S051259150939,59150939,Dissemination area,59150939,59150939,,"Population, 2021",1136
2021S051259150941,59150941,Dissemination area,59150941,59150941,,"Population, 2021",0
2021S051259150942,59150942,Dissemination area,59150942,59150942,,"Population, 2021",170
2021S051259150945,59150945,Dissemination area,59150945,59150945,,"Population, 2021",412
2021S051259150946,59150946,Dissemination area,59150946,59150946,,"Population, 2021",645
2021S051259151624,59151624,Dissemination area,59151624,59151624,,"Population, 2021",0
2021S051259153569,59153569,Dissemination area,59153569,59153569,,"Population, 2021",205
2021S051259153594,59153594,Dissemination area,59153594,59153594,,"Population, 2021",0
2021S051259153731,59153731,Dissemination area,59153731,59153731,,"Population, 2021",111
2021S051259154034,59154034,Dissemination area,59154034,59154034,,"Population, 2021",1657
2021S051259154035,59154035,Dissemination area,59154035,59154035,,"Population, 2021",1451
2021S051259154078,59154078,Dissemination area,59154078,59154078,,"Population, 2021",219
2021S051259154079,59154079,Dissemination area,59154079,59154079,,"Population, 2021",1024
2021S051259154080,59154080,Dissemination area,59154080,59154080,,"Population, 2021",209
2021S051259154081,59154081,Dissemination area,59154081,59154081,,"Population, 2021",380
2021S051259154082,59154082,Dissemination area,59154082,59154082,,"Population, 2021",333
2021S051259154083,59154083,Dissemination area,59154083,59154083,,"Population, 2021",329
2021S051259154084,59154084,Dissemination area,59154084,59154084,,"Population, 2021",74
2021S051259154085,59154085,Dissemination area,59154085,59154085,,"Population, 2021",133
2021S051259154087,59154087,Dissemination area,59154087,59154087,,"Population, 2021",231
2021S051259154088,59154088,Dissemination area,59154088,59154088,,"Population, 2021",322
2021S051259154089,59154089,Dissemination area,59154089,59154089,,"Population, 2021",281
2021S051259154090,59154090,Dissemination area,59154090,59154090,,"Population, 2021",383
2021S051259154091,59154091,Dissemination area,59154091,59154091,,"Population, 2021",988
2021S051259154092,59154092,Dissemination area,59154092,59154092,,"Population, 2021",523
2021S051259154093,59154093,Dissemination area,59154093,59154093,,"Population, 2021",405
2021S051259154095,59154095,Dissemination area,59154095,59154095,,"Population, 2021",591
2021S051259154096,59154096,Dissemination area,59154096,59154096,,"Population, 2021",783
2021S051259154097,59154097,Dissemination area,59154097,59154097,,"Population, 2021",687
2021S051259154098,59154098,Dissemination area,59154098,59154098,,"Population, 2021",0
2021S051259154099,59154099,Dissemination area,59154099,59154099,,"Population, 2021",258
2021S051259154100,59154100,Dissemination area,59154100,59154100,,"Population, 2021",109
2021S051259154101,59154101,Dissemination area,59154101,59154101,,"Population, 2021",944
2021S051259154102,59154102,Dissemination area,59154102,59154102,,"Population, 2021",671
2021S051259154103,59154103,Dissemination area,59154103,59154103,,"Population, 2021",1264
2021S051259154104,59154104,Dissemination area,59154104,59154104,,"Population, 2021",830
2021S051259154105,59154105,Dissemination area,59154105,59154105,,"Population, 2021",0
2021A00055915022,5915022,Census subdivision,"Vancouver, City (CY)",Vancouver,City (CY),"Population, 2021",662248
2021S051259150307,59150307,Dissemination area,59150307,59150307,,"Population, 2021",677
2021S051259150308,59150308,Dissemination area,59150308,59150308,,"Population, 2021",541
2021S051259150309,59150309,Dissemination area,59150309,59150309,,"Population, 2021",761
2021S051259150310,59150310,Dissemination area,59150310,59150310,,"Population, 2021",748
2021S051259150311,59150311,Dissemination area,59150311,59150311,,"Population, 2021",537
2021S051259150312,59150312,Dissemination area,59150312,59150312,,"Population, 2021",555
2021S051259150313,59150313,Dissemination area,59150313,59150313,,"Population, 2021",1003
2021S051259150328,59150328,Dissemination area,59150328,59150328,,"Population, 2021",508
2021S051259150329,59150329,Dissemination area,59150329,59150329,,"Population, 2021",966
2021S051259150330,59150330,Dissemination area,59150330,59150330,,"Population, 2021",544
2021S051259150331,59150331,Dissemination area,59150331,59150331,,"Population, 2021",858
2021S051259150332,59150332,Dissemination area,59150332,59150332,,"Population, 2021",660
2021S051259150333,59150333,Dissemination area,59150333,59150333,,"Population, 2021",621
2021S051259150334,59150334,Dissemination area,59150334,59150334,,"Population, 2021",507
2021S051259150335,59150335,Dissemination area,59150335,59150335,,"Population, 2021",857
2021S051259150336,59150336,Dissemination area,59150336,59150336,,"Population, 2021",610
2021S051259150337,59150337,Dissemination area,59150337,59150337,,"Population, 2021",433
2021S051259150338,59150338,Dissemination area,59150338,59150338,,"Population, 2021",479
2021S051259150339,59150339,Dissemination area,59150339,59150339,,"Population, 2021",588
2021S051259150340,59150340,Dissemination area,59150340,59150340,,"Population, 2021",534
2021S051259150341,59150341,Dissemination area,59150341,59150341,,"Population, 2021",459
2021S051259150342,59150342,Dissemination area,59150342,59150342,,"Population, 2021",461
2021S051259150343,59150343,Dissemination area,59150343,59150343,,"Population, 2021",470
2021S051259150344,59150344,Dissemination area,59150344,59150344,,"Population, 2021",480
2021S051259150345,59150345,Dissemination area,59150345,59150345,,"Population, 2021",597
2021S051259150346,59150346,Dissemination area,59150346,59150346,,"Population, 2021",409
2021S051259150347,59150347,Dissemination area,59150347,59150347,,"Population, 2021",504
2021S051259150348,59150348,Dissemination area,59150348,59150348,,"Population, 2021",529
2021S051259150349,59150349,Dissemination area,59150349,59150349,,"Population, 2021",420
2021S051259150350,59150350,Dissemination area,59150350,59150350,,"Population, 2021",511
2021S051259150351,59150351,Dissemination area,59150351,59150351,,"Population, 2021",459
2021S051259150352,59150352,Dissemination area,59150352,59150352,,"Population, 2021",748
2021S051259150353,59150353,Dissemination area,59150353,59150353,,"Population, 2021",495
2021S051259150354,59150354,Dissemination area,59150354,59150354,,"Population, 2021",525
2021S051259150355,59150355,Dissemination area,59150355,59150355,,"Population, 2021",531
2021S051259150356,59150356,Dissemination area,59150356,59150356,,"Population, 2021",473
2021S051259150357,59150357,Dissemination area,59150357,59150357,,"Population, 2021",919
2021S051259150358,59150358,Dissemination area,59150358,59150358,,"Population, 2021",512
2021S051259150359,59150359,Dissemination area,59150359,59150359,,"Population, 2021",482
2021S051259150360,59150360,Dissemination area,59150360,59150360,,"Population, 2021",611
2021S051259150361,59150361,Dissemination area,59150361,59150361,,"Population, 2021",488
2021S051259150362,59150362,Dissemination area,59150362,59150362,,"Population, 2021",397
2021S051259150363,59150363,Dissemination area,59150363,59150363,,"Population, 2021",515
2021S051259150364,59150364,Dissemination area,59150364,59150364,,"Population, 2021",433
2021S051259150365,59150365,Dissemination area,59150365,59150365,,"Population, 2021",345
2021S051259150366,59150366,Dissemination area,59150366,59150366,,"Population, 2021",861
2021S051259150367,59150367,Dissemination area,59150367,59150367,,"Population, 2021",1340
2021S051259150368,59150368,Dissemination area,59150368,59150368,,"Population, 2021",508
2021S051259150369,59150369,Dissemination area,59150369,59150369,,"Population, 2021",538
2021S051259150371,59150371,Dissemination area,59150371,59150371,,"Population, 2021",548
2021S051259150373,59150373,Dissemination area,59150373,59150373,,"Population, 2021",685
2021S051259150375,59150375,Dissemination area,59150375,59150375,,"Population, 2021",411
2021S051259150376,59150376,Dissemination area,59150376,59150376,,"Population, 2021",459
2021S051259150377,59150377,Dissemination area,59150377,59150377,,"Population, 2021",480
2021S051259150378,59150378,Dissemination area,59150378,59150378,,"Population, 2021",789
2021S051259150379,59150379,Dissemination area,59150379,59150379,,"Population, 2021",573
2021S051259150380,59150380,Dissemination area,59150380,59150380,,"Population, 2021",607
2021S051259150381,59150381,Dissemination area,59150381,59150381,,"Population, 2021",668
2021S051259150382,59150382,Dissemination area,59150382,59150382,,"Population, 2021",598
2021S051259150383,59150383,Dissemination area,59150383,59150383,,"Population, 2021",530
2021S051259150384,59150384,Dissemination area,59150384,59150384,,"Population, 2021",489
2021S051259150385,59150385,Dissemination area,59150385,59150385,,"Population, 2021",486
2021S051259150386,59150386,Dissemination area,59150386,59150386,,"Population, 2021",614
2021S051259150387,59150387,Dissemination area,59150387,59150387,,"Population, 2021",540
2021S051259150388,59150388,Dissemination area,59150388,59150388,,"Population, 2021",816
2021S051259150389,59150389,Dissemination area,59150389,59150389,,"Population, 2021",725
2021S051259150390,59150390,Dissemination area,59150390,59150390,,"Population, 2021",606
2021S051259150391,59150391,Dissemination area,59150391,59150391,,"Population, 2021",526
2021S051259150392,59150392,Dissemination area,59150392,59150392,,"Population, 2021",467
2021S051259150393,59150393,Dissemination area,59150393,59150393,,"Population, 2021",636
2021S051259150394,59150394,Dissemination area,59150394,59150394,,"Population, 2021",614
2021S051259150395,59150395,Dissemination area,59150395,59150395,,"Population, 2021",705
2021S051259150396,59150396,Dissemination area,59150396,59150396,,"Population, 2021",639
2021S051259150397,59150397,Dissemination area,59150397,59150397,,"Population, 2021",411
2021S051259150398,59150398,Dissemination area,59150398,59150398,,"Population, 2021",469
2021S051259150399,59150399,Dissemination area,59150399,59150399,,"Population, 2021",536
2021S051259150400,59150400,Dissemination area,59150400,59150400,,"Population, 2021",767
2021S051259150401,59150401,Dissemination area,59150401,59150401,,"Population, 2021",639
2021S051259150402,59150402,Dissemination area,59150402,59150402,,"Population, 2021",732
2021S051259150403,59150403,Dissemination area,59150403,59150403,,"Population, 2021",646
2021S051259150404,59150404,Dissemination area,59150404,59150404,,"Population, 2021",504
2021S051259150405,59150405,Dissemination area,59150405,59150405,,"Population, 2021",517
2021S051259150406,59150406,Dissemination area,59150406,59150406,,"Population, 2021",702
2021S051259150407,59150407,Dissemination area,59150407,59150407,,"Population, 2021",800
2021S051259150408,59150408,Dissemination area,59150408,59150408,,"Population, 2021",710
2021S051259150409,59150409,Dissemination area,59150409,59150409,,"Population, 2021",480
2021S051259150410,59150410,Dissemination area,59150410,59150410,,"Population, 2021",739
2021S051259150412,59150412,Dissemination area,59150412,59150412,,"Population, 2021",440
2021S051259150414,59150414,Dissemination area,59150414,59150414,,"Population, 2021",583
2021S051259150415,59150415,Dissemination area,59150415,59150415,,"Population, 2021",807
2021S051259150416,59150416,Dissemination area,59150416,59150416,,"Population, 2021",597
2021S051259150417,59150417,Dissemination area,59150417,59150417,,"Population, 2021",539
2021S051259150419,59150419,Dissemination area,59150419,59150419,,"Population, 2021",452
2021S051259150420,59150420,Dissemination area,59150420,59150420,,"Population, 2021",530
2021S051259150421,59150421,Dissemination area,59150421,59150421,,"Population, 2021",630
2021S051259150422,59150422,Dissemination area,59150422,59150422,,"Population, 2021",896
2021S051259150423,59150423,Dissemination area,59150423,59150423,,"Population, 2021",514
2021S051259150424,59150424,Dissemination area,59150424,59150424,,"Population, 2021",883
2021S051259150425,59150425,Dissemination area,59150425,59150425,,"Population, 2021",414
2021S051259150426,59150426,Dissemination area,59150426,59150426,,"Population, 2021",685
2021S051259150427,59150427,Dissemination area,59150427,59150427,,"Population, 2021",553
2021S051259150428,59150428,Dissemination area,59150428,59150428,,"Population, 2021",600
2021S051259150429,59150429,Dissemination area,59150429,59150429,,"Population, 2021",574
2021S051259150430,59150430,Dissemination area,59150430,59150430,,"Population, 2021",524
2021S051259150431,59150431,Dissemination area,59150431,59150431,,"Population, 2021",632
2021S051259150432,59150432,Dissemination area,59150432,59150432,,"Population, 2021",858
2021S051259150433,59150433,Dissemination area,59150433,59150433,,"Population, 2021",466
2021S051259150434,59150434,Dissemination area,59150434,59150434,,"Population, 2021",494
2021S051259150435,59150435,Dissemination area,59150435,59150435,,"Population, 2021",560
2021S051259150436,59150436,Dissemination area,59150436,59150436,,"Population, 2021",873
2021S051259150437,59150437,Dissemination area,59150437,59150437,,"Population, 2021",1212
2021S051259150438,59150438,Dissemination area,59150438,59150438,,"Population, 2021",857
2021S051259150439,59150439,Dissemination area,59150439,59150439,,"Population, 2021",483
2021S051259150440,59150440,Dissemination area,59150440,59150440,,"Population, 2021",682
2021S051259150442,59150442,Dissemination area,59150442,59150442,,"Population, 2021",668
2021S051259150443,59150443,Dissemination area,59150443,59150443,,"Population, 2021",790
2021S051259150444,59150444,Dissemination area,59150444,59150444,,"Population, 2021",737
2021S051259150445,59150445,Dissemination area,59150445,59150445,,"Population, 2021",633
2021S051259150446,59150446,Dissemination area,59150446,59150446,,"Population, 2021",544
2021S051259150447,59150447,Dissemination area,59150447,59150447,,"Population, 2021",826
2021S051259150448,59150448,Dissemination area,59150448,59150448,,"Population, 2021",668
2021S051259150449,59150449,Dissemination area,59150449,59150449,,"Population, 2021",739
2021S051259150450,59150450,Dissemination area,59150450,59150450,,"Population, 2021",627
2021S051259150451,59150451,Dissemination area,59150451,59150451,,"Population, 2021",501
2021S051259150452,59150452,Dissemination area,59150452,59150452,,"Population, 2021",420
2021S051259150453,59150453,Dissemination area,59150453,59150453,,"Population, 2021",586
2021S051259150454,59150454,Dissemination area,59150454,59150454,,"Population, 2021",673
2021S051259150455,59150455,Dissemination area,59150455,59150455,,"Population, 2021",843
2021S051259150457,59150457,Dissemination area,59150457,59150457,,"Population, 2021",743
2021S051259150459,59150459,Dissemination area,59150459,59150459,,"Population, 2021",564
2021S051259150460,59150460,Dissemination area,59150460,59150460,,"Population, 2021",515
2021S051259150461,59150461,Dissemination area,59150461,59150461,,"Population, 2021",352
2021S051259150462,59150462,Dissemination area,59150462,59150462,,"Population, 2021",403
2021S051259150463,59150463,Dissemination area,59150463,59150463,,"Population, 2021",608
2021S051259150465,59150465,Dissemination area,59150465,59150465,,"Population, 2021",554
2021S051259150466,59150466,Dissemination area,59150466,59150466,,"Population, 2021",505
2021S051259150468,59150468,Dissemination area,59150468,59150468,,"Population, 2021",571
2021S051259150469,59150469,Dissemination area,59150469,59150469,,"Population, 2021",599
2021S051259150470,59150470,Dissemination area,59150470,59150470,,"Population, 2021",536
2021S051259150471,59150471,Dissemination area,59150471,59150471,,"Population, 2021",679
2021S051259150472,59150472,Dissemination area,59150472,59150472,,"Population, 2021",492
2021S051259150473,59150473,Dissemination area,59150473,59150473,,"Population, 2021",680
2021S051259150474,59150474,Dissemination area,59150474,59150474,,"Population, 2021",705
2021S051259150475,59150475,Dissemination area,59150475,59150475,,"Population, 2021",762
2021S051259150476,59150476,Dissemination area,59150476,59150476,,"Population, 2021",929
2021S051259150477,59150477,Dissemination area,59150477,59150477,,"Population, 2021",628
2021S051259150478,59150478,Dissemination area,59150478,59150478,,"Population, 2021",792
2021S051259150479,59150479,Dissemination area,59150479,59150479,,"Population, 2021",464
2021S051259150480,59150480,Dissemination area,59150480,59150480,,"Population, 2021",553
2021S051259150481,59150481,Dissemination area,59150481,59150481,,"Population, 2021",434
2021S051259150482,59150482,Dissemination area,59150482,59150482,,"Population, 2021",853
2021S051259150483,59150483,Dissemination area,59150483,59150483,,"Population, 2021",503
2021S051259150484,59150484,Dissemination area,59150484,59150484,,"Population, 2021",689
2021S051259150485,59150485,Dissemination area,59150485,59150485,,"Population, 2021",565
2021S051259150486,59150486,Dissemination area,59150486,59150486,,"Population, 2021",547
2021S051259150487,59150487,Dissemination area,59150487,59150487,,"Population, 2021",810
2021S051259150488,59150488,Dissemination area,59150488,59150488,,"Population, 2021",2132
2021S051259150489,59150489,Dissemination area,59150489,59150489,,"Population, 2021",1053
2021S051259150490,59150490,Dissemination area,59150490,59150490,,"Population, 2021",575
2021S051259150491,59150491,Dissemination area,59150491,59150491,,"Population, 2021",475
2021S051259150492,59150492,Dissemination area,59150492,59150492,,"Population, 2021",603
2021S051259150493,59150493,Dissemination area,59150493,59150493,,"Population, 2021",426
2021S051259150494,59150494,Dissemination area,59150494,59150494,,"Population, 2021",390
2021S051259150495,59150495,Dissemination area,59150495,59150495,,"Population, 2021",624
2021S051259150496,59150496,Dissemination area,59150496,59150496,,"Population, 2021",574
2021S051259150497,59150497,Dissemination area,59150497,59150497,,"Population, 2021",605
2021S051259150498,59150498,Dissemination area,59150498,59150498,,"Population, 2021",612
2021S051259150499,59150499,Dissemination area,59150499,59150499,,"Population, 2021",590
2021S051259150500,59150500,Dissemination area,59150500,59150500,,"Population, 2021",724
2021S051259150503,59150503,Dissemination area,59150503,59150503,,"Population, 2021",592
2021S051259150504,59150504,Dissemination area,59150504,59150504,,"Population, 2021",1080
2021S051259150505,59150505,Dissemination area,59150505,59150505,,"Population, 2021",662
2021S051259150506,59150506,Dissemination area,59150506,59150506,,"Population, 2021",344
2021S051259150507,59150507,Dissemination area,59150507,59150507,,"Population, 2021",522
2021S051259150508,59150508,Dissemination area,59150508,59150508,,"Population, 2021",494
2021S051259150509,59150509,Dissemination area,59150509,59150509,,"Population, 2021",463
2021S051259150510,59150510,Dissemination area,59150510,59150510,,"Population, 2021",453
2021S051259150511,59150511,Dissemination area,59150511,59150511,,"Population, 2021",1181
2021S051259150512,59150512,Dissemination area,59150512,59150512,,"Population, 2021",507
2021S051259150513,59150513,Dissemination area,59150513,59150513,,"Population, 2021",502
2021S051259150514,59150514,Dissemination area,59150514,59150514,,"Population, 2021",587
2021S051259150515,59150515,Dissemination area,59150515,59150515,,"Population, 2021",380
2021S051259150516,59150516,Dissemination area,59150516,59150516,,"Population, 2021",471
2021S051259150517,59150517,Dissemination area,59150517,59150517,,"Population, 2021",410
2021S051259150518,59150518,Dissemination area,59150518,59150518,,"Population, 2021",428
2021S051259150519,59150519,Dissemination area,59150519,59150519,,"Population, 2021",853
2021S051259150520,59150520,Dissemination area,59150520,59150520,,"Population, 2021",1036
2021S051259150521,59150521,Dissemination area,59150521,59150521,,"Population, 2021",637
2021S051259150522,59150522,Dissemination area,59150522,59150522,,"Population, 2021",645
2021S051259150523,59150523,Dissemination area,59150523,59150523,,"Population, 2021",694
2021S051259150524,59150524,Dissemination area,59150524,59150524,,"Population, 2021",541
2021S051259150526,59150526,Dissemination area,59150526,59150526,,"Population, 2021",571
2021S051259150527,59150527,Dissemination area,59150527,59150527,,"Population, 2021",718
2021S051259150529,59150529,Dissemination area,59150529,59150529,,"Population, 2021",562
2021S051259150530,59150530,Dissemination area,59150530,59150530,,"Population, 2021",544
2021S051259150531,59150531,Dissemination area,59150531,59150531,,"Population, 2021",783
2021S051259150534,59150534,Dissemination area,59150534,59150534,,"Population, 2021",521
2021S051259150535,59150535,Dissemination area,59150535,59150535,,"Population, 2021",641
2021S051259150536,59150536,Dissemination area,59150536,59150536,,"Population, 2021",517
2021S051259150537,59150537,Dissemination area,59150537,59150537,,"Population, 2021",560
2021S051259150538,59150538,Dissemination area,59150538,59150538,,"Population, 2021",677
2021S051259150539,59150539,Dissemination area,59150539,59150539,,"Population, 2021",484
2021S051259150540,59150540,Dissemination area,59150540,59150540,,"Population, 2021",630
2021S051259150541,59150541,Dissemination area,59150541,59150541,,"Population, 2021",787
2021S051259150542,59150542,Dissemination area,59150542,59150542,,"Population, 2021",528
2021S051259150543,59150543,Dissemination area,59150543,59150543,,"Population, 2021",1525
2021S051259150544,59150544,Dissemination area,59150544,59150544,,"Population, 2021",787
2021S051259150545,59150545,Dissemination area,59150545,59150545,,"Population, 2021",931
2021S051259150546,59150546,Dissemination area,59150546,59150546,,"Population, 2021",733
2021S051259150547,59150547,Dissemination area,59150547,59150547,,"Population, 2021",528
2021S051259150548,59150548,Dissemination area,59150548,59150548,,"Population, 2021",352
2021S051259150549,59150549,Dissemination area,59150549,59150549,,"Population, 2021",457
2021S051259150550,59150550,Dissemination area,59150550,59150550,,"Population, 2021",641
2021S051259150551,59150551,Dissemination area,59150551,59150551,,"Population, 2021",476
2021S051259150552,59150552,Dissemination area,59150552,59150552,,"Population, 2021",437
2021S051259150553,59150553,Dissemination area,59150553,59150553,,"Population, 2021",551
2021S051259150554,59150554,Dissemination area,59150554,59150554,,"Population, 2021",483
2021S051259150555,59150555,Dissemination area,59150555,59150555,,"Population, 2021",610
2021S051259150556,59150556,Dissemination area,59150556,59150556,,"Population, 2021",865
2021S051259150557,59150557,Dissemination area,59150557,59150557,,"Population, 2021",602
2021S051259150558,59150558,Dissemination area,59150558,59150558,,"Population, 2021",544
2021S051259150559,59150559,Dissemination area,59150559,59150559,,"Population, 2021",611
2021S051259150560,59150560,Dissemination area,59150560,59150560,,"Population, 2021",562
2021S051259150561,59150561,Dissemination area,59150561,59150561,,"Population, 2021",527
2021S051259150562,59150562,Dissemination area,59150562,59150562,,"Population, 2021",544
2021S051259150563,59150563,Dissemination area,59150563,59150563,,"Population, 2021",661
2021S051259150564,59150564,Dissemination area,59150564,59150564,,"Population, 2021",647
2021S051259150565,59150565,Dissemination area,59150565,59150565,,"Population, 2021",511
2021S051259150566,59150566,Dissemination area,59150566,59150566,,"Population, 2021",563
2021S051259150567,59150567,Dissemination area,59150567,59150567,,"Population, 2021",517
2021S051259150568,59150568,Dissemination area,59150568,59150568,,"Population, 2021",643
2021S051259150569,59150569,Dissemination area,59150569,59150569,,"Population, 2021",864
2021S051259150570,59150570,Dissemination area,59150570,59150570,,"Population, 2021",488
2021S051259150571,59150571,Dissemination area,59150571,59150571,,"Population, 2021",568
2021S051259150572,59150572,Dissemination area,59150572,59150572,,"Population, 2021",337
2021S051259150573,59150573,Dissemination area,59150573,59150573,,"Population, 2021",1310
2021S051259150575,59150575,Dissemination area,59150575,59150575,,"Population, 2021",563
2021S051259150577,59150577,Dissemination area,59150577,59150577,,"Population, 2021",811
2021S051259150578,59150578,Dissemination area,59150578,59150578,,"Population, 2021",504
2021S051259150579,59150579,Dissemination area,59150579,59150579,,"Population, 2021",405
2021S051259150580,59150580,Dissemination area,59150580,59150580,,"Population, 2021",506
2021S051259150581,59150581,Dissemination area,59150581,59150581,,"Population, 2021",390
2021S051259150582,59150582,Dissemination area,59150582,59150582,,"Population, 2021",537
2021S051259150583,59150583,Dissemination area,59150583,59150583,,"Population, 2021",593
2021S051259150584,59150584,Dissemination area,59150584,59150584,,"Population, 2021",604
2021S051259150585,59150585,Dissemination area,59150585,59150585,,"Population, 2021",544
2021S051259150586,59150586,Dissemination area,59150586,59150586,,"Population, 2021",554
2021S051259150587,59150587,Dissemination area,59150587,59150587,,"Population, 2021",570
2021S051259150588,59150588,Dissemination area,59150588,59150588,,"Population, 2021",581
2021S051259150589,59150589,Dissemination area,59150589,59150589,,"Population, 2021",493
2021S051259150590,59150590,Dissemination area,59150590,59150590,,"Population, 2021",552
2021S051259150591,59150591,Dissemination area,59150591,59150591,,"Population, 2021",642
2021S051259150592,59150592,Dissemination area,59150592,59150592,,"Population, 2021",632
2021S051259150593,59150593,Dissemination area,59150593,59150593,,"Population, 2021",589
2021S051259150594,59150594,Dissemination area,59150594,59150594,,"Population, 2021",426
2021S051259150595,59150595,Dissemination area,59150595,59150595,,"Population, 2021",672
2021S051259150596,59150596,Dissemination area,59150596,59150596,,"Population, 2021",489
2021S051259150597,59150597,Dissemination area,59150597,59150597,,"Population, 2021",711
2021S051259150598,59150598,Dissemination area,59150598,59150598,,"Population, 2021",557
2021S051259150599,59150599,Dissemination area,59150599,59150599,,"Population, 2021",597
2021S051259150600,59150600,Dissemination area,59150600,59150600,,"Population, 2021",475
2021S051259150601,59150601,Dissemination area,59150601,59150601,,"Population, 2021",768
2021S051259150602,59150602,Dissemination area,59150602,59150602,,"Population, 2021",427
2021S051259150603,59150603,Dissemination area,59150603,59150603,,"Population, 2021",403
2021S051259150604,59150604,Dissemination area,59150604,59150604,,"Population, 2021",621
2021S051259150605,59150605,Dissemination area,59150605,59150605,,"Population, 2021",486
2021S051259150606,59150606,Dissemination area,59150606,59150606,,"Population, 2021",701
2021S051259150607,59150607,Dissemination area,59150607,59150607,,"Population, 2021",836
2021S051259150608,59150608,Dissemination area,59150608,59150608,,"Population, 2021",566
2021S051259150609,59150609,Dissemination area,59150609,59150609,,"Population, 2021",532
2021S051259150610,59150610,Dissemination area,59150610,59150610,,"Population, 2021",678
2021S051259150611,59150611,Dissemination area,59150611,59150611,,"Population, 2021",689
2021S051259150612,59150612,Dissemination area,59150612,59150612,,"Population, 2021",646
2021S051259150613,59150613,Dissemination area,59150613,59150613,,"Population, 2021",747
2021S051259150614,59150614,Dissemination area,59150614,59150614,,"Population, 2021",662
2021S051259150615,59150615,Dissemination area,59150615,59150615,,"Population, 2021",499
2021S051259150616,59150616,Dissemination area,59150616,59150616,,"Population, 2021",588
2021S051259150617,59150617,Dissemination area,59150617,59150617,,"Population, 2021",544
2021S051259150618,59150618,Dissemination area,59150618,59150618,,"Population, 2021",650
2021S051259150619,59150619,Dissemination area,59150619,59150619,,"Population, 2021",637
2021S051259150620,59150620,Dissemination area,59150620,59150620,,"Population, 2021",559
2021S051259150621,59150621,Dissemination area,59150621,59150621,,"Population, 2021",463
2021S051259150622,59150622,Dissemination area,59150622,59150622,,"Population, 2021",476
2021S051259150623,59150623,Dissemination area,59150623,59150623,,"Population, 2021",494
2021S051259150624,59150624,Dissemination area,59150624,59150624,,"Population, 2021",596
2021S051259150625,59150625,Dissemination area,59150625,59150625,,"Population, 2021",608
2021S051259150626,59150626,Dissemination area,59150626,59150626,,"Population, 2021",605
2021S051259150627,59150627,Dissemination area,59150627,59150627,,"Population, 2021",524
2021S051259150628,59150628,Dissemination area,59150628,59150628,,"Population, 2021",770
2021S051259150629,59150629,Dissemination area,59150629,59150629,,"Population, 2021",605
2021S051259150633,59150633,Dissemination area,59150633,59150633,,"Population, 2021",663
2021S051259150634,59150634,Dissemination area,59150634,59150634,,"Population, 2021",540
2021S051259150635,59150635,Dissemination area,59150635,59150635,,"Population, 2021",583
2021S051259150636,59150636,Dissemination area,59150636,59150636,,"Population, 2021",677
2021S051259150637,59150637,Dissemination area,59150637,59150637,,"Population, 2021",578
2021S051259150638,59150638,Dissemination area,59150638,59150638,,"Population, 2021",660
2021S051259150639,59150639,Dissemination area,59150639,59150639,,"Population, 2021",517
2021S051259150640,59150640,Dissemination area,59150640,59150640,,"Population, 2021",436
2021S051259150641,59150641,Dissemination area,59150641,59150641,,"Population, 2021",642
2021S051259150642,59150642,Dissemination area,59150642,59150642,,"Population, 2021",610
2021S051259150643,59150643,Dissemination area,59150643,59150643,,"Population, 2021",601
2021S051259150644,59150644,Dissemination area,59150644,59150644,,"Population, 2021",598
2021S051259150645,59150645,Dissemination area,59150645,59150645,,"Population, 2021",454
2021S051259150646,59150646,Dissemination area,59150646,59150646,,"Population, 2021",643
2021S051259150647,59150647,Dissemination area,59150647,59150647,,"Population, 2021",594
2021S051259150648,59150648,Dissemination area,59150648,59150648,,"Population, 2021",390
2021S051259150649,59150649,Dissemination area,59150649,59150649,,"Population, 2021",663
2021S051259150650,59150650,Dissemination area,59150650,59150650,,"Population, 2021",459
2021S051259150651,59150651,Dissemination area,59150651,59150651,,"Population, 2021",421
2021S051259150652,59150652,Dissemination area,59150652,59150652,,"Population, 2021",698
2021S051259150653,59150653,Dissemination area,59150653,59150653,,"Population, 2021",482
2021S051259150654,59150654,Dissemination area,59150654,59150654,,"Population, 2021",592
2021S051259150655,59150655,Dissemination area,59150655,59150655,,"Population, 2021",491
2021S051259150656,59150656,Dissemination area,59150656,59150656,,"Population, 2021",494
2021S051259150657,59150657,Dissemination area,59150657,59150657,,"Population, 2021",511
2021S051259150658,59150658,Dissemination area,59150658,59150658,,"Population, 2021",659
2021S051259150659,59150659,Dissemination area,59150659,59150659,,"Population, 2021",619
2021S051259150660,59150660,Dissemination area,59150660,59150660,,"Population, 2021",488
2021S051259150661,59150661,Dissemination area,59150661,59150661,,"Population, 2021",489
2021S051259150662,59150662,Dissemination area,59150662,59150662,,"Population, 2021",414
2021S051259150663,59150663,Dissemination area,59150663,59150663,,"Population, 2021",427
2021S051259150664,59150664,Dissemination area,59150664,59150664,,"Population, 2021",508
2021S051259150665,59150665,Dissemination area,59150665,59150665,,"Population, 2021",456
2021S051259150666,59150666,Dissemination area,59150666,59150666,,"Population, 2021",427
2021S051259150667,59150667,Dissemination area,59150667,59150667,,"Population, 2021",436
2021S051259150668,59150668,Dissemination area,59150668,59150668,,"Population, 2021",513
2021S051259150669,59150669,Dissemination area,59150669,59150669,,"Population, 2021",340
2021S051259150670,59150670,Dissemination area,59150670,59150670,,"Population, 2021",520
2021S051259150671,59150671,Dissemination area,59150671,59150671,,"Population, 2021",523
2021S051259150672,59150672,Dissemination area,59150672,59150672,,"Population, 2021",857
2021S051259150673,59150673,Dissemination area,59150673,59150673,,"Population, 2021",946
2021S051259150674,59150674,Dissemination area,59150674,59150674,,"Population, 2021",549
2021S051259150675,59150675,Dissemination area,59150675,59150675,,"Population, 2021",613
2021S051259150676,59150676,Dissemination area,59150676,59150676,,"Population, 2021",577
2021S051259150677,59150677,Dissemination area,59150677,59150677,,"Population, 2021",531
2021S051259150678,59150678,Dissemination area,59150678,59150678,,"Population, 2021",591
2021S051259150679,59150679,Dissemination area,59150679,59150679,,"Population, 2021",419
2021S051259150680,59150680,Dissemination area,59150680,59150680,,"Population, 2021",712
2021S051259150681,59150681,Dissemination area,59150681,59150681,,"Population, 2021",486
2021S051259150682,59150682,Dissemination area,59150682,59150682,,"Population, 2021",755
2021S051259150683,59150683,Dissemination area,59150683,59150683,,"Population, 2021",532
2021S051259150684,59150684,Dissemination area,59150684,59150684,,"Population, 2021",741
2021S051259150685,59150685,Dissemination area,59150685,59150685,,"Population, 2021",839
2021S051259150686,59150686,Dissemination area,59150686,59150686,,"Population, 2021",365
2021S051259150687,59150687,Dissemination area,59150687,59150687,,"Population, 2021",443
2021S051259150688,59150688,Dissemination area,59150688,59150688,,"Population, 2021",528
2021S051259150689,59150689,Dissemination area,59150689,59150689,,"Population, 2021",450
2021S051259150690,59150690,Dissemination area,59150690,59150690,,"Population, 2021",585
2021S051259150691,59150691,Dissemination area,59150691,59150691,,"Population, 2021",498
2021S051259150692,59150692,Dissemination area,59150692,59150692,,"Population, 2021",589
2021S051259150693,59150693,Dissemination area,59150693,59150693,,"Population, 2021",432
2021S051259150694,59150694,Dissemination area,59150694,59150694,,"Population, 2021",482
2021S051259150695,59150695,Dissemination area,59150695,59150695,,"Population, 2021",560
2021S051259150696,59150696,Dissemination area,59150696,59150696,,"Population, 2021",534
2021S051259150697,59150697,Dissemination area,59150697,59150697,,"Population, 2021",647
2021S051259150698,59150698,Dissemination area,59150698,59150698,,"Population, 2021",559
2021S051259150699,59150699,Dissemination area,59150699,59150699,,"Population, 2021",469
2021S051259150700,59150700,Dissemination area,59150700,59150700,,"Population, 2021",479
2021S051259150701,59150701,Dissemination area,59150701,59150701,,"Population, 2021",576
2021S051259150702,59150702,Dissemination area,59150702,59150702,,"Population, 2021",451
2021S051259150703,59150703,Dissemination area,59150703,59150703,,"Population, 2021",444
2021S051259150704,59150704,Dissemination area,59150704,59150704,,"Population, 2021",583
2021S051259150705,59150705,Dissemination area,59150705,59150705,,"Population, 2021",624
2021S051259150706,59150706,Dissemination area,59150706,59150706,,"Population, 2021",289
2021S051259150707,59150707,Dissemination area,59150707,59150707,,"Population, 2021",360
2021S051259150708,59150708,Dissemination area,59150708,59150708,,"Population, 2021",880
2021S051259150709,59150709,Dissemination area,59150709,59150709,,"Population, 2021",2457
2021S051259150710,59150710,Dissemination area,59150710,59150710,,"Population, 2021",635
2021S051259150711,59150711,Dissemination area,59150711,59150711,,"Population, 2021",1102
2021S051259150712,59150712,Dissemination area,59150712,59150712,,"Population, 2021",553
2021S051259150713,59150713,Dissemination area,59150713,59150713,,"Population, 2021",481
2021S051259150714,59150714,Dissemination area,59150714,59150714,,"Population, 2021",245
2021S051259150715,59150715,Dissemination area,59150715,59150715,,"Population, 2021",451
2021S051259150716,59150716,Dissemination area,59150716,59150716,,"Population, 2021",418
2021S051259150717,59150717,Dissemination area,59150717,59150717,,"Population, 2021",351
2021S051259150718,59150718,Dissemination area,59150718,59150718,,"Population, 2021",529
2021S051259150719,59150719,Dissemination area,59150719,59150719,,"Population, 2021",447
2021S051259150720,59150720,Dissemination area,59150720,59150720,,"Population, 2021",545
2021S051259150721,59150721,Dissemination area,59150721,59150721,,"Population, 2021",479
2021S051259150722,59150722,Dissemination area,59150722,59150722,,"Population, 2021",484
2021S051259150723,59150723,Dissemination area,59150723,59150723,,"Population, 2021",444
2021S051259150724,59150724,Dissemination area,59150724,59150724,,"Population, 2021",457
2021S051259150725,59150725,Dissemination area,59150725,59150725,,"Population, 2021",504
2021S051259150726,59150726,Dissemination area,59150726,59150726,,"Population, 2021",518
2021S051259150727,59150727,Dissemination area,59150727,59150727,,"Population, 2021",477
2021S051259150728,59150728,Dissemination area,59150728,59150728,,"Population, 2021",502
2021S051259150729,59150729,Dissemination area,59150729,59150729,,"Population, 2021",701
2021S051259150730,59150730,Dissemination area,59150730,59150730,,"Population, 2021",498
2021S051259150731,59150731,Dissemination area,59150731,59150731,,"Population, 2021",627
2021S051259150732,59150732,Dissemination area,59150732,59150732,,"Population, 2021",509
2021S051259150733,59150733,Dissemination area,59150733,59150733,,"Population, 2021",554
2021S051259150734,59150734,Dissemination area,59150734,59150734,,"Population, 2021",782
2021S051259150737,59150737,Dissemination area,59150737,59150737,,"Population, 2021",480
2021S051259150738,59150738,Dissemination area,59150738,59150738,,"Population, 2021",490
2021S051259150739,59150739,Dissemination area,59150739,59150739,,"Population, 2021",398
2021S051259150740,59150740,Dissemination area,59150740,59150740,,"Population, 2021",518
2021S051259150741,59150741,Dissemination area,59150741,59150741,,"Population, 2021",501
2021S051259150742,59150742,Dissemination area,59150742,59150742,,"Population, 2021",558
2021S051259150743,59150743,Dissemination area,59150743,59150743,,"Population, 2021",624
2021S051259150744,59150744,Dissemination area,59150744,59150744,,"Population, 2021",426
2021S051259150745,59150745,Dissemination area,59150745,59150745,,"Population, 2021",621
2021S051259150746,59150746,Dissemination area,59150746,59150746,,"Population, 2021",468
2021S051259150747,59150747,Dissemination area,59150747,59150747,,"Population, 2021",361
2021S051259150748,59150748,Dissemination area,59150748,59150748,,"Population, 2021",534
2021S051259150749,59150749,Dissemination area,59150749,59150749,,"Population, 2021",591
2021S051259150750,59150750,Dissemination area,59150750,59150750,,"Population, 2021",1128
2021S051259150751,59150751,Dissemination area,59150751,59150751,,"Population, 2021",708
2021S051259150752,59150752,Dissemination area,59150752,59150752,,"Population, 2021",319
2021S051259150753,59150753,Dissemination area,59150753,59150753,,"Population, 2021",261
2021S051259150754,59150754,Dissemination area,59150754,59150754,,"Population, 2021",497
2021S051259150755,59150755,Dissemination area,59150755,59150755,,"Population, 2021",844
2021S051259150756,59150756,Dissemination area,59150756,59150756,,"Population, 2021",215
2021S051259150757,59150757,Dissemination area,59150757,59150757,,"Population, 2021",1054
2021S051259150758,59150758,Dissemination area,59150758,59150758,,"Population, 2021",495
2021S051259150759,59150759,Dissemination area,59150759,59150759,,"Population, 2021",884
2021S051259150760,59150760,Dissemination area,59150760,59150760,,"Population, 2021",595
2021S051259150761,59150761,Dissemination area,59150761,59150761,,"Population, 2021",774
2021S051259150762,59150762,Dissemination area,59150762,59150762,,"Population, 2021",435
2021S051259150763,59150763,Dissemination area,59150763,59150763,,"Population, 2021",294
2021S051259150777,59150777,Dissemination area,59150777,59150777,,"Population, 2021",1193
2021S051259150779,59150779,Dissemination area,59150779,59150779,,"Population, 2021",1046
2021S051259150782,59150782,Dissemination area,59150782,59150782,,"Population, 2021",480
2021S051259150784,59150784,Dissemination area,59150784,59150784,,"Population, 2021",631
2021S051259150785,59150785,Dissemination area,59150785,59150785,,"Population, 2021",1905
2021S051259150786,59150786,Dissemination area,59150786,59150786,,"Population, 2021",1165
2021S051259150787,59150787,Dissemination area,59150787,59150787,,"Population, 2021",501
2021S051259150788,59150788,Dissemination area,59150788,59150788,,"Population, 2021",719
2021S051259150790,59150790,Dissemination area,59150790,59150790,,"Population, 2021",1205
2021S051259150791,59150791,Dissemination area,59150791,59150791,,"Population, 2021",610
2021S051259150792,59150792,Dissemination area,59150792,59150792,,"Population, 2021",964
2021S051259150793,59150793,Dissemination area,59150793,59150793,,"Population, 2021",914
2021S051259150795,59150795,Dissemination area,59150795,59150795,,"Population, 2021",853
2021S051259150816,59150816,Dissemination area,59150816,59150816,,"Population, 2021",357
2021S051259150817,59150817,Dissemination area,59150817,59150817,,"Population, 2021",433
2021S051259150819,59150819,Dissemination area,59150819,59150819,,"Population, 2021",469
2021S051259150820,59150820,Dissemination area,59150820,59150820,,"Population, 2021",532
2021S051259150821,59150821,Dissemination area,59150821,59150821,,"Population, 2021",470
2021S051259150822,59150822,Dissemination area,59150822,59150822,,"Population, 2021",408
2021S051259150823,59150823,Dissemination area,59150823,59150823,,"Population, 2021",441
2021S051259150824,59150824,Dissemination area,59150824,59150824,,"Population, 2021",449
2021S051259150827,59150827,Dissemination area,59150827,59150827,,"Population, 2021",513
2021S051259150828,59150828,Dissemination area,59150828,59150828,,"Population, 2021",663
2021S051259150831,59150831,Dissemination area,59150831,59150831,,"Population, 2021",627
2021S051259150832,59150832,Dissemination area,59150832,59150832,,"Population, 2021",722
2021S051259150837,59150837,Dissemination area,59150837,59150837,,"Population, 2021",422
2021S051259150840,59150840,Dissemination area,59150840,59150840,,"Population, 2021",419
2021S051259150841,59150841,Dissemination area,59150841,59150841,,"Population, 2021",430
2021S051259150845,59150845,Dissemination area,59150845,59150845,,"Population, 2021",651
2021S051259150846,59150846,Dissemination area,59150846,59150846,,"Population, 2021",799
2021S051259150850,59150850,Dissemination area,59150850,59150850,,"Population, 2021",2626
2021S051259150859,59150859,Dissemination area,59150859,59150859,,"Population, 2021",422
2021S051259150861,59150861,Dissemination area,59150861,59150861,,"Population, 2021",634
2021S051259150863,59150863,Dissemination area,59150863,59150863,,"Population, 2021",581
2021S051259150864,59150864,Dissemination area,59150864,59150864,,"Population, 2021",515
2021S051259150865,59150865,Dissemination area,59150865,59150865,,"Population, 2021",638
2021S051259150866,59150866,Dissemination area,59150866,59150866,,"Population, 2021",550
2021S051259150871,59150871,Dissemination area,59150871,59150871,,"Population, 2021",551
2021S051259150872,59150872,Dissemination area,59150872,59150872,,"Population, 2021",421
2021S051259150873,59150873,Dissemination area,59150873,59150873,,"Population, 2021",531
2021S051259150874,59150874,Dissemination area,59150874,59150874,,"Population, 2021",612
2021S051259150875,59150875,Dissemination area,59150875,59150875,,"Population, 2021",521
2021S051259150876,59150876,Dissemination area,59150876,59150876,,"Population, 2021",574
2021S051259150877,59150877,Dissemination area,59150877,59150877,,"Population, 2021",340
2021S051259150878,59150878,Dissemination area,59150878,59150878,,"Population, 2021",538
2021S051259150879,59150879,Dissemination area,59150879,59150879,,"Population, 2021",711
2021S051259150880,59150880,Dissemination area,59150880,59150880,,"Population, 2021",571
2021S051259150881,59150881,Dissemination area,59150881,59150881,,"Population, 2021",616
2021S051259150882,59150882,Dissemination area,59150882,59150882,,"Population, 2021",710
2021S051259150883,59150883,Dissemination area,59150883,59150883,,"Population, 2021",490
2021S051259150884,59150884,Dissemination area,59150884,59150884,,"Population, 2021",434
2021S051259150885,59150885,Dissemination area,59150885,59150885,,"Population, 2021",424
2021S051259150886,59150886,Dissemination area,59150886,59150886,,"Population, 2021",523
2021S051259150887,59150887,Dissemination area,59150887,59150887,,"Population, 2021",524
2021S051259150888,59150888,Dissemination area,59150888,59150888,,"Population, 2021",451
2021S051259150889,59150889,Dissemination area,59150889,59150889,,"Population, 2021",483
2021S051259150890,59150890,Dissemination area,59150890,59150890,,"Population, 2021",613
2021S051259150891,59150891,Dissemination area,59150891,59150891,,"Population, 2021",526
2021S051259150892,59150892,Dissemination area,59150892,59150892,,"Population, 2021",409
2021S051259150893,59150893,Dissemination area,59150893,59150893,,"Population, 2021",559
2021S051259150894,59150894,Dissemination area,59150894,59150894,,"Population, 2021",619
2021S051259150895,59150895,Dissemination area,59150895,59150895,,"Population, 2021",527
2021S051259150896,59150896,Dissemination area,59150896,59150896,,"Population, 2021",547
2021S051259150897,59150897,Dissemination area,59150897,59150897,,"Population, 2021",601
2021S051259150898,59150898,Dissemination area,59150898,59150898,,"Population, 2021",521
2021S051259150899,59150899,Dissemination area,59150899,59150899,,"Population, 2021",645
2021S051259150900,59150900,Dissemination area,59150900,59150900,,"Population, 2021",427
2021S051259150901,59150901,Dissemination area,59150901,59150901,,"Population, 2021",454
2021S051259150902,59150902,Dissemination area,59150902,59150902,,"Population, 2021",567
2021S051259150903,59150903,Dissemination area,59150903,59150903,,"Population, 2021",474
2021S051259150904,59150904,Dissemination area,59150904,59150904,,"Population, 2021",476
2021S051259150905,59150905,Dissemination area,59150905,59150905,,"Population, 2021",528
2021S051259150906,59150906,Dissemination area,59150906,59150906,,"Population, 2021",458
2021S051259150907,59150907,Dissemination area,59150907,59150907,,"Population, 2021",630
2021S051259150908,59150908,Dissemination area,59150908,59150908,,"Population, 2021",530
2021S051259150909,59150909,Dissemination area,59150909,59150909,,"Population, 2021",503
2021S051259150910,59150910,Dissemination area,59150910,59150910,,"Population, 2021",474
2021S051259150911,59150911,Dissemination area,59150911,59150911,,"Population, 2021",558
2021S051259150912,59150912,Dissemination area,59150912,59150912,,"Population, 2021",483
2021S051259150913,59150913,Dissemination area,59150913,59150913,,"Population, 2021",516
2021S051259150914,59150914,Dissemination area,59150914,59150914,,"Population, 2021",460
2021S051259150915,59150915,Dissemination area,59150915,59150915,,"Population, 2021",504
2021S051259150916,59150916,Dissemination area,59150916,59150916,,"Population, 2021",457
2021S051259150917,59150917,Dissemination area,59150917,59150917,,"Population, 2021",511
2021S051259150918,59150918,Dissemination area,59150918,59150918,,"Population, 2021",437
2021S051259150919,59150919,Dissemination area,59150919,59150919,,"Population, 2021",477
2021S051259150920,59150920,Dissemination area,59150920,59150920,,"Population, 2021",486
2021S051259150922,59150922,Dissemination area,59150922,59150922,,"Population, 2021",443
2021S051259150923,59150923,Dissemination area,59150923,59150923,,"Population, 2021",596
2021S051259150924,59150924,Dissemination area,59150924,59150924,,"Population, 2021",552
2021S051259150925,59150925,Dissemination area,59150925,59150925,,"Population, 2021",564
2021S051259150926,59150926,Dissemination area,59150926,59150926,,"Population, 2021",721
2021S051259150927,59150927,Dissemination area,59150927,59150927,,"Population, 2021",604
2021S051259150928,59150928,Dissemination area,59150928,59150928,,"Population, 2021",473
2021S051259150929,59150929,Dissemination area,59150929,59150929,,"Population, 2021",398
2021S051259150930,59150930,Dissemination area,59150930,59150930,,"Population, 2021",434
2021S051259150931,59150931,Dissemination area,59150931,59150931,,"Population, 2021",495
2021S051259150932,59150932,Dissemination area,59150932,59150932,,"Population, 2021",407
2021S051259150933,59150933,Dissemination area,59150933,59150933,,"Population, 2021",438
2021S051259150934,59150934,Dissemination area,59150934,59150934,,"Population, 2021",435
2021S051259150935,59150935,Dissemination area,59150935,59150935,,"Population, 2021",394
2021S051259150953,59150953,Dissemination area,59150953,59150953,,"Population, 2021",556
2021S051259150954,59150954,Dissemination area,59150954,59150954,,"Population, 2021",434
2021S051259150955,59150955,Dissemination area,59150955,59150955,,"Population, 2021",549
2021S051259150956,59150956,Dissemination area,59150956,59150956,,"Population, 2021",605
2021S051259150957,59150957,Dissemination area,59150957,59150957,,"Population, 2021",471
2021S051259150958,59150958,Dissemination area,59150958,59150958,,"Population, 2021",393
2021S051259150959,59150959,Dissemination area,59150959,59150959,,"Population, 2021",543
2021S051259150960,59150960,Dissemination area,59150960,59150960,,"Population, 2021",470
2021S051259150961,59150961,Dissemination area,59150961,59150961,,"Population, 2021",493
2021S051259150962,59150962,Dissemination area,59150962,59150962,,"Population, 2021",458
2021S051259150963,59150963,Dissemination area,59150963,59150963,,"Population, 2021",505
2021S051259150964,59150964,Dissemination area,59150964,59150964,,"Population, 2021",565
2021S051259150965,59150965,Dissemination area,59150965,59150965,,"Population, 2021",436
2021S051259150966,59150966,Dissemination area,59150966,59150966,,"Population, 2021",553
2021S051259150967,59150967,Dissemination area,59150967,59150967,,"Population, 2021",581
2021S051259150968,59150968,Dissemination area,59150968,59150968,,"Population, 2021",564
2021S051259150969,59150969,Dissemination area,59150969,59150969,,"Population, 2021",580
2021S051259150970,59150970,Dissemination area,59150970,59150970,,"Population, 2021",507
2021S051259150971,59150971,Dissemination area,59150971,59150971,,"Population, 2021",502
2021S051259150972,59150972,Dissemination area,59150972,59150972,,"Population, 2021",684
2021S051259150973,59150973,Dissemination area,59150973,59150973,,"Population, 2021",646
2021S051259150974,59150974,Dissemination area,59150974,59150974,,"Population, 2021",543
2021S051259150975,59150975,Dissemination area,59150975,59150975,,"Population, 2021",671
2021S051259150976,59150976,Dissemination area,59150976,59150976,,"Population, 2021",629
2021S051259150977,59150977,Dissemination area,59150977,59150977,,"Population, 2021",804
2021S051259150978,59150978,Dissemination area,59150978,59150978,,"Population, 2021",425
2021S051259150979,59150979,Dissemination area,59150979,59150979,,"Population, 2021",443
2021S051259150980,59150980,Dissemination area,59150980,59150980,,"Population, 2021",500
2021S051259150981,59150981,Dissemination area,59150981,59150981,,"Population, 2021",443
2021S051259150982,59150982,Dissemination area,59150982,59150982,,"Population, 2021",634
2021S051259150983,59150983,Dissemination area,59150983,59150983,,"Population, 2021",630
2021S051259150984,59150984,Dissemination area,59150984,59150984,,"Population, 2021",483
2021S051259150985,59150985,Dissemination area,59150985,59150985,,"Population, 2021",621
2021S051259150986,59150986,Dissemination area,59150986,59150986,,"Population, 2021",484
2021S051259150987,59150987,Dissemination area,59150987,59150987,,"Population, 2021",937
2021S051259151198,59151198,Dissemination area,59151198,59151198,,"Population, 2021",522
2021S051259151199,59151199,Dissemination area,59151199,59151199,,"Population, 2021",443
2021S051259151200,59151200,Dissemination area,59151200,59151200,,"Population, 2021",528
2021S051259151201,59151201,Dissemination area,59151201,59151201,,"Population, 2021",430
2021S051259151202,59151202,Dissemination area,59151202,59151202,,"Population, 2021",408
2021S051259151203,59151203,Dissemination area,59151203,59151203,,"Population, 2021",572
2021S051259151204,59151204,Dissemination area,59151204,59151204,,"Population, 2021",630
2021S051259151205,59151205,Dissemination area,59151205,59151205,,"Population, 2021",274
2021S051259151206,59151206,Dissemination area,59151206,59151206,,"Population, 2021",594
2021S051259151207,59151207,Dissemination area,59151207,59151207,,"Population, 2021",556
2021S051259151208,59151208,Dissemination area,59151208,59151208,,"Population, 2021",814
2021S051259151209,59151209,Dissemination area,59151209,59151209,,"Population, 2021",600
2021S051259151211,59151211,Dissemination area,59151211,59151211,,"Population, 2021",483
2021S051259151213,59151213,Dissemination area,59151213,59151213,,"Population, 2021",656
2021S051259151214,59151214,Dissemination area,59151214,59151214,,"Population, 2021",585
2021S051259151215,59151215,Dissemination area,59151215,59151215,,"Population, 2021",545
2021S051259151216,59151216,Dissemination area,59151216,59151216,,"Population, 2021",667
2021S051259151217,59151217,Dissemination area,59151217,59151217,,"Population, 2021",400
2021S051259151219,59151219,Dissemination area,59151219,59151219,,"Population, 2021",431
2021S051259151220,59151220,Dissemination area,59151220,59151220,,"Population, 2021",479
2021S051259151221,59151221,Dissemination area,59151221,59151221,,"Population, 2021",765
2021S051259151222,59151222,Dissemination area,59151222,59151222,,"Population, 2021",612
2021S051259151223,59151223,Dissemination area,59151223,59151223,,"Population, 2021",704
2021S051259151224,59151224,Dissemination area,59151224,59151224,,"Population, 2021",844
2021S051259151225,59151225,Dissemination area,59151225,59151225,,"Population, 2021",533
2021S051259151226,59151226,Dissemination area,59151226,59151226,,"Population, 2021",691
2021S051259151227,59151227,Dissemination area,59151227,59151227,,"Population, 2021",620
2021S051259151228,59151228,Dissemination area,59151228,59151228,,"Population, 2021",625
2021S051259151229,59151229,Dissemination area,59151229,59151229,,"Population, 2021",857
2021S051259151230,59151230,Dissemination area,59151230,59151230,,"Population, 2021",385
2021S051259151231,59151231,Dissemination area,59151231,59151231,,"Population, 2021",342
2021S051259151234,59151234,Dissemination area,59151234,59151234,,"Population, 2021",259
2021S051259151236,59151236,Dissemination area,59151236,59151236,,"Population, 2021",1099
2021S051259151351,59151351,Dissemination area,59151351,59151351,,"Population, 2021",763
2021S051259151352,59151352,Dissemination area,59151352,59151352,,"Population, 2021",386
2021S051259151353,59151353,Dissemination area,59151353,59151353,,"Population, 2021",453
2021S051259151354,59151354,Dissemination area,59151354,59151354,,"Population, 2021",483
2021S051259151355,59151355,Dissemination area,59151355,59151355,,"Population, 2021",674
2021S051259151356,59151356,Dissemination area,59151356,59151356,,"Population, 2021",1202
2021S051259151357,59151357,Dissemination area,59151357,59151357,,"Population, 2021",647
2021S051259151358,59151358,Dissemination area,59151358,59151358,,"Population, 2021",491
2021S051259151359,59151359,Dissemination area,59151359,59151359,,"Population, 2021",579
2021S051259151360,59151360,Dissemination area,59151360,59151360,,"Population, 2021",558
2021S051259151361,59151361,Dissemination area,59151361,59151361,,"Population, 2021",511
2021S051259151362,59151362,Dissemination area,59151362,59151362,,"Population, 2021",594
2021S051259151363,59151363,Dissemination area,59151363,59151363,,"Population, 2021",641
2021S051259151364,59151364,Dissemination area,59151364,59151364,,"Population, 2021",690
2021S051259151365,59151365,Dissemination area,59151365,59151365,,"Population, 2021",522
2021S051259151366,59151366,Dissemination area,59151366,59151366,,"Population, 2021",508
2021S051259151367,59151367,Dissemination area,59151367,59151367,,"Population, 2021",596
2021S051259151368,59151368,Dissemination area,59151368,59151368,,"Population, 2021",564
2021S051259151369,59151369,Dissemination area,59151369,59151369,,"Population, 2021",693
2021S051259151370,59151370,Dissemination area,59151370,59151370,,"Population, 2021",738
2021S051259151371,59151371,Dissemination area,59151371,59151371,,"Population, 2021",696
2021S051259151372,59151372,Dissemination area,59151372,59151372,,"Population, 2021",549
2021S051259151373,59151373,Dissemination area,59151373,59151373,,"Population, 2021",778
2021S051259151407,59151407,Dissemination area,59151407,59151407,,"Population, 2021",559
2021S051259151408,59151408,Dissemination area,59151408,59151408,,"Population, 2021",439
2021S051259151409,59151409,Dissemination area,59151409,59151409,,"Population, 2021",550
2021S051259151410,59151410,Dissemination area,59151410,59151410,,"Population, 2021",574
2021S051259151411,59151411,Dissemination area,59151411,59151411,,"Population, 2021",746
2021S051259151412,59151412,Dissemination area,59151412,59151412,,"Population, 2021",588
2021S051259151413,59151413,Dissemination area,59151413,59151413,,"Population, 2021",696
2021S051259151414,59151414,Dissemination area,59151414,59151414,,"Population, 2021",962
2021S051259151415,59151415,Dissemination area,59151415,59151415,,"Population, 2021",647
2021S051259151416,59151416,Dissemination area,59151416,59151416,,"Population, 2021",514
2021S051259151417,59151417,Dissemination area,59151417,59151417,,"Population, 2021",486
2021S051259151418,59151418,Dissemination area,59151418,59151418,,"Population, 2021",526
2021S051259151419,59151419,Dissemination area,59151419,59151419,,"Population, 2021",543
2021S051259151420,59151420,Dissemination area,59151420,59151420,,"Population, 2021",586
2021S051259151423,59151423,Dissemination area,59151423,59151423,,"Population, 2021",724
2021S051259151424,59151424,Dissemination area,59151424,59151424,,"Population, 2021",595
2021S051259151425,59151425,Dissemination area,59151425,59151425,,"Population, 2021",589
2021S051259151426,59151426,Dissemination area,59151426,59151426,,"Population, 2021",565
2021S051259151427,59151427,Dissemination area,59151427,59151427,,"Population, 2021",585
2021S051259151428,59151428,Dissemination area,59151428,59151428,,"Population, 2021",482
2021S051259151429,59151429,Dissemination area,59151429,59151429,,"Population, 2021",588
2021S051259151430,59151430,Dissemination area,59151430,59151430,,"Population, 2021",433
2021S051259151432,59151432,Dissemination area,59151432,59151432,,"Population, 2021",575
2021S051259151433,59151433,Dissemination area,59151433,59151433,,"Population, 2021",447
2021S051259151434,59151434,Dissemination area,59151434,59151434,,"Population, 2021",442
2021S051259151435,59151435,Dissemination area,59151435,59151435,,"Population, 2021",508
2021S051259151436,59151436,Dissemination area,59151436,59151436,,"Population, 2021",461
2021S051259151437,59151437,Dissemination area,59151437,59151437,,"Population, 2021",387
2021S051259151438,59151438,Dissemination area,59151438,59151438,,"Population, 2021",430
2021S051259151439,59151439,Dissemination area,59151439,59151439,,"Population, 2021",426
2021S051259151440,59151440,Dissemination area,59151440,59151440,,"Population, 2021",416
2021S051259151441,59151441,Dissemination area,59151441,59151441,,"Population, 2021",502
2021S051259151442,59151442,Dissemination area,59151442,59151442,,"Population, 2021",535
2021S051259151443,59151443,Dissemination area,59151443,59151443,,"Population, 2021",499
2021S051259151444,59151444,Dissemination area,59151444,59151444,,"Population, 2021",923
2021S051259151448,59151448,Dissemination area,59151448,59151448,,"Population, 2021",664
2021S051259151449,59151449,Dissemination area,59151449,59151449,,"Population, 2021",528
2021S051259151450,59151450,Dissemination area,59151450,59151450,,"Population, 2021",671
2021S051259151451,59151451,Dissemination area,59151451,59151451,,"Population, 2021",690
2021S051259151452,59151452,Dissemination area,59151452,59151452,,"Population, 2021",562
2021S051259151453,59151453,Dissemination area,59151453,59151453,,"Population, 2021",572
2021S051259151454,59151454,Dissemination area,59151454,59151454,,"Population, 2021",580
2021S051259151455,59151455,Dissemination area,59151455,59151455,,"Population, 2021",893
2021S051259151456,59151456,Dissemination area,59151456,59151456,,"Population, 2021",760
2021S051259151457,59151457,Dissemination area,59151457,59151457,,"Population, 2021",485
2021S051259151458,59151458,Dissemination area,59151458,59151458,,"Population, 2021",599
2021S051259151459,59151459,Dissemination area,59151459,59151459,,"Population, 2021",524
2021S051259151460,59151460,Dissemination area,59151460,59151460,,"Population, 2021",434
2021S051259151461,59151461,Dissemination area,59151461,59151461,,"Population, 2021",591
2021S051259151463,59151463,Dissemination area,59151463,59151463,,"Population, 2021",369
2021S051259151464,59151464,Dissemination area,59151464,59151464,,"Population, 2021",495
2021S051259151465,59151465,Dissemination area,59151465,59151465,,"Population, 2021",536
2021S051259151467,59151467,Dissemination area,59151467,59151467,,"Population, 2021",514
2021S051259151469,59151469,Dissemination area,59151469,59151469,,"Population, 2021",723
2021S051259151470,59151470,Dissemination area,59151470,59151470,,"Population, 2021",678
2021S051259151471,59151471,Dissemination area,59151471,59151471,,"Population, 2021",658
2021S051259151472,59151472,Dissemination area,59151472,59151472,,"Population, 2021",603
2021S051259151473,59151473,Dissemination area,59151473,59151473,,"Population, 2021",679
2021S051259151474,59151474,Dissemination area,59151474,59151474,,"Population, 2021",630
2021S051259151475,59151475,Dissemination area,59151475,59151475,,"Population, 2021",747
2021S051259151476,59151476,Dissemination area,59151476,59151476,,"Population, 2021",767
2021S051259151477,59151477,Dissemination area,59151477,59151477,,"Population, 2021",856
2021S051259151478,59151478,Dissemination area,59151478,59151478,,"Population, 2021",679
2021S051259151479,59151479,Dissemination area,59151479,59151479,,"Population, 2021",618
2021S051259151483,59151483,Dissemination area,59151483,59151483,,"Population, 2021",597
2021S051259151484,59151484,Dissemination area,59151484,59151484,,"Population, 2021",410
2021S051259151485,59151485,Dissemination area,59151485,59151485,,"Population, 2021",612
2021S051259151486,59151486,Dissemination area,59151486,59151486,,"Population, 2021",735
2021S051259152941,59152941,Dissemination area,59152941,59152941,,"Population, 2021",4198
2021S051259152942,59152942,Dissemination area,59152942,59152942,,"Population, 2021",1468
2021S051259152943,59152943,Dissemination area,59152943,59152943,,"Population, 2021",626
2021S051259152944,59152944,Dissemination area,59152944,59152944,,"Population, 2021",646
2021S051259152945,59152945,Dissemination area,59152945,59152945,,"Population, 2021",1307
2021S051259152946,59152946,Dissemination area,59152946,59152946,,"Population, 2021",833
2021S051259153075,59153075,Dissemination area,59153075,59153075,,"Population, 2021",423
2021S051259153076,59153076,Dissemination area,59153076,59153076,,"Population, 2021",237
2021S051259153077,59153077,Dissemination area,59153077,59153077,,"Population, 2021",440
2021S051259153078,59153078,Dissemination area,59153078,59153078,,"Population, 2021",695
2021S051259153079,59153079,Dissemination area,59153079,59153079,,"Population, 2021",514
2021S051259153080,59153080,Dissemination area,59153080,59153080,,"Population, 2021",539
2021S051259153081,59153081,Dissemination area,59153081,59153081,,"Population, 2021",442
2021S051259153082,59153082,Dissemination area,59153082,59153082,,"Population, 2021",356
2021S051259153083,59153083,Dissemination area,59153083,59153083,,"Population, 2021",337
2021S051259153084,59153084,Dissemination area,59153084,59153084,,"Population, 2021",637
2021S051259153085,59153085,Dissemination area,59153085,59153085,,"Population, 2021",552
2021S051259153086,59153086,Dissemination area,59153086,59153086,,"Population, 2021",660
2021S051259153087,59153087,Dissemination area,59153087,59153087,,"Population, 2021",797
2021S051259153088,59153088,Dissemination area,59153088,59153088,,"Population, 2021",688
2021S051259153089,59153089,Dissemination area,59153089,59153089,,"Population, 2021",787
2021S051259153090,59153090,Dissemination area,59153090,59153090,,"Population, 2021",785
2021S051259153091,59153091,Dissemination area,59153091,59153091,,"Population, 2021",587
2021S051259153092,59153092,Dissemination area,59153092,59153092,,"Population, 2021",451
2021S051259153093,59153093,Dissemination area,59153093,59153093,,"Population, 2021",659
2021S051259153094,59153094,Dissemination area,59153094,59153094,,"Population, 2021",487
2021S051259153095,59153095,Dissemination area,59153095,59153095,,"Population, 2021",588
2021S051259153096,59153096,Dissemination area,59153096,59153096,,"Population, 2021",592
2021S051259153097,59153097,Dissemination area,59153097,59153097,,"Population, 2021",1252
2021S051259153098,59153098,Dissemination area,59153098,59153098,,"Population, 2021",488
2021S051259153123,59153123,Dissemination area,59153123,59153123,,"Population, 2021",587
2021S051259153124,59153124,Dissemination area,59153124,59153124,,"Population, 2021",306
2021S051259153132,59153132,Dissemination area,59153132,59153132,,"Population, 2021",1360
2021S051259153133,59153133,Dissemination area,59153133,59153133,,"Population, 2021",666
2021S051259153134,59153134,Dissemination area,59153134,59153134,,"Population, 2021",604
2021S051259153135,59153135,Dissemination area,59153135,59153135,,"Population, 2021",855
2021S051259153136,59153136,Dissemination area,59153136,59153136,,"Population, 2021",993
2021S051259153137,59153137,Dissemination area,59153137,59153137,,"Population, 2021",647
2021S051259153138,59153138,Dissemination area,59153138,59153138,,"Population, 2021",546
2021S051259153139,59153139,Dissemination area,59153139,59153139,,"Population, 2021",486
2021S051259153140,59153140,Dissemination area,59153140,59153140,,"Population, 2021",810
2021S051259153144,59153144,Dissemination area,59153144,59153144,,"Population, 2021",796
2021S051259153151,59153151,Dissemination area,59153151,59153151,,"Population, 2021",632
2021S051259153152,59153152,Dissemination area,59153152,59153152,,"Population, 2021",939
2021S051259153153,59153153,Dissemination area,59153153,59153153,,"Population, 2021",905
2021S051259153154,59153154,Dissemination area,59153154,59153154,,"Population, 2021",805
2021S051259153155,59153155,Dissemination area,59153155,59153155,,"Population, 2021",763
2021S051259153156,59153156,Dissemination area,59153156,59153156,,"Population, 2021",317
2021S051259153157,59153157,Dissemination area,59153157,59153157,,"Population, 2021",597
2021S051259153158,59153158,Dissemination area,59153158,59153158,,"Population, 2021",793
2021S051259153159,59153159,Dissemination area,59153159,59153159,,"Population, 2021",652
2021S051259153160,59153160,Dissemination area,59153160,59153160,,"Population, 2021",739
2021S051259153161,59153161,Dissemination area,59153161,59153161,,"Population, 2021",551
2021S051259153162,59153162,Dissemination area,59153162,59153162,,"Population, 2021",528
2021S051259153163,59153163,Dissemination area,59153163,59153163,,"Population, 2021",396
2021S051259153164,59153164,Dissemination area,59153164,59153164,,"Population, 2021",2058
2021S051259153165,59153165,Dissemination area,59153165,59153165,,"Population, 2021",499
2021S051259153166,59153166,Dissemination area,59153166,59153166,,"Population, 2021",1072
2021S051259153167,59153167,Dissemination area,59153167,59153167,,"Population, 2021",606
2021S051259153168,59153168,Dissemination area,59153168,59153168,,"Population, 2021",1139
2021S051259153171,59153171,Dissemination area,59153171,59153171,,"Population, 2021",744
2021S051259153172,59153172,Dissemination area,59153172,59153172,,"Population, 2021",571
2021S051259153181,59153181,Dissemination area,59153181,59153181,,"Population, 2021",977
2021S051259153182,59153182,Dissemination area,59153182,59153182,,"Population, 2021",429
2021S051259153183,59153183,Dissemination area,59153183,59153183,,"Population, 2021",647
2021S051259153184,59153184,Dissemination area,59153184,59153184,,"Population, 2021",677
2021S051259153185,59153185,Dissemination area,59153185,59153185,,"Population, 2021",458
2021S051259153186,59153186,Dissemination area,59153186,59153186,,"Population, 2021",472
2021S051259153187,59153187,Dissemination area,59153187,59153187,,"Population, 2021",889
2021S051259153188,59153188,Dissemination area,59153188,59153188,,"Population, 2021",225
2021S051259153189,59153189,Dissemination area,59153189,59153189,,"Population, 2021",506
2021S051259153190,59153190,Dissemination area,59153190,59153190,,"Population, 2021",657
2021S051259153191,59153191,Dissemination area,59153191,59153191,,"Population, 2021",505
2021S051259153192,59153192,Dissemination area,59153192,59153192,,"Population, 2021",488
2021S051259153193,59153193,Dissemination area,59153193,59153193,,"Population, 2021",720
2021S051259153194,59153194,Dissemination area,59153194,59153194,,"Population, 2021",361
2021S051259153195,59153195,Dissemination area,59153195,59153195,,"Population, 2021",371
2021S051259153196,59153196,Dissemination area,59153196,59153196,,"Population, 2021",499
2021S051259153197,59153197,Dissemination area,59153197,59153197,,"Population, 2021",476
2021S051259153198,59153198,Dissemination area,59153198,59153198,,"Population, 2021",527
2021S051259153199,59153199,Dissemination area,59153199,59153199,,"Population, 2021",453
2021S051259153200,59153200,Dissemination area,59153200,59153200,,"Population, 2021",669
2021S051259153201,59153201,Dissemination area,59153201,59153201,,"Population, 2021",556
2021S051259153202,59153202,Dissemination area,59153202,59153202,,"Population, 2021",460
2021S051259153203,59153203,Dissemination area,59153203,59153203,,"Population, 2021",554
2021S051259153204,59153204,Dissemination area,59153204,59153204,,"Population, 2021",404
2021S051259153205,59153205,Dissemination area,59153205,59153205,,"Population, 2021",388
2021S051259153206,59153206,Dissemination area,59153206,59153206,,"Population, 2021",569
2021S051259153207,59153207,Dissemination area,59153207,59153207,,"Population, 2021",486
2021S051259153208,59153208,Dissemination area,59153208,59153208,,"Population, 2021",611
2021S051259153209,59153209,Dissemination area,59153209,59153209,,"Population, 2021",470
2021S051259153210,59153210,Dissemination area,59153210,59153210,,"Population, 2021",515
2021S051259153211,59153211,Dissemination area,59153211,59153211,,"Population, 2021",462
2021S051259153212,59153212,Dissemination area,59153212,59153212,,"Population, 2021",425
2021S051259153213,59153213,Dissemination area,59153213,59153213,,"Population, 2021",596
2021S051259153214,59153214,Dissemination area,59153214,59153214,,"Population, 2021",658
2021S051259153215,59153215,Dissemination area,59153215,59153215,,"Population, 2021",990
2021S051259153216,59153216,Dissemination area,59153216,59153216,,"Population, 2021",789
2021S051259153217,59153217,Dissemination area,59153217,59153217,,"Population, 2021",545
2021S051259153218,59153218,Dissemination area,59153218,59153218,,"Population, 2021",478
2021S051259153219,59153219,Dissemination area,59153219,59153219,,"Population, 2021",513
2021S051259153220,59153220,Dissemination area,59153220,59153220,,"Population, 2021",409
2021S051259153221,59153221,Dissemination area,59153221,59153221,,"Population, 2021",607
2021S051259153222,59153222,Dissemination area,59153222,59153222,,"Population, 2021",679
2021S051259153223,59153223,Dissemination area,59153223,59153223,,"Population, 2021",483
2021S051259153224,59153224,Dissemination area,59153224,59153224,,"Population, 2021",791
2021S051259153225,59153225,Dissemination area,59153225,59153225,,"Population, 2021",584
2021S051259153226,59153226,Dissemination area,59153226,59153226,,"Population, 2021",634
2021S051259153227,59153227,Dissemination area,59153227,59153227,,"Population, 2021",697
2021S051259153228,59153228,Dissemination area,59153228,59153228,,"Population, 2021",508
2021S051259153229,59153229,Dissemination area,59153229,59153229,,"Population, 2021",574
2021S051259153230,59153230,Dissemination area,59153230,59153230,,"Population, 2021",748
2021S051259153231,59153231,Dissemination area,59153231,59153231,,"Population, 2021",477
2021S051259153232,59153232,Dissemination area,59153232,59153232,,"Population, 2021",561
2021S051259153246,59153246,Dissemination area,59153246,59153246,,"Population, 2021",1082
2021S051259153249,59153249,Dissemination area,59153249,59153249,,"Population, 2021",722
2021S051259153250,59153250,Dissemination area,59153250,59153250,,"Population, 2021",493
2021S051259153251,59153251,Dissemination area,59153251,59153251,,"Population, 2021",877
2021S051259153252,59153252,Dissemination area,59153252,59153252,,"Population, 2021",688
2021S051259153253,59153253,Dissemination area,59153253,59153253,,"Population, 2021",437
2021S051259153254,59153254,Dissemination area,59153254,59153254,,"Population, 2021",387
2021S051259153255,59153255,Dissemination area,59153255,59153255,,"Population, 2021",637
2021S051259153256,59153256,Dissemination area,59153256,59153256,,"Population, 2021",548
2021S051259153257,59153257,Dissemination area,59153257,59153257,,"Population, 2021",619
2021S051259153258,59153258,Dissemination area,59153258,59153258,,"Population, 2021",606
2021S051259153259,59153259,Dissemination area,59153259,59153259,,"Population, 2021",532
2021S051259153261,59153261,Dissemination area,59153261,59153261,,"Population, 2021",664
2021S051259153262,59153262,Dissemination area,59153262,59153262,,"Population, 2021",869
2021S051259153263,59153263,Dissemination area,59153263,59153263,,"Population, 2021",652
2021S051259153264,59153264,Dissemination area,59153264,59153264,,"Population, 2021",405
2021S051259153265,59153265,Dissemination area,59153265,59153265,,"Population, 2021",597
2021S051259153266,59153266,Dissemination area,59153266,59153266,,"Population, 2021",836
2021S051259153267,59153267,Dissemination area,59153267,59153267,,"Population, 2021",697
2021S051259153268,59153268,Dissemination area,59153268,59153268,,"Population, 2021",571
2021S051259153269,59153269,Dissemination area,59153269,59153269,,"Population, 2021",418
2021S051259153270,59153270,Dissemination area,59153270,59153270,,"Population, 2021",510
2021S051259153271,59153271,Dissemination area,59153271,59153271,,"Population, 2021",570
2021S051259153272,59153272,Dissemination area,59153272,59153272,,"Population, 2021",539
2021S051259153273,59153273,Dissemination area,59153273,59153273,,"Population, 2021",671
2021S051259153274,59153274,Dissemination area,59153274,59153274,,"Population, 2021",675
2021S051259153275,59153275,Dissemination area,59153275,59153275,,"Population, 2021",642
2021S051259153276,59153276,Dissemination area,59153276,59153276,,"Population, 2021",588
2021S051259153277,59153277,Dissemination area,59153277,59153277,,"Population, 2021",456
2021S051259153278,59153278,Dissemination area,59153278,59153278,,"Population, 2021",400
2021S051259153279,59153279,Dissemination area,59153279,59153279,,"Population, 2021",500
2021S051259153280,59153280,Dissemination area,59153280,59153280,,"Population, 2021",630
2021S051259153281,59153281,Dissemination area,59153281,59153281,,"Population, 2021",671
2021S051259153282,59153282,Dissemination area,59153282,59153282,,"Population, 2021",608
2021S051259153283,59153283,Dissemination area,59153283,59153283,,"Population, 2021",593
2021S051259153284,59153284,Dissemination area,59153284,59153284,,"Population, 2021",507
2021S051259153285,59153285,Dissemination area,59153285,59153285,,"Population, 2021",526
2021S051259153286,59153286,Dissemination area,59153286,59153286,,"Population, 2021",395
2021S051259153287,59153287,Dissemination area,59153287,59153287,,"Population, 2021",702
2021S051259153288,59153288,Dissemination area,59153288,59153288,,"Population, 2021",724
2021S051259153289,59153289,Dissemination area,59153289,59153289,,"Population, 2021",570
2021S051259153290,59153290,Dissemination area,59153290,59153290,,"Population, 2021",667
2021S051259153291,59153291,Dissemination area,59153291,59153291,,"Population, 2021",662
2021S051259153292,59153292,Dissemination area,59153292,59153292,,"Population, 2021",675
2021S051259153293,59153293,Dissemination area,59153293,59153293,,"Population, 2021",491
2021S051259153295,59153295,Dissemination area,59153295,59153295,,"Population, 2021",738
2021S051259153296,59153296,Dissemination area,59153296,59153296,,"Population, 2021",686
2021S051259153297,59153297,Dissemination area,59153297,59153297,,"Population, 2021",1017
2021S051259153298,59153298,Dissemination area,59153298,59153298,,"Population, 2021",612
2021S051259153299,59153299,Dissemination area,59153299,59153299,,"Population, 2021",565
2021S051259153300,59153300,Dissemination area,59153300,59153300,,"Population, 2021",486
2021S051259153301,59153301,Dissemination area,59153301,59153301,,"Population, 2021",437
2021S051259153302,59153302,Dissemination area,59153302,59153302,,"Population, 2021",470
2021S051259153303,59153303,Dissemination area,59153303,59153303,,"Population, 2021",481
2021S051259153304,59153304,Dissemination area,59153304,59153304,,"Population, 2021",1421
2021S051259153305,59153305,Dissemination area,59153305,59153305,,"Population, 2021",779
2021S051259153306,59153306,Dissemination area,59153306,59153306,,"Population, 2021",864
2021S051259153307,59153307,Dissemination area,59153307,59153307,,"Population, 2021",436
2021S051259153308,59153308,Dissemination area,59153308,59153308,,"Population, 2021",741
2021S051259153370,59153370,Dissemination area,59153370,59153370,,"Population, 2021",911
2021S051259153371,59153371,Dissemination area,59153371,59153371,,"Population, 2021",842
2021S051259153372,59153372,Dissemination area,59153372,59153372,,"Population, 2021",957
2021S051259153373,59153373,Dissemination area,59153373,59153373,,"Population, 2021",1305
2021S051259153394,59153394,Dissemination area,59153394,59153394,,"Population, 2021",1238
2021S051259153400,59153400,Dissemination area,59153400,59153400,,"Population, 2021",903
2021S051259153464,59153464,Dissemination area,59153464,59153464,,"Population, 2021",1622
2021S051259153466,59153466,Dissemination area,59153466,59153466,,"Population, 2021",693
2021S051259153467,59153467,Dissemination area,59153467,59153467,,"Population, 2021",970
2021S051259153469,59153469,Dissemination area,59153469,59153469,,"Population, 2021",1035
2021S051259153470,59153470,Dissemination area,59153470,59153470,,"Population, 2021",853
2021S051259153471,59153471,Dissemination area,59153471,59153471,,"Population, 2021",1359
2021S051259153472,59153472,Dissemination area,59153472,59153472,,"Population, 2021",431
2021S051259153473,59153473,Dissemination area,59153473,59153473,,"Population, 2021",502
2021S051259153474,59153474,Dissemination area,59153474,59153474,,"Population, 2021",908
2021S051259153476,59153476,Dissemination area,59153476,59153476,,"Population, 2021",727
2021S051259153477,59153477,Dissemination area,59153477,59153477,,"Population, 2021",489
2021S051259153479,59153479,Dissemination area,59153479,59153479,,"Population, 2021",1126
2021S051259153480,59153480,Dissemination area,59153480,59153480,,"Population, 2021",676
2021S051259153481,59153481,Dissemination area,59153481,59153481,,"Population, 2021",935
2021S051259153482,59153482,Dissemination area,59153482,59153482,,"Population, 2021",699
2021S051259153483,59153483,Dissemination area,59153483,59153483,,"Population, 2021",869
2021S051259153490,59153490,Dissemination area,59153490,59153490,,"Population, 2021",1574
2021S051259153491,59153491,Dissemination area,59153491,59153491,,"Population, 2021",1056
2021S051259153492,59153492,Dissemination area,59153492,59153492,,"Population, 2021",588
2021S051259153498,59153498,Dissemination area,59153498,59153498,,"Population, 2021",728
2021S051259153499,59153499,Dissemination area,59153499,59153499,,"Population, 2021",1132
2021S051259153500,59153500,Dissemination area,59153500,59153500,,"Population, 2021",429
2021S051259153539,59153539,Dissemination area,59153539,59153539,,"Population, 2021",1176
2021S051259153540,59153540,Dissemination area,59153540,59153540,,"Population, 2021",578
2021S051259153552,59153552,Dissemination area,59153552,59153552,,"Population, 2021",938
2021S051259153553,59153553,Dissemination area,59153553,59153553,,"Population, 2021",538
2021S051259153562,59153562,Dissemination area,59153562,59153562,,"Population, 2021",440
2021S051259153578,59153578,Dissemination area,59153578,59153578,,"Population, 2021",630
2021S051259153579,59153579,Dissemination area,59153579,59153579,,"Population, 2021",506
2021S051259153580,59153580,Dissemination area,59153580,59153580,,"Population, 2021",835
2021S051259153581,59153581,Dissemination area,59153581,59153581,,"Population, 2021",694
2021S051259153582,59153582,Dissemination area,59153582,59153582,,"Population, 2021",1396
2021S051259153583,59153583,Dissemination area,59153583,59153583,,"Population, 2021",1001
2021S051259153585,59153585,Dissemination area,59153585,59153585,,"Population, 2021",1256
2021S051259153586,59153586,Dissemination area,59153586,59153586,,"Population, 2021",1105
2021S051259153587,59153587,Dissemination area,59153587,59153587,,"Population, 2021",750
2021S051259153588,59153588,Dissemination area,59153588,59153588,,"Population, 2021",883
2021S051259153589,59153589,Dissemination area,59153589,59153589,,"Population, 2021",905
2021S051259153590,59153590,Dissemination area,59153590,59153590,,"Population, 2021",430
2021S051259153591,59153591,Dissemination area,59153591,59153591,,"Population, 2021",867
2021S051259153668,59153668,Dissemination area,59153668,59153668,,"Population, 2021",351
2021S051259153669,59153669,Dissemination area,59153669,59153669,,"Population, 2021",347
2021S051259153670,59153670,Dissemination area,59153670,59153670,,"Population, 2021",677
2021S051259153671,59153671,Dissemination area,59153671,59153671,,"Population, 2021",403
2021S051259153672,59153672,Dissemination area,59153672,59153672,,"Population, 2021",637
2021S051259153673,59153673,Dissemination area,59153673,59153673,,"Population, 2021",667
2021S051259153674,59153674,Dissemination area,59153674,59153674,,"Population, 2021",609
2021S051259153675,59153675,Dissemination area,59153675,59153675,,"Population, 2021",695
2021S051259153676,59153676,Dissemination area,59153676,59153676,,"Population, 2021",788
2021S051259153677,59153677,Dissemination area,59153677,59153677,,"Population, 2021",429
2021S051259153678,59153678,Dissemination area,59153678,59153678,,"Population, 2021",603
2021S051259153679,59153679,Dissemination area,59153679,59153679,,"Population, 2021",967
2021S051259153680,59153680,Dissemination area,59153680,59153680,,"Population, 2021",784
2021S051259153681,59153681,Dissemination area,59153681,59153681,,"Population, 2021",948
2021S051259153682,59153682,Dissemination area,59153682,59153682,,"Population, 2021",683
2021S051259153683,59153683,Dissemination area,59153683,59153683,,"Population, 2021",1302
2021S051259153684,59153684,Dissemination area,59153684,59153684,,"Population, 2021",779
2021S051259153685,59153685,Dissemination area,59153685,59153685,,"Population, 2021",483
2021S051259153686,59153686,Dissemination area,59153686,59153686,,"Population, 2021",886
2021S051259153687,59153687,Dissemination area,59153687,59153687,,"Population, 2021",621
2021S051259153688,59153688,Dissemination area,59153688,59153688,,"Population, 2021",822
2021S051259153689,59153689,Dissemination area,59153689,59153689,,"Population, 2021",775
2021S051259153690,59153690,Dissemination area,59153690,59153690,,"Population, 2021",439
2021S051259153691,59153691,Dissemination area,59153691,59153691,,"Population, 2021",542
2021S051259153692,59153692,Dissemination area,59153692,59153692,,"Population, 2021",1428
2021S051259153799,59153799,Dissemination area,59153799,59153799,,"Population, 2021",268
2021S051259153800,59153800,Dissemination area,59153800,59153800,,"Population, 2021",458
2021S051259153801,59153801,Dissemination area,59153801,59153801,,"Population, 2021",326
2021S051259153805,59153805,Dissemination area,59153805,59153805,,"Population, 2021",729
2021S051259153806,59153806,Dissemination area,59153806,59153806,,"Population, 2021",616
2021S051259153807,59153807,Dissemination area,59153807,59153807,,"Population, 2021",405
2021S051259153809,59153809,Dissemination area,59153809,59153809,,"Population, 2021",815
2021S051259153810,59153810,Dissemination area,59153810,59153810,,"Population, 2021",348
2021S051259153812,59153812,Dissemination area,59153812,59153812,,"Population, 2021",493
2021S051259153814,59153814,Dissemination area,59153814,59153814,,"Population, 2021",345
2021S051259153815,59153815,Dissemination area,59153815,59153815,,"Population, 2021",660
2021S051259153816,59153816,Dissemination area,59153816,59153816,,"Population, 2021",401
2021S051259153818,59153818,Dissemination area,59153818,59153818,,"Population, 2021",802
2021S051259153821,59153821,Dissemination area,59153821,59153821,,"Population, 2021",418
2021S051259153825,59153825,Dissemination area,59153825,59153825,,"Population, 2021",731
2021S051259153826,59153826,Dissemination area,59153826,59153826,,"Population, 2021",483
2021S051259153831,59153831,Dissemination area,59153831,59153831,,"Population, 2021",755
2021S051259153833,59153833,Dissemination area,59153833,59153833,,"Population, 2021",383
2021S051259153835,59153835,Dissemination area,59153835,59153835,,"Population, 2021",303
2021S051259153836,59153836,Dissemination area,59153836,59153836,,"Population, 2021",291
2021S051259153838,59153838,Dissemination area,59153838,59153838,,"Population, 2021",327
2021S051259153839,59153839,Dissemination area,59153839,59153839,,"Population, 2021",1379
2021S051259153843,59153843,Dissemination area,59153843,59153843,,"Population, 2021",2188
2021S051259153847,59153847,Dissemination area,59153847,59153847,,"Population, 2021",1609
2021S051259153849,59153849,Dissemination area,59153849,59153849,,"Population, 2021",1052
2021S051259153851,59153851,Dissemination area,59153851,59153851,,"Population, 2021",373
2021S051259153852,59153852,Dissemination area,59153852,59153852,,"Population, 2021",1658
2021S051259153955,59153955,Dissemination area,59153955,59153955,,"Population, 2021",1326
2021S051259153956,59153956,Dissemination area,59153956,59153956,,"Population, 2021",939
2021S051259153986,59153986,Dissemination area,59153986,59153986,,"Population, 2021",1362
2021S051259153987,59153987,Dissemination area,59153987,59153987,,"Population, 2021",1500
2021S051259153988,59153988,Dissemination area,59153988,59153988,,"Population, 2021",1257
2021S051259153989,59153989,Dissemination area,59153989,59153989,,"Population, 2021",521
2021S051259153990,59153990,Dissemination area,59153990,59153990,,"Population, 2021",696
2021S051259153991,59153991,Dissemination area,59153991,59153991,,"Population, 2021",1451
2021S051259153994,59153994,Dissemination area,59153994,59153994,,"Population, 2021",636
2021S051259153995,59153995,Dissemination area,59153995,59153995,,"Population, 2021",196
2021S051259153996,59153996,Dissemination area,59153996,59153996,,"Population, 2021",797
2021S051259153997,59153997,Dissemination area,59153997,59153997,,"Population, 2021",1173
2021S051259154000,59154000,Dissemination area,59154000,59154000,,"Population, 2021",3103
2021S051259154002,59154002,Dissemination area,59154002,59154002,,"Population, 2021",1285
2021S051259154026,59154026,Dissemination area,59154026,59154026,,"Population, 2021",58
2021S051259154027,59154027,Dissemination area,59154027,59154027,,"Population, 2021",1577
2021S051259154134,59154134,Dissemination area,59154134,59154134,,"Population, 2021",1483
2021S051259154135,59154135,Dissemination area,59154135,59154135,,"Population, 2021",1046
2021S051259154136,59154136,Dissemination area,59154136,59154136,,"Population, 2021",988
2021S051259154137,59154137,Dissemination area,59154137,59154137,,"Population, 2021",1034
2021S051259154138,59154138,Dissemination area,59154138,59154138,,"Population, 2021",1118
2021S051259154139,59154139,Dissemination area,59154139,59154139,,"Population, 2021",1703
2021S051259154140,59154140,Dissemination area,59154140,59154140,,"Population, 2021",1451
2021S051259154141,59154141,Dissemination area,59154141,59154141,,"Population, 2021",1546
2021S051259154142,59154142,Dissemination area,59154142,59154142,,"Population, 2021",1444
2021S051259154143,59154143,Dissemination area,59154143,59154143,,"Population, 2021",844
2021S051259154144,59154144,Dissemination area,59154144,59154144,,"Population, 2021",1309
2021S051259154145,59154145,Dissemination area,59154145,59154145,,"Population, 2021",890
2021S051259154146,59154146,Dissemination area,59154146,59154146,,"Population, 2021",1156
2021S051259154147,59154147,Dissemination area,59154147,59154147,,"Population, 2021",655
2021S051259154148,59154148,Dissemination area,59154148,59154148,,"Population, 2021",855
2021S051259154149,59154149,Dissemination area,59154149,59154149,,"Population, 2021",497
2021S051259154150,59154150,Dissemination area,59154150,59154150,,"Population, 2021",342
2021S051259154152,59154152,Dissemination area,59154152,59154152,,"Population, 2021",273
2021S051259154154,59154154,Dissemination area,59154154,59154154,,"Population, 2021",536
2021S051259154156,59154156,Dissemination area,59154156,59154156,,"Population, 2021",996
2021S051259154157,59154157,Dissemination area,59154157,59154157,,"Population, 2021",407
2021S051259154158,59154158,Dissemination area,59154158,59154158,,"Population, 2021",439
2021S051259154159,59154159,Dissemination area,59154159,59154159,,"Population, 2021",332
2021S051259154164,59154164,Dissemination area,59154164,59154164,,"Population, 2021",572
2021S051259154165,59154165,Dissemination area,59154165,59154165,,"Population, 2021",661
2021S051259154166,59154166,Dissemination area,59154166,59154166,,"Population, 2021",345
2021S051259154167,59154167,Dissemination area,59154167,59154167,,"Population, 2021",981
2021S051259154168,59154168,Dissemination area,59154168,59154168,,"Population, 2021",372
2021S051259154169,59154169,Dissemination area,59154169,59154169,,"Population, 2021",948
2021S051259154172,59154172,Dissemination area,59154172,59154172,,"Population, 2021",1672
2021S051259154173,59154173,Dissemination area,59154173,59154173,,"Population, 2021",895
2021S051259154174,59154174,Dissemination area,59154174,59154174,,"Population, 2021",8739
2021S051259154177,59154177,Dissemination area,59154177,59154177,,"Population, 2021",479
2021S051259154180,59154180,Dissemination area,59154180,59154180,,"Population, 2021",479
2021S051259154181,59154181,Dissemination area,59154181,59154181,,"Population, 2021",686
2021S051259154182,59154182,Dissemination area,59154182,59154182,,"Population, 2021",1139
2021S051259154183,59154183,Dissemination area,59154183,59154183,,"Population, 2021",196
2021S051259154184,59154184,Dissemination area,59154184,59154184,,"Population, 2021",1909
2021S051259154185,59154185,Dissemination area,59154185,59154185,,"Population, 2021",1303
2021S051259154186,59154186,Dissemination area,59154186,59154186,,"Population, 2021",586
2021S051259154187,59154187,Dissemination area,59154187,59154187,,"Population, 2021",1027
2021S051259154188,59154188,Dissemination area,59154188,59154188,,"Population, 2021",840
2021S051259154189,59154189,Dissemination area,59154189,59154189,,"Population, 2021",389
2021S051259154190,59154190,Dissemination area,59154190,59154190,,"Population, 2021",829
2021S051259154191,59154191,Dissemination area,59154191,59154191,,"Population, 2021",664
2021S051259154192,59154192,Dissemination area,59154192,59154192,,"Population, 2021",965
2021S051259154193,59154193,Dissemination area,59154193,59154193,,"Population, 2021",907
2021S051259154194,59154194,Dissemination area,59154194,59154194,,"Population, 2021",650
2021S051259154195,59154195,Dissemination area,59154195,59154195,,"Population, 2021",689
2021S051259154196,59154196,Dissemination area,59154196,59154196,,"Population, 2021",774
2021A00055915025,5915025,Census subdivision,"Burnaby, City (CY)",Burnaby,City (CY),"Population, 2021",249125
2021S051259150253,59150253,Dissemination area,59150253,59150253,,"Population, 2021",732
2021S051259150254,59150254,Dissemination area,59150254,59150254,,"Population, 2021",470
2021S051259150255,59150255,Dissemination area,59150255,59150255,,"Population, 2021",477
2021S051259150260,59150260,Dissemination area,59150260,59150260,,"Population, 2021",577
2021S051259150261,59150261,Dissemination area,59150261,59150261,,"Population, 2021",436
2021S051259150262,59150262,Dissemination area,59150262,59150262,,"Population, 2021",328
2021S051259150263,59150263,Dissemination area,59150263,59150263,,"Population, 2021",478
2021S051259150264,59150264,Dissemination area,59150264,59150264,,"Population, 2021",319
2021S051259150265,59150265,Dissemination area,59150265,59150265,,"Population, 2021",432
2021S051259150266,59150266,Dissemination area,59150266,59150266,,"Population, 2021",1380
2021S051259150267,59150267,Dissemination area,59150267,59150267,,"Population, 2021",1139
2021S051259150268,59150268,Dissemination area,59150268,59150268,,"Population, 2021",586
2021S051259150269,59150269,Dissemination area,59150269,59150269,,"Population, 2021",344
2021S051259150270,59150270,Dissemination area,59150270,59150270,,"Population, 2021",288
2021S051259150271,59150271,Dissemination area,59150271,59150271,,"Population, 2021",504
2021S051259150272,59150272,Dissemination area,59150272,59150272,,"Population, 2021",563
2021S051259150273,59150273,Dissemination area,59150273,59150273,,"Population, 2021",501
2021S051259150274,59150274,Dissemination area,59150274,59150274,,"Population, 2021",567
2021S051259150275,59150275,Dissemination area,59150275,59150275,,"Population, 2021",436
2021S051259150276,59150276,Dissemination area,59150276,59150276,,"Population, 2021",502
2021S051259150277,59150277,Dissemination area,59150277,59150277,,"Population, 2021",498
2021S051259150278,59150278,Dissemination area,59150278,59150278,,"Population, 2021",787
2021S051259150279,59150279,Dissemination area,59150279,59150279,,"Population, 2021",740
2021S051259150280,59150280,Dissemination area,59150280,59150280,,"Population, 2021",356
2021S051259150281,59150281,Dissemination area,59150281,59150281,,"Population, 2021",507
2021S051259150282,59150282,Dissemination area,59150282,59150282,,"Population, 2021",557
2021S051259150283,59150283,Dissemination area,59150283,59150283,,"Population, 2021",376
2021S051259150284,59150284,Dissemination area,59150284,59150284,,"Population, 2021",568
2021S051259150285,59150285,Dissemination area,59150285,59150285,,"Population, 2021",543
2021S051259150286,59150286,Dissemination area,59150286,59150286,,"Population, 2021",718
2021S051259150287,59150287,Dissemination area,59150287,59150287,,"Population, 2021",553
2021S051259150288,59150288,Dissemination area,59150288,59150288,,"Population, 2021",621
2021S051259150289,59150289,Dissemination area,59150289,59150289,,"Population, 2021",422
2021S051259150290,59150290,Dissemination area,59150290,59150290,,"Population, 2021",514
2021S051259150291,59150291,Dissemination area,59150291,59150291,,"Population, 2021",483
2021S051259150292,59150292,Dissemination area,59150292,59150292,,"Population, 2021",462
2021S051259150293,59150293,Dissemination area,59150293,59150293,,"Population, 2021",484
2021S051259150294,59150294,Dissemination area,59150294,59150294,,"Population, 2021",504
2021S051259150295,59150295,Dissemination area,59150295,59150295,,"Population, 2021",523
2021S051259150296,59150296,Dissemination area,59150296,59150296,,"Population, 2021",610
2021S051259150297,59150297,Dissemination area,59150297,59150297,,"Population, 2021",717
2021S051259150298,59150298,Dissemination area,59150298,59150298,,"Population, 2021",501
2021S051259150299,59150299,Dissemination area,59150299,59150299,,"Population, 2021",746
2021S051259150300,59150300,Dissemination area,59150300,59150300,,"Population, 2021",472
2021S051259150301,59150301,Dissemination area,59150301,59150301,,"Population, 2021",524
2021S051259150302,59150302,Dissemination area,59150302,59150302,,"Population, 2021",514
2021S051259150303,59150303,Dissemination area,59150303,59150303,,"Population, 2021",577
2021S051259150304,59150304,Dissemination area,59150304,59150304,,"Population, 2021",474
2021S051259150305,59150305,Dissemination area,59150305,59150305,,"Population, 2021",463
2021S051259150306,59150306,Dissemination area,59150306,59150306,,"Population, 2021",410
2021S051259150314,59150314,Dissemination area,59150314,59150314,,"Population, 2021",464
2021S051259150315,59150315,Dissemination area,59150315,59150315,,"Population, 2021",468
2021S051259150316,59150316,Dissemination area,59150316,59150316,,"Population, 2021",550
2021S051259150317,59150317,Dissemination area,59150317,59150317,,"Population, 2021",487
2021S051259150318,59150318,Dissemination area,59150318,59150318,,"Population, 2021",580
2021S051259150319,59150319,Dissemination area,59150319,59150319,,"Population, 2021",469
2021S051259150320,59150320,Dissemination area,59150320,59150320,,"Population, 2021",704
2021S051259150321,59150321,Dissemination area,59150321,59150321,,"Population, 2021",516
2021S051259150322,59150322,Dissemination area,59150322,59150322,,"Population, 2021",437
2021S051259150323,59150323,Dissemination area,59150323,59150323,,"Population, 2021",667
2021S051259150324,59150324,Dissemination area,59150324,59150324,,"Population, 2021",493
2021S051259150325,59150325,Dissemination area,59150325,59150325,,"Population, 2021",528
2021S051259150326,59150326,Dissemination area,59150326,59150326,,"Population, 2021",632
2021S051259150327,59150327,Dissemination area,59150327,59150327,,"Population, 2021",541
2021S051259151232,59151232,Dissemination area,59151232,59151232,,"Population, 2021",624
2021S051259151237,59151237,Dissemination area,59151237,59151237,,"Population, 2021",648
2021S051259151238,59151238,Dissemination area,59151238,59151238,,"Population, 2021",582
2021S051259151239,59151239,Dissemination area,59151239,59151239,,"Population, 2021",520
2021S051259151240,59151240,Dissemination area,59151240,59151240,,"Population, 2021",577
2021S051259151241,59151241,Dissemination area,59151241,59151241,,"Population, 2021",721
2021S051259151242,59151242,Dissemination area,59151242,59151242,,"Population, 2021",660
2021S051259151243,59151243,Dissemination area,59151243,59151243,,"Population, 2021",565
2021S051259151244,59151244,Dissemination area,59151244,59151244,,"Population, 2021",724
2021S051259151252,59151252,Dissemination area,59151252,59151252,,"Population, 2021",1778
2021S051259151253,59151253,Dissemination area,59151253,59151253,,"Population, 2021",772
2021S051259151254,59151254,Dissemination area,59151254,59151254,,"Population, 2021",1797
2021S051259151255,59151255,Dissemination area,59151255,59151255,,"Population, 2021",831
2021S051259151256,59151256,Dissemination area,59151256,59151256,,"Population, 2021",434
2021S051259151257,59151257,Dissemination area,59151257,59151257,,"Population, 2021",781
2021S051259151258,59151258,Dissemination area,59151258,59151258,,"Population, 2021",858
2021S051259151259,59151259,Dissemination area,59151259,59151259,,"Population, 2021",937
2021S051259151260,59151260,Dissemination area,59151260,59151260,,"Population, 2021",449
2021S051259151261,59151261,Dissemination area,59151261,59151261,,"Population, 2021",603
2021S051259151262,59151262,Dissemination area,59151262,59151262,,"Population, 2021",641
2021S051259151263,59151263,Dissemination area,59151263,59151263,,"Population, 2021",497
2021S051259151264,59151264,Dissemination area,59151264,59151264,,"Population, 2021",617
2021S051259151265,59151265,Dissemination area,59151265,59151265,,"Population, 2021",563
2021S051259151266,59151266,Dissemination area,59151266,59151266,,"Population, 2021",465
2021S051259151267,59151267,Dissemination area,59151267,59151267,,"Population, 2021",881
2021S051259151268,59151268,Dissemination area,59151268,59151268,,"Population, 2021",591
2021S051259151269,59151269,Dissemination area,59151269,59151269,,"Population, 2021",723
2021S051259151270,59151270,Dissemination area,59151270,59151270,,"Population, 2021",658
2021S051259151271,59151271,Dissemination area,59151271,59151271,,"Population, 2021",718
2021S051259151272,59151272,Dissemination area,59151272,59151272,,"Population, 2021",1050
2021S051259151273,59151273,Dissemination area,59151273,59151273,,"Population, 2021",721
2021S051259151274,59151274,Dissemination area,59151274,59151274,,"Population, 2021",463
2021S051259151275,59151275,Dissemination area,59151275,59151275,,"Population, 2021",530
2021S051259151276,59151276,Dissemination area,59151276,59151276,,"Population, 2021",574
2021S051259151277,59151277,Dissemination area,59151277,59151277,,"Population, 2021",290
2021S051259151278,59151278,Dissemination area,59151278,59151278,,"Population, 2021",654
2021S051259151279,59151279,Dissemination area,59151279,59151279,,"Population, 2021",617
2021S051259151280,59151280,Dissemination area,59151280,59151280,,"Population, 2021",434
2021S051259151281,59151281,Dissemination area,59151281,59151281,,"Population, 2021",519
2021S051259151282,59151282,Dissemination area,59151282,59151282,,"Population, 2021",609
2021S051259151283,59151283,Dissemination area,59151283,59151283,,"Population, 2021",730
2021S051259151284,59151284,Dissemination area,59151284,59151284,,"Population, 2021",590
2021S051259151286,59151286,Dissemination area,59151286,59151286,,"Population, 2021",899
2021S051259151288,59151288,Dissemination area,59151288,59151288,,"Population, 2021",718
2021S051259151289,59151289,Dissemination area,59151289,59151289,,"Population, 2021",501
2021S051259151290,59151290,Dissemination area,59151290,59151290,,"Population, 2021",810
2021S051259151291,59151291,Dissemination area,59151291,59151291,,"Population, 2021",648
2021S051259151292,59151292,Dissemination area,59151292,59151292,,"Population, 2021",774
2021S051259151293,59151293,Dissemination area,59151293,59151293,,"Population, 2021",601
2021S051259151294,59151294,Dissemination area,59151294,59151294,,"Population, 2021",517
2021S051259151297,59151297,Dissemination area,59151297,59151297,,"Population, 2021",237
2021S051259151298,59151298,Dissemination area,59151298,59151298,,"Population, 2021",1512
2021S051259151299,59151299,Dissemination area,59151299,59151299,,"Population, 2021",668
2021S051259151300,59151300,Dissemination area,59151300,59151300,,"Population, 2021",404
2021S051259151302,59151302,Dissemination area,59151302,59151302,,"Population, 2021",2761
2021S051259151304,59151304,Dissemination area,59151304,59151304,,"Population, 2021",784
2021S051259151305,59151305,Dissemination area,59151305,59151305,,"Population, 2021",831
2021S051259151307,59151307,Dissemination area,59151307,59151307,,"Population, 2021",861
2021S051259151308,59151308,Dissemination area,59151308,59151308,,"Population, 2021",1063
2021S051259151309,59151309,Dissemination area,59151309,59151309,,"Population, 2021",583
2021S051259151310,59151310,Dissemination area,59151310,59151310,,"Population, 2021",634
2021S051259151311,59151311,Dissemination area,59151311,59151311,,"Population, 2021",816
2021S051259151312,59151312,Dissemination area,59151312,59151312,,"Population, 2021",435
2021S051259151313,59151313,Dissemination area,59151313,59151313,,"Population, 2021",1174
2021S051259151314,59151314,Dissemination area,59151314,59151314,,"Population, 2021",645
2021S051259151315,59151315,Dissemination area,59151315,59151315,,"Population, 2021",641
2021S051259151316,59151316,Dissemination area,59151316,59151316,,"Population, 2021",725
2021S051259151317,59151317,Dissemination area,59151317,59151317,,"Population, 2021",575
2021S051259151318,59151318,Dissemination area,59151318,59151318,,"Population, 2021",710
2021S051259151319,59151319,Dissemination area,59151319,59151319,,"Population, 2021",696
2021S051259151320,59151320,Dissemination area,59151320,59151320,,"Population, 2021",710
2021S051259151321,59151321,Dissemination area,59151321,59151321,,"Population, 2021",613
2021S051259151322,59151322,Dissemination area,59151322,59151322,,"Population, 2021",929
2021S051259151323,59151323,Dissemination area,59151323,59151323,,"Population, 2021",1645
2021S051259151324,59151324,Dissemination area,59151324,59151324,,"Population, 2021",446
2021S051259151325,59151325,Dissemination area,59151325,59151325,,"Population, 2021",232
2021S051259151326,59151326,Dissemination area,59151326,59151326,,"Population, 2021",521
2021S051259151327,59151327,Dissemination area,59151327,59151327,,"Population, 2021",394
2021S051259151328,59151328,Dissemination area,59151328,59151328,,"Population, 2021",907
2021S051259151329,59151329,Dissemination area,59151329,59151329,,"Population, 2021",2137
2021S051259151332,59151332,Dissemination area,59151332,59151332,,"Population, 2021",733
2021S051259151336,59151336,Dissemination area,59151336,59151336,,"Population, 2021",1022
2021S051259151338,59151338,Dissemination area,59151338,59151338,,"Population, 2021",2466
2021S051259151339,59151339,Dissemination area,59151339,59151339,,"Population, 2021",547
2021S051259151340,59151340,Dissemination area,59151340,59151340,,"Population, 2021",1302
2021S051259151341,59151341,Dissemination area,59151341,59151341,,"Population, 2021",797
2021S051259151342,59151342,Dissemination area,59151342,59151342,,"Population, 2021",1656
2021S051259151343,59151343,Dissemination area,59151343,59151343,,"Population, 2021",805
2021S051259151345,59151345,Dissemination area,59151345,59151345,,"Population, 2021",663
2021S051259151346,59151346,Dissemination area,59151346,59151346,,"Population, 2021",508
2021S051259151347,59151347,Dissemination area,59151347,59151347,,"Population, 2021",676
2021S051259151348,59151348,Dissemination area,59151348,59151348,,"Population, 2021",547
2021S051259151349,59151349,Dissemination area,59151349,59151349,,"Population, 2021",378
2021S051259151350,59151350,Dissemination area,59151350,59151350,,"Population, 2021",676
2021S051259151374,59151374,Dissemination area,59151374,59151374,,"Population, 2021",722
2021S051259151375,59151375,Dissemination area,59151375,59151375,,"Population, 2021",554
2021S051259151376,59151376,Dissemination area,59151376,59151376,,"Population, 2021",1093
2021S051259151377,59151377,Dissemination area,59151377,59151377,,"Population, 2021",476
2021S051259151378,59151378,Dissemination area,59151378,59151378,,"Population, 2021",446
2021S051259151379,59151379,Dissemination area,59151379,59151379,,"Population, 2021",332
2021S051259151380,59151380,Dissemination area,59151380,59151380,,"Population, 2021",647
2021S051259151381,59151381,Dissemination area,59151381,59151381,,"Population, 2021",702
2021S051259151382,59151382,Dissemination area,59151382,59151382,,"Population, 2021",619
2021S051259151383,59151383,Dissemination area,59151383,59151383,,"Population, 2021",630
2021S051259151384,59151384,Dissemination area,59151384,59151384,,"Population, 2021",390
2021S051259151385,59151385,Dissemination area,59151385,59151385,,"Population, 2021",709
2021S051259151386,59151386,Dissemination area,59151386,59151386,,"Population, 2021",637
2021S051259151387,59151387,Dissemination area,59151387,59151387,,"Population, 2021",809
2021S051259151388,59151388,Dissemination area,59151388,59151388,,"Population, 2021",506
2021S051259151389,59151389,Dissemination area,59151389,59151389,,"Population, 2021",536
2021S051259151390,59151390,Dissemination area,59151390,59151390,,"Population, 2021",628
2021S051259151391,59151391,Dissemination area,59151391,59151391,,"Population, 2021",557
2021S051259151392,59151392,Dissemination area,59151392,59151392,,"Population, 2021",565
2021S051259151393,59151393,Dissemination area,59151393,59151393,,"Population, 2021",388
2021S051259151394,59151394,Dissemination area,59151394,59151394,,"Population, 2021",866
2021S051259151395,59151395,Dissemination area,59151395,59151395,,"Population, 2021",461
2021S051259151396,59151396,Dissemination area,59151396,59151396,,"Population, 2021",407
2021S051259151397,59151397,Dissemination area,59151397,59151397,,"Population, 2021",675
2021S051259151399,59151399,Dissemination area,59151399,59151399,,"Population, 2021",927
2021S051259151400,59151400,Dissemination area,59151400,59151400,,"Population, 2021",286
2021S051259151401,59151401,Dissemination area,59151401,59151401,,"Population, 2021",535
2021S051259151404,59151404,Dissemination area,59151404,59151404,,"Population, 2021",460
2021S051259151405,59151405,Dissemination area,59151405,59151405,,"Population, 2021",1069
2021S051259151406,59151406,Dissemination area,59151406,59151406,,"Population, 2021",8800
2021S051259151445,59151445,Dissemination area,59151445,59151445,,"Population, 2021",461
2021S051259151446,59151446,Dissemination area,59151446,59151446,,"Population, 2021",651
2021S051259151487,59151487,Dissemination area,59151487,59151487,,"Population, 2021",1586
2021S051259151488,59151488,Dissemination area,59151488,59151488,,"Population, 2021",706
2021S051259151489,59151489,Dissemination area,59151489,59151489,,"Population, 2021",718
2021S051259151490,59151490,Dissemination area,59151490,59151490,,"Population, 2021",672
2021S051259151491,59151491,Dissemination area,59151491,59151491,,"Population, 2021",670
2021S051259151492,59151492,Dissemination area,59151492,59151492,,"Population, 2021",727
2021S051259151493,59151493,Dissemination area,59151493,59151493,,"Population, 2021",635
2021S051259151494,59151494,Dissemination area,59151494,59151494,,"Population, 2021",421
2021S051259151495,59151495,Dissemination area,59151495,59151495,,"Population, 2021",549
2021S051259151496,59151496,Dissemination area,59151496,59151496,,"Population, 2021",562
2021S051259151497,59151497,Dissemination area,59151497,59151497,,"Population, 2021",573
2021S051259151498,59151498,Dissemination area,59151498,59151498,,"Population, 2021",827
2021S051259151499,59151499,Dissemination area,59151499,59151499,,"Population, 2021",704
2021S051259151507,59151507,Dissemination area,59151507,59151507,,"Population, 2021",620
2021S051259151508,59151508,Dissemination area,59151508,59151508,,"Population, 2021",496
2021S051259151509,59151509,Dissemination area,59151509,59151509,,"Population, 2021",854
2021S051259151526,59151526,Dissemination area,59151526,59151526,,"Population, 2021",495
2021S051259152880,59152880,Dissemination area,59152880,59152880,,"Population, 2021",399
2021S051259152881,59152881,Dissemination area,59152881,59152881,,"Population, 2021",489
2021S051259152882,59152882,Dissemination area,59152882,59152882,,"Population, 2021",422
2021S051259152883,59152883,Dissemination area,59152883,59152883,,"Population, 2021",487
2021S051259152884,59152884,Dissemination area,59152884,59152884,,"Population, 2021",711
2021S051259152890,59152890,Dissemination area,59152890,59152890,,"Population, 2021",630
2021S051259152891,59152891,Dissemination area,59152891,59152891,,"Population, 2021",823
2021S051259152892,59152892,Dissemination area,59152892,59152892,,"Population, 2021",621
2021S051259152893,59152893,Dissemination area,59152893,59152893,,"Population, 2021",620
2021S051259152894,59152894,Dissemination area,59152894,59152894,,"Population, 2021",497
2021S051259152895,59152895,Dissemination area,59152895,59152895,,"Population, 2021",1561
2021S051259152896,59152896,Dissemination area,59152896,59152896,,"Population, 2021",653
2021S051259152897,59152897,Dissemination area,59152897,59152897,,"Population, 2021",1060
2021S051259152898,59152898,Dissemination area,59152898,59152898,,"Population, 2021",954
2021S051259152899,59152899,Dissemination area,59152899,59152899,,"Population, 2021",527
2021S051259152900,59152900,Dissemination area,59152900,59152900,,"Population, 2021",414
2021S051259152901,59152901,Dissemination area,59152901,59152901,,"Population, 2021",433
2021S051259152902,59152902,Dissemination area,59152902,59152902,,"Population, 2021",722
2021S051259152903,59152903,Dissemination area,59152903,59152903,,"Population, 2021",558
2021S051259152904,59152904,Dissemination area,59152904,59152904,,"Population, 2021",465
2021S051259152905,59152905,Dissemination area,59152905,59152905,,"Population, 2021",598
2021S051259152906,59152906,Dissemination area,59152906,59152906,,"Population, 2021",803
2021S051259152907,59152907,Dissemination area,59152907,59152907,,"Population, 2021",487
2021S051259152908,59152908,Dissemination area,59152908,59152908,,"Population, 2021",986
2021S051259152909,59152909,Dissemination area,59152909,59152909,,"Population, 2021",560
2021S051259152910,59152910,Dissemination area,59152910,59152910,,"Population, 2021",550
2021S051259152911,59152911,Dissemination area,59152911,59152911,,"Population, 2021",1034
2021S051259152912,59152912,Dissemination area,59152912,59152912,,"Population, 2021",366
2021S051259152913,59152913,Dissemination area,59152913,59152913,,"Population, 2021",750
2021S051259152914,59152914,Dissemination area,59152914,59152914,,"Population, 2021",442
2021S051259152915,59152915,Dissemination area,59152915,59152915,,"Population, 2021",492
2021S051259152916,59152916,Dissemination area,59152916,59152916,,"Population, 2021",470
2021S051259152917,59152917,Dissemination area,59152917,59152917,,"Population, 2021",509
2021S051259152918,59152918,Dissemination area,59152918,59152918,,"Population, 2021",1046
2021S051259152919,59152919,Dissemination area,59152919,59152919,,"Population, 2021",738
2021S051259152920,59152920,Dissemination area,59152920,59152920,,"Population, 2021",952
2021S051259152926,59152926,Dissemination area,59152926,59152926,,"Population, 2021",481
2021S051259152927,59152927,Dissemination area,59152927,59152927,,"Population, 2021",493
2021S051259152928,59152928,Dissemination area,59152928,59152928,,"Population, 2021",857
2021S051259152961,59152961,Dissemination area,59152961,59152961,,"Population, 2021",1549
2021S051259153069,59153069,Dissemination area,59153069,59153069,,"Population, 2021",925
2021S051259153070,59153070,Dissemination area,59153070,59153070,,"Population, 2021",429
2021S051259153071,59153071,Dissemination area,59153071,59153071,,"Population, 2021",587
2021S051259153072,59153072,Dissemination area,59153072,59153072,,"Population, 2021",977
2021S051259153073,59153073,Dissemination area,59153073,59153073,,"Population, 2021",916
2021S051259153074,59153074,Dissemination area,59153074,59153074,,"Population, 2021",668
2021S051259153309,59153309,Dissemination area,59153309,59153309,,"Population, 2021",767
2021S051259153310,59153310,Dissemination area,59153310,59153310,,"Population, 2021",476
2021S051259153311,59153311,Dissemination area,59153311,59153311,,"Population, 2021",600
2021S051259153312,59153312,Dissemination area,59153312,59153312,,"Population, 2021",587
2021S051259153313,59153313,Dissemination area,59153313,59153313,,"Population, 2021",671
2021S051259153314,59153314,Dissemination area,59153314,59153314,,"Population, 2021",654
2021S051259153315,59153315,Dissemination area,59153315,59153315,,"Population, 2021",528
2021S051259153316,59153316,Dissemination area,59153316,59153316,,"Population, 2021",547
2021S051259153317,59153317,Dissemination area,59153317,59153317,,"Population, 2021",651
2021S051259153318,59153318,Dissemination area,59153318,59153318,,"Population, 2021",419
2021S051259153319,59153319,Dissemination area,59153319,59153319,,"Population, 2021",522
2021S051259153320,59153320,Dissemination area,59153320,59153320,,"Population, 2021",501
2021S051259153321,59153321,Dissemination area,59153321,59153321,,"Population, 2021",492
2021S051259153322,59153322,Dissemination area,59153322,59153322,,"Population, 2021",381
2021S051259153323,59153323,Dissemination area,59153323,59153323,,"Population, 2021",371
2021S051259153324,59153324,Dissemination area,59153324,59153324,,"Population, 2021",515
2021S051259153325,59153325,Dissemination area,59153325,59153325,,"Population, 2021",404
2021S051259153326,59153326,Dissemination area,59153326,59153326,,"Population, 2021",495
2021S051259153353,59153353,Dissemination area,59153353,59153353,,"Population, 2021",2110
2021S051259153354,59153354,Dissemination area,59153354,59153354,,"Population, 2021",995
2021S051259153355,59153355,Dissemination area,59153355,59153355,,"Population, 2021",1859
2021S051259153378,59153378,Dissemination area,59153378,59153378,,"Population, 2021",1545
2021S051259153381,59153381,Dissemination area,59153381,59153381,,"Population, 2021",4022
2021S051259153382,59153382,Dissemination area,59153382,59153382,,"Population, 2021",1517
2021S051259153383,59153383,Dissemination area,59153383,59153383,,"Population, 2021",1226
2021S051259153385,59153385,Dissemination area,59153385,59153385,,"Population, 2021",1361
2021S051259153493,59153493,Dissemination area,59153493,59153493,,"Population, 2021",428
2021S051259153494,59153494,Dissemination area,59153494,59153494,,"Population, 2021",634
2021S051259153495,59153495,Dissemination area,59153495,59153495,,"Population, 2021",954
2021S051259153496,59153496,Dissemination area,59153496,59153496,,"Population, 2021",587
2021S051259153497,59153497,Dissemination area,59153497,59153497,,"Population, 2021",491
2021S051259153555,59153555,Dissemination area,59153555,59153555,,"Population, 2021",1282
2021S051259153556,59153556,Dissemination area,59153556,59153556,,"Population, 2021",939
2021S051259153633,59153633,Dissemination area,59153633,59153633,,"Population, 2021",803
2021S051259153634,59153634,Dissemination area,59153634,59153634,,"Population, 2021",649
2021S051259153635,59153635,Dissemination area,59153635,59153635,,"Population, 2021",398
2021S051259153636,59153636,Dissemination area,59153636,59153636,,"Population, 2021",598
2021S051259153637,59153637,Dissemination area,59153637,59153637,,"Population, 2021",499
2021S051259153638,59153638,Dissemination area,59153638,59153638,,"Population, 2021",507
2021S051259153639,59153639,Dissemination area,59153639,59153639,,"Population, 2021",615
2021S051259153640,59153640,Dissemination area,59153640,59153640,,"Population, 2021",498
2021S051259153641,59153641,Dissemination area,59153641,59153641,,"Population, 2021",490
2021S051259153642,59153642,Dissemination area,59153642,59153642,,"Population, 2021",605
2021S051259153643,59153643,Dissemination area,59153643,59153643,,"Population, 2021",932
2021S051259153644,59153644,Dissemination area,59153644,59153644,,"Population, 2021",1728
2021S051259153645,59153645,Dissemination area,59153645,59153645,,"Population, 2021",3526
2021S051259153646,59153646,Dissemination area,59153646,59153646,,"Population, 2021",660
2021S051259153647,59153647,Dissemination area,59153647,59153647,,"Population, 2021",481
2021S051259153648,59153648,Dissemination area,59153648,59153648,,"Population, 2021",950
2021S051259153649,59153649,Dissemination area,59153649,59153649,,"Population, 2021",734
2021S051259153650,59153650,Dissemination area,59153650,59153650,,"Population, 2021",454
2021S051259153651,59153651,Dissemination area,59153651,59153651,,"Population, 2021",528
2021S051259153652,59153652,Dissemination area,59153652,59153652,,"Population, 2021",605
2021S051259153653,59153653,Dissemination area,59153653,59153653,,"Population, 2021",1772
2021S051259153654,59153654,Dissemination area,59153654,59153654,,"Population, 2021",1026
2021S051259153655,59153655,Dissemination area,59153655,59153655,,"Population, 2021",2393
2021S051259153656,59153656,Dissemination area,59153656,59153656,,"Population, 2021",581
2021S051259153693,59153693,Dissemination area,59153693,59153693,,"Population, 2021",443
2021S051259153694,59153694,Dissemination area,59153694,59153694,,"Population, 2021",473
2021S051259153695,59153695,Dissemination area,59153695,59153695,,"Population, 2021",5043
2021S051259153696,59153696,Dissemination area,59153696,59153696,,"Population, 2021",849
2021S051259153697,59153697,Dissemination area,59153697,59153697,,"Population, 2021",1895
2021S051259153698,59153698,Dissemination area,59153698,59153698,,"Population, 2021",597
2021S051259153699,59153699,Dissemination area,59153699,59153699,,"Population, 2021",493
2021S051259153700,59153700,Dissemination area,59153700,59153700,,"Population, 2021",371
2021S051259154029,59154029,Dissemination area,59154029,59154029,,"Population, 2021",511
2021S051259154030,59154030,Dissemination area,59154030,59154030,,"Population, 2021",648
2021S051259154031,59154031,Dissemination area,59154031,59154031,,"Population, 2021",3843
2021S051259154032,59154032,Dissemination area,59154032,59154032,,"Population, 2021",3978
2021A00055915029,5915029,Census subdivision,"New Westminster, City (CY)",New Westminster,City (CY),"Population, 2021",78916
2021S051259152819,59152819,Dissemination area,59152819,59152819,,"Population, 2021",2249
2021S051259152820,59152820,Dissemination area,59152820,59152820,,"Population, 2021",1019
2021S051259152821,59152821,Dissemination area,59152821,59152821,,"Population, 2021",518
2021S051259152822,59152822,Dissemination area,59152822,59152822,,"Population, 2021",757
2021S051259152832,59152832,Dissemination area,59152832,59152832,,"Population, 2021",1973
2021S051259152833,59152833,Dissemination area,59152833,59152833,,"Population, 2021",1178
2021S051259152834,59152834,Dissemination area,59152834,59152834,,"Population, 2021",608
2021S051259152835,59152835,Dissemination area,59152835,59152835,,"Population, 2021",999
2021S051259152836,59152836,Dissemination area,59152836,59152836,,"Population, 2021",710
2021S051259152837,59152837,Dissemination area,59152837,59152837,,"Population, 2021",852
2021S051259152838,59152838,Dissemination area,59152838,59152838,,"Population, 2021",714
2021S051259152839,59152839,Dissemination area,59152839,59152839,,"Population, 2021",648
2021S051259152840,59152840,Dissemination area,59152840,59152840,,"Population, 2021",374
2021S051259152841,59152841,Dissemination area,59152841,59152841,,"Population, 2021",600
2021S051259152842,59152842,Dissemination area,59152842,59152842,,"Population, 2021",848
2021S051259152843,59152843,Dissemination area,59152843,59152843,,"Population, 2021",494
2021S051259152844,59152844,Dissemination area,59152844,59152844,,"Population, 2021",503
2021S051259152845,59152845,Dissemination area,59152845,59152845,,"Population, 2021",451
2021S051259152846,59152846,Dissemination area,59152846,59152846,,"Population, 2021",687
2021S051259152848,59152848,Dissemination area,59152848,59152848,,"Population, 2021",987
2021S051259152849,59152849,Dissemination area,59152849,59152849,,"Population, 2021",652
2021S051259152850,59152850,Dissemination area,59152850,59152850,,"Population, 2021",720
2021S051259152851,59152851,Dissemination area,59152851,59152851,,"Population, 2021",644
2021S051259152852,59152852,Dissemination area,59152852,59152852,,"Population, 2021",535
2021S051259152853,59152853,Dissemination area,59152853,59152853,,"Population, 2021",1118
2021S051259152854,59152854,Dissemination area,59152854,59152854,,"Population, 2021",840
2021S051259152855,59152855,Dissemination area,59152855,59152855,,"Population, 2021",473
2021S051259152856,59152856,Dissemination area,59152856,59152856,,"Population, 2021",366
2021S051259152857,59152857,Dissemination area,59152857,59152857,,"Population, 2021",446
2021S051259152858,59152858,Dissemination area,59152858,59152858,,"Population, 2021",627
2021S051259152859,59152859,Dissemination area,59152859,59152859,,"Population, 2021",720
2021S051259152860,59152860,Dissemination area,59152860,59152860,,"Population, 2021",1004
2021S051259152861,59152861,Dissemination area,59152861,59152861,,"Population, 2021",608
2021S051259152862,59152862,Dissemination area,59152862,59152862,,"Population, 2021",472
2021S051259152863,59152863,Dissemination area,59152863,59152863,,"Population, 2021",452
2021S051259152867,59152867,Dissemination area,59152867,59152867,,"Population, 2021",488
2021S051259152869,59152869,Dissemination area,59152869,59152869,,"Population, 2021",526
2021S051259152870,59152870,Dissemination area,59152870,59152870,,"Population, 2021",425
2021S051259152871,59152871,Dissemination area,59152871,59152871,,"Population, 2021",397
2021S051259152872,59152872,Dissemination area,59152872,59152872,,"Population, 2021",677
2021S051259152873,59152873,Dissemination area,59152873,59152873,,"Population, 2021",585
2021S051259152874,59152874,Dissemination area,59152874,59152874,,"Population, 2021",834
2021S051259152875,59152875,Dissemination area,59152875,59152875,,"Population, 2021",470
2021S051259152876,59152876,Dissemination area,59152876,59152876,,"Population, 2021",1089
2021S051259152877,59152877,Dissemination area,59152877,59152877,,"Population, 2021",438
2021S051259152878,59152878,Dissemination area,59152878,59152878,,"Population, 2021",1649
2021S051259152879,59152879,Dissemination area,59152879,59152879,,"Population, 2021",631
2021S051259152885,59152885,Dissemination area,59152885,59152885,,"Population, 2021",602
2021S051259152886,59152886,Dissemination area,59152886,59152886,,"Population, 2021",643
2021S051259152887,59152887,Dissemination area,59152887,59152887,,"Population, 2021",1037
2021S051259152888,59152888,Dissemination area,59152888,59152888,,"Population, 2021",285
2021S051259152889,59152889,Dissemination area,59152889,59152889,,"Population, 2021",442
2021S051259152921,59152921,Dissemination area,59152921,59152921,,"Population, 2021",498
2021S051259152922,59152922,Dissemination area,59152922,59152922,,"Population, 2021",351
2021S051259152923,59152923,Dissemination area,59152923,59152923,,"Population, 2021",444
2021S051259152924,59152924,Dissemination area,59152924,59152924,,"Population, 2021",450
2021S051259152925,59152925,Dissemination area,59152925,59152925,,"Population, 2021",514
2021S051259152929,59152929,Dissemination area,59152929,59152929,,"Population, 2021",630
2021S051259152930,59152930,Dissemination area,59152930,59152930,,"Population, 2021",649
2021S051259152931,59152931,Dissemination area,59152931,59152931,,"Population, 2021",562
2021S051259152932,59152932,Dissemination area,59152932,59152932,,"Population, 2021",558
2021S051259152933,59152933,Dissemination area,59152933,59152933,,"Population, 2021",689
2021S051259152934,59152934,Dissemination area,59152934,59152934,,"Population, 2021",505
2021S051259152935,59152935,Dissemination area,59152935,59152935,,"Population, 2021",622
2021S051259152936,59152936,Dissemination area,59152936,59152936,,"Population, 2021",634
2021S051259152947,59152947,Dissemination area,59152947,59152947,,"Population, 2021",692
2021S051259152948,59152948,Dissemination area,59152948,59152948,,"Population, 2021",585
2021S051259152949,59152949,Dissemination area,59152949,59152949,,"Population, 2021",988
2021S051259152950,59152950,Dissemination area,59152950,59152950,,"Population, 2021",578
2021S051259152951,59152951,Dissemination area,59152951,59152951,,"Population, 2021",323
2021S051259152953,59152953,Dissemination area,59152953,59152953,,"Population, 2021",1230
2021S051259152954,59152954,Dissemination area,59152954,59152954,,"Population, 2021",1340
2021S051259152955,59152955,Dissemination area,59152955,59152955,,"Population, 2021",977
2021S051259152956,59152956,Dissemination area,59152956,59152956,,"Population, 2021",439
2021S051259152957,59152957,Dissemination area,59152957,59152957,,"Population, 2021",594
2021S051259152958,59152958,Dissemination area,59152958,59152958,,"Population, 2021",1416
2021S051259152962,59152962,Dissemination area,59152962,59152962,,"Population, 2021",457
2021S051259152963,59152963,Dissemination area,59152963,59152963,,"Population, 2021",588
2021S051259153523,59153523,Dissemination area,59153523,59153523,,"Population, 2021",722
2021S051259153524,59153524,Dissemination area,59153524,59153524,,"Population, 2021",1956
2021S051259153657,59153657,Dissemination area,59153657,59153657,,"Population, 2021",3289
2021S051259153659,59153659,Dissemination area,59153659,59153659,,"Population, 2021",1040
2021S051259153661,59153661,Dissemination area,59153661,59153661,,"Population, 2021",839
2021S051259153662,59153662,Dissemination area,59153662,59153662,,"Population, 2021",3194
2021S051259154065,59154065,Dissemination area,59154065,59154065,,"Population, 2021",923
2021S051259154066,59154066,Dissemination area,59154066,59154066,,"Population, 2021",2839
2021S051259154069,59154069,Dissemination area,59154069,59154069,,"Population, 2021",5467
2021S051259154070,59154070,Dissemination area,59154070,59154070,,"Population, 2021",810
2021S051259154071,59154071,Dissemination area,59154071,59154071,,"Population, 2021",1488
2021S051259154073,59154073,Dissemination area,59154073,59154073,,"Population, 2021",61
2021S051259154075,59154075,Dissemination area,59154075,59154075,,"Population, 2021",911
2021A00055915034,5915034,Census subdivision,"Coquitlam, City (CY)",Coquitlam,City (CY),"Population, 2021",148625
2021S051259151520,59151520,Dissemination area,59151520,59151520,,"Population, 2021",732
2021S051259151521,59151521,Dissemination area,59151521,59151521,,"Population, 2021",938
2021S051259151522,59151522,Dissemination area,59151522,59151522,,"Population, 2021",413
2021S051259151523,59151523,Dissemination area,59151523,59151523,,"Population, 2021",432
2021S051259151524,59151524,Dissemination area,59151524,59151524,,"Population, 2021",1971
2021S051259151525,59151525,Dissemination area,59151525,59151525,,"Population, 2021",1577
2021S051259151529,59151529,Dissemination area,59151529,59151529,,"Population, 2021",308
2021S051259151531,59151531,Dissemination area,59151531,59151531,,"Population, 2021",680
2021S051259151532,59151532,Dissemination area,59151532,59151532,,"Population, 2021",586
2021S051259151534,59151534,Dissemination area,59151534,59151534,,"Population, 2021",434
2021S051259151535,59151535,Dissemination area,59151535,59151535,,"Population, 2021",444
2021S051259151536,59151536,Dissemination area,59151536,59151536,,"Population, 2021",940
2021S051259151537,59151537,Dissemination area,59151537,59151537,,"Population, 2021",480
2021S051259151538,59151538,Dissemination area,59151538,59151538,,"Population, 2021",738
2021S051259151539,59151539,Dissemination area,59151539,59151539,,"Population, 2021",598
2021S051259151540,59151540,Dissemination area,59151540,59151540,,"Population, 2021",543
2021S051259151541,59151541,Dissemination area,59151541,59151541,,"Population, 2021",249
2021S051259151542,59151542,Dissemination area,59151542,59151542,,"Population, 2021",778
2021S051259151543,59151543,Dissemination area,59151543,59151543,,"Population, 2021",718
2021S051259151544,59151544,Dissemination area,59151544,59151544,,"Population, 2021",473
2021S051259151545,59151545,Dissemination area,59151545,59151545,,"Population, 2021",846
2021S051259151547,59151547,Dissemination area,59151547,59151547,,"Population, 2021",657
2021S051259151553,59151553,Dissemination area,59151553,59151553,,"Population, 2021",703
2021S051259151554,59151554,Dissemination area,59151554,59151554,,"Population, 2021",639
2021S051259151555,59151555,Dissemination area,59151555,59151555,,"Population, 2021",780
2021S051259151556,59151556,Dissemination area,59151556,59151556,,"Population, 2021",503
2021S051259151557,59151557,Dissemination area,59151557,59151557,,"Population, 2021",552
2021S051259151558,59151558,Dissemination area,59151558,59151558,,"Population, 2021",420
2021S051259151559,59151559,Dissemination area,59151559,59151559,,"Population, 2021",933
2021S051259151560,59151560,Dissemination area,59151560,59151560,,"Population, 2021",472
2021S051259151561,59151561,Dissemination area,59151561,59151561,,"Population, 2021",615
2021S051259151562,59151562,Dissemination area,59151562,59151562,,"Population, 2021",466
2021S051259151563,59151563,Dissemination area,59151563,59151563,,"Population, 2021",584
2021S051259151564,59151564,Dissemination area,59151564,59151564,,"Population, 2021",503
2021S051259151565,59151565,Dissemination area,59151565,59151565,,"Population, 2021",829
2021S051259151566,59151566,Dissemination area,59151566,59151566,,"Population, 2021",1417
2021S051259151567,59151567,Dissemination area,59151567,59151567,,"Population, 2021",508
2021S051259151568,59151568,Dissemination area,59151568,59151568,,"Population, 2021",949
2021S051259151569,59151569,Dissemination area,59151569,59151569,,"Population, 2021",740
2021S051259151570,59151570,Dissemination area,59151570,59151570,,"Population, 2021",735
2021S051259151571,59151571,Dissemination area,59151571,59151571,,"Population, 2021",647
2021S051259151572,59151572,Dissemination area,59151572,59151572,,"Population, 2021",5
2021S051259151573,59151573,Dissemination area,59151573,59151573,,"Population, 2021",829
2021S051259151574,59151574,Dissemination area,59151574,59151574,,"Population, 2021",508
2021S051259151575,59151575,Dissemination area,59151575,59151575,,"Population, 2021",514
2021S051259151576,59151576,Dissemination area,59151576,59151576,,"Population, 2021",558
2021S051259151577,59151577,Dissemination area,59151577,59151577,,"Population, 2021",349
2021S051259151578,59151578,Dissemination area,59151578,59151578,,"Population, 2021",404
2021S051259151579,59151579,Dissemination area,59151579,59151579,,"Population, 2021",869
2021S051259151580,59151580,Dissemination area,59151580,59151580,,"Population, 2021",899
2021S051259151581,59151581,Dissemination area,59151581,59151581,,"Population, 2021",604
2021S051259151582,59151582,Dissemination area,59151582,59151582,,"Population, 2021",596
2021S051259151583,59151583,Dissemination area,59151583,59151583,,"Population, 2021",494
2021S051259151584,59151584,Dissemination area,59151584,59151584,,"Population, 2021",552
2021S051259151585,59151585,Dissemination area,59151585,59151585,,"Population, 2021",684
2021S051259151586,59151586,Dissemination area,59151586,59151586,,"Population, 2021",636
2021S051259151587,59151587,Dissemination area,59151587,59151587,,"Population, 2021",607
2021S051259151588,59151588,Dissemination area,59151588,59151588,,"Population, 2021",631
2021S051259151589,59151589,Dissemination area,59151589,59151589,,"Population, 2021",659
2021S051259151590,59151590,Dissemination area,59151590,59151590,,"Population, 2021",552
2021S051259151591,59151591,Dissemination area,59151591,59151591,,"Population, 2021",520
2021S051259151592,59151592,Dissemination area,59151592,59151592,,"Population, 2021",429
2021S051259151593,59151593,Dissemination area,59151593,59151593,,"Population, 2021",373
2021S051259151594,59151594,Dissemination area,59151594,59151594,,"Population, 2021",660
2021S051259151595,59151595,Dissemination area,59151595,59151595,,"Population, 2021",601
2021S051259151597,59151597,Dissemination area,59151597,59151597,,"Population, 2021",539
2021S051259151598,59151598,Dissemination area,59151598,59151598,,"Population, 2021",405
2021S051259151599,59151599,Dissemination area,59151599,59151599,,"Population, 2021",429
2021S051259151602,59151602,Dissemination area,59151602,59151602,,"Population, 2021",885
2021S051259151606,59151606,Dissemination area,59151606,59151606,,"Population, 2021",662
2021S051259151607,59151607,Dissemination area,59151607,59151607,,"Population, 2021",836
2021S051259151608,59151608,Dissemination area,59151608,59151608,,"Population, 2021",320
2021S051259151609,59151609,Dissemination area,59151609,59151609,,"Population, 2021",681
2021S051259151634,59151634,Dissemination area,59151634,59151634,,"Population, 2021",372
2021S051259151635,59151635,Dissemination area,59151635,59151635,,"Population, 2021",769
2021S051259151636,59151636,Dissemination area,59151636,59151636,,"Population, 2021",238
2021S051259151637,59151637,Dissemination area,59151637,59151637,,"Population, 2021",758
2021S051259151638,59151638,Dissemination area,59151638,59151638,,"Population, 2021",398
2021S051259151639,59151639,Dissemination area,59151639,59151639,,"Population, 2021",353
2021S051259151640,59151640,Dissemination area,59151640,59151640,,"Population, 2021",566
2021S051259151641,59151641,Dissemination area,59151641,59151641,,"Population, 2021",1095
2021S051259151642,59151642,Dissemination area,59151642,59151642,,"Population, 2021",629
2021S051259151643,59151643,Dissemination area,59151643,59151643,,"Population, 2021",621
2021S051259151644,59151644,Dissemination area,59151644,59151644,,"Population, 2021",301
2021S051259151645,59151645,Dissemination area,59151645,59151645,,"Population, 2021",523
2021S051259151646,59151646,Dissemination area,59151646,59151646,,"Population, 2021",397
2021S051259151647,59151647,Dissemination area,59151647,59151647,,"Population, 2021",835
2021S051259151648,59151648,Dissemination area,59151648,59151648,,"Population, 2021",584
2021S051259151649,59151649,Dissemination area,59151649,59151649,,"Population, 2021",810
2021S051259151650,59151650,Dissemination area,59151650,59151650,,"Population, 2021",985
2021S051259151651,59151651,Dissemination area,59151651,59151651,,"Population, 2021",2101
2021S051259151652,59151652,Dissemination area,59151652,59151652,,"Population, 2021",1243
2021S051259151653,59151653,Dissemination area,59151653,59151653,,"Population, 2021",846
2021S051259151654,59151654,Dissemination area,59151654,59151654,,"Population, 2021",284
2021S051259151655,59151655,Dissemination area,59151655,59151655,,"Population, 2021",463
2021S051259151658,59151658,Dissemination area,59151658,59151658,,"Population, 2021",398
2021S051259151659,59151659,Dissemination area,59151659,59151659,,"Population, 2021",469
2021S051259151660,59151660,Dissemination area,59151660,59151660,,"Population, 2021",489
2021S051259151661,59151661,Dissemination area,59151661,59151661,,"Population, 2021",318
2021S051259151663,59151663,Dissemination area,59151663,59151663,,"Population, 2021",400
2021S051259151664,59151664,Dissemination area,59151664,59151664,,"Population, 2021",520
2021S051259151665,59151665,Dissemination area,59151665,59151665,,"Population, 2021",424
2021S051259151666,59151666,Dissemination area,59151666,59151666,,"Population, 2021",562
2021S051259151713,59151713,Dissemination area,59151713,59151713,,"Population, 2021",343
2021S051259151714,59151714,Dissemination area,59151714,59151714,,"Population, 2021",3966
2021S051259151715,59151715,Dissemination area,59151715,59151715,,"Population, 2021",932
2021S051259151716,59151716,Dissemination area,59151716,59151716,,"Population, 2021",701
2021S051259151717,59151717,Dissemination area,59151717,59151717,,"Population, 2021",622
2021S051259151718,59151718,Dissemination area,59151718,59151718,,"Population, 2021",412
2021S051259151719,59151719,Dissemination area,59151719,59151719,,"Population, 2021",1719
2021S051259151720,59151720,Dissemination area,59151720,59151720,,"Population, 2021",1048
2021S051259151721,59151721,Dissemination area,59151721,59151721,,"Population, 2021",1119
2021S051259151723,59151723,Dissemination area,59151723,59151723,,"Population, 2021",393
2021S051259151724,59151724,Dissemination area,59151724,59151724,,"Population, 2021",517
2021S051259151726,59151726,Dissemination area,59151726,59151726,,"Population, 2021",501
2021S051259151727,59151727,Dissemination area,59151727,59151727,,"Population, 2021",623
2021S051259151728,59151728,Dissemination area,59151728,59151728,,"Population, 2021",465
2021S051259152972,59152972,Dissemination area,59152972,59152972,,"Population, 2021",393
2021S051259152973,59152973,Dissemination area,59152973,59152973,,"Population, 2021",796
2021S051259152974,59152974,Dissemination area,59152974,59152974,,"Population, 2021",529
2021S051259152975,59152975,Dissemination area,59152975,59152975,,"Population, 2021",356
2021S051259152976,59152976,Dissemination area,59152976,59152976,,"Population, 2021",550
2021S051259152978,59152978,Dissemination area,59152978,59152978,,"Population, 2021",486
2021S051259152979,59152979,Dissemination area,59152979,59152979,,"Population, 2021",445
2021S051259152980,59152980,Dissemination area,59152980,59152980,,"Population, 2021",317
2021S051259152981,59152981,Dissemination area,59152981,59152981,,"Population, 2021",401
2021S051259152982,59152982,Dissemination area,59152982,59152982,,"Population, 2021",495
2021S051259152983,59152983,Dissemination area,59152983,59152983,,"Population, 2021",846
2021S051259152984,59152984,Dissemination area,59152984,59152984,,"Population, 2021",468
2021S051259152985,59152985,Dissemination area,59152985,59152985,,"Population, 2021",515
2021S051259152986,59152986,Dissemination area,59152986,59152986,,"Population, 2021",445
2021S051259152987,59152987,Dissemination area,59152987,59152987,,"Population, 2021",1752
2021S051259152995,59152995,Dissemination area,59152995,59152995,,"Population, 2021",5969
2021S051259153051,59153051,Dissemination area,59153051,59153051,,"Population, 2021",433
2021S051259153052,59153052,Dissemination area,59153052,59153052,,"Population, 2021",383
2021S051259153053,59153053,Dissemination area,59153053,59153053,,"Population, 2021",122
2021S051259153054,59153054,Dissemination area,59153054,59153054,,"Population, 2021",611
2021S051259153055,59153055,Dissemination area,59153055,59153055,,"Population, 2021",963
2021S051259153057,59153057,Dissemination area,59153057,59153057,,"Population, 2021",685
2021S051259153058,59153058,Dissemination area,59153058,59153058,,"Population, 2021",487
2021S051259153059,59153059,Dissemination area,59153059,59153059,,"Population, 2021",826
2021S051259153060,59153060,Dissemination area,59153060,59153060,,"Population, 2021",606
2021S051259153061,59153061,Dissemination area,59153061,59153061,,"Population, 2021",476
2021S051259153062,59153062,Dissemination area,59153062,59153062,,"Population, 2021",851
2021S051259153063,59153063,Dissemination area,59153063,59153063,,"Population, 2021",534
2021S051259153064,59153064,Dissemination area,59153064,59153064,,"Population, 2021",433
2021S051259153065,59153065,Dissemination area,59153065,59153065,,"Population, 2021",370
2021S051259153066,59153066,Dissemination area,59153066,59153066,,"Population, 2021",859
2021S051259153067,59153067,Dissemination area,59153067,59153067,,"Population, 2021",402
2021S051259153369,59153369,Dissemination area,59153369,59153369,,"Population, 2021",1291
2021S051259153380,59153380,Dissemination area,59153380,59153380,,"Population, 2021",1329
2021S051259153417,59153417,Dissemination area,59153417,59153417,,"Population, 2021",660
2021S051259153418,59153418,Dissemination area,59153418,59153418,,"Population, 2021",518
2021S051259153501,59153501,Dissemination area,59153501,59153501,,"Population, 2021",1168
2021S051259153502,59153502,Dissemination area,59153502,59153502,,"Population, 2021",614
2021S051259153548,59153548,Dissemination area,59153548,59153548,,"Population, 2021",2389
2021S051259153549,59153549,Dissemination area,59153549,59153549,,"Population, 2021",117
2021S051259153885,59153885,Dissemination area,59153885,59153885,,"Population, 2021",341
2021S051259153886,59153886,Dissemination area,59153886,59153886,,"Population, 2021",877
2021S051259153887,59153887,Dissemination area,59153887,59153887,,"Population, 2021",698
2021S051259153888,59153888,Dissemination area,59153888,59153888,,"Population, 2021",1001
2021S051259153889,59153889,Dissemination area,59153889,59153889,,"Population, 2021",500
2021S051259153890,59153890,Dissemination area,59153890,59153890,,"Population, 2021",640
2021S051259153891,59153891,Dissemination area,59153891,59153891,,"Population, 2021",530
2021S051259153892,59153892,Dissemination area,59153892,59153892,,"Population, 2021",510
2021S051259154018,59154018,Dissemination area,59154018,59154018,,"Population, 2021",2355
2021S051259154019,59154019,Dissemination area,59154019,59154019,,"Population, 2021",1648
2021S051259154038,59154038,Dissemination area,59154038,59154038,,"Population, 2021",859
2021S051259154039,59154039,Dissemination area,59154039,59154039,,"Population, 2021",598
2021S051259154041,59154041,Dissemination area,59154041,59154041,,"Population, 2021",440
2021S051259154044,59154044,Dissemination area,59154044,59154044,,"Population, 2021",541
2021S051259154045,59154045,Dissemination area,59154045,59154045,,"Population, 2021",486
2021S051259154046,59154046,Dissemination area,59154046,59154046,,"Population, 2021",558
2021S051259154048,59154048,Dissemination area,59154048,59154048,,"Population, 2021",676
2021S051259154049,59154049,Dissemination area,59154049,59154049,,"Population, 2021",744
2021S051259154050,59154050,Dissemination area,59154050,59154050,,"Population, 2021",654
2021S051259154116,59154116,Dissemination area,59154116,59154116,,"Population, 2021",1021
2021S051259154366,59154366,Dissemination area,59154366,59154366,,"Population, 2021",950
2021S051259154367,59154367,Dissemination area,59154367,59154367,,"Population, 2021",1212
2021S051259154368,59154368,Dissemination area,59154368,59154368,,"Population, 2021",2193
2021S051259154370,59154370,Dissemination area,59154370,59154370,,"Population, 2021",325
2021S051259154372,59154372,Dissemination area,59154372,59154372,,"Population, 2021",854
2021S051259154373,59154373,Dissemination area,59154373,59154373,,"Population, 2021",961
2021S051259154374,59154374,Dissemination area,59154374,59154374,,"Population, 2021",694
2021S051259154375,59154375,Dissemination area,59154375,59154375,,"Population, 2021",321
2021S051259154376,59154376,Dissemination area,59154376,59154376,,"Population, 2021",952
2021S051259154378,59154378,Dissemination area,59154378,59154378,,"Population, 2021",376
2021S051259154380,59154380,Dissemination area,59154380,59154380,,"Population, 2021",938
2021S051259154381,59154381,Dissemination area,59154381,59154381,,"Population, 2021",7048
2021S051259154382,59154382,Dissemination area,59154382,59154382,,"Population, 2021",1562
2021S051259154384,59154384,Dissemination area,59154384,59154384,,"Population, 2021",2317
2021S051259154385,59154385,Dissemination area,59154385,59154385,,"Population, 2021",376
2021S051259154386,59154386,Dissemination area,59154386,59154386,,"Population, 2021",1047
2021A00055915036,5915036,Census subdivision,"Belcarra, Village (VL)",Belcarra,Village (VL),"Population, 2021",687
2021S051259153593,59153593,Dissemination area,59153593,59153593,,"Population, 2021",687
2021A00055915038,5915038,Census subdivision,"Anmore, Village (VL)",Anmore,Village (VL),"Population, 2021",2356
2021S051259153592,59153592,Dissemination area,59153592,59153592,,"Population, 2021",1505
2021S051259153595,59153595,Dissemination area,59153595,59153595,,"Population, 2021",851
2021A00055915039,5915039,Census subdivision,"Port Coquitlam, City (CY)",Port Coquitlam,City (CY),"Population, 2021",61498
2021S051259151668,59151668,Dissemination area,59151668,59151668,,"Population, 2021",451
2021S051259151669,59151669,Dissemination area,59151669,59151669,,"Population, 2021",557
2021S051259151670,59151670,Dissemination area,59151670,59151670,,"Population, 2021",512
2021S051259151671,59151671,Dissemination area,59151671,59151671,,"Population, 2021",570
2021S051259151673,59151673,Dissemination area,59151673,59151673,,"Population, 2021",541
2021S051259151674,59151674,Dissemination area,59151674,59151674,,"Population, 2021",625
2021S051259151675,59151675,Dissemination area,59151675,59151675,,"Population, 2021",415
2021S051259151676,59151676,Dissemination area,59151676,59151676,,"Population, 2021",640
2021S051259151677,59151677,Dissemination area,59151677,59151677,,"Population, 2021",480
2021S051259151678,59151678,Dissemination area,59151678,59151678,,"Population, 2021",467
2021S051259151679,59151679,Dissemination area,59151679,59151679,,"Population, 2021",678
2021S051259151680,59151680,Dissemination area,59151680,59151680,,"Population, 2021",583
2021S051259151681,59151681,Dissemination area,59151681,59151681,,"Population, 2021",639
2021S051259151682,59151682,Dissemination area,59151682,59151682,,"Population, 2021",742
2021S051259151683,59151683,Dissemination area,59151683,59151683,,"Population, 2021",1005
2021S051259151684,59151684,Dissemination area,59151684,59151684,,"Population, 2021",549
2021S051259151685,59151685,Dissemination area,59151685,59151685,,"Population, 2021",633
2021S051259151686,59151686,Dissemination area,59151686,59151686,,"Population, 2021",592
2021S051259151687,59151687,Dissemination area,59151687,59151687,,"Population, 2021",463
2021S051259151688,59151688,Dissemination area,59151688,59151688,,"Population, 2021",918
2021S051259151689,59151689,Dissemination area,59151689,59151689,,"Population, 2021",827
2021S051259151690,59151690,Dissemination area,59151690,59151690,,"Population, 2021",648
2021S051259151691,59151691,Dissemination area,59151691,59151691,,"Population, 2021",486
2021S051259151692,59151692,Dissemination area,59151692,59151692,,"Population, 2021",487
2021S051259151694,59151694,Dissemination area,59151694,59151694,,"Population, 2021",1053
2021S051259151695,59151695,Dissemination area,59151695,59151695,,"Population, 2021",634
2021S051259151696,59151696,Dissemination area,59151696,59151696,,"Population, 2021",2029
2021S051259151697,59151697,Dissemination area,59151697,59151697,,"Population, 2021",479
2021S051259151698,59151698,Dissemination area,59151698,59151698,,"Population, 2021",546
2021S051259151699,59151699,Dissemination area,59151699,59151699,,"Population, 2021",362
2021S051259151700,59151700,Dissemination area,59151700,59151700,,"Population, 2021",474
2021S051259151701,59151701,Dissemination area,59151701,59151701,,"Population, 2021",318
2021S051259151702,59151702,Dissemination area,59151702,59151702,,"Population, 2021",414
2021S051259151704,59151704,Dissemination area,59151704,59151704,,"Population, 2021",515
2021S051259151705,59151705,Dissemination area,59151705,59151705,,"Population, 2021",602
2021S051259151706,59151706,Dissemination area,59151706,59151706,,"Population, 2021",322
2021S051259152988,59152988,Dissemination area,59152988,59152988,,"Population, 2021",1002
2021S051259152989,59152989,Dissemination area,59152989,59152989,,"Population, 2021",1573
2021S051259152990,59152990,Dissemination area,59152990,59152990,,"Population, 2021",999
2021S051259152991,59152991,Dissemination area,59152991,59152991,,"Population, 2021",704
2021S051259152992,59152992,Dissemination area,59152992,59152992,,"Population, 2021",693
2021S051259152993,59152993,Dissemination area,59152993,59152993,,"Population, 2021",713
2021S051259152994,59152994,Dissemination area,59152994,59152994,,"Population, 2021",508
2021S051259152998,59152998,Dissemination area,59152998,59152998,,"Population, 2021",1522
2021S051259153000,59153000,Dissemination area,59153000,59153000,,"Population, 2021",853
2021S051259153001,59153001,Dissemination area,59153001,59153001,,"Population, 2021",746
2021S051259153002,59153002,Dissemination area,59153002,59153002,,"Population, 2021",1364
2021S051259153003,59153003,Dissemination area,59153003,59153003,,"Population, 2021",1329
2021S051259153005,59153005,Dissemination area,59153005,59153005,,"Population, 2021",1928
2021S051259153006,59153006,Dissemination area,59153006,59153006,,"Population, 2021",675
2021S051259153007,59153007,Dissemination area,59153007,59153007,,"Population, 2021",305
2021S051259153008,59153008,Dissemination area,59153008,59153008,,"Population, 2021",628
2021S051259153010,59153010,Dissemination area,59153010,59153010,,"Population, 2021",801
2021S051259153011,59153011,Dissemination area,59153011,59153011,,"Population, 2021",342
2021S051259153013,59153013,Dissemination area,59153013,59153013,,"Population, 2021",375
2021S051259153014,59153014,Dissemination area,59153014,59153014,,"Population, 2021",741
2021S051259153016,59153016,Dissemination area,59153016,59153016,,"Population, 2021",316
2021S051259153017,59153017,Dissemination area,59153017,59153017,,"Population, 2021",453
2021S051259153018,59153018,Dissemination area,59153018,59153018,,"Population, 2021",554
2021S051259153019,59153019,Dissemination area,59153019,59153019,,"Population, 2021",535
2021S051259153020,59153020,Dissemination area,59153020,59153020,,"Population, 2021",463
2021S051259153021,59153021,Dissemination area,59153021,59153021,,"Population, 2021",473
2021S051259153022,59153022,Dissemination area,59153022,59153022,,"Population, 2021",632
2021S051259153023,59153023,Dissemination area,59153023,59153023,,"Population, 2021",383
2021S051259153024,59153024,Dissemination area,59153024,59153024,,"Population, 2021",554
2021S051259153025,59153025,Dissemination area,59153025,59153025,,"Population, 2021",704
2021S051259153027,59153027,Dissemination area,59153027,59153027,,"Population, 2021",744
2021S051259153028,59153028,Dissemination area,59153028,59153028,,"Population, 2021",448
2021S051259153032,59153032,Dissemination area,59153032,59153032,,"Population, 2021",429
2021S051259153038,59153038,Dissemination area,59153038,59153038,,"Population, 2021",1832
2021S051259153039,59153039,Dissemination area,59153039,59153039,,"Population, 2021",1016
2021S051259153040,59153040,Dissemination area,59153040,59153040,,"Population, 2021",1893
2021S051259153041,59153041,Dissemination area,59153041,59153041,,"Population, 2021",1877
2021S051259153042,59153042,Dissemination area,59153042,59153042,,"Population, 2021",293
2021S051259153446,59153446,Dissemination area,59153446,59153446,,"Population, 2021",693
2021S051259153447,59153447,Dissemination area,59153447,59153447,,"Population, 2021",447
2021S051259153560,59153560,Dissemination area,59153560,59153560,,"Population, 2021",631
2021S051259153561,59153561,Dissemination area,59153561,59153561,,"Population, 2021",805
2021S051259153566,59153566,Dissemination area,59153566,59153566,,"Population, 2021",541
2021S051259153985,59153985,Dissemination area,59153985,59153985,,"Population, 2021",456
2021S051259154398,59154398,Dissemination area,59154398,59154398,,"Population, 2021",1616
2021S051259154399,59154399,Dissemination area,59154399,59154399,,"Population, 2021",1120
2021S051259154400,59154400,Dissemination area,59154400,59154400,,"Population, 2021",639
2021S051259154402,59154402,Dissemination area,59154402,59154402,,"Population, 2021",340
2021S051259154404,59154404,Dissemination area,59154404,59154404,,"Population, 2021",554
2021A00055915043,5915043,Census subdivision,"Port Moody, City (CY)",Port Moody,City (CY),"Population, 2021",33535
2021S051259151600,59151600,Dissemination area,59151600,59151600,,"Population, 2021",578
2021S051259151601,59151601,Dissemination area,59151601,59151601,,"Population, 2021",489
2021S051259151603,59151603,Dissemination area,59151603,59151603,,"Population, 2021",845
2021S051259151605,59151605,Dissemination area,59151605,59151605,,"Population, 2021",845
2021S051259151610,59151610,Dissemination area,59151610,59151610,,"Population, 2021",703
2021S051259151611,59151611,Dissemination area,59151611,59151611,,"Population, 2021",497
2021S051259151612,59151612,Dissemination area,59151612,59151612,,"Population, 2021",863
2021S051259151613,59151613,Dissemination area,59151613,59151613,,"Population, 2021",290
2021S051259151614,59151614,Dissemination area,59151614,59151614,,"Population, 2021",382
2021S051259151616,59151616,Dissemination area,59151616,59151616,,"Population, 2021",422
2021S051259151617,59151617,Dissemination area,59151617,59151617,,"Population, 2021",755
2021S051259151618,59151618,Dissemination area,59151618,59151618,,"Population, 2021",799
2021S051259151619,59151619,Dissemination area,59151619,59151619,,"Population, 2021",426
2021S051259151620,59151620,Dissemination area,59151620,59151620,,"Population, 2021",564
2021S051259151621,59151621,Dissemination area,59151621,59151621,,"Population, 2021",395
2021S051259151622,59151622,Dissemination area,59151622,59151622,,"Population, 2021",422
2021S051259151625,59151625,Dissemination area,59151625,59151625,,"Population, 2021",1013
2021S051259151626,59151626,Dissemination area,59151626,59151626,,"Population, 2021",575
2021S051259153049,59153049,Dissemination area,59153049,59153049,,"Population, 2021",805
2021S051259153413,59153413,Dissemination area,59153413,59153413,,"Population, 2021",1014
2021S051259153414,59153414,Dissemination area,59153414,59153414,,"Population, 2021",224
2021S051259153415,59153415,Dissemination area,59153415,59153415,,"Population, 2021",426
2021S051259153416,59153416,Dissemination area,59153416,59153416,,"Population, 2021",1149
2021S051259153596,59153596,Dissemination area,59153596,59153596,,"Population, 2021",688
2021S051259153597,59153597,Dissemination area,59153597,59153597,,"Population, 2021",543
2021S051259153598,59153598,Dissemination area,59153598,59153598,,"Population, 2021",1987
2021S051259153599,59153599,Dissemination area,59153599,59153599,,"Population, 2021",3235
2021S051259153600,59153600,Dissemination area,59153600,59153600,,"Population, 2021",433
2021S051259153601,59153601,Dissemination area,59153601,59153601,,"Population, 2021",470
2021S051259153957,59153957,Dissemination area,59153957,59153957,,"Population, 2021",161
2021S051259153958,59153958,Dissemination area,59153958,59153958,,"Population, 2021",467
2021S051259153960,59153960,Dissemination area,59153960,59153960,,"Population, 2021",3926
2021S051259153961,59153961,Dissemination area,59153961,59153961,,"Population, 2021",674
2021S051259154004,59154004,Dissemination area,59154004,59154004,,"Population, 2021",1875
2021S051259154007,59154007,Dissemination area,59154007,59154007,,"Population, 2021",883
2021S051259154052,59154052,Dissemination area,59154052,59154052,,"Population, 2021",1022
2021S051259154076,59154076,Dissemination area,59154076,59154076,,"Population, 2021",966
2021S051259154077,59154077,Dissemination area,59154077,59154077,,"Population, 2021",0
2021S051259154107,59154107,Dissemination area,59154107,59154107,,"Population, 2021",513
2021S051259154110,59154110,Dissemination area,59154110,59154110,,"Population, 2021",415
2021S051259154111,59154111,Dissemination area,59154111,59154111,,"Population, 2021",796
2021A00055915046,5915046,Census subdivision,"North Vancouver, District municipality (DM)",North Vancouver,District municipality (DM),"Population, 2021",88168
2021S051259150062,59150062,Dissemination area,59150062,59150062,,"Population, 2021",378
2021S051259150064,59150064,Dissemination area,59150064,59150064,,"Population, 2021",618
2021S051259150067,59150067,Dissemination area,59150067,59150067,,"Population, 2021",471
2021S051259150068,59150068,Dissemination area,59150068,59150068,,"Population, 2021",455
2021S051259150069,59150069,Dissemination area,59150069,59150069,,"Population, 2021",620
2021S051259150070,59150070,Dissemination area,59150070,59150070,,"Population, 2021",401
2021S051259150071,59150071,Dissemination area,59150071,59150071,,"Population, 2021",449
2021S051259150072,59150072,Dissemination area,59150072,59150072,,"Population, 2021",1154
2021S051259150100,59150100,Dissemination area,59150100,59150100,,"Population, 2021",698
2021S051259150101,59150101,Dissemination area,59150101,59150101,,"Population, 2021",440
2021S051259150102,59150102,Dissemination area,59150102,59150102,,"Population, 2021",402
2021S051259150103,59150103,Dissemination area,59150103,59150103,,"Population, 2021",694
2021S051259150104,59150104,Dissemination area,59150104,59150104,,"Population, 2021",525
2021S051259150105,59150105,Dissemination area,59150105,59150105,,"Population, 2021",397
2021S051259150106,59150106,Dissemination area,59150106,59150106,,"Population, 2021",903
2021S051259150107,59150107,Dissemination area,59150107,59150107,,"Population, 2021",519
2021S051259150108,59150108,Dissemination area,59150108,59150108,,"Population, 2021",353
2021S051259150109,59150109,Dissemination area,59150109,59150109,,"Population, 2021",631
2021S051259150110,59150110,Dissemination area,59150110,59150110,,"Population, 2021",545
2021S051259150111,59150111,Dissemination area,59150111,59150111,,"Population, 2021",551
2021S051259150112,59150112,Dissemination area,59150112,59150112,,"Population, 2021",1010
2021S051259150113,59150113,Dissemination area,59150113,59150113,,"Population, 2021",854
2021S051259150114,59150114,Dissemination area,59150114,59150114,,"Population, 2021",552
2021S051259150115,59150115,Dissemination area,59150115,59150115,,"Population, 2021",420
2021S051259150116,59150116,Dissemination area,59150116,59150116,,"Population, 2021",445
2021S051259150117,59150117,Dissemination area,59150117,59150117,,"Population, 2021",607
2021S051259150119,59150119,Dissemination area,59150119,59150119,,"Population, 2021",696
2021S051259150120,59150120,Dissemination area,59150120,59150120,,"Population, 2021",679
2021S051259150121,59150121,Dissemination area,59150121,59150121,,"Population, 2021",578
2021S051259150122,59150122,Dissemination area,59150122,59150122,,"Population, 2021",549
2021S051259150123,59150123,Dissemination area,59150123,59150123,,"Population, 2021",835
2021S051259150124,59150124,Dissemination area,59150124,59150124,,"Population, 2021",911
2021S051259150125,59150125,Dissemination area,59150125,59150125,,"Population, 2021",488
2021S051259150126,59150126,Dissemination area,59150126,59150126,,"Population, 2021",732
2021S051259150127,59150127,Dissemination area,59150127,59150127,,"Population, 2021",875
2021S051259150129,59150129,Dissemination area,59150129,59150129,,"Population, 2021",546
2021S051259150130,59150130,Dissemination area,59150130,59150130,,"Population, 2021",736
2021S051259150131,59150131,Dissemination area,59150131,59150131,,"Population, 2021",551
2021S051259150132,59150132,Dissemination area,59150132,59150132,,"Population, 2021",824
2021S051259150133,59150133,Dissemination area,59150133,59150133,,"Population, 2021",454
2021S051259150134,59150134,Dissemination area,59150134,59150134,,"Population, 2021",476
2021S051259150135,59150135,Dissemination area,59150135,59150135,,"Population, 2021",612
2021S051259150136,59150136,Dissemination area,59150136,59150136,,"Population, 2021",514
2021S051259150137,59150137,Dissemination area,59150137,59150137,,"Population, 2021",557
2021S051259150147,59150147,Dissemination area,59150147,59150147,,"Population, 2021",444
2021S051259150148,59150148,Dissemination area,59150148,59150148,,"Population, 2021",694
2021S051259150152,59150152,Dissemination area,59150152,59150152,,"Population, 2021",1122
2021S051259150153,59150153,Dissemination area,59150153,59150153,,"Population, 2021",692
2021S051259150157,59150157,Dissemination area,59150157,59150157,,"Population, 2021",409
2021S051259150158,59150158,Dissemination area,59150158,59150158,,"Population, 2021",540
2021S051259150159,59150159,Dissemination area,59150159,59150159,,"Population, 2021",654
2021S051259150160,59150160,Dissemination area,59150160,59150160,,"Population, 2021",695
2021S051259150161,59150161,Dissemination area,59150161,59150161,,"Population, 2021",677
2021S051259150162,59150162,Dissemination area,59150162,59150162,,"Population, 2021",440
2021S051259150163,59150163,Dissemination area,59150163,59150163,,"Population, 2021",609
2021S051259150164,59150164,Dissemination area,59150164,59150164,,"Population, 2021",571
2021S051259150165,59150165,Dissemination area,59150165,59150165,,"Population, 2021",492
2021S051259150166,59150166,Dissemination area,59150166,59150166,,"Population, 2021",287
2021S051259150167,59150167,Dissemination area,59150167,59150167,,"Population, 2021",462
2021S051259150174,59150174,Dissemination area,59150174,59150174,,"Population, 2021",396
2021S051259150175,59150175,Dissemination area,59150175,59150175,,"Population, 2021",487
2021S051259150177,59150177,Dissemination area,59150177,59150177,,"Population, 2021",229
2021S051259150179,59150179,Dissemination area,59150179,59150179,,"Population, 2021",424
2021S051259150207,59150207,Dissemination area,59150207,59150207,,"Population, 2021",556
2021S051259150208,59150208,Dissemination area,59150208,59150208,,"Population, 2021",620
2021S051259150209,59150209,Dissemination area,59150209,59150209,,"Population, 2021",702
2021S051259150211,59150211,Dissemination area,59150211,59150211,,"Population, 2021",620
2021S051259150214,59150214,Dissemination area,59150214,59150214,,"Population, 2021",327
2021S051259150219,59150219,Dissemination area,59150219,59150219,,"Population, 2021",585
2021S051259150220,59150220,Dissemination area,59150220,59150220,,"Population, 2021",482
2021S051259150221,59150221,Dissemination area,59150221,59150221,,"Population, 2021",790
2021S051259150222,59150222,Dissemination area,59150222,59150222,,"Population, 2021",534
2021S051259150223,59150223,Dissemination area,59150223,59150223,,"Population, 2021",470
2021S051259150224,59150224,Dissemination area,59150224,59150224,,"Population, 2021",1571
2021S051259150225,59150225,Dissemination area,59150225,59150225,,"Population, 2021",449
2021S051259150226,59150226,Dissemination area,59150226,59150226,,"Population, 2021",380
2021S051259150227,59150227,Dissemination area,59150227,59150227,,"Population, 2021",480
2021S051259150228,59150228,Dissemination area,59150228,59150228,,"Population, 2021",1218
2021S051259150229,59150229,Dissemination area,59150229,59150229,,"Population, 2021",412
2021S051259150230,59150230,Dissemination area,59150230,59150230,,"Population, 2021",1161
2021S051259150231,59150231,Dissemination area,59150231,59150231,,"Population, 2021",245
2021S051259150232,59150232,Dissemination area,59150232,59150232,,"Population, 2021",662
2021S051259150234,59150234,Dissemination area,59150234,59150234,,"Population, 2021",667
2021S051259150235,59150235,Dissemination area,59150235,59150235,,"Population, 2021",833
2021S051259150236,59150236,Dissemination area,59150236,59150236,,"Population, 2021",717
2021S051259150237,59150237,Dissemination area,59150237,59150237,,"Population, 2021",656
2021S051259150238,59150238,Dissemination area,59150238,59150238,,"Population, 2021",479
2021S051259150240,59150240,Dissemination area,59150240,59150240,,"Population, 2021",1559
2021S051259150241,59150241,Dissemination area,59150241,59150241,,"Population, 2021",880
2021S051259150242,59150242,Dissemination area,59150242,59150242,,"Population, 2021",721
2021S051259150243,59150243,Dissemination area,59150243,59150243,,"Population, 2021",829
2021S051259150244,59150244,Dissemination area,59150244,59150244,,"Population, 2021",992
2021S051259150245,59150245,Dissemination area,59150245,59150245,,"Population, 2021",562
2021S051259150246,59150246,Dissemination area,59150246,59150246,,"Population, 2021",469
2021S051259150249,59150249,Dissemination area,59150249,59150249,,"Population, 2021",662
2021S051259150250,59150250,Dissemination area,59150250,59150250,,"Population, 2021",484
2021S051259150251,59150251,Dissemination area,59150251,59150251,,"Population, 2021",413
2021S051259150252,59150252,Dissemination area,59150252,59150252,,"Population, 2021",752
2021S051259151733,59151733,Dissemination area,59151733,59151733,,"Population, 2021",1118
2021S051259151734,59151734,Dissemination area,59151734,59151734,,"Population, 2021",888
2021S051259151735,59151735,Dissemination area,59151735,59151735,,"Population, 2021",809
2021S051259151736,59151736,Dissemination area,59151736,59151736,,"Population, 2021",360
2021S051259151737,59151737,Dissemination area,59151737,59151737,,"Population, 2021",434
2021S051259151738,59151738,Dissemination area,59151738,59151738,,"Population, 2021",365
2021S051259151756,59151756,Dissemination area,59151756,59151756,,"Population, 2021",392
2021S051259151757,59151757,Dissemination area,59151757,59151757,,"Population, 2021",437
2021S051259151758,59151758,Dissemination area,59151758,59151758,,"Population, 2021",403
2021S051259151759,59151759,Dissemination area,59151759,59151759,,"Population, 2021",522
2021S051259151760,59151760,Dissemination area,59151760,59151760,,"Population, 2021",560
2021S051259151762,59151762,Dissemination area,59151762,59151762,,"Population, 2021",446
2021S051259151763,59151763,Dissemination area,59151763,59151763,,"Population, 2021",444
2021S051259151764,59151764,Dissemination area,59151764,59151764,,"Population, 2021",687
2021S051259151765,59151765,Dissemination area,59151765,59151765,,"Population, 2021",605
2021S051259151766,59151766,Dissemination area,59151766,59151766,,"Population, 2021",893
2021S051259151767,59151767,Dissemination area,59151767,59151767,,"Population, 2021",764
2021S051259151768,59151768,Dissemination area,59151768,59151768,,"Population, 2021",696
2021S051259151769,59151769,Dissemination area,59151769,59151769,,"Population, 2021",475
2021S051259151770,59151770,Dissemination area,59151770,59151770,,"Population, 2021",337
2021S051259151771,59151771,Dissemination area,59151771,59151771,,"Population, 2021",564
2021S051259151772,59151772,Dissemination area,59151772,59151772,,"Population, 2021",557
2021S051259153358,59153358,Dissemination area,59153358,59153358,,"Population, 2021",1193
2021S051259153359,59153359,Dissemination area,59153359,59153359,,"Population, 2021",1101
2021S051259153397,59153397,Dissemination area,59153397,59153397,,"Population, 2021",2778
2021S051259153402,59153402,Dissemination area,59153402,59153402,,"Population, 2021",1755
2021S051259153533,59153533,Dissemination area,59153533,59153533,,"Population, 2021",1058
2021S051259153534,59153534,Dissemination area,59153534,59153534,,"Population, 2021",581
2021S051259153570,59153570,Dissemination area,59153570,59153570,,"Population, 2021",1320
2021S051259153571,59153571,Dissemination area,59153571,59153571,,"Population, 2021",369
2021S051259153572,59153572,Dissemination area,59153572,59153572,,"Population, 2021",1126
2021S051259153573,59153573,Dissemination area,59153573,59153573,,"Population, 2021",444
2021S051259153575,59153575,Dissemination area,59153575,59153575,,"Population, 2021",391
2021S051259153576,59153576,Dissemination area,59153576,59153576,,"Population, 2021",1540
2021S051259154406,59154406,Dissemination area,59154406,59154406,,"Population, 2021",788
2021A00055915051,5915051,Census subdivision,"North Vancouver, City (CY)",North Vancouver,City (CY),"Population, 2021",58120
2021S051259150073,59150073,Dissemination area,59150073,59150073,,"Population, 2021",1009
2021S051259150074,59150074,Dissemination area,59150074,59150074,,"Population, 2021",696
2021S051259150075,59150075,Dissemination area,59150075,59150075,,"Population, 2021",427
2021S051259150076,59150076,Dissemination area,59150076,59150076,,"Population, 2021",536
2021S051259150077,59150077,Dissemination area,59150077,59150077,,"Population, 2021",456
2021S051259150078,59150078,Dissemination area,59150078,59150078,,"Population, 2021",721
2021S051259150079,59150079,Dissemination area,59150079,59150079,,"Population, 2021",517
2021S051259150080,59150080,Dissemination area,59150080,59150080,,"Population, 2021",344
2021S051259150081,59150081,Dissemination area,59150081,59150081,,"Population, 2021",697
2021S051259150082,59150082,Dissemination area,59150082,59150082,,"Population, 2021",709
2021S051259150083,59150083,Dissemination area,59150083,59150083,,"Population, 2021",545
2021S051259150084,59150084,Dissemination area,59150084,59150084,,"Population, 2021",884
2021S051259150085,59150085,Dissemination area,59150085,59150085,,"Population, 2021",926
2021S051259150086,59150086,Dissemination area,59150086,59150086,,"Population, 2021",728
2021S051259150087,59150087,Dissemination area,59150087,59150087,,"Population, 2021",437
2021S051259150088,59150088,Dissemination area,59150088,59150088,,"Population, 2021",377
2021S051259150089,59150089,Dissemination area,59150089,59150089,,"Population, 2021",606
2021S051259150090,59150090,Dissemination area,59150090,59150090,,"Population, 2021",565
2021S051259150091,59150091,Dissemination area,59150091,59150091,,"Population, 2021",781
2021S051259150092,59150092,Dissemination area,59150092,59150092,,"Population, 2021",598
2021S051259150093,59150093,Dissemination area,59150093,59150093,,"Population, 2021",593
2021S051259150094,59150094,Dissemination area,59150094,59150094,,"Population, 2021",687
2021S051259150095,59150095,Dissemination area,59150095,59150095,,"Population, 2021",530
2021S051259150096,59150096,Dissemination area,59150096,59150096,,"Population, 2021",569
2021S051259150097,59150097,Dissemination area,59150097,59150097,,"Population, 2021",711
2021S051259150098,59150098,Dissemination area,59150098,59150098,,"Population, 2021",429
2021S051259150099,59150099,Dissemination area,59150099,59150099,,"Population, 2021",581
2021S051259150140,59150140,Dissemination area,59150140,59150140,,"Population, 2021",498
2021S051259150141,59150141,Dissemination area,59150141,59150141,,"Population, 2021",1359
2021S051259150142,59150142,Dissemination area,59150142,59150142,,"Population, 2021",523
2021S051259150143,59150143,Dissemination area,59150143,59150143,,"Population, 2021",497
2021S051259150145,59150145,Dissemination area,59150145,59150145,,"Population, 2021",833
2021S051259150146,59150146,Dissemination area,59150146,59150146,,"Population, 2021",511
2021S051259150176,59150176,Dissemination area,59150176,59150176,,"Population, 2021",664
2021S051259150178,59150178,Dissemination area,59150178,59150178,,"Population, 2021",789
2021S051259150180,59150180,Dissemination area,59150180,59150180,,"Population, 2021",507
2021S051259150181,59150181,Dissemination area,59150181,59150181,,"Population, 2021",527
2021S051259150182,59150182,Dissemination area,59150182,59150182,,"Population, 2021",838
2021S051259150183,59150183,Dissemination area,59150183,59150183,,"Population, 2021",764
2021S051259150184,59150184,Dissemination area,59150184,59150184,,"Population, 2021",666
2021S051259150185,59150185,Dissemination area,59150185,59150185,,"Population, 2021",809
2021S051259150186,59150186,Dissemination area,59150186,59150186,,"Population, 2021",668
2021S051259150187,59150187,Dissemination area,59150187,59150187,,"Population, 2021",1160
2021S051259150188,59150188,Dissemination area,59150188,59150188,,"Population, 2021",476
2021S051259150189,59150189,Dissemination area,59150189,59150189,,"Population, 2021",571
2021S051259150190,59150190,Dissemination area,59150190,59150190,,"Population, 2021",611
2021S051259150191,59150191,Dissemination area,59150191,59150191,,"Population, 2021",683
2021S051259150192,59150192,Dissemination area,59150192,59150192,,"Population, 2021",1047
2021S051259150193,59150193,Dissemination area,59150193,59150193,,"Population, 2021",562
2021S051259150194,59150194,Dissemination area,59150194,59150194,,"Population, 2021",573
2021S051259150195,59150195,Dissemination area,59150195,59150195,,"Population, 2021",735
2021S051259150196,59150196,Dissemination area,59150196,59150196,,"Population, 2021",564
2021S051259150197,59150197,Dissemination area,59150197,59150197,,"Population, 2021",544
2021S051259150198,59150198,Dissemination area,59150198,59150198,,"Population, 2021",735
2021S051259150199,59150199,Dissemination area,59150199,59150199,,"Population, 2021",588
2021S051259150200,59150200,Dissemination area,59150200,59150200,,"Population, 2021",1215
2021S051259150201,59150201,Dissemination area,59150201,59150201,,"Population, 2021",577
2021S051259150202,59150202,Dissemination area,59150202,59150202,,"Population, 2021",834
2021S051259150203,59150203,Dissemination area,59150203,59150203,,"Population, 2021",659
2021S051259150204,59150204,Dissemination area,59150204,59150204,,"Population, 2021",796
2021S051259150205,59150205,Dissemination area,59150205,59150205,,"Population, 2021",601
2021S051259150206,59150206,Dissemination area,59150206,59150206,,"Population, 2021",595
2021S051259150210,59150210,Dissemination area,59150210,59150210,,"Population, 2021",658
2021S051259150212,59150212,Dissemination area,59150212,59150212,,"Population, 2021",365
2021S051259150213,59150213,Dissemination area,59150213,59150213,,"Population, 2021",619
2021S051259151761,59151761,Dissemination area,59151761,59151761,,"Population, 2021",545
2021S051259153234,59153234,Dissemination area,59153234,59153234,,"Population, 2021",883
2021S051259153235,59153235,Dissemination area,59153235,59153235,,"Population, 2021",1494
2021S051259153236,59153236,Dissemination area,59153236,59153236,,"Population, 2021",466
2021S051259153237,59153237,Dissemination area,59153237,59153237,,"Population, 2021",873
2021S051259153238,59153238,Dissemination area,59153238,59153238,,"Population, 2021",463
2021S051259153239,59153239,Dissemination area,59153239,59153239,,"Population, 2021",844
2021S051259153241,59153241,Dissemination area,59153241,59153241,,"Population, 2021",2505
2021S051259153327,59153327,Dissemination area,59153327,59153327,,"Population, 2021",1451
2021S051259153328,59153328,Dissemination area,59153328,59153328,,"Population, 2021",1298
2021S051259153963,59153963,Dissemination area,59153963,59153963,,"Population, 2021",508
2021S051259153965,59153965,Dissemination area,59153965,59153965,,"Population, 2021",378
2021S051259153970,59153970,Dissemination area,59153970,59153970,,"Population, 2021",2195
2021S051259153971,59153971,Dissemination area,59153971,59153971,,"Population, 2021",1337
2021A00055915055,5915055,Census subdivision,"West Vancouver, District municipality (DM)",West Vancouver,District municipality (DM),"Population, 2021",44122
2021S051259150004,59150004,Dissemination area,59150004,59150004,,"Population, 2021",362
2021S051259150005,59150005,Dissemination area,59150005,59150005,,"Population, 2021",526
2021S051259150006,59150006,Dissemination area,59150006,59150006,,"Population, 2021",452
2021S051259150007,59150007,Dissemination area,59150007,59150007,,"Population, 2021",545
2021S051259150008,59150008,Dissemination area,59150008,59150008,,"Population, 2021",596
2021S051259150009,59150009,Dissemination area,59150009,59150009,,"Population, 2021",393
2021S051259150010,59150010,Dissemination area,59150010,59150010,,"Population, 2021",855
2021S051259150012,59150012,Dissemination area,59150012,59150012,,"Population, 2021",525
2021S051259150013,59150013,Dissemination area,59150013,59150013,,"Population, 2021",311
2021S051259150014,59150014,Dissemination area,59150014,59150014,,"Population, 2021",1172
2021S051259150015,59150015,Dissemination area,59150015,59150015,,"Population, 2021",536
2021S051259150016,59150016,Dissemination area,59150016,59150016,,"Population, 2021",429
2021S051259150017,59150017,Dissemination area,59150017,59150017,,"Population, 2021",311
2021S051259150018,59150018,Dissemination area,59150018,59150018,,"Population, 2021",552
2021S051259150019,59150019,Dissemination area,59150019,59150019,,"Population, 2021",591
2021S051259150020,59150020,Dissemination area,59150020,59150020,,"Population, 2021",408
2021S051259150021,59150021,Dissemination area,59150021,59150021,,"Population, 2021",269
2021S051259150022,59150022,Dissemination area,59150022,59150022,,"Population, 2021",284
2021S051259150023,59150023,Dissemination area,59150023,59150023,,"Population, 2021",518
2021S051259150024,59150024,Dissemination area,59150024,59150024,,"Population, 2021",331
2021S051259150025,59150025,Dissemination area,59150025,59150025,,"Population, 2021",635
2021S051259150027,59150027,Dissemination area,59150027,59150027,,"Population, 2021",514
2021S051259150028,59150028,Dissemination area,59150028,59150028,,"Population, 2021",441
2021S051259150029,59150029,Dissemination area,59150029,59150029,,"Population, 2021",410
2021S051259150030,59150030,Dissemination area,59150030,59150030,,"Population, 2021",557
2021S051259150031,59150031,Dissemination area,59150031,59150031,,"Population, 2021",745
2021S051259150032,59150032,Dissemination area,59150032,59150032,,"Population, 2021",401
2021S051259150033,59150033,Dissemination area,59150033,59150033,,"Population, 2021",482
2021S051259150034,59150034,Dissemination area,59150034,59150034,,"Population, 2021",429
2021S051259150035,59150035,Dissemination area,59150035,59150035,,"Population, 2021",980
2021S051259150036,59150036,Dissemination area,59150036,59150036,,"Population, 2021",496
2021S051259150037,59150037,Dissemination area,59150037,59150037,,"Population, 2021",462
2021S051259150038,59150038,Dissemination area,59150038,59150038,,"Population, 2021",405
2021S051259150039,59150039,Dissemination area,59150039,59150039,,"Population, 2021",387
2021S051259150040,59150040,Dissemination area,59150040,59150040,,"Population, 2021",382
2021S051259150041,59150041,Dissemination area,59150041,59150041,,"Population, 2021",472
2021S051259150042,59150042,Dissemination area,59150042,59150042,,"Population, 2021",378
2021S051259150043,59150043,Dissemination area,59150043,59150043,,"Population, 2021",522
2021S051259150044,59150044,Dissemination area,59150044,59150044,,"Population, 2021",565
2021S051259150045,59150045,Dissemination area,59150045,59150045,,"Population, 2021",622
2021S051259150046,59150046,Dissemination area,59150046,59150046,,"Population, 2021",476
2021S051259150047,59150047,Dissemination area,59150047,59150047,,"Population, 2021",414
2021S051259150048,59150048,Dissemination area,59150048,59150048,,"Population, 2021",457
2021S051259150049,59150049,Dissemination area,59150049,59150049,,"Population, 2021",560
2021S051259150050,59150050,Dissemination area,59150050,59150050,,"Population, 2021",525
2021S051259150051,59150051,Dissemination area,59150051,59150051,,"Population, 2021",481
2021S051259150052,59150052,Dissemination area,59150052,59150052,,"Population, 2021",609
2021S051259150053,59150053,Dissemination area,59150053,59150053,,"Population, 2021",614
2021S051259150054,59150054,Dissemination area,59150054,59150054,,"Population, 2021",716
2021S051259150055,59150055,Dissemination area,59150055,59150055,,"Population, 2021",522
2021S051259150056,59150056,Dissemination area,59150056,59150056,,"Population, 2021",708
2021S051259150059,59150059,Dissemination area,59150059,59150059,,"Population, 2021",1151
2021S051259150118,59150118,Dissemination area,59150118,59150118,,"Population, 2021",664
2021S051259151739,59151739,Dissemination area,59151739,59151739,,"Population, 2021",684
2021S051259151741,59151741,Dissemination area,59151741,59151741,,"Population, 2021",547
2021S051259151742,59151742,Dissemination area,59151742,59151742,,"Population, 2021",412
2021S051259151743,59151743,Dissemination area,59151743,59151743,,"Population, 2021",425
2021S051259151744,59151744,Dissemination area,59151744,59151744,,"Population, 2021",452
2021S051259151745,59151745,Dissemination area,59151745,59151745,,"Population, 2021",427
2021S051259151746,59151746,Dissemination area,59151746,59151746,,"Population, 2021",433
2021S051259151747,59151747,Dissemination area,59151747,59151747,,"Population, 2021",576
2021S051259151748,59151748,Dissemination area,59151748,59151748,,"Population, 2021",586
2021S051259151749,59151749,Dissemination area,59151749,59151749,,"Population, 2021",377
2021S051259151750,59151750,Dissemination area,59151750,59151750,,"Population, 2021",518
2021S051259151751,59151751,Dissemination area,59151751,59151751,,"Population, 2021",406
2021S051259151752,59151752,Dissemination area,59151752,59151752,,"Population, 2021",574
2021S051259151753,59151753,Dissemination area,59151753,59151753,,"Population, 2021",498
2021S051259153329,59153329,Dissemination area,59153329,59153329,,"Population, 2021",629
2021S051259153330,59153330,Dissemination area,59153330,59153330,,"Population, 2021",487
2021S051259153331,59153331,Dissemination area,59153331,59153331,,"Population, 2021",460
2021S051259153332,59153332,Dissemination area,59153332,59153332,,"Population, 2021",834
2021S051259153333,59153333,Dissemination area,59153333,59153333,,"Population, 2021",752
2021S051259153334,59153334,Dissemination area,59153334,59153334,,"Population, 2021",407
2021S051259153406,59153406,Dissemination area,59153406,59153406,,"Population, 2021",717
2021S051259153407,59153407,Dissemination area,59153407,59153407,,"Population, 2021",616
2021S051259153461,59153461,Dissemination area,59153461,59153461,,"Population, 2021",1760
2021S051259153462,59153462,Dissemination area,59153462,59153462,,"Population, 2021",0
2021S051259153463,59153463,Dissemination area,59153463,59153463,,"Population, 2021",37
2021S051259153881,59153881,Dissemination area,59153881,59153881,,"Population, 2021",580
2021S051259153882,59153882,Dissemination area,59153882,59153882,,"Population, 2021",1248
2021S051259153883,59153883,Dissemination area,59153883,59153883,,"Population, 2021",532
2021A00055915062,5915062,Census subdivision,"Bowen Island, Island municipality (IM)",Bowen Island,Island municipality (IM),"Population, 2021",4256
2021S051259153663,59153663,Dissemination area,59153663,59153663,,"Population, 2021",1065
2021S051259153664,59153664,Dissemination area,59153664,59153664,,"Population, 2021",317
2021S051259153665,59153665,Dissemination area,59153665,59153665,,"Population, 2021",1223
2021S051259153666,59153666,Dissemination area,59153666,59153666,,"Population, 2021",1055
2021S051259153667,59153667,Dissemination area,59153667,59153667,,"Population, 2021",596
2021A00055915065,5915065,Census subdivision,"Lions Bay, Village (VL)",Lions Bay,Village (VL),"Population, 2021",1390
2021S051259153567,59153567,Dissemination area,59153567,59153567,,"Population, 2021",951
2021S051259153568,59153568,Dissemination area,59153568,59153568,,"Population, 2021",439
2021A00055915070,5915070,Census subdivision,"Pitt Meadows, City (CY)",Pitt Meadows,City (CY),"Population, 2021",19146
2021S051259151774,59151774,Dissemination area,59151774,59151774,,"Population, 2021",337
2021S051259151775,59151775,Dissemination area,59151775,59151775,,"Population, 2021",1054
2021S051259151810,59151810,Dissemination area,59151810,59151810,,"Population, 2021",1516
2021S051259151811,59151811,Dissemination area,59151811,59151811,,"Population, 2021",554
2021S051259151816,59151816,Dissemination area,59151816,59151816,,"Population, 2021",714
2021S051259151817,59151817,Dissemination area,59151817,59151817,,"Population, 2021",774
2021S051259151818,59151818,Dissemination area,59151818,59151818,,"Population, 2021",279
2021S051259151819,59151819,Dissemination area,59151819,59151819,,"Population, 2021",1009
2021S051259151820,59151820,Dissemination area,59151820,59151820,,"Population, 2021",551
2021S051259151821,59151821,Dissemination area,59151821,59151821,,"Population, 2021",711
2021S051259151822,59151822,Dissemination area,59151822,59151822,,"Population, 2021",371
2021S051259151824,59151824,Dissemination area,59151824,59151824,,"Population, 2021",590
2021S051259151825,59151825,Dissemination area,59151825,59151825,,"Population, 2021",234
2021S051259151827,59151827,Dissemination area,59151827,59151827,,"Population, 2021",1903
2021S051259151828,59151828,Dissemination area,59151828,59151828,,"Population, 2021",563
2021S051259151829,59151829,Dissemination area,59151829,59151829,,"Population, 2021",714
2021S051259151830,59151830,Dissemination area,59151830,59151830,,"Population, 2021",598
2021S051259151831,59151831,Dissemination area,59151831,59151831,,"Population, 2021",2358
2021S051259151832,59151832,Dissemination area,59151832,59151832,,"Population, 2021",246
2021S051259153347,59153347,Dissemination area,59153347,59153347,,"Population, 2021",1267
2021S051259153554,59153554,Dissemination area,59153554,59153554,,"Population, 2021",1667
2021S051259153952,59153952,Dissemination area,59153952,59153952,,"Population, 2021",442
2021S051259153953,59153953,Dissemination area,59153953,59153953,,"Population, 2021",694
2021A00055915075,5915075,Census subdivision,"Maple Ridge, City (CY)",Maple Ridge,City (CY),"Population, 2021",90990
2021S051259151776,59151776,Dissemination area,59151776,59151776,,"Population, 2021",755
2021S051259151777,59151777,Dissemination area,59151777,59151777,,"Population, 2021",578
2021S051259151778,59151778,Dissemination area,59151778,59151778,,"Population, 2021",596
2021S051259151779,59151779,Dissemination area,59151779,59151779,,"Population, 2021",656
2021S051259151780,59151780,Dissemination area,59151780,59151780,,"Population, 2021",432
2021S051259151781,59151781,Dissemination area,59151781,59151781,,"Population, 2021",1289
2021S051259151782,59151782,Dissemination area,59151782,59151782,,"Population, 2021",372
2021S051259151783,59151783,Dissemination area,59151783,59151783,,"Population, 2021",532
2021S051259151784,59151784,Dissemination area,59151784,59151784,,"Population, 2021",439
2021S051259151785,59151785,Dissemination area,59151785,59151785,,"Population, 2021",500
2021S051259151786,59151786,Dissemination area,59151786,59151786,,"Population, 2021",728
2021S051259151787,59151787,Dissemination area,59151787,59151787,,"Population, 2021",543
2021S051259151788,59151788,Dissemination area,59151788,59151788,,"Population, 2021",259
2021S051259151789,59151789,Dissemination area,59151789,59151789,,"Population, 2021",296
2021S051259151790,59151790,Dissemination area,59151790,59151790,,"Population, 2021",477
2021S051259151791,59151791,Dissemination area,59151791,59151791,,"Population, 2021",815
2021S051259151792,59151792,Dissemination area,59151792,59151792,,"Population, 2021",360
2021S051259151793,59151793,Dissemination area,59151793,59151793,,"Population, 2021",961
2021S051259151794,59151794,Dissemination area,59151794,59151794,,"Population, 2021",433
2021S051259151795,59151795,Dissemination area,59151795,59151795,,"Population, 2021",478
2021S051259151796,59151796,Dissemination area,59151796,59151796,,"Population, 2021",511
2021S051259151797,59151797,Dissemination area,59151797,59151797,,"Population, 2021",431
2021S051259151798,59151798,Dissemination area,59151798,59151798,,"Population, 2021",422
2021S051259151799,59151799,Dissemination area,59151799,59151799,,"Population, 2021",369
2021S051259151800,59151800,Dissemination area,59151800,59151800,,"Population, 2021",679
2021S051259151801,59151801,Dissemination area,59151801,59151801,,"Population, 2021",666
2021S051259151802,59151802,Dissemination area,59151802,59151802,,"Population, 2021",923
2021S051259151803,59151803,Dissemination area,59151803,59151803,,"Population, 2021",389
2021S051259151804,59151804,Dissemination area,59151804,59151804,,"Population, 2021",501
2021S051259151805,59151805,Dissemination area,59151805,59151805,,"Population, 2021",878
2021S051259151806,59151806,Dissemination area,59151806,59151806,,"Population, 2021",202
2021S051259151807,59151807,Dissemination area,59151807,59151807,,"Population, 2021",323
2021S051259151808,59151808,Dissemination area,59151808,59151808,,"Population, 2021",476
2021S051259151809,59151809,Dissemination area,59151809,59151809,,"Population, 2021",1199
2021S051259152435,59152435,Dissemination area,59152435,59152435,,"Population, 2021",692
2021S051259152436,59152436,Dissemination area,59152436,59152436,,"Population, 2021",623
2021S051259152437,59152437,Dissemination area,59152437,59152437,,"Population, 2021",1238
2021S051259152440,59152440,Dissemination area,59152440,59152440,,"Population, 2021",447
2021S051259152441,59152441,Dissemination area,59152441,59152441,,"Population, 2021",384
2021S051259152442,59152442,Dissemination area,59152442,59152442,,"Population, 2021",759
2021S051259152443,59152443,Dissemination area,59152443,59152443,,"Population, 2021",517
2021S051259152444,59152444,Dissemination area,59152444,59152444,,"Population, 2021",356
2021S051259152445,59152445,Dissemination area,59152445,59152445,,"Population, 2021",848
2021S051259152446,59152446,Dissemination area,59152446,59152446,,"Population, 2021",444
2021S051259152448,59152448,Dissemination area,59152448,59152448,,"Population, 2021",466
2021S051259152449,59152449,Dissemination area,59152449,59152449,,"Population, 2021",413
2021S051259152450,59152450,Dissemination area,59152450,59152450,,"Population, 2021",707
2021S051259152451,59152451,Dissemination area,59152451,59152451,,"Population, 2021",596
2021S051259152452,59152452,Dissemination area,59152452,59152452,,"Population, 2021",282
2021S051259152453,59152453,Dissemination area,59152453,59152453,,"Population, 2021",689
2021S051259152454,59152454,Dissemination area,59152454,59152454,,"Population, 2021",665
2021S051259152455,59152455,Dissemination area,59152455,59152455,,"Population, 2021",1474
2021S051259152456,59152456,Dissemination area,59152456,59152456,,"Population, 2021",1657
2021S051259152458,59152458,Dissemination area,59152458,59152458,,"Population, 2021",486
2021S051259152459,59152459,Dissemination area,59152459,59152459,,"Population, 2021",536
2021S051259152460,59152460,Dissemination area,59152460,59152460,,"Population, 2021",813
2021S051259152461,59152461,Dissemination area,59152461,59152461,,"Population, 2021",496
2021S051259152462,59152462,Dissemination area,59152462,59152462,,"Population, 2021",752
2021S051259152463,59152463,Dissemination area,59152463,59152463,,"Population, 2021",708
2021S051259152464,59152464,Dissemination area,59152464,59152464,,"Population, 2021",605
2021S051259152465,59152465,Dissemination area,59152465,59152465,,"Population, 2021",337
2021S051259152466,59152466,Dissemination area,59152466,59152466,,"Population, 2021",589
2021S051259152467,59152467,Dissemination area,59152467,59152467,,"Population, 2021",426
2021S051259152468,59152468,Dissemination area,59152468,59152468,,"Population, 2021",420
2021S051259152469,59152469,Dissemination area,59152469,59152469,,"Population, 2021",430
2021S051259152470,59152470,Dissemination area,59152470,59152470,,"Population, 2021",401
2021S051259152471,59152471,Dissemination area,59152471,59152471,,"Population, 2021",433
2021S051259152472,59152472,Dissemination area,59152472,59152472,,"Population, 2021",491
2021S051259152474,59152474,Dissemination area,59152474,59152474,,"Population, 2021",1052
2021S051259152477,59152477,Dissemination area,59152477,59152477,,"Population, 2021",763
2021S051259152479,59152479,Dissemination area,59152479,59152479,,"Population, 2021",747
2021S051259152480,59152480,Dissemination area,59152480,59152480,,"Population, 2021",1588
2021S051259152481,59152481,Dissemination area,59152481,59152481,,"Population, 2021",601
2021S051259152482,59152482,Dissemination area,59152482,59152482,,"Population, 2021",245
2021S051259152483,59152483,Dissemination area,59152483,59152483,,"Population, 2021",1505
2021S051259152537,59152537,Dissemination area,59152537,59152537,,"Population, 2021",716
2021S051259152539,59152539,Dissemination area,59152539,59152539,,"Population, 2021",1571
2021S051259152540,59152540,Dissemination area,59152540,59152540,,"Population, 2021",387
2021S051259152541,59152541,Dissemination area,59152541,59152541,,"Population, 2021",327
2021S051259152542,59152542,Dissemination area,59152542,59152542,,"Population, 2021",450
2021S051259152543,59152543,Dissemination area,59152543,59152543,,"Population, 2021",308
2021S051259152544,59152544,Dissemination area,59152544,59152544,,"Population, 2021",753
2021S051259152547,59152547,Dissemination area,59152547,59152547,,"Population, 2021",1014
2021S051259152548,59152548,Dissemination area,59152548,59152548,,"Population, 2021",702
2021S051259152786,59152786,Dissemination area,59152786,59152786,,"Population, 2021",414
2021S051259152787,59152787,Dissemination area,59152787,59152787,,"Population, 2021",387
2021S051259153440,59153440,Dissemination area,59153440,59153440,,"Population, 2021",1033
2021S051259153441,59153441,Dissemination area,59153441,59153441,,"Population, 2021",608
2021S051259153443,59153443,Dissemination area,59153443,59153443,,"Population, 2021",512
2021S051259153513,59153513,Dissemination area,59153513,59153513,,"Population, 2021",375
2021S051259153745,59153745,Dissemination area,59153745,59153745,,"Population, 2021",503
2021S051259153746,59153746,Dissemination area,59153746,59153746,,"Population, 2021",483
2021S051259153747,59153747,Dissemination area,59153747,59153747,,"Population, 2021",477
2021S051259153748,59153748,Dissemination area,59153748,59153748,,"Population, 2021",583
2021S051259153749,59153749,Dissemination area,59153749,59153749,,"Population, 2021",442
2021S051259153966,59153966,Dissemination area,59153966,59153966,,"Population, 2021",304
2021S051259153967,59153967,Dissemination area,59153967,59153967,,"Population, 2021",462
2021S051259153968,59153968,Dissemination area,59153968,59153968,,"Population, 2021",659
2021S051259153969,59153969,Dissemination area,59153969,59153969,,"Population, 2021",789
2021S051259153974,59153974,Dissemination area,59153974,59153974,,"Population, 2021",804
2021S051259153975,59153975,Dissemination area,59153975,59153975,,"Population, 2021",722
2021S051259153976,59153976,Dissemination area,59153976,59153976,,"Population, 2021",2319
2021S051259153977,59153977,Dissemination area,59153977,59153977,,"Population, 2021",731
2021S051259153978,59153978,Dissemination area,59153978,59153978,,"Population, 2021",990
2021S051259153979,59153979,Dissemination area,59153979,59153979,,"Population, 2021",802
2021S051259153982,59153982,Dissemination area,59153982,59153982,,"Population, 2021",2220
2021S051259153983,59153983,Dissemination area,59153983,59153983,,"Population, 2021",1557
2021S051259153992,59153992,Dissemination area,59153992,59153992,,"Population, 2021",878
2021S051259153993,59153993,Dissemination area,59153993,59153993,,"Population, 2021",619
2021S051259153998,59153998,Dissemination area,59153998,59153998,,"Population, 2021",1130
2021S051259153999,59153999,Dissemination area,59153999,59153999,,"Population, 2021",2635
2021S051259154364,59154364,Dissemination area,59154364,59154364,,"Population, 2021",605
2021S051259154387,59154387,Dissemination area,59154387,59154387,,"Population, 2021",320
2021S051259154388,59154388,Dissemination area,59154388,59154388,,"Population, 2021",361
2021S051259154390,59154390,Dissemination area,59154390,59154390,,"Population, 2021",1801
2021S051259154391,59154391,Dissemination area,59154391,59154391,,"Population, 2021",766
2021S051259154392,59154392,Dissemination area,59154392,59154392,,"Population, 2021",1641
2021S051259154393,59154393,Dissemination area,59154393,59154393,,"Population, 2021",1294
2021S051259154394,59154394,Dissemination area,59154394,59154394,,"Population, 2021",1347
2021S051259154395,59154395,Dissemination area,59154395,59154395,,"Population, 2021",2541
2021S051259154396,59154396,Dissemination area,59154396,59154396,,"Population, 2021",594
2021S051259154397,59154397,Dissemination area,59154397,59154397,,"Population, 2021",2905
2021A00055915801,5915801,Census subdivision,"Semiahmoo, Indian reserve (IRI)",Semiahmoo,Indian reserve (IRI),"Population, 2021",71
2021S051259152579,59152579,Dissemination area,59152579,59152579,,"Population, 2021",71
2021A00055915802,5915802,Census subdivision,"Tsawwassen, Tsawwassen Lands (TWL)",Tsawwassen,Tsawwassen Lands (TWL),"Population, 2021",2256
2021S051259154016,59154016,Dissemination area,59154016,59154016,,"Population, 2021",1453
2021S051259154017,59154017,Dissemination area,59154017,59154017,,"Population, 2021",803
2021A00055915803,5915803,Census subdivision,"Musqueam 2, Indian reserve (IRI)",Musqueam 2,Indian reserve (IRI),"Population, 2021",1646
2021S051259150952,59150952,Dissemination area,59150952,59150952,,"Population, 2021",677
2021S051259154012,59154012,Dissemination area,59154012,59154012,,"Population, 2021",593
2021S051259154013,59154013,Dissemination area,59154013,59154013,,"Population, 2021",376
2021A00055915804,5915804,Census subdivision,"Coquitlam 2, Indian reserve (IRI)",Coquitlam 2,Indian reserve (IRI),"Population, 2021",0
2021S051259153004,59153004,Dissemination area,59153004,59153004,,"Population, 2021",0
2021A00055915805,5915805,Census subdivision,"Coquitlam 1, Indian reserve (IRI)",Coquitlam 1,Indian reserve (IRI),"Population, 2021",55
2021S051259154117,59154117,Dissemination area,59154117,59154117,,"Population, 2021",55
2021A00055915806,5915806,Census subdivision,"Burrard Inlet 3, Indian reserve (IRI)",Burrard Inlet 3,Indian reserve (IRI),"Population, 2021",2373
2021S051259154407,59154407,Dissemination area,59154407,59154407,,"Population, 2021",2373
2021A00055915807,5915807,Census subdivision,"Mission 1, Indian reserve (IRI)",Mission 1,Indian reserve (IRI),"Population, 2021",570
2021S051259153240,59153240,Dissemination area,59153240,59153240,,"Population, 2021",570
2021A00055915808,5915808,Census subdivision,"Capilano 5, Indian reserve (IRI)",Capilano 5,Indian reserve (IRI),"Population, 2021",2899
2021S051259154014,59154014,Dissemination area,59154014,59154014,,"Population, 2021",742
2021S051259154015,59154015,Dissemination area,59154015,59154015,,"Population, 2021",1103
2021S051259154053,59154053,Dissemination area,59154053,59154053,,"Population, 2021",156
2021S051259154054,59154054,Dissemination area,59154054,59154054,,"Population, 2021",898
2021A00055915809,5915809,Census subdivision,"Barnston Island 3, Indian reserve (IRI)",Barnston Island 3,Indian reserve (IRI),"Population, 2021",
2021S051259153732,59153732,Dissemination area,59153732,59153732,,"Population, 2021",
2021A00055915810,5915810,Census subdivision,"Musqueam 4, Indian reserve (IRI)",Musqueam 4,Indian reserve (IRI),"Population, 2021",10
2021S051259153604,59153604,Dissemination area,59153604,59153604,,"Population, 2021",10
2021A00055915811,5915811,Census subdivision,"Seymour Creek 2, Indian reserve (IRI)",Seymour Creek 2,Indian reserve (IRI),"Population, 2021",105
2021S051259153574,59153574,Dissemination area,59153574,59153574,,"Population, 2021",89
2021S051259153577,59153577,Dissemination area,59153577,59153577,,"Population, 2021",16
2021A00055915813,5915813,Census subdivision,"Katzie 2, Indian reserve (IRI)",Katzie 2,Indian reserve (IRI),"Population, 2021",26
2021S051259152433,59152433,Dissemination area,59152433,59152433,,"Population, 2021",26
2021A00055915816,5915816,Census subdivision,"McMillan Island 6, Indian reserve (IRI)",McMillan Island 6,Indian reserve (IRI),"Population, 2021",96
2021S051259153754,59153754,Dissemination area,59153754,59153754,,"Population, 2021",96
2021A00055915825,5915825,Census subdivision,"Matsqui 4, Indian reserve (IRI)",Matsqui 4,Indian reserve (IRI),"Population, 2021",456
2021S051259154055,59154055,Dissemination area,59154055,59154055,,"Population, 2021",361
2021S051259154056,59154056,Dissemination area,59154056,59154056,,"Population, 2021",95
2021A00055915830,5915830,Census subdivision,"Katzie 1, Indian reserve (IRI)",Katzie 1,Indian reserve (IRI),"Population, 2021",244
2021S051259151833,59151833,Dissemination area,59151833,59151833,,"Population, 2021",244
2021A00055915840,5915840,Census subdivision,"Whonnock 1, Indian reserve (IRI)",Whonnock 1,Indian reserve (IRI),"Population, 2021",5
2021S051259153750,59153750,Dissemination area,59153750,59153750,,"Population, 2021",5
2021A00035917,5917,Census division,"Capital, Regional district (RD)",Capital,Regional district (RD),"Population, 2021",415451
2021A00055917005,5917005,Census subdivision,"North Saanich, District municipality (DM)",North Saanich,District municipality (DM),"Population, 2021",12235
2021S051259170033,59170033,Dissemination area,59170033,59170033,,"Population, 2021",992
2021S051259170034,59170034,Dissemination area,59170034,59170034,,"Population, 2021",565
2021S051259170051,59170051,Dissemination area,59170051,59170051,,"Population, 2021",847
2021S051259170052,59170052,Dissemination area,59170052,59170052,,"Population, 2021",780
2021S051259170053,59170053,Dissemination area,59170053,59170053,,"Population, 2021",576
2021S051259170054,59170054,Dissemination area,59170054,59170054,,"Population, 2021",627
2021S051259170055,59170055,Dissemination area,59170055,59170055,,"Population, 2021",419
2021S051259170056,59170056,Dissemination area,59170056,59170056,,"Population, 2021",791
2021S051259170545,59170545,Dissemination area,59170545,59170545,,"Population, 2021",998
2021S051259170548,59170548,Dissemination area,59170548,59170548,,"Population, 2021",652
2021S051259170549,59170549,Dissemination area,59170549,59170549,,"Population, 2021",834
2021S051259170550,59170550,Dissemination area,59170550,59170550,,"Population, 2021",527
2021S051259170551,59170551,Dissemination area,59170551,59170551,,"Population, 2021",516
2021S051259170552,59170552,Dissemination area,59170552,59170552,,"Population, 2021",650
2021S051259170553,59170553,Dissemination area,59170553,59170553,,"Population, 2021",425
2021S051259170718,59170718,Dissemination area,59170718,59170718,,"Population, 2021",377
2021S051259170719,59170719,Dissemination area,59170719,59170719,,"Population, 2021",422
2021S051259170720,59170720,Dissemination area,59170720,59170720,,"Population, 2021",601
2021S051259170721,59170721,Dissemination area,59170721,59170721,,"Population, 2021",636
2021A00055917010,5917010,Census subdivision,"Sidney, Town (T)",Sidney,Town (T),"Population, 2021",12318
2021S051259170035,59170035,Dissemination area,59170035,59170035,,"Population, 2021",526
2021S051259170036,59170036,Dissemination area,59170036,59170036,,"Population, 2021",633
2021S051259170037,59170037,Dissemination area,59170037,59170037,,"Population, 2021",477
2021S051259170038,59170038,Dissemination area,59170038,59170038,,"Population, 2021",579
2021S051259170039,59170039,Dissemination area,59170039,59170039,,"Population, 2021",555
2021S051259170040,59170040,Dissemination area,59170040,59170040,,"Population, 2021",612
2021S051259170041,59170041,Dissemination area,59170041,59170041,,"Population, 2021",672
2021S051259170042,59170042,Dissemination area,59170042,59170042,,"Population, 2021",604
2021S051259170043,59170043,Dissemination area,59170043,59170043,,"Population, 2021",657
2021S051259170044,59170044,Dissemination area,59170044,59170044,,"Population, 2021",688
2021S051259170045,59170045,Dissemination area,59170045,59170045,,"Population, 2021",471
2021S051259170046,59170046,Dissemination area,59170046,59170046,,"Population, 2021",534
2021S051259170047,59170047,Dissemination area,59170047,59170047,,"Population, 2021",821
2021S051259170048,59170048,Dissemination area,59170048,59170048,,"Population, 2021",298
2021S051259170049,59170049,Dissemination area,59170049,59170049,,"Population, 2021",620
2021S051259170546,59170546,Dissemination area,59170546,59170546,,"Population, 2021",783
2021S051259170602,59170602,Dissemination area,59170602,59170602,,"Population, 2021",516
2021S051259170603,59170603,Dissemination area,59170603,59170603,,"Population, 2021",486
2021S051259170604,59170604,Dissemination area,59170604,59170604,,"Population, 2021",645
2021S051259170619,59170619,Dissemination area,59170619,59170619,,"Population, 2021",352
2021S051259170620,59170620,Dissemination area,59170620,59170620,,"Population, 2021",475
2021S051259170621,59170621,Dissemination area,59170621,59170621,,"Population, 2021",314
2021A00055917015,5917015,Census subdivision,"Central Saanich, District municipality (DM)",Central Saanich,District municipality (DM),"Population, 2021",17385
2021S051259170070,59170070,Dissemination area,59170070,59170070,,"Population, 2021",577
2021S051259170071,59170071,Dissemination area,59170071,59170071,,"Population, 2021",723
2021S051259170072,59170072,Dissemination area,59170072,59170072,,"Population, 2021",830
2021S051259170451,59170451,Dissemination area,59170451,59170451,,"Population, 2021",463
2021S051259170452,59170452,Dissemination area,59170452,59170452,,"Population, 2021",620
2021S051259170453,59170453,Dissemination area,59170453,59170453,,"Population, 2021",534
2021S051259170454,59170454,Dissemination area,59170454,59170454,,"Population, 2021",516
2021S051259170455,59170455,Dissemination area,59170455,59170455,,"Population, 2021",737
2021S051259170456,59170456,Dissemination area,59170456,59170456,,"Population, 2021",676
2021S051259170457,59170457,Dissemination area,59170457,59170457,,"Population, 2021",392
2021S051259170707,59170707,Dissemination area,59170707,59170707,,"Population, 2021",398
2021S051259170708,59170708,Dissemination area,59170708,59170708,,"Population, 2021",900
2021S051259170709,59170709,Dissemination area,59170709,59170709,,"Population, 2021",584
2021S051259170710,59170710,Dissemination area,59170710,59170710,,"Population, 2021",604
2021S051259170711,59170711,Dissemination area,59170711,59170711,,"Population, 2021",1389
2021S051259170712,59170712,Dissemination area,59170712,59170712,,"Population, 2021",283
2021S051259170713,59170713,Dissemination area,59170713,59170713,,"Population, 2021",956
2021S051259170715,59170715,Dissemination area,59170715,59170715,,"Population, 2021",551
2021S051259170716,59170716,Dissemination area,59170716,59170716,,"Population, 2021",403
2021S051259170725,59170725,Dissemination area,59170725,59170725,,"Population, 2021",988
2021S051259170726,59170726,Dissemination area,59170726,59170726,,"Population, 2021",293
2021S051259170728,59170728,Dissemination area,59170728,59170728,,"Population, 2021",509
2021S051259170729,59170729,Dissemination area,59170729,59170729,,"Population, 2021",353
2021S051259170730,59170730,Dissemination area,59170730,59170730,,"Population, 2021",1085
2021S051259170731,59170731,Dissemination area,59170731,59170731,,"Population, 2021",484
2021S051259170732,59170732,Dissemination area,59170732,59170732,,"Population, 2021",261
2021S051259170733,59170733,Dissemination area,59170733,59170733,,"Population, 2021",822
2021S051259170734,59170734,Dissemination area,59170734,59170734,,"Population, 2021",454
2021A00055917021,5917021,Census subdivision,"Saanich, District municipality (DM)",Saanich,District municipality (DM),"Population, 2021",117735
2021S051259170074,59170074,Dissemination area,59170074,59170074,,"Population, 2021",538
2021S051259170075,59170075,Dissemination area,59170075,59170075,,"Population, 2021",563
2021S051259170076,59170076,Dissemination area,59170076,59170076,,"Population, 2021",1483
2021S051259170077,59170077,Dissemination area,59170077,59170077,,"Population, 2021",779
2021S051259170079,59170079,Dissemination area,59170079,59170079,,"Population, 2021",636
2021S051259170081,59170081,Dissemination area,59170081,59170081,,"Population, 2021",526
2021S051259170082,59170082,Dissemination area,59170082,59170082,,"Population, 2021",675
2021S051259170084,59170084,Dissemination area,59170084,59170084,,"Population, 2021",672
2021S051259170085,59170085,Dissemination area,59170085,59170085,,"Population, 2021",688
2021S051259170094,59170094,Dissemination area,59170094,59170094,,"Population, 2021",746
2021S051259170095,59170095,Dissemination area,59170095,59170095,,"Population, 2021",1312
2021S051259170096,59170096,Dissemination area,59170096,59170096,,"Population, 2021",968
2021S051259170097,59170097,Dissemination area,59170097,59170097,,"Population, 2021",624
2021S051259170098,59170098,Dissemination area,59170098,59170098,,"Population, 2021",459
2021S051259170100,59170100,Dissemination area,59170100,59170100,,"Population, 2021",630
2021S051259170101,59170101,Dissemination area,59170101,59170101,,"Population, 2021",970
2021S051259170102,59170102,Dissemination area,59170102,59170102,,"Population, 2021",800
2021S051259170103,59170103,Dissemination area,59170103,59170103,,"Population, 2021",871
2021S051259170104,59170104,Dissemination area,59170104,59170104,,"Population, 2021",280
2021S051259170105,59170105,Dissemination area,59170105,59170105,,"Population, 2021",625
2021S051259170106,59170106,Dissemination area,59170106,59170106,,"Population, 2021",621
2021S051259170111,59170111,Dissemination area,59170111,59170111,,"Population, 2021",450
2021S051259170112,59170112,Dissemination area,59170112,59170112,,"Population, 2021",445
2021S051259170113,59170113,Dissemination area,59170113,59170113,,"Population, 2021",476
2021S051259170114,59170114,Dissemination area,59170114,59170114,,"Population, 2021",1163
2021S051259170115,59170115,Dissemination area,59170115,59170115,,"Population, 2021",655
2021S051259170116,59170116,Dissemination area,59170116,59170116,,"Population, 2021",464
2021S051259170117,59170117,Dissemination area,59170117,59170117,,"Population, 2021",400
2021S051259170118,59170118,Dissemination area,59170118,59170118,,"Population, 2021",573
2021S051259170119,59170119,Dissemination area,59170119,59170119,,"Population, 2021",521
2021S051259170120,59170120,Dissemination area,59170120,59170120,,"Population, 2021",533
2021S051259170121,59170121,Dissemination area,59170121,59170121,,"Population, 2021",528
2021S051259170122,59170122,Dissemination area,59170122,59170122,,"Population, 2021",1091
2021S051259170123,59170123,Dissemination area,59170123,59170123,,"Population, 2021",499
2021S051259170124,59170124,Dissemination area,59170124,59170124,,"Population, 2021",685
2021S051259170125,59170125,Dissemination area,59170125,59170125,,"Population, 2021",820
2021S051259170221,59170221,Dissemination area,59170221,59170221,,"Population, 2021",574
2021S051259170222,59170222,Dissemination area,59170222,59170222,,"Population, 2021",728
2021S051259170223,59170223,Dissemination area,59170223,59170223,,"Population, 2021",944
2021S051259170230,59170230,Dissemination area,59170230,59170230,,"Population, 2021",622
2021S051259170231,59170231,Dissemination area,59170231,59170231,,"Population, 2021",402
2021S051259170233,59170233,Dissemination area,59170233,59170233,,"Population, 2021",651
2021S051259170234,59170234,Dissemination area,59170234,59170234,,"Population, 2021",690
2021S051259170235,59170235,Dissemination area,59170235,59170235,,"Population, 2021",748
2021S051259170236,59170236,Dissemination area,59170236,59170236,,"Population, 2021",533
2021S051259170237,59170237,Dissemination area,59170237,59170237,,"Population, 2021",606
2021S051259170238,59170238,Dissemination area,59170238,59170238,,"Population, 2021",593
2021S051259170239,59170239,Dissemination area,59170239,59170239,,"Population, 2021",578
2021S051259170240,59170240,Dissemination area,59170240,59170240,,"Population, 2021",697
2021S051259170241,59170241,Dissemination area,59170241,59170241,,"Population, 2021",723
2021S051259170242,59170242,Dissemination area,59170242,59170242,,"Population, 2021",962
2021S051259170243,59170243,Dissemination area,59170243,59170243,,"Population, 2021",596
2021S051259170244,59170244,Dissemination area,59170244,59170244,,"Population, 2021",807
2021S051259170245,59170245,Dissemination area,59170245,59170245,,"Population, 2021",923
2021S051259170246,59170246,Dissemination area,59170246,59170246,,"Population, 2021",682
2021S051259170247,59170247,Dissemination area,59170247,59170247,,"Population, 2021",414
2021S051259170248,59170248,Dissemination area,59170248,59170248,,"Population, 2021",485
2021S051259170249,59170249,Dissemination area,59170249,59170249,,"Population, 2021",611
2021S051259170250,59170250,Dissemination area,59170250,59170250,,"Population, 2021",468
2021S051259170251,59170251,Dissemination area,59170251,59170251,,"Population, 2021",493
2021S051259170252,59170252,Dissemination area,59170252,59170252,,"Population, 2021",1101
2021S051259170253,59170253,Dissemination area,59170253,59170253,,"Population, 2021",416
2021S051259170254,59170254,Dissemination area,59170254,59170254,,"Population, 2021",446
2021S051259170255,59170255,Dissemination area,59170255,59170255,,"Population, 2021",410
2021S051259170256,59170256,Dissemination area,59170256,59170256,,"Population, 2021",674
2021S051259170257,59170257,Dissemination area,59170257,59170257,,"Population, 2021",768
2021S051259170258,59170258,Dissemination area,59170258,59170258,,"Population, 2021",751
2021S051259170259,59170259,Dissemination area,59170259,59170259,,"Population, 2021",434
2021S051259170260,59170260,Dissemination area,59170260,59170260,,"Population, 2021",635
2021S051259170262,59170262,Dissemination area,59170262,59170262,,"Population, 2021",612
2021S051259170263,59170263,Dissemination area,59170263,59170263,,"Population, 2021",496
2021S051259170264,59170264,Dissemination area,59170264,59170264,,"Population, 2021",641
2021S051259170265,59170265,Dissemination area,59170265,59170265,,"Population, 2021",448
2021S051259170266,59170266,Dissemination area,59170266,59170266,,"Population, 2021",518
2021S051259170267,59170267,Dissemination area,59170267,59170267,,"Population, 2021",367
2021S051259170268,59170268,Dissemination area,59170268,59170268,,"Population, 2021",243
2021S051259170271,59170271,Dissemination area,59170271,59170271,,"Population, 2021",253
2021S051259170337,59170337,Dissemination area,59170337,59170337,,"Population, 2021",526
2021S051259170338,59170338,Dissemination area,59170338,59170338,,"Population, 2021",653
2021S051259170339,59170339,Dissemination area,59170339,59170339,,"Population, 2021",476
2021S051259170343,59170343,Dissemination area,59170343,59170343,,"Population, 2021",490
2021S051259170344,59170344,Dissemination area,59170344,59170344,,"Population, 2021",467
2021S051259170345,59170345,Dissemination area,59170345,59170345,,"Population, 2021",455
2021S051259170346,59170346,Dissemination area,59170346,59170346,,"Population, 2021",455
2021S051259170347,59170347,Dissemination area,59170347,59170347,,"Population, 2021",556
2021S051259170348,59170348,Dissemination area,59170348,59170348,,"Population, 2021",575
2021S051259170349,59170349,Dissemination area,59170349,59170349,,"Population, 2021",961
2021S051259170350,59170350,Dissemination area,59170350,59170350,,"Population, 2021",445
2021S051259170351,59170351,Dissemination area,59170351,59170351,,"Population, 2021",527
2021S051259170352,59170352,Dissemination area,59170352,59170352,,"Population, 2021",907
2021S051259170353,59170353,Dissemination area,59170353,59170353,,"Population, 2021",921
2021S051259170354,59170354,Dissemination area,59170354,59170354,,"Population, 2021",317
2021S051259170357,59170357,Dissemination area,59170357,59170357,,"Population, 2021",518
2021S051259170359,59170359,Dissemination area,59170359,59170359,,"Population, 2021",465
2021S051259170360,59170360,Dissemination area,59170360,59170360,,"Population, 2021",571
2021S051259170361,59170361,Dissemination area,59170361,59170361,,"Population, 2021",829
2021S051259170362,59170362,Dissemination area,59170362,59170362,,"Population, 2021",662
2021S051259170363,59170363,Dissemination area,59170363,59170363,,"Population, 2021",748
2021S051259170364,59170364,Dissemination area,59170364,59170364,,"Population, 2021",688
2021S051259170365,59170365,Dissemination area,59170365,59170365,,"Population, 2021",499
2021S051259170392,59170392,Dissemination area,59170392,59170392,,"Population, 2021",780
2021S051259170393,59170393,Dissemination area,59170393,59170393,,"Population, 2021",491
2021S051259170396,59170396,Dissemination area,59170396,59170396,,"Population, 2021",697
2021S051259170397,59170397,Dissemination area,59170397,59170397,,"Population, 2021",671
2021S051259170399,59170399,Dissemination area,59170399,59170399,,"Population, 2021",601
2021S051259170406,59170406,Dissemination area,59170406,59170406,,"Population, 2021",519
2021S051259170407,59170407,Dissemination area,59170407,59170407,,"Population, 2021",634
2021S051259170408,59170408,Dissemination area,59170408,59170408,,"Population, 2021",1401
2021S051259170409,59170409,Dissemination area,59170409,59170409,,"Population, 2021",946
2021S051259170410,59170410,Dissemination area,59170410,59170410,,"Population, 2021",612
2021S051259170463,59170463,Dissemination area,59170463,59170463,,"Population, 2021",595
2021S051259170464,59170464,Dissemination area,59170464,59170464,,"Population, 2021",425
2021S051259170466,59170466,Dissemination area,59170466,59170466,,"Population, 2021",517
2021S051259170468,59170468,Dissemination area,59170468,59170468,,"Population, 2021",632
2021S051259170469,59170469,Dissemination area,59170469,59170469,,"Population, 2021",545
2021S051259170470,59170470,Dissemination area,59170470,59170470,,"Population, 2021",730
2021S051259170471,59170471,Dissemination area,59170471,59170471,,"Population, 2021",579
2021S051259170559,59170559,Dissemination area,59170559,59170559,,"Population, 2021",612
2021S051259170560,59170560,Dissemination area,59170560,59170560,,"Population, 2021",450
2021S051259170561,59170561,Dissemination area,59170561,59170561,,"Population, 2021",480
2021S051259170562,59170562,Dissemination area,59170562,59170562,,"Population, 2021",468
2021S051259170563,59170563,Dissemination area,59170563,59170563,,"Population, 2021",593
2021S051259170564,59170564,Dissemination area,59170564,59170564,,"Population, 2021",600
2021S051259170565,59170565,Dissemination area,59170565,59170565,,"Population, 2021",543
2021S051259170566,59170566,Dissemination area,59170566,59170566,,"Population, 2021",574
2021S051259170567,59170567,Dissemination area,59170567,59170567,,"Population, 2021",860
2021S051259170568,59170568,Dissemination area,59170568,59170568,,"Population, 2021",489
2021S051259170569,59170569,Dissemination area,59170569,59170569,,"Population, 2021",588
2021S051259170570,59170570,Dissemination area,59170570,59170570,,"Population, 2021",433
2021S051259170571,59170571,Dissemination area,59170571,59170571,,"Population, 2021",517
2021S051259170574,59170574,Dissemination area,59170574,59170574,,"Population, 2021",490
2021S051259170575,59170575,Dissemination area,59170575,59170575,,"Population, 2021",812
2021S051259170576,59170576,Dissemination area,59170576,59170576,,"Population, 2021",710
2021S051259170577,59170577,Dissemination area,59170577,59170577,,"Population, 2021",443
2021S051259170578,59170578,Dissemination area,59170578,59170578,,"Population, 2021",562
2021S051259170579,59170579,Dissemination area,59170579,59170579,,"Population, 2021",619
2021S051259170581,59170581,Dissemination area,59170581,59170581,,"Population, 2021",788
2021S051259170582,59170582,Dissemination area,59170582,59170582,,"Population, 2021",805
2021S051259170583,59170583,Dissemination area,59170583,59170583,,"Population, 2021",692
2021S051259170584,59170584,Dissemination area,59170584,59170584,,"Population, 2021",894
2021S051259170585,59170585,Dissemination area,59170585,59170585,,"Population, 2021",540
2021S051259170586,59170586,Dissemination area,59170586,59170586,,"Population, 2021",550
2021S051259170587,59170587,Dissemination area,59170587,59170587,,"Population, 2021",542
2021S051259170588,59170588,Dissemination area,59170588,59170588,,"Population, 2021",589
2021S051259170589,59170589,Dissemination area,59170589,59170589,,"Population, 2021",896
2021S051259170591,59170591,Dissemination area,59170591,59170591,,"Population, 2021",587
2021S051259170596,59170596,Dissemination area,59170596,59170596,,"Population, 2021",561
2021S051259170597,59170597,Dissemination area,59170597,59170597,,"Population, 2021",600
2021S051259170599,59170599,Dissemination area,59170599,59170599,,"Population, 2021",554
2021S051259170617,59170617,Dissemination area,59170617,59170617,,"Population, 2021",621
2021S051259170699,59170699,Dissemination area,59170699,59170699,,"Population, 2021",887
2021S051259170700,59170700,Dissemination area,59170700,59170700,,"Population, 2021",536
2021S051259170701,59170701,Dissemination area,59170701,59170701,,"Population, 2021",547
2021S051259170735,59170735,Dissemination area,59170735,59170735,,"Population, 2021",681
2021S051259170736,59170736,Dissemination area,59170736,59170736,,"Population, 2021",301
2021S051259170738,59170738,Dissemination area,59170738,59170738,,"Population, 2021",829
2021S051259170739,59170739,Dissemination area,59170739,59170739,,"Population, 2021",672
2021S051259170741,59170741,Dissemination area,59170741,59170741,,"Population, 2021",579
2021S051259170742,59170742,Dissemination area,59170742,59170742,,"Population, 2021",1364
2021S051259170743,59170743,Dissemination area,59170743,59170743,,"Population, 2021",483
2021S051259170744,59170744,Dissemination area,59170744,59170744,,"Population, 2021",507
2021S051259170746,59170746,Dissemination area,59170746,59170746,,"Population, 2021",393
2021S051259170747,59170747,Dissemination area,59170747,59170747,,"Population, 2021",545
2021S051259170748,59170748,Dissemination area,59170748,59170748,,"Population, 2021",666
2021S051259170749,59170749,Dissemination area,59170749,59170749,,"Population, 2021",441
2021S051259170750,59170750,Dissemination area,59170750,59170750,,"Population, 2021",441
2021S051259170751,59170751,Dissemination area,59170751,59170751,,"Population, 2021",396
2021S051259170753,59170753,Dissemination area,59170753,59170753,,"Population, 2021",334
2021S051259170754,59170754,Dissemination area,59170754,59170754,,"Population, 2021",354
2021S051259170755,59170755,Dissemination area,59170755,59170755,,"Population, 2021",693
2021S051259170756,59170756,Dissemination area,59170756,59170756,,"Population, 2021",771
2021S051259170758,59170758,Dissemination area,59170758,59170758,,"Population, 2021",657
2021S051259170759,59170759,Dissemination area,59170759,59170759,,"Population, 2021",1141
2021S051259170760,59170760,Dissemination area,59170760,59170760,,"Population, 2021",594
2021S051259170761,59170761,Dissemination area,59170761,59170761,,"Population, 2021",834
2021S051259170762,59170762,Dissemination area,59170762,59170762,,"Population, 2021",949
2021S051259170763,59170763,Dissemination area,59170763,59170763,,"Population, 2021",393
2021S051259170764,59170764,Dissemination area,59170764,59170764,,"Population, 2021",272
2021S051259170765,59170765,Dissemination area,59170765,59170765,,"Population, 2021",253
2021S051259170766,59170766,Dissemination area,59170766,59170766,,"Population, 2021",351
2021S051259170768,59170768,Dissemination area,59170768,59170768,,"Population, 2021",500
2021S051259170769,59170769,Dissemination area,59170769,59170769,,"Population, 2021",388
2021S051259170770,59170770,Dissemination area,59170770,59170770,,"Population, 2021",322
2021S051259170771,59170771,Dissemination area,59170771,59170771,,"Population, 2021",471
2021S051259170772,59170772,Dissemination area,59170772,59170772,,"Population, 2021",588
2021S051259170773,59170773,Dissemination area,59170773,59170773,,"Population, 2021",799
2021S051259170774,59170774,Dissemination area,59170774,59170774,,"Population, 2021",541
2021S051259170776,59170776,Dissemination area,59170776,59170776,,"Population, 2021",771
2021S051259170777,59170777,Dissemination area,59170777,59170777,,"Population, 2021",385
2021S051259170778,59170778,Dissemination area,59170778,59170778,,"Population, 2021",446
2021A00055917027,5917027,Census subdivision,"Saltspring Island, Regional district electoral area (RDA)",Saltspring Island,Regional district electoral area (RDA),"Population, 2021",11635
2021S051259170631,59170631,Dissemination area,59170631,59170631,,"Population, 2021",1749
2021S051259170632,59170632,Dissemination area,59170632,59170632,,"Population, 2021",718
2021S051259170633,59170633,Dissemination area,59170633,59170633,,"Population, 2021",1018
2021S051259170634,59170634,Dissemination area,59170634,59170634,,"Population, 2021",536
2021S051259170635,59170635,Dissemination area,59170635,59170635,,"Population, 2021",3255
2021S051259170636,59170636,Dissemination area,59170636,59170636,,"Population, 2021",536
2021S051259170637,59170637,Dissemination area,59170637,59170637,,"Population, 2021",507
2021S051259170638,59170638,Dissemination area,59170638,59170638,,"Population, 2021",638
2021S051259170639,59170639,Dissemination area,59170639,59170639,,"Population, 2021",959
2021S051259170640,59170640,Dissemination area,59170640,59170640,,"Population, 2021",1208
2021S051259170641,59170641,Dissemination area,59170641,59170641,,"Population, 2021",511
2021A00055917029,5917029,Census subdivision,"Southern Gulf Islands, Regional district electoral area (RDA)",Southern Gulf Islands,Regional district electoral area (RDA),"Population, 2021",6101
2021S051259170630,59170630,Dissemination area,59170630,59170630,,"Population, 2021",1412
2021S051259170642,59170642,Dissemination area,59170642,59170642,,"Population, 2021",1326
2021S051259170643,59170643,Dissemination area,59170643,59170643,,"Population, 2021",651
2021S051259170644,59170644,Dissemination area,59170644,59170644,,"Population, 2021",637
2021S051259170645,59170645,Dissemination area,59170645,59170645,,"Population, 2021",771
2021S051259170646,59170646,Dissemination area,59170646,59170646,,"Population, 2021",1304
2021S051259170647,59170647,Dissemination area,59170647,59170647,,"Population, 2021",0
2021A00055917030,5917030,Census subdivision,"Oak Bay, District municipality (DM)",Oak Bay,District municipality (DM),"Population, 2021",17990
2021S051259170182,59170182,Dissemination area,59170182,59170182,,"Population, 2021",431
2021S051259170184,59170184,Dissemination area,59170184,59170184,,"Population, 2021",606
2021S051259170185,59170185,Dissemination area,59170185,59170185,,"Population, 2021",659
2021S051259170186,59170186,Dissemination area,59170186,59170186,,"Population, 2021",416
2021S051259170187,59170187,Dissemination area,59170187,59170187,,"Population, 2021",507
2021S051259170189,59170189,Dissemination area,59170189,59170189,,"Population, 2021",350
2021S051259170190,59170190,Dissemination area,59170190,59170190,,"Population, 2021",614
2021S051259170191,59170191,Dissemination area,59170191,59170191,,"Population, 2021",345
2021S051259170192,59170192,Dissemination area,59170192,59170192,,"Population, 2021",615
2021S051259170193,59170193,Dissemination area,59170193,59170193,,"Population, 2021",486
2021S051259170194,59170194,Dissemination area,59170194,59170194,,"Population, 2021",540
2021S051259170195,59170195,Dissemination area,59170195,59170195,,"Population, 2021",543
2021S051259170196,59170196,Dissemination area,59170196,59170196,,"Population, 2021",528
2021S051259170205,59170205,Dissemination area,59170205,59170205,,"Population, 2021",518
2021S051259170206,59170206,Dissemination area,59170206,59170206,,"Population, 2021",441
2021S051259170207,59170207,Dissemination area,59170207,59170207,,"Population, 2021",425
2021S051259170208,59170208,Dissemination area,59170208,59170208,,"Population, 2021",499
2021S051259170209,59170209,Dissemination area,59170209,59170209,,"Population, 2021",485
2021S051259170210,59170210,Dissemination area,59170210,59170210,,"Population, 2021",517
2021S051259170211,59170211,Dissemination area,59170211,59170211,,"Population, 2021",508
2021S051259170212,59170212,Dissemination area,59170212,59170212,,"Population, 2021",511
2021S051259170214,59170214,Dissemination area,59170214,59170214,,"Population, 2021",549
2021S051259170215,59170215,Dissemination area,59170215,59170215,,"Population, 2021",436
2021S051259170216,59170216,Dissemination area,59170216,59170216,,"Population, 2021",508
2021S051259170217,59170217,Dissemination area,59170217,59170217,,"Population, 2021",540
2021S051259170218,59170218,Dissemination area,59170218,59170218,,"Population, 2021",530
2021S051259170219,59170219,Dissemination area,59170219,59170219,,"Population, 2021",525
2021S051259170220,59170220,Dissemination area,59170220,59170220,,"Population, 2021",481
2021S051259170270,59170270,Dissemination area,59170270,59170270,,"Population, 2021",579
2021S051259170590,59170590,Dissemination area,59170590,59170590,,"Population, 2021",432
2021S051259170592,59170592,Dissemination area,59170592,59170592,,"Population, 2021",416
2021S051259170593,59170593,Dissemination area,59170593,59170593,,"Population, 2021",589
2021S051259170594,59170594,Dissemination area,59170594,59170594,,"Population, 2021",441
2021S051259170595,59170595,Dissemination area,59170595,59170595,,"Population, 2021",461
2021S051259170613,59170613,Dissemination area,59170613,59170613,,"Population, 2021",959
2021A00055917034,5917034,Census subdivision,"Victoria, City (CY)",Victoria,City (CY),"Population, 2021",91867
2021S051259170126,59170126,Dissemination area,59170126,59170126,,"Population, 2021",583
2021S051259170127,59170127,Dissemination area,59170127,59170127,,"Population, 2021",673
2021S051259170128,59170128,Dissemination area,59170128,59170128,,"Population, 2021",552
2021S051259170129,59170129,Dissemination area,59170129,59170129,,"Population, 2021",534
2021S051259170130,59170130,Dissemination area,59170130,59170130,,"Population, 2021",778
2021S051259170131,59170131,Dissemination area,59170131,59170131,,"Population, 2021",650
2021S051259170132,59170132,Dissemination area,59170132,59170132,,"Population, 2021",517
2021S051259170133,59170133,Dissemination area,59170133,59170133,,"Population, 2021",703
2021S051259170134,59170134,Dissemination area,59170134,59170134,,"Population, 2021",662
2021S051259170135,59170135,Dissemination area,59170135,59170135,,"Population, 2021",500
2021S051259170136,59170136,Dissemination area,59170136,59170136,,"Population, 2021",517
2021S051259170137,59170137,Dissemination area,59170137,59170137,,"Population, 2021",493
2021S051259170138,59170138,Dissemination area,59170138,59170138,,"Population, 2021",476
2021S051259170139,59170139,Dissemination area,59170139,59170139,,"Population, 2021",553
2021S051259170140,59170140,Dissemination area,59170140,59170140,,"Population, 2021",541
2021S051259170141,59170141,Dissemination area,59170141,59170141,,"Population, 2021",615
2021S051259170142,59170142,Dissemination area,59170142,59170142,,"Population, 2021",583
2021S051259170143,59170143,Dissemination area,59170143,59170143,,"Population, 2021",463
2021S051259170144,59170144,Dissemination area,59170144,59170144,,"Population, 2021",670
2021S051259170145,59170145,Dissemination area,59170145,59170145,,"Population, 2021",417
2021S051259170146,59170146,Dissemination area,59170146,59170146,,"Population, 2021",652
2021S051259170147,59170147,Dissemination area,59170147,59170147,,"Population, 2021",447
2021S051259170148,59170148,Dissemination area,59170148,59170148,,"Population, 2021",401
2021S051259170149,59170149,Dissemination area,59170149,59170149,,"Population, 2021",671
2021S051259170150,59170150,Dissemination area,59170150,59170150,,"Population, 2021",753
2021S051259170151,59170151,Dissemination area,59170151,59170151,,"Population, 2021",585
2021S051259170152,59170152,Dissemination area,59170152,59170152,,"Population, 2021",534
2021S051259170153,59170153,Dissemination area,59170153,59170153,,"Population, 2021",740
2021S051259170154,59170154,Dissemination area,59170154,59170154,,"Population, 2021",560
2021S051259170155,59170155,Dissemination area,59170155,59170155,,"Population, 2021",649
2021S051259170156,59170156,Dissemination area,59170156,59170156,,"Population, 2021",609
2021S051259170157,59170157,Dissemination area,59170157,59170157,,"Population, 2021",480
2021S051259170161,59170161,Dissemination area,59170161,59170161,,"Population, 2021",631
2021S051259170162,59170162,Dissemination area,59170162,59170162,,"Population, 2021",827
2021S051259170163,59170163,Dissemination area,59170163,59170163,,"Population, 2021",1071
2021S051259170164,59170164,Dissemination area,59170164,59170164,,"Population, 2021",1404
2021S051259170165,59170165,Dissemination area,59170165,59170165,,"Population, 2021",527
2021S051259170166,59170166,Dissemination area,59170166,59170166,,"Population, 2021",593
2021S051259170167,59170167,Dissemination area,59170167,59170167,,"Population, 2021",493
2021S051259170168,59170168,Dissemination area,59170168,59170168,,"Population, 2021",479
2021S051259170169,59170169,Dissemination area,59170169,59170169,,"Population, 2021",508
2021S051259170170,59170170,Dissemination area,59170170,59170170,,"Population, 2021",523
2021S051259170171,59170171,Dissemination area,59170171,59170171,,"Population, 2021",760
2021S051259170172,59170172,Dissemination area,59170172,59170172,,"Population, 2021",589
2021S051259170174,59170174,Dissemination area,59170174,59170174,,"Population, 2021",520
2021S051259170175,59170175,Dissemination area,59170175,59170175,,"Population, 2021",530
2021S051259170177,59170177,Dissemination area,59170177,59170177,,"Population, 2021",539
2021S051259170178,59170178,Dissemination area,59170178,59170178,,"Population, 2021",590
2021S051259170179,59170179,Dissemination area,59170179,59170179,,"Population, 2021",624
2021S051259170180,59170180,Dissemination area,59170180,59170180,,"Population, 2021",524
2021S051259170181,59170181,Dissemination area,59170181,59170181,,"Population, 2021",532
2021S051259170197,59170197,Dissemination area,59170197,59170197,,"Population, 2021",581
2021S051259170198,59170198,Dissemination area,59170198,59170198,,"Population, 2021",698
2021S051259170199,59170199,Dissemination area,59170199,59170199,,"Population, 2021",567
2021S051259170200,59170200,Dissemination area,59170200,59170200,,"Population, 2021",638
2021S051259170201,59170201,Dissemination area,59170201,59170201,,"Population, 2021",510
2021S051259170202,59170202,Dissemination area,59170202,59170202,,"Population, 2021",469
2021S051259170203,59170203,Dissemination area,59170203,59170203,,"Population, 2021",672
2021S051259170204,59170204,Dissemination area,59170204,59170204,,"Population, 2021",768
2021S051259170224,59170224,Dissemination area,59170224,59170224,,"Population, 2021",506
2021S051259170225,59170225,Dissemination area,59170225,59170225,,"Population, 2021",488
2021S051259170226,59170226,Dissemination area,59170226,59170226,,"Population, 2021",589
2021S051259170227,59170227,Dissemination area,59170227,59170227,,"Population, 2021",778
2021S051259170228,59170228,Dissemination area,59170228,59170228,,"Population, 2021",339
2021S051259170229,59170229,Dissemination area,59170229,59170229,,"Population, 2021",445
2021S051259170272,59170272,Dissemination area,59170272,59170272,,"Population, 2021",722
2021S051259170273,59170273,Dissemination area,59170273,59170273,,"Population, 2021",585
2021S051259170274,59170274,Dissemination area,59170274,59170274,,"Population, 2021",624
2021S051259170275,59170275,Dissemination area,59170275,59170275,,"Population, 2021",517
2021S051259170276,59170276,Dissemination area,59170276,59170276,,"Population, 2021",514
2021S051259170277,59170277,Dissemination area,59170277,59170277,,"Population, 2021",406
2021S051259170278,59170278,Dissemination area,59170278,59170278,,"Population, 2021",534
2021S051259170279,59170279,Dissemination area,59170279,59170279,,"Population, 2021",453
2021S051259170280,59170280,Dissemination area,59170280,59170280,,"Population, 2021",613
2021S051259170281,59170281,Dissemination area,59170281,59170281,,"Population, 2021",889
2021S051259170282,59170282,Dissemination area,59170282,59170282,,"Population, 2021",614
2021S051259170285,59170285,Dissemination area,59170285,59170285,,"Population, 2021",628
2021S051259170286,59170286,Dissemination area,59170286,59170286,,"Population, 2021",573
2021S051259170287,59170287,Dissemination area,59170287,59170287,,"Population, 2021",535
2021S051259170288,59170288,Dissemination area,59170288,59170288,,"Population, 2021",631
2021S051259170289,59170289,Dissemination area,59170289,59170289,,"Population, 2021",563
2021S051259170290,59170290,Dissemination area,59170290,59170290,,"Population, 2021",614
2021S051259170291,59170291,Dissemination area,59170291,59170291,,"Population, 2021",532
2021S051259170292,59170292,Dissemination area,59170292,59170292,,"Population, 2021",523
2021S051259170293,59170293,Dissemination area,59170293,59170293,,"Population, 2021",508
2021S051259170294,59170294,Dissemination area,59170294,59170294,,"Population, 2021",586
2021S051259170295,59170295,Dissemination area,59170295,59170295,,"Population, 2021",670
2021S051259170296,59170296,Dissemination area,59170296,59170296,,"Population, 2021",727
2021S051259170297,59170297,Dissemination area,59170297,59170297,,"Population, 2021",539
2021S051259170298,59170298,Dissemination area,59170298,59170298,,"Population, 2021",1021
2021S051259170299,59170299,Dissemination area,59170299,59170299,,"Population, 2021",464
2021S051259170300,59170300,Dissemination area,59170300,59170300,,"Population, 2021",526
2021S051259170301,59170301,Dissemination area,59170301,59170301,,"Population, 2021",412
2021S051259170302,59170302,Dissemination area,59170302,59170302,,"Population, 2021",571
2021S051259170303,59170303,Dissemination area,59170303,59170303,,"Population, 2021",669
2021S051259170304,59170304,Dissemination area,59170304,59170304,,"Population, 2021",541
2021S051259170305,59170305,Dissemination area,59170305,59170305,,"Population, 2021",674
2021S051259170308,59170308,Dissemination area,59170308,59170308,,"Population, 2021",511
2021S051259170309,59170309,Dissemination area,59170309,59170309,,"Population, 2021",734
2021S051259170310,59170310,Dissemination area,59170310,59170310,,"Population, 2021",325
2021S051259170311,59170311,Dissemination area,59170311,59170311,,"Population, 2021",1188
2021S051259170312,59170312,Dissemination area,59170312,59170312,,"Population, 2021",833
2021S051259170313,59170313,Dissemination area,59170313,59170313,,"Population, 2021",622
2021S051259170371,59170371,Dissemination area,59170371,59170371,,"Population, 2021",556
2021S051259170372,59170372,Dissemination area,59170372,59170372,,"Population, 2021",495
2021S051259170373,59170373,Dissemination area,59170373,59170373,,"Population, 2021",457
2021S051259170375,59170375,Dissemination area,59170375,59170375,,"Population, 2021",467
2021S051259170376,59170376,Dissemination area,59170376,59170376,,"Population, 2021",608
2021S051259170378,59170378,Dissemination area,59170378,59170378,,"Population, 2021",599
2021S051259170383,59170383,Dissemination area,59170383,59170383,,"Population, 2021",1126
2021S051259170384,59170384,Dissemination area,59170384,59170384,,"Population, 2021",586
2021S051259170385,59170385,Dissemination area,59170385,59170385,,"Population, 2021",447
2021S051259170386,59170386,Dissemination area,59170386,59170386,,"Population, 2021",727
2021S051259170387,59170387,Dissemination area,59170387,59170387,,"Population, 2021",463
2021S051259170388,59170388,Dissemination area,59170388,59170388,,"Population, 2021",511
2021S051259170389,59170389,Dissemination area,59170389,59170389,,"Population, 2021",699
2021S051259170390,59170390,Dissemination area,59170390,59170390,,"Population, 2021",1320
2021S051259170554,59170554,Dissemination area,59170554,59170554,,"Population, 2021",538
2021S051259170555,59170555,Dissemination area,59170555,59170555,,"Population, 2021",601
2021S051259170556,59170556,Dissemination area,59170556,59170556,,"Population, 2021",464
2021S051259170557,59170557,Dissemination area,59170557,59170557,,"Population, 2021",461
2021S051259170558,59170558,Dissemination area,59170558,59170558,,"Population, 2021",656
2021S051259170598,59170598,Dissemination area,59170598,59170598,,"Population, 2021",639
2021S051259170600,59170600,Dissemination area,59170600,59170600,,"Population, 2021",557
2021S051259170601,59170601,Dissemination area,59170601,59170601,,"Population, 2021",592
2021S051259170610,59170610,Dissemination area,59170610,59170610,,"Population, 2021",1275
2021S051259170611,59170611,Dissemination area,59170611,59170611,,"Population, 2021",1122
2021S051259170612,59170612,Dissemination area,59170612,59170612,,"Population, 2021",1279
2021S051259170722,59170722,Dissemination area,59170722,59170722,,"Population, 2021",1086
2021S051259170723,59170723,Dissemination area,59170723,59170723,,"Population, 2021",477
2021S051259170805,59170805,Dissemination area,59170805,59170805,,"Population, 2021",884
2021S051259170806,59170806,Dissemination area,59170806,59170806,,"Population, 2021",375
2021S051259170807,59170807,Dissemination area,59170807,59170807,,"Population, 2021",1355
2021S051259170808,59170808,Dissemination area,59170808,59170808,,"Population, 2021",277
2021S051259170809,59170809,Dissemination area,59170809,59170809,,"Population, 2021",787
2021S051259170810,59170810,Dissemination area,59170810,59170810,,"Population, 2021",253
2021S051259170811,59170811,Dissemination area,59170811,59170811,,"Population, 2021",666
2021S051259170814,59170814,Dissemination area,59170814,59170814,,"Population, 2021",1503
2021S051259170815,59170815,Dissemination area,59170815,59170815,,"Population, 2021",1274
2021S051259170816,59170816,Dissemination area,59170816,59170816,,"Population, 2021",568
2021S051259170817,59170817,Dissemination area,59170817,59170817,,"Population, 2021",644
2021S051259170819,59170819,Dissemination area,59170819,59170819,,"Population, 2021",1788
2021S051259170820,59170820,Dissemination area,59170820,59170820,,"Population, 2021",621
2021A00055917040,5917040,Census subdivision,"Esquimalt, District municipality (DM)",Esquimalt,District municipality (DM),"Population, 2021",17533
2021S051259170314,59170314,Dissemination area,59170314,59170314,,"Population, 2021",788
2021S051259170315,59170315,Dissemination area,59170315,59170315,,"Population, 2021",426
2021S051259170316,59170316,Dissemination area,59170316,59170316,,"Population, 2021",509
2021S051259170317,59170317,Dissemination area,59170317,59170317,,"Population, 2021",811
2021S051259170318,59170318,Dissemination area,59170318,59170318,,"Population, 2021",555
2021S051259170319,59170319,Dissemination area,59170319,59170319,,"Population, 2021",720
2021S051259170320,59170320,Dissemination area,59170320,59170320,,"Population, 2021",529
2021S051259170321,59170321,Dissemination area,59170321,59170321,,"Population, 2021",568
2021S051259170322,59170322,Dissemination area,59170322,59170322,,"Population, 2021",477
2021S051259170323,59170323,Dissemination area,59170323,59170323,,"Population, 2021",332
2021S051259170324,59170324,Dissemination area,59170324,59170324,,"Population, 2021",593
2021S051259170325,59170325,Dissemination area,59170325,59170325,,"Population, 2021",610
2021S051259170326,59170326,Dissemination area,59170326,59170326,,"Population, 2021",592
2021S051259170327,59170327,Dissemination area,59170327,59170327,,"Population, 2021",529
2021S051259170328,59170328,Dissemination area,59170328,59170328,,"Population, 2021",601
2021S051259170336,59170336,Dissemination area,59170336,59170336,,"Population, 2021",1190
2021S051259170366,59170366,Dissemination area,59170366,59170366,,"Population, 2021",755
2021S051259170367,59170367,Dissemination area,59170367,59170367,,"Population, 2021",674
2021S051259170368,59170368,Dissemination area,59170368,59170368,,"Population, 2021",605
2021S051259170369,59170369,Dissemination area,59170369,59170369,,"Population, 2021",512
2021S051259170370,59170370,Dissemination area,59170370,59170370,,"Population, 2021",523
2021S051259170379,59170379,Dissemination area,59170379,59170379,,"Population, 2021",456
2021S051259170380,59170380,Dissemination area,59170380,59170380,,"Population, 2021",800
2021S051259170402,59170402,Dissemination area,59170402,59170402,,"Population, 2021",553
2021S051259170403,59170403,Dissemination area,59170403,59170403,,"Population, 2021",746
2021S051259170404,59170404,Dissemination area,59170404,59170404,,"Population, 2021",467
2021S051259170405,59170405,Dissemination area,59170405,59170405,,"Population, 2021",368
2021S051259170614,59170614,Dissemination area,59170614,59170614,,"Population, 2021",1244
2021A00055917041,5917041,Census subdivision,"Colwood, City (CY)",Colwood,City (CY),"Population, 2021",18961
2021S051259170422,59170422,Dissemination area,59170422,59170422,,"Population, 2021",689
2021S051259170423,59170423,Dissemination area,59170423,59170423,,"Population, 2021",368
2021S051259170424,59170424,Dissemination area,59170424,59170424,,"Population, 2021",327
2021S051259170425,59170425,Dissemination area,59170425,59170425,,"Population, 2021",349
2021S051259170426,59170426,Dissemination area,59170426,59170426,,"Population, 2021",1245
2021S051259170484,59170484,Dissemination area,59170484,59170484,,"Population, 2021",1174
2021S051259170485,59170485,Dissemination area,59170485,59170485,,"Population, 2021",725
2021S051259170488,59170488,Dissemination area,59170488,59170488,,"Population, 2021",763
2021S051259170489,59170489,Dissemination area,59170489,59170489,,"Population, 2021",947
2021S051259170490,59170490,Dissemination area,59170490,59170490,,"Population, 2021",506
2021S051259170491,59170491,Dissemination area,59170491,59170491,,"Population, 2021",985
2021S051259170492,59170492,Dissemination area,59170492,59170492,,"Population, 2021",501
2021S051259170494,59170494,Dissemination area,59170494,59170494,,"Population, 2021",355
2021S051259170495,59170495,Dissemination area,59170495,59170495,,"Population, 2021",502
2021S051259170498,59170498,Dissemination area,59170498,59170498,,"Population, 2021",427
2021S051259170507,59170507,Dissemination area,59170507,59170507,,"Population, 2021",731
2021S051259170622,59170622,Dissemination area,59170622,59170622,,"Population, 2021",472
2021S051259170793,59170793,Dissemination area,59170793,59170793,,"Population, 2021",546
2021S051259170795,59170795,Dissemination area,59170795,59170795,,"Population, 2021",1318
2021S051259170796,59170796,Dissemination area,59170796,59170796,,"Population, 2021",620
2021S051259170797,59170797,Dissemination area,59170797,59170797,,"Population, 2021",1082
2021S051259170798,59170798,Dissemination area,59170798,59170798,,"Population, 2021",833
2021S051259170801,59170801,Dissemination area,59170801,59170801,,"Population, 2021",802
2021S051259170802,59170802,Dissemination area,59170802,59170802,,"Population, 2021",354
2021S051259170804,59170804,Dissemination area,59170804,59170804,,"Population, 2021",2340
2021A00055917042,5917042,Census subdivision,"Metchosin, District municipality (DM)",Metchosin,District municipality (DM),"Population, 2021",5067
2021S051259170678,59170678,Dissemination area,59170678,59170678,,"Population, 2021",898
2021S051259170679,59170679,Dissemination area,59170679,59170679,,"Population, 2021",592
2021S051259170680,59170680,Dissemination area,59170680,59170680,,"Population, 2021",476
2021S051259170681,59170681,Dissemination area,59170681,59170681,,"Population, 2021",433
2021S051259170682,59170682,Dissemination area,59170682,59170682,,"Population, 2021",684
2021S051259170683,59170683,Dissemination area,59170683,59170683,,"Population, 2021",986
2021S051259170684,59170684,Dissemination area,59170684,59170684,,"Population, 2021",998
2021A00055917044,5917044,Census subdivision,"Langford, City (CY)",Langford,City (CY),"Population, 2021",46584
2021S051259170427,59170427,Dissemination area,59170427,59170427,,"Population, 2021",1500
2021S051259170428,59170428,Dissemination area,59170428,59170428,,"Population, 2021",1022
2021S051259170429,59170429,Dissemination area,59170429,59170429,,"Population, 2021",1060
2021S051259170430,59170430,Dissemination area,59170430,59170430,,"Population, 2021",1322
2021S051259170431,59170431,Dissemination area,59170431,59170431,,"Population, 2021",1853
2021S051259170432,59170432,Dissemination area,59170432,59170432,,"Population, 2021",2576
2021S051259170433,59170433,Dissemination area,59170433,59170433,,"Population, 2021",460
2021S051259170435,59170435,Dissemination area,59170435,59170435,,"Population, 2021",708
2021S051259170437,59170437,Dissemination area,59170437,59170437,,"Population, 2021",1324
2021S051259170438,59170438,Dissemination area,59170438,59170438,,"Population, 2021",1691
2021S051259170439,59170439,Dissemination area,59170439,59170439,,"Population, 2021",1804
2021S051259170440,59170440,Dissemination area,59170440,59170440,,"Population, 2021",1419
2021S051259170441,59170441,Dissemination area,59170441,59170441,,"Population, 2021",355
2021S051259170442,59170442,Dissemination area,59170442,59170442,,"Population, 2021",928
2021S051259170443,59170443,Dissemination area,59170443,59170443,,"Population, 2021",1109
2021S051259170444,59170444,Dissemination area,59170444,59170444,,"Population, 2021",2376
2021S051259170472,59170472,Dissemination area,59170472,59170472,,"Population, 2021",4739
2021S051259170475,59170475,Dissemination area,59170475,59170475,,"Population, 2021",518
2021S051259170476,59170476,Dissemination area,59170476,59170476,,"Population, 2021",573
2021S051259170478,59170478,Dissemination area,59170478,59170478,,"Population, 2021",2425
2021S051259170479,59170479,Dissemination area,59170479,59170479,,"Population, 2021",412
2021S051259170480,59170480,Dissemination area,59170480,59170480,,"Population, 2021",1563
2021S051259170481,59170481,Dissemination area,59170481,59170481,,"Population, 2021",1152
2021S051259170482,59170482,Dissemination area,59170482,59170482,,"Population, 2021",2746
2021S051259170483,59170483,Dissemination area,59170483,59170483,,"Population, 2021",377
2021S051259170493,59170493,Dissemination area,59170493,59170493,,"Population, 2021",1253
2021S051259170501,59170501,Dissemination area,59170501,59170501,,"Population, 2021",3643
2021S051259170502,59170502,Dissemination area,59170502,59170502,,"Population, 2021",1667
2021S051259170615,59170615,Dissemination area,59170615,59170615,,"Population, 2021",4009
2021A00055917047,5917047,Census subdivision,"View Royal, Town (T)",View Royal,Town (T),"Population, 2021",11575
2021S051259170331,59170331,Dissemination area,59170331,59170331,,"Population, 2021",745
2021S051259170413,59170413,Dissemination area,59170413,59170413,,"Population, 2021",871
2021S051259170414,59170414,Dissemination area,59170414,59170414,,"Population, 2021",1297
2021S051259170415,59170415,Dissemination area,59170415,59170415,,"Population, 2021",1296
2021S051259170416,59170416,Dissemination area,59170416,59170416,,"Population, 2021",289
2021S051259170417,59170417,Dissemination area,59170417,59170417,,"Population, 2021",668
2021S051259170418,59170418,Dissemination area,59170418,59170418,,"Population, 2021",344
2021S051259170419,59170419,Dissemination area,59170419,59170419,,"Population, 2021",904
2021S051259170421,59170421,Dissemination area,59170421,59170421,,"Population, 2021",1093
2021S051259170624,59170624,Dissemination area,59170624,59170624,,"Population, 2021",2436
2021S051259170625,59170625,Dissemination area,59170625,59170625,,"Population, 2021",535
2021S051259170626,59170626,Dissemination area,59170626,59170626,,"Population, 2021",1097
2021A00055917049,5917049,Census subdivision,"Highlands, District municipality (DM)",Highlands,District municipality (DM),"Population, 2021",2482
2021S051259170649,59170649,Dissemination area,59170649,59170649,,"Population, 2021",1109
2021S051259170650,59170650,Dissemination area,59170650,59170650,,"Population, 2021",918
2021S051259170651,59170651,Dissemination area,59170651,59170651,,"Population, 2021",455
2021A00055917052,5917052,Census subdivision,"Sooke, District municipality (DM)",Sooke,District municipality (DM),"Population, 2021",15086
2021S051259170652,59170652,Dissemination area,59170652,59170652,,"Population, 2021",523
2021S051259170653,59170653,Dissemination area,59170653,59170653,,"Population, 2021",449
2021S051259170654,59170654,Dissemination area,59170654,59170654,,"Population, 2021",677
2021S051259170656,59170656,Dissemination area,59170656,59170656,,"Population, 2021",857
2021S051259170659,59170659,Dissemination area,59170659,59170659,,"Population, 2021",726
2021S051259170660,59170660,Dissemination area,59170660,59170660,,"Population, 2021",502
2021S051259170661,59170661,Dissemination area,59170661,59170661,,"Population, 2021",447
2021S051259170662,59170662,Dissemination area,59170662,59170662,,"Population, 2021",739
2021S051259170663,59170663,Dissemination area,59170663,59170663,,"Population, 2021",1031
2021S051259170665,59170665,Dissemination area,59170665,59170665,,"Population, 2021",411
2021S051259170691,59170691,Dissemination area,59170691,59170691,,"Population, 2021",117
2021S051259170705,59170705,Dissemination area,59170705,59170705,,"Population, 2021",962
2021S051259170787,59170787,Dissemination area,59170787,59170787,,"Population, 2021",999
2021S051259170789,59170789,Dissemination area,59170789,59170789,,"Population, 2021",1031
2021S051259170790,59170790,Dissemination area,59170790,59170790,,"Population, 2021",2092
2021S051259170792,59170792,Dissemination area,59170792,59170792,,"Population, 2021",3523
2021A00055917054,5917054,Census subdivision,"Juan de Fuca (Part 1), Regional district electoral area (RDA)",Juan de Fuca (Part 1),Regional district electoral area (RDA),"Population, 2021",5132
2021S051259170473,59170473,Dissemination area,59170473,59170473,,"Population, 2021",0
2021S051259170648,59170648,Dissemination area,59170648,59170648,,"Population, 2021",653
2021S051259170670,59170670,Dissemination area,59170670,59170670,,"Population, 2021",711
2021S051259170671,59170671,Dissemination area,59170671,59170671,,"Population, 2021",796
2021S051259170688,59170688,Dissemination area,59170688,59170688,,"Population, 2021",0
2021S051259170689,59170689,Dissemination area,59170689,59170689,,"Population, 2021",935
2021S051259170690,59170690,Dissemination area,59170690,59170690,,"Population, 2021",882
2021S051259170692,59170692,Dissemination area,59170692,59170692,,"Population, 2021",0
2021S051259170694,59170694,Dissemination area,59170694,59170694,,"Population, 2021",1155
2021A00055917056,5917056,Census subdivision,"Juan de Fuca (Part 2), Regional district electoral area (RDA)",Juan de Fuca (Part 2),Regional district electoral area (RDA),"Population, 2021",399
2021S051259170703,59170703,Dissemination area,59170703,59170703,,"Population, 2021",399
2021A00055917801,5917801,Census subdivision,"Cole Bay 3, Indian reserve (IRI)",Cole Bay 3,Indian reserve (IRI),"Population, 2021",266
2021S051259170544,59170544,Dissemination area,59170544,59170544,,"Population, 2021",266
2021A00055917802,5917802,Census subdivision,"Union Bay 4, Indian reserve (IRI)",Union Bay 4,Indian reserve (IRI),"Population, 2021",109
2021S051259170547,59170547,Dissemination area,59170547,59170547,,"Population, 2021",109
2021A00055917803,5917803,Census subdivision,"East Saanich 2, Indian reserve (IRI)",East Saanich 2,Indian reserve (IRI),"Population, 2021",1790
2021S051259170063,59170063,Dissemination area,59170063,59170063,,"Population, 2021",499
2021S051259170066,59170066,Dissemination area,59170066,59170066,,"Population, 2021",1291
2021A00055917804,5917804,Census subdivision,"South Saanich 1, Indian reserve (IRI)",South Saanich 1,Indian reserve (IRI),"Population, 2021",712
2021S051259170458,59170458,Dissemination area,59170458,59170458,,"Population, 2021",712
2021A00055917805,5917805,Census subdivision,"Galiano Island 9, Indian reserve (IRI)",Galiano Island 9,Indian reserve (IRI),"Population, 2021",0
2021S051259170629,59170629,Dissemination area,59170629,59170629,,"Population, 2021",0
2021A00055917809,5917809,Census subdivision,"Becher Bay 1, Indian reserve (IRI)",Becher Bay 1,Indian reserve (IRI),"Population, 2021",221
2021S051259170685,59170685,Dissemination area,59170685,59170685,,"Population, 2021",221
2021A00055917811,5917811,Census subdivision,"Esquimalt, Indian reserve (IRI)",Esquimalt,Indian reserve (IRI),"Population, 2021",120
2021S051259170332,59170332,Dissemination area,59170332,59170332,,"Population, 2021",120
2021A00055917812,5917812,Census subdivision,"New Songhees 1A, Indian reserve (IRI)",New Songhees 1A,Indian reserve (IRI),"Population, 2021",1839
2021S051259170335,59170335,Dissemination area,59170335,59170335,,"Population, 2021",636
2021S051259170781,59170781,Dissemination area,59170781,59170781,,"Population, 2021",312
2021S051259170783,59170783,Dissemination area,59170783,59170783,,"Population, 2021",225
2021S051259170784,59170784,Dissemination area,59170784,59170784,,"Population, 2021",249
2021S051259170785,59170785,Dissemination area,59170785,59170785,,"Population, 2021",412
2021S051259170786,59170786,Dissemination area,59170786,59170786,,"Population, 2021",5
2021A00055917815,5917815,Census subdivision,"Gordon River 2, Indian reserve (IRI)",Gordon River 2,Indian reserve (IRI),"Population, 2021",79
2021S051259170704,59170704,Dissemination area,59170704,59170704,,"Population, 2021",79
2021A00055917819,5917819,Census subdivision,"T'Sou-ke, Indian reserve (IRI)",T'Sou-ke,Indian reserve (IRI),"Population, 2021",230
2021S051259170655,59170655,Dissemination area,59170655,59170655,,"Population, 2021",115
2021S051259170666,59170666,Dissemination area,59170666,59170666,,"Population, 2021",115
2021A00035919,5919,Census division,"Cowichan Valley, Regional district (RD)",Cowichan Valley,Regional district (RD),"Population, 2021",89013
2021A00055919008,5919008,Census subdivision,"North Cowichan, District municipality (DM)",North Cowichan,District municipality (DM),"Population, 2021",31990
2021S051259190215,59190215,Dissemination area,59190215,59190215,,"Population, 2021",89
2021S051259190216,59190216,Dissemination area,59190216,59190216,,"Population, 2021",94
2021S051259190217,59190217,Dissemination area,59190217,59190217,,"Population, 2021",1285
2021S051259190218,59190218,Dissemination area,59190218,59190218,,"Population, 2021",873
2021S051259190219,59190219,Dissemination area,59190219,59190219,,"Population, 2021",964
2021S051259190220,59190220,Dissemination area,59190220,59190220,,"Population, 2021",705
2021S051259190221,59190221,Dissemination area,59190221,59190221,,"Population, 2021",515
2021S051259190222,59190222,Dissemination area,59190222,59190222,,"Population, 2021",641
2021S051259190223,59190223,Dissemination area,59190223,59190223,,"Population, 2021",479
2021S051259190224,59190224,Dissemination area,59190224,59190224,,"Population, 2021",450
2021S051259190229,59190229,Dissemination area,59190229,59190229,,"Population, 2021",266
2021S051259190241,59190241,Dissemination area,59190241,59190241,,"Population, 2021",1006
2021S051259190242,59190242,Dissemination area,59190242,59190242,,"Population, 2021",1052
2021S051259190243,59190243,Dissemination area,59190243,59190243,,"Population, 2021",427
2021S051259190244,59190244,Dissemination area,59190244,59190244,,"Population, 2021",865
2021S051259190245,59190245,Dissemination area,59190245,59190245,,"Population, 2021",421
2021S051259190246,59190246,Dissemination area,59190246,59190246,,"Population, 2021",346
2021S051259190247,59190247,Dissemination area,59190247,59190247,,"Population, 2021",713
2021S051259190250,59190250,Dissemination area,59190250,59190250,,"Population, 2021",519
2021S051259190253,59190253,Dissemination area,59190253,59190253,,"Population, 2021",552
2021S051259190254,59190254,Dissemination area,59190254,59190254,,"Population, 2021",901
2021S051259190255,59190255,Dissemination area,59190255,59190255,,"Population, 2021",574
2021S051259190256,59190256,Dissemination area,59190256,59190256,,"Population, 2021",518
2021S051259190257,59190257,Dissemination area,59190257,59190257,,"Population, 2021",739
2021S051259190258,59190258,Dissemination area,59190258,59190258,,"Population, 2021",377
2021S051259190259,59190259,Dissemination area,59190259,59190259,,"Population, 2021",412
2021S051259190260,59190260,Dissemination area,59190260,59190260,,"Population, 2021",543
2021S051259190261,59190261,Dissemination area,59190261,59190261,,"Population, 2021",559
2021S051259190262,59190262,Dissemination area,59190262,59190262,,"Population, 2021",644
2021S051259190263,59190263,Dissemination area,59190263,59190263,,"Population, 2021",397
2021S051259190264,59190264,Dissemination area,59190264,59190264,,"Population, 2021",405
2021S051259190265,59190265,Dissemination area,59190265,59190265,,"Population, 2021",1283
2021S051259190266,59190266,Dissemination area,59190266,59190266,,"Population, 2021",532
2021S051259190267,59190267,Dissemination area,59190267,59190267,,"Population, 2021",485
2021S051259190268,59190268,Dissemination area,59190268,59190268,,"Population, 2021",877
2021S051259190269,59190269,Dissemination area,59190269,59190269,,"Population, 2021",679
2021S051259190270,59190270,Dissemination area,59190270,59190270,,"Population, 2021",311
2021S051259190271,59190271,Dissemination area,59190271,59190271,,"Population, 2021",363
2021S051259190275,59190275,Dissemination area,59190275,59190275,,"Population, 2021",391
2021S051259190276,59190276,Dissemination area,59190276,59190276,,"Population, 2021",1174
2021S051259190277,59190277,Dissemination area,59190277,59190277,,"Population, 2021",405
2021S051259190278,59190278,Dissemination area,59190278,59190278,,"Population, 2021",408
2021S051259190279,59190279,Dissemination area,59190279,59190279,,"Population, 2021",363
2021S051259190280,59190280,Dissemination area,59190280,59190280,,"Population, 2021",472
2021S051259190281,59190281,Dissemination area,59190281,59190281,,"Population, 2021",674
2021S051259190282,59190282,Dissemination area,59190282,59190282,,"Population, 2021",670
2021S051259190310,59190310,Dissemination area,59190310,59190310,,"Population, 2021",676
2021S051259190318,59190318,Dissemination area,59190318,59190318,,"Population, 2021",10
2021S051259190319,59190319,Dissemination area,59190319,59190319,,"Population, 2021",224
2021S051259190324,59190324,Dissemination area,59190324,59190324,,"Population, 2021",1002
2021S051259190327,59190327,Dissemination area,59190327,59190327,,"Population, 2021",256
2021S051259190329,59190329,Dissemination area,59190329,59190329,,"Population, 2021",313
2021S051259190330,59190330,Dissemination area,59190330,59190330,,"Population, 2021",667
2021S051259190331,59190331,Dissemination area,59190331,59190331,,"Population, 2021",1424
2021A00055919012,5919012,Census subdivision,"Duncan, City (CY)",Duncan,City (CY),"Population, 2021",5047
2021S051259190225,59190225,Dissemination area,59190225,59190225,,"Population, 2021",711
2021S051259190226,59190226,Dissemination area,59190226,59190226,,"Population, 2021",613
2021S051259190227,59190227,Dissemination area,59190227,59190227,,"Population, 2021",602
2021S051259190228,59190228,Dissemination area,59190228,59190228,,"Population, 2021",633
2021S051259190235,59190235,Dissemination area,59190235,59190235,,"Population, 2021",572
2021S051259190237,59190237,Dissemination area,59190237,59190237,,"Population, 2021",476
2021S051259190238,59190238,Dissemination area,59190238,59190238,,"Population, 2021",378
2021S051259190239,59190239,Dissemination area,59190239,59190239,,"Population, 2021",561
2021S051259190240,59190240,Dissemination area,59190240,59190240,,"Population, 2021",501
2021A00055919013,5919013,Census subdivision,"Cowichan Valley D, Regional district electoral area (RDA)",Cowichan Valley D,Regional district electoral area (RDA),"Population, 2021",3530
2021S051259190175,59190175,Dissemination area,59190175,59190175,,"Population, 2021",630
2021S051259190177,59190177,Dissemination area,59190177,59190177,,"Population, 2021",572
2021S051259190178,59190178,Dissemination area,59190178,59190178,,"Population, 2021",1051
2021S051259190180,59190180,Dissemination area,59190180,59190180,,"Population, 2021",695
2021S051259190181,59190181,Dissemination area,59190181,59190181,,"Population, 2021",473
2021S051259190232,59190232,Dissemination area,59190232,59190232,,"Population, 2021",109
2021A00055919015,5919015,Census subdivision,"Cowichan Valley G, Regional district electoral area (RDA)",Cowichan Valley G,Regional district electoral area (RDA),"Population, 2021",2442
2021S051259190154,59190154,Dissemination area,59190154,59190154,,"Population, 2021",0
2021S051259190283,59190283,Dissemination area,59190283,59190283,,"Population, 2021",701
2021S051259190284,59190284,Dissemination area,59190284,59190284,,"Population, 2021",451
2021S051259190285,59190285,Dissemination area,59190285,59190285,,"Population, 2021",452
2021S051259190305,59190305,Dissemination area,59190305,59190305,,"Population, 2021",838
2021A00055919016,5919016,Census subdivision,"Lake Cowichan, Town (T)",Lake Cowichan,Town (T),"Population, 2021",3325
2021S051259190156,59190156,Dissemination area,59190156,59190156,,"Population, 2021",551
2021S051259190157,59190157,Dissemination area,59190157,59190157,,"Population, 2021",698
2021S051259190158,59190158,Dissemination area,59190158,59190158,,"Population, 2021",399
2021S051259190159,59190159,Dissemination area,59190159,59190159,,"Population, 2021",476
2021S051259190160,59190160,Dissemination area,59190160,59190160,,"Population, 2021",469
2021S051259190161,59190161,Dissemination area,59190161,59190161,,"Population, 2021",732
2021S051259190168,59190168,Dissemination area,59190168,59190168,,"Population, 2021",0
2021A00055919017,5919017,Census subdivision,"Cowichan Valley H, Regional district electoral area (RDA)",Cowichan Valley H,Regional district electoral area (RDA),"Population, 2021",2603
2021S051259190299,59190299,Dissemination area,59190299,59190299,,"Population, 2021",568
2021S051259190301,59190301,Dissemination area,59190301,59190301,,"Population, 2021",784
2021S051259190302,59190302,Dissemination area,59190302,59190302,,"Population, 2021",629
2021S051259190304,59190304,Dissemination area,59190304,59190304,,"Population, 2021",622
2021A00055919021,5919021,Census subdivision,"Ladysmith, Town (T)",Ladysmith,Town (T),"Population, 2021",8990
2021S051259190286,59190286,Dissemination area,59190286,59190286,,"Population, 2021",1258
2021S051259190287,59190287,Dissemination area,59190287,59190287,,"Population, 2021",713
2021S051259190288,59190288,Dissemination area,59190288,59190288,,"Population, 2021",793
2021S051259190289,59190289,Dissemination area,59190289,59190289,,"Population, 2021",538
2021S051259190290,59190290,Dissemination area,59190290,59190290,,"Population, 2021",446
2021S051259190291,59190291,Dissemination area,59190291,59190291,,"Population, 2021",541
2021S051259190292,59190292,Dissemination area,59190292,59190292,,"Population, 2021",505
2021S051259190293,59190293,Dissemination area,59190293,59190293,,"Population, 2021",591
2021S051259190294,59190294,Dissemination area,59190294,59190294,,"Population, 2021",528
2021S051259190295,59190295,Dissemination area,59190295,59190295,,"Population, 2021",668
2021S051259190296,59190296,Dissemination area,59190296,59190296,,"Population, 2021",781
2021S051259190297,59190297,Dissemination area,59190297,59190297,,"Population, 2021",526
2021S051259190298,59190298,Dissemination area,59190298,59190298,,"Population, 2021",1102
2021A00055919033,5919033,Census subdivision,"Cowichan Valley F, Regional district electoral area (RDA)",Cowichan Valley F,Regional district electoral area (RDA),"Population, 2021",1804
2021S051259190155,59190155,Dissemination area,59190155,59190155,,"Population, 2021",572
2021S051259190163,59190163,Dissemination area,59190163,59190163,,"Population, 2021",653
2021S051259190165,59190165,Dissemination area,59190165,59190165,,"Population, 2021",0
2021S051259190166,59190166,Dissemination area,59190166,59190166,,"Population, 2021",5
2021S051259190167,59190167,Dissemination area,59190167,59190167,,"Population, 2021",574
2021A00055919035,5919035,Census subdivision,"Cowichan Valley I, Regional district electoral area (RDA)",Cowichan Valley I,Regional district electoral area (RDA),"Population, 2021",1423
2021S051259190152,59190152,Dissemination area,59190152,59190152,,"Population, 2021",728
2021S051259190153,59190153,Dissemination area,59190153,59190153,,"Population, 2021",695
2021A00055919043,5919043,Census subdivision,"Cowichan Valley A, Regional district electoral area (RDA)",Cowichan Valley A,Regional district electoral area (RDA),"Population, 2021",4949
2021S051259190192,59190192,Dissemination area,59190192,59190192,,"Population, 2021",636
2021S051259190193,59190193,Dissemination area,59190193,59190193,,"Population, 2021",539
2021S051259190195,59190195,Dissemination area,59190195,59190195,,"Population, 2021",1197
2021S051259190196,59190196,Dissemination area,59190196,59190196,,"Population, 2021",571
2021S051259190197,59190197,Dissemination area,59190197,59190197,,"Population, 2021",800
2021S051259190199,59190199,Dissemination area,59190199,59190199,,"Population, 2021",443
2021S051259190200,59190200,Dissemination area,59190200,59190200,,"Population, 2021",763
2021A00055919046,5919046,Census subdivision,"Cowichan Valley B, Regional district electoral area (RDA)",Cowichan Valley B,Regional district electoral area (RDA),"Population, 2021",8994
2021S051259190172,59190172,Dissemination area,59190172,59190172,,"Population, 2021",771
2021S051259190194,59190194,Dissemination area,59190194,59190194,,"Population, 2021",582
2021S051259190201,59190201,Dissemination area,59190201,59190201,,"Population, 2021",1124
2021S051259190202,59190202,Dissemination area,59190202,59190202,,"Population, 2021",844
2021S051259190203,59190203,Dissemination area,59190203,59190203,,"Population, 2021",300
2021S051259190204,59190204,Dissemination area,59190204,59190204,,"Population, 2021",588
2021S051259190205,59190205,Dissemination area,59190205,59190205,,"Population, 2021",588
2021S051259190206,59190206,Dissemination area,59190206,59190206,,"Population, 2021",438
2021S051259190207,59190207,Dissemination area,59190207,59190207,,"Population, 2021",480
2021S051259190208,59190208,Dissemination area,59190208,59190208,,"Population, 2021",655
2021S051259190209,59190209,Dissemination area,59190209,59190209,,"Population, 2021",655
2021S051259190210,59190210,Dissemination area,59190210,59190210,,"Population, 2021",920
2021S051259190211,59190211,Dissemination area,59190211,59190211,,"Population, 2021",521
2021S051259190212,59190212,Dissemination area,59190212,59190212,,"Population, 2021",528
2021A00055919049,5919049,Census subdivision,"Cowichan Valley C, Regional district electoral area (RDA)",Cowichan Valley C,Regional district electoral area (RDA),"Population, 2021",5046
2021S051259190182,59190182,Dissemination area,59190182,59190182,,"Population, 2021",486
2021S051259190184,59190184,Dissemination area,59190184,59190184,,"Population, 2021",465
2021S051259190185,59190185,Dissemination area,59190185,59190185,,"Population, 2021",577
2021S051259190186,59190186,Dissemination area,59190186,59190186,,"Population, 2021",444
2021S051259190187,59190187,Dissemination area,59190187,59190187,,"Population, 2021",618
2021S051259190190,59190190,Dissemination area,59190190,59190190,,"Population, 2021",529
2021S051259190191,59190191,Dissemination area,59190191,59190191,,"Population, 2021",378
2021S051259190314,59190314,Dissemination area,59190314,59190314,,"Population, 2021",509
2021S051259190315,59190315,Dissemination area,59190315,59190315,,"Population, 2021",707
2021S051259190316,59190316,Dissemination area,59190316,59190316,,"Population, 2021",333
2021A00055919051,5919051,Census subdivision,"Cowichan Valley E, Regional district electoral area (RDA)",Cowichan Valley E,Regional district electoral area (RDA),"Population, 2021",4253
2021S051259190169,59190169,Dissemination area,59190169,59190169,,"Population, 2021",715
2021S051259190171,59190171,Dissemination area,59190171,59190171,,"Population, 2021",757
2021S051259190173,59190173,Dissemination area,59190173,59190173,,"Population, 2021",491
2021S051259190174,59190174,Dissemination area,59190174,59190174,,"Population, 2021",499
2021S051259190231,59190231,Dissemination area,59190231,59190231,,"Population, 2021",354
2021S051259190233,59190233,Dissemination area,59190233,59190233,,"Population, 2021",665
2021S051259190311,59190311,Dissemination area,59190311,59190311,,"Population, 2021",772
2021A00055919801,5919801,Census subdivision,"Halalt 2, Indian reserve (IRI)",Halalt 2,Indian reserve (IRI),"Population, 2021",156
2021S051259190272,59190272,Dissemination area,59190272,59190272,,"Population, 2021",156
2021A00055919802,5919802,Census subdivision,"Squaw-Hay-One 11, Indian reserve (IRI)",Squaw-Hay-One 11,Indian reserve (IRI),"Population, 2021",29
2021S051259190274,59190274,Dissemination area,59190274,59190274,,"Population, 2021",29
2021A00055919803,5919803,Census subdivision,"Tsussie 6, Indian reserve (IRI)",Tsussie 6,Indian reserve (IRI),"Population, 2021",82
2021S051259190273,59190273,Dissemination area,59190273,59190273,,"Population, 2021",82
2021A00055919804,5919804,Census subdivision,"Chemainus 13, Indian reserve (IRI)",Chemainus 13,Indian reserve (IRI),"Population, 2021",818
2021S051259190303,59190303,Dissemination area,59190303,59190303,,"Population, 2021",818
2021A00055919808,5919808,Census subdivision,"Kil-pah-las 3, Indian reserve (IRI)",Kil-pah-las 3,Indian reserve (IRI),"Population, 2021",0
2021S051259190179,59190179,Dissemination area,59190179,59190179,,"Population, 2021",0
2021A00055919809,5919809,Census subdivision,"Penelakut Island 7, Indian reserve (IRI)",Penelakut Island 7,Indian reserve (IRI),"Population, 2021",513
2021S051259190306,59190306,Dissemination area,59190306,59190306,,"Population, 2021",513
2021A00055919811,5919811,Census subdivision,"Shingle Point 4, Indian reserve (IRI)",Shingle Point 4,Indian reserve (IRI),"Population, 2021",0
2021S051259190307,59190307,Dissemination area,59190307,59190307,,"Population, 2021",0
2021A00055919812,5919812,Census subdivision,"Cowichan Lake, Indian reserve (IRI)",Cowichan Lake,Indian reserve (IRI),"Population, 2021",20
2021S051259190162,59190162,Dissemination area,59190162,59190162,,"Population, 2021",20
2021A00055919813,5919813,Census subdivision,"Lyacksun 3, Indian reserve (IRI)",Lyacksun 3,Indian reserve (IRI),"Population, 2021",30
2021S051259190308,59190308,Dissemination area,59190308,59190308,,"Population, 2021",30
2021A00055919814,5919814,Census subdivision,"Malachan 11, Indian reserve (IRI)",Malachan 11,Indian reserve (IRI),"Population, 2021",178
2021S051259190164,59190164,Dissemination area,59190164,59190164,,"Population, 2021",178
2021A00055919815,5919815,Census subdivision,"Malahat 11, Indian reserve (IRI)",Malahat 11,Indian reserve (IRI),"Population, 2021",165
2021S051259190198,59190198,Dissemination area,59190198,59190198,,"Population, 2021",165
2021A00055919816,5919816,Census subdivision,"Oyster Bay 12, Indian reserve (IRI)",Oyster Bay 12,Indian reserve (IRI),"Population, 2021",105
2021S051259190300,59190300,Dissemination area,59190300,59190300,,"Population, 2021",105
2021A00055919817,5919817,Census subdivision,"Portier Pass 5, Indian reserve (IRI)",Portier Pass 5,Indian reserve (IRI),"Population, 2021",0
2021S051259190309,59190309,Dissemination area,59190309,59190309,,"Population, 2021",0
2021A00055919818,5919818,Census subdivision,"Theik 2, Indian reserve (IRI)",Theik 2,Indian reserve (IRI),"Population, 2021",48
2021S051259190176,59190176,Dissemination area,59190176,59190176,,"Population, 2021",48
2021A00055919820,5919820,Census subdivision,"Est-Patrolas 4, Indian reserve (IRI)",Est-Patrolas 4,Indian reserve (IRI),"Population, 2021",26
2021S051259190183,59190183,Dissemination area,59190183,59190183,,"Population, 2021",26
2021A00055919821,5919821,Census subdivision,"Tzart-Lam 5, Indian reserve (IRI)",Tzart-Lam 5,Indian reserve (IRI),"Population, 2021",27
2021S051259190170,59190170,Dissemination area,59190170,59190170,,"Population, 2021",27
2021A00055919822,5919822,Census subdivision,"Cowichan, Indian reserve (IRI)",Cowichan,Indian reserve (IRI),"Population, 2021",2420
2021S051259190230,59190230,Dissemination area,59190230,59190230,,"Population, 2021",743
2021S051259190234,59190234,Dissemination area,59190234,59190234,,"Population, 2021",617
2021S051259190236,59190236,Dissemination area,59190236,59190236,,"Population, 2021",0
2021S051259190317,59190317,Dissemination area,59190317,59190317,,"Population, 2021",1060
2021A00035921,5921,Census division,"Nanaimo, Regional district (RD)",Nanaimo,Regional district (RD),"Population, 2021",170367
2021A00055921007,5921007,Census subdivision,"Nanaimo, City (CY)",Nanaimo,City (CY),"Population, 2021",99863
2021S051259210292,59210292,Dissemination area,59210292,59210292,,"Population, 2021",425
2021S051259210293,59210293,Dissemination area,59210293,59210293,,"Population, 2021",473
2021S051259210294,59210294,Dissemination area,59210294,59210294,,"Population, 2021",470
2021S051259210295,59210295,Dissemination area,59210295,59210295,,"Population, 2021",724
2021S051259210296,59210296,Dissemination area,59210296,59210296,,"Population, 2021",482
2021S051259210297,59210297,Dissemination area,59210297,59210297,,"Population, 2021",708
2021S051259210298,59210298,Dissemination area,59210298,59210298,,"Population, 2021",435
2021S051259210299,59210299,Dissemination area,59210299,59210299,,"Population, 2021",814
2021S051259210300,59210300,Dissemination area,59210300,59210300,,"Population, 2021",1286
2021S051259210301,59210301,Dissemination area,59210301,59210301,,"Population, 2021",632
2021S051259210302,59210302,Dissemination area,59210302,59210302,,"Population, 2021",418
2021S051259210303,59210303,Dissemination area,59210303,59210303,,"Population, 2021",436
2021S051259210304,59210304,Dissemination area,59210304,59210304,,"Population, 2021",865
2021S051259210305,59210305,Dissemination area,59210305,59210305,,"Population, 2021",311
2021S051259210306,59210306,Dissemination area,59210306,59210306,,"Population, 2021",389
2021S051259210307,59210307,Dissemination area,59210307,59210307,,"Population, 2021",356
2021S051259210308,59210308,Dissemination area,59210308,59210308,,"Population, 2021",495
2021S051259210309,59210309,Dissemination area,59210309,59210309,,"Population, 2021",535
2021S051259210310,59210310,Dissemination area,59210310,59210310,,"Population, 2021",519
2021S051259210311,59210311,Dissemination area,59210311,59210311,,"Population, 2021",1727
2021S051259210312,59210312,Dissemination area,59210312,59210312,,"Population, 2021",434
2021S051259210313,59210313,Dissemination area,59210313,59210313,,"Population, 2021",382
2021S051259210314,59210314,Dissemination area,59210314,59210314,,"Population, 2021",556
2021S051259210315,59210315,Dissemination area,59210315,59210315,,"Population, 2021",591
2021S051259210316,59210316,Dissemination area,59210316,59210316,,"Population, 2021",1311
2021S051259210317,59210317,Dissemination area,59210317,59210317,,"Population, 2021",797
2021S051259210318,59210318,Dissemination area,59210318,59210318,,"Population, 2021",404
2021S051259210319,59210319,Dissemination area,59210319,59210319,,"Population, 2021",393
2021S051259210320,59210320,Dissemination area,59210320,59210320,,"Population, 2021",405
2021S051259210321,59210321,Dissemination area,59210321,59210321,,"Population, 2021",442
2021S051259210322,59210322,Dissemination area,59210322,59210322,,"Population, 2021",401
2021S051259210323,59210323,Dissemination area,59210323,59210323,,"Population, 2021",413
2021S051259210324,59210324,Dissemination area,59210324,59210324,,"Population, 2021",324
2021S051259210325,59210325,Dissemination area,59210325,59210325,,"Population, 2021",477
2021S051259210326,59210326,Dissemination area,59210326,59210326,,"Population, 2021",486
2021S051259210327,59210327,Dissemination area,59210327,59210327,,"Population, 2021",493
2021S051259210328,59210328,Dissemination area,59210328,59210328,,"Population, 2021",917
2021S051259210329,59210329,Dissemination area,59210329,59210329,,"Population, 2021",360
2021S051259210330,59210330,Dissemination area,59210330,59210330,,"Population, 2021",582
2021S051259210331,59210331,Dissemination area,59210331,59210331,,"Population, 2021",891
2021S051259210332,59210332,Dissemination area,59210332,59210332,,"Population, 2021",448
2021S051259210333,59210333,Dissemination area,59210333,59210333,,"Population, 2021",253
2021S051259210334,59210334,Dissemination area,59210334,59210334,,"Population, 2021",556
2021S051259210335,59210335,Dissemination area,59210335,59210335,,"Population, 2021",368
2021S051259210336,59210336,Dissemination area,59210336,59210336,,"Population, 2021",376
2021S051259210337,59210337,Dissemination area,59210337,59210337,,"Population, 2021",1984
2021S051259210338,59210338,Dissemination area,59210338,59210338,,"Population, 2021",393
2021S051259210339,59210339,Dissemination area,59210339,59210339,,"Population, 2021",440
2021S051259210340,59210340,Dissemination area,59210340,59210340,,"Population, 2021",616
2021S051259210341,59210341,Dissemination area,59210341,59210341,,"Population, 2021",351
2021S051259210342,59210342,Dissemination area,59210342,59210342,,"Population, 2021",945
2021S051259210343,59210343,Dissemination area,59210343,59210343,,"Population, 2021",446
2021S051259210344,59210344,Dissemination area,59210344,59210344,,"Population, 2021",628
2021S051259210345,59210345,Dissemination area,59210345,59210345,,"Population, 2021",451
2021S051259210346,59210346,Dissemination area,59210346,59210346,,"Population, 2021",270
2021S051259210347,59210347,Dissemination area,59210347,59210347,,"Population, 2021",365
2021S051259210348,59210348,Dissemination area,59210348,59210348,,"Population, 2021",587
2021S051259210349,59210349,Dissemination area,59210349,59210349,,"Population, 2021",474
2021S051259210350,59210350,Dissemination area,59210350,59210350,,"Population, 2021",386
2021S051259210351,59210351,Dissemination area,59210351,59210351,,"Population, 2021",794
2021S051259210352,59210352,Dissemination area,59210352,59210352,,"Population, 2021",374
2021S051259210353,59210353,Dissemination area,59210353,59210353,,"Population, 2021",507
2021S051259210354,59210354,Dissemination area,59210354,59210354,,"Population, 2021",538
2021S051259210355,59210355,Dissemination area,59210355,59210355,,"Population, 2021",1598
2021S051259210356,59210356,Dissemination area,59210356,59210356,,"Population, 2021",488
2021S051259210357,59210357,Dissemination area,59210357,59210357,,"Population, 2021",2440
2021S051259210358,59210358,Dissemination area,59210358,59210358,,"Population, 2021",2466
2021S051259210359,59210359,Dissemination area,59210359,59210359,,"Population, 2021",505
2021S051259210360,59210360,Dissemination area,59210360,59210360,,"Population, 2021",1040
2021S051259210361,59210361,Dissemination area,59210361,59210361,,"Population, 2021",462
2021S051259210362,59210362,Dissemination area,59210362,59210362,,"Population, 2021",602
2021S051259210363,59210363,Dissemination area,59210363,59210363,,"Population, 2021",392
2021S051259210364,59210364,Dissemination area,59210364,59210364,,"Population, 2021",634
2021S051259210365,59210365,Dissemination area,59210365,59210365,,"Population, 2021",507
2021S051259210366,59210366,Dissemination area,59210366,59210366,,"Population, 2021",766
2021S051259210367,59210367,Dissemination area,59210367,59210367,,"Population, 2021",647
2021S051259210368,59210368,Dissemination area,59210368,59210368,,"Population, 2021",787
2021S051259210369,59210369,Dissemination area,59210369,59210369,,"Population, 2021",934
2021S051259210370,59210370,Dissemination area,59210370,59210370,,"Population, 2021",1087
2021S051259210371,59210371,Dissemination area,59210371,59210371,,"Population, 2021",472
2021S051259210372,59210372,Dissemination area,59210372,59210372,,"Population, 2021",427
2021S051259210373,59210373,Dissemination area,59210373,59210373,,"Population, 2021",444
2021S051259210374,59210374,Dissemination area,59210374,59210374,,"Population, 2021",447
2021S051259210375,59210375,Dissemination area,59210375,59210375,,"Population, 2021",1788
2021S051259210378,59210378,Dissemination area,59210378,59210378,,"Population, 2021",436
2021S051259210379,59210379,Dissemination area,59210379,59210379,,"Population, 2021",498
2021S051259210380,59210380,Dissemination area,59210380,59210380,,"Population, 2021",839
2021S051259210381,59210381,Dissemination area,59210381,59210381,,"Population, 2021",737
2021S051259210382,59210382,Dissemination area,59210382,59210382,,"Population, 2021",558
2021S051259210383,59210383,Dissemination area,59210383,59210383,,"Population, 2021",579
2021S051259210384,59210384,Dissemination area,59210384,59210384,,"Population, 2021",552
2021S051259210385,59210385,Dissemination area,59210385,59210385,,"Population, 2021",363
2021S051259210386,59210386,Dissemination area,59210386,59210386,,"Population, 2021",606
2021S051259210387,59210387,Dissemination area,59210387,59210387,,"Population, 2021",431
2021S051259210388,59210388,Dissemination area,59210388,59210388,,"Population, 2021",443
2021S051259210389,59210389,Dissemination area,59210389,59210389,,"Population, 2021",2150
2021S051259210390,59210390,Dissemination area,59210390,59210390,,"Population, 2021",386
2021S051259210391,59210391,Dissemination area,59210391,59210391,,"Population, 2021",487
2021S051259210392,59210392,Dissemination area,59210392,59210392,,"Population, 2021",457
2021S051259210393,59210393,Dissemination area,59210393,59210393,,"Population, 2021",520
2021S051259210394,59210394,Dissemination area,59210394,59210394,,"Population, 2021",381
2021S051259210395,59210395,Dissemination area,59210395,59210395,,"Population, 2021",818
2021S051259210396,59210396,Dissemination area,59210396,59210396,,"Population, 2021",581
2021S051259210397,59210397,Dissemination area,59210397,59210397,,"Population, 2021",695
2021S051259210398,59210398,Dissemination area,59210398,59210398,,"Population, 2021",515
2021S051259210399,59210399,Dissemination area,59210399,59210399,,"Population, 2021",577
2021S051259210400,59210400,Dissemination area,59210400,59210400,,"Population, 2021",657
2021S051259210401,59210401,Dissemination area,59210401,59210401,,"Population, 2021",523
2021S051259210402,59210402,Dissemination area,59210402,59210402,,"Population, 2021",633
2021S051259210403,59210403,Dissemination area,59210403,59210403,,"Population, 2021",1035
2021S051259210404,59210404,Dissemination area,59210404,59210404,,"Population, 2021",813
2021S051259210405,59210405,Dissemination area,59210405,59210405,,"Population, 2021",922
2021S051259210406,59210406,Dissemination area,59210406,59210406,,"Population, 2021",567
2021S051259210407,59210407,Dissemination area,59210407,59210407,,"Population, 2021",551
2021S051259210408,59210408,Dissemination area,59210408,59210408,,"Population, 2021",441
2021S051259210409,59210409,Dissemination area,59210409,59210409,,"Population, 2021",554
2021S051259210410,59210410,Dissemination area,59210410,59210410,,"Population, 2021",488
2021S051259210411,59210411,Dissemination area,59210411,59210411,,"Population, 2021",408
2021S051259210412,59210412,Dissemination area,59210412,59210412,,"Population, 2021",470
2021S051259210413,59210413,Dissemination area,59210413,59210413,,"Population, 2021",380
2021S051259210414,59210414,Dissemination area,59210414,59210414,,"Population, 2021",413
2021S051259210415,59210415,Dissemination area,59210415,59210415,,"Population, 2021",581
2021S051259210416,59210416,Dissemination area,59210416,59210416,,"Population, 2021",575
2021S051259210417,59210417,Dissemination area,59210417,59210417,,"Population, 2021",571
2021S051259210419,59210419,Dissemination area,59210419,59210419,,"Population, 2021",591
2021S051259210420,59210420,Dissemination area,59210420,59210420,,"Population, 2021",540
2021S051259210421,59210421,Dissemination area,59210421,59210421,,"Population, 2021",519
2021S051259210422,59210422,Dissemination area,59210422,59210422,,"Population, 2021",447
2021S051259210423,59210423,Dissemination area,59210423,59210423,,"Population, 2021",545
2021S051259210424,59210424,Dissemination area,59210424,59210424,,"Population, 2021",429
2021S051259210425,59210425,Dissemination area,59210425,59210425,,"Population, 2021",677
2021S051259210426,59210426,Dissemination area,59210426,59210426,,"Population, 2021",472
2021S051259210427,59210427,Dissemination area,59210427,59210427,,"Population, 2021",489
2021S051259210428,59210428,Dissemination area,59210428,59210428,,"Population, 2021",712
2021S051259210429,59210429,Dissemination area,59210429,59210429,,"Population, 2021",611
2021S051259210430,59210430,Dissemination area,59210430,59210430,,"Population, 2021",1047
2021S051259210431,59210431,Dissemination area,59210431,59210431,,"Population, 2021",582
2021S051259210432,59210432,Dissemination area,59210432,59210432,,"Population, 2021",1977
2021S051259210433,59210433,Dissemination area,59210433,59210433,,"Population, 2021",778
2021S051259210434,59210434,Dissemination area,59210434,59210434,,"Population, 2021",537
2021S051259210435,59210435,Dissemination area,59210435,59210435,,"Population, 2021",488
2021S051259210444,59210444,Dissemination area,59210444,59210444,,"Population, 2021",487
2021S051259210445,59210445,Dissemination area,59210445,59210445,,"Population, 2021",703
2021S051259210446,59210446,Dissemination area,59210446,59210446,,"Population, 2021",1135
2021S051259210447,59210447,Dissemination area,59210447,59210447,,"Population, 2021",1668
2021S051259210449,59210449,Dissemination area,59210449,59210449,,"Population, 2021",593
2021S051259210472,59210472,Dissemination area,59210472,59210472,,"Population, 2021",873
2021S051259210473,59210473,Dissemination area,59210473,59210473,,"Population, 2021",1293
2021S051259210474,59210474,Dissemination area,59210474,59210474,,"Population, 2021",622
2021S051259210475,59210475,Dissemination area,59210475,59210475,,"Population, 2021",999
2021S051259210476,59210476,Dissemination area,59210476,59210476,,"Population, 2021",816
2021A00055921008,5921008,Census subdivision,"Lantzville, District municipality (DM)",Lantzville,District municipality (DM),"Population, 2021",3817
2021S051259210284,59210284,Dissemination area,59210284,59210284,,"Population, 2021",531
2021S051259210285,59210285,Dissemination area,59210285,59210285,,"Population, 2021",667
2021S051259210286,59210286,Dissemination area,59210286,59210286,,"Population, 2021",481
2021S051259210287,59210287,Dissemination area,59210287,59210287,,"Population, 2021",512
2021S051259210288,59210288,Dissemination area,59210288,59210288,,"Population, 2021",510
2021S051259210289,59210289,Dissemination area,59210289,59210289,,"Population, 2021",609
2021S051259210290,59210290,Dissemination area,59210290,59210290,,"Population, 2021",507
2021A00055921010,5921010,Census subdivision,"Nanaimo A, Regional district electoral area (RDA)",Nanaimo A,Regional district electoral area (RDA),"Population, 2021",7481
2021S051259210438,59210438,Dissemination area,59210438,59210438,,"Population, 2021",504
2021S051259210439,59210439,Dissemination area,59210439,59210439,,"Population, 2021",581
2021S051259210440,59210440,Dissemination area,59210440,59210440,,"Population, 2021",481
2021S051259210442,59210442,Dissemination area,59210442,59210442,,"Population, 2021",500
2021S051259210443,59210443,Dissemination area,59210443,59210443,,"Population, 2021",522
2021S051259210456,59210456,Dissemination area,59210456,59210456,,"Population, 2021",493
2021S051259210457,59210457,Dissemination area,59210457,59210457,,"Population, 2021",522
2021S051259210458,59210458,Dissemination area,59210458,59210458,,"Population, 2021",502
2021S051259210459,59210459,Dissemination area,59210459,59210459,,"Population, 2021",584
2021S051259210460,59210460,Dissemination area,59210460,59210460,,"Population, 2021",537
2021S051259210461,59210461,Dissemination area,59210461,59210461,,"Population, 2021",552
2021S051259210462,59210462,Dissemination area,59210462,59210462,,"Population, 2021",403
2021S051259210463,59210463,Dissemination area,59210463,59210463,,"Population, 2021",830
2021S051259210464,59210464,Dissemination area,59210464,59210464,,"Population, 2021",470
2021A00055921014,5921014,Census subdivision,"Nanaimo B, Regional district electoral area (RDA)",Nanaimo B,Regional district electoral area (RDA),"Population, 2021",4500
2021S051259210465,59210465,Dissemination area,59210465,59210465,,"Population, 2021",675
2021S051259210466,59210466,Dissemination area,59210466,59210466,,"Population, 2021",595
2021S051259210467,59210467,Dissemination area,59210467,59210467,,"Population, 2021",488
2021S051259210468,59210468,Dissemination area,59210468,59210468,,"Population, 2021",603
2021S051259210469,59210469,Dissemination area,59210469,59210469,,"Population, 2021",510
2021S051259210470,59210470,Dissemination area,59210470,59210470,,"Population, 2021",680
2021S051259210471,59210471,Dissemination area,59210471,59210471,,"Population, 2021",949
2021A00055921016,5921016,Census subdivision,"Nanaimo C, Regional district electoral area (RDA)",Nanaimo C,Regional district electoral area (RDA),"Population, 2021",3344
2021S051259210291,59210291,Dissemination area,59210291,59210291,,"Population, 2021",0
2021S051259210376,59210376,Dissemination area,59210376,59210376,,"Population, 2021",1270
2021S051259210377,59210377,Dissemination area,59210377,59210377,,"Population, 2021",630
2021S051259210448,59210448,Dissemination area,59210448,59210448,,"Population, 2021",905
2021S051259210450,59210450,Dissemination area,59210450,59210450,,"Population, 2021",539
2021A00055921018,5921018,Census subdivision,"Parksville, City (CY)",Parksville,City (CY),"Population, 2021",13642
2021S051259210238,59210238,Dissemination area,59210238,59210238,,"Population, 2021",790
2021S051259210239,59210239,Dissemination area,59210239,59210239,,"Population, 2021",532
2021S051259210240,59210240,Dissemination area,59210240,59210240,,"Population, 2021",477
2021S051259210241,59210241,Dissemination area,59210241,59210241,,"Population, 2021",478
2021S051259210242,59210242,Dissemination area,59210242,59210242,,"Population, 2021",580
2021S051259210243,59210243,Dissemination area,59210243,59210243,,"Population, 2021",485
2021S051259210249,59210249,Dissemination area,59210249,59210249,,"Population, 2021",529
2021S051259210262,59210262,Dissemination area,59210262,59210262,,"Population, 2021",810
2021S051259210263,59210263,Dissemination area,59210263,59210263,,"Population, 2021",998
2021S051259210264,59210264,Dissemination area,59210264,59210264,,"Population, 2021",683
2021S051259210265,59210265,Dissemination area,59210265,59210265,,"Population, 2021",456
2021S051259210266,59210266,Dissemination area,59210266,59210266,,"Population, 2021",584
2021S051259210267,59210267,Dissemination area,59210267,59210267,,"Population, 2021",666
2021S051259210268,59210268,Dissemination area,59210268,59210268,,"Population, 2021",1090
2021S051259210269,59210269,Dissemination area,59210269,59210269,,"Population, 2021",669
2021S051259210271,59210271,Dissemination area,59210271,59210271,,"Population, 2021",694
2021S051259210272,59210272,Dissemination area,59210272,59210272,,"Population, 2021",453
2021S051259210273,59210273,Dissemination area,59210273,59210273,,"Population, 2021",623
2021S051259210478,59210478,Dissemination area,59210478,59210478,,"Population, 2021",294
2021S051259210479,59210479,Dissemination area,59210479,59210479,,"Population, 2021",1005
2021S051259210481,59210481,Dissemination area,59210481,59210481,,"Population, 2021",746
2021A00055921023,5921023,Census subdivision,"Qualicum Beach, Town (T)",Qualicum Beach,Town (T),"Population, 2021",9303
2021S051259210215,59210215,Dissemination area,59210215,59210215,,"Population, 2021",542
2021S051259210216,59210216,Dissemination area,59210216,59210216,,"Population, 2021",640
2021S051259210217,59210217,Dissemination area,59210217,59210217,,"Population, 2021",543
2021S051259210218,59210218,Dissemination area,59210218,59210218,,"Population, 2021",592
2021S051259210219,59210219,Dissemination area,59210219,59210219,,"Population, 2021",636
2021S051259210220,59210220,Dissemination area,59210220,59210220,,"Population, 2021",514
2021S051259210221,59210221,Dissemination area,59210221,59210221,,"Population, 2021",860
2021S051259210222,59210222,Dissemination area,59210222,59210222,,"Population, 2021",497
2021S051259210223,59210223,Dissemination area,59210223,59210223,,"Population, 2021",472
2021S051259210224,59210224,Dissemination area,59210224,59210224,,"Population, 2021",640
2021S051259210225,59210225,Dissemination area,59210225,59210225,,"Population, 2021",436
2021S051259210226,59210226,Dissemination area,59210226,59210226,,"Population, 2021",434
2021S051259210227,59210227,Dissemination area,59210227,59210227,,"Population, 2021",433
2021S051259210255,59210255,Dissemination area,59210255,59210255,,"Population, 2021",475
2021S051259210256,59210256,Dissemination area,59210256,59210256,,"Population, 2021",461
2021S051259210258,59210258,Dissemination area,59210258,59210258,,"Population, 2021",524
2021S051259210259,59210259,Dissemination area,59210259,59210259,,"Population, 2021",604
2021A00055921030,5921030,Census subdivision,"Nanaimo E, Regional district electoral area (RDA)",Nanaimo E,Regional district electoral area (RDA),"Population, 2021",6765
2021S051259210274,59210274,Dissemination area,59210274,59210274,,"Population, 2021",801
2021S051259210275,59210275,Dissemination area,59210275,59210275,,"Population, 2021",909
2021S051259210276,59210276,Dissemination area,59210276,59210276,,"Population, 2021",614
2021S051259210277,59210277,Dissemination area,59210277,59210277,,"Population, 2021",345
2021S051259210278,59210278,Dissemination area,59210278,59210278,,"Population, 2021",411
2021S051259210279,59210279,Dissemination area,59210279,59210279,,"Population, 2021",462
2021S051259210280,59210280,Dissemination area,59210280,59210280,,"Population, 2021",654
2021S051259210281,59210281,Dissemination area,59210281,59210281,,"Population, 2021",551
2021S051259210282,59210282,Dissemination area,59210282,59210282,,"Population, 2021",771
2021S051259210451,59210451,Dissemination area,59210451,59210451,,"Population, 2021",809
2021S051259210453,59210453,Dissemination area,59210453,59210453,,"Population, 2021",438
2021A00055921032,5921032,Census subdivision,"Nanaimo F, Regional district electoral area (RDA)",Nanaimo F,Regional district electoral area (RDA),"Population, 2021",8216
2021S051259210229,59210229,Dissemination area,59210229,59210229,,"Population, 2021",620
2021S051259210230,59210230,Dissemination area,59210230,59210230,,"Population, 2021",459
2021S051259210231,59210231,Dissemination area,59210231,59210231,,"Population, 2021",576
2021S051259210232,59210232,Dissemination area,59210232,59210232,,"Population, 2021",498
2021S051259210233,59210233,Dissemination area,59210233,59210233,,"Population, 2021",683
2021S051259210234,59210234,Dissemination area,59210234,59210234,,"Population, 2021",759
2021S051259210235,59210235,Dissemination area,59210235,59210235,,"Population, 2021",630
2021S051259210236,59210236,Dissemination area,59210236,59210236,,"Population, 2021",682
2021S051259210237,59210237,Dissemination area,59210237,59210237,,"Population, 2021",820
2021S051259210452,59210452,Dissemination area,59210452,59210452,,"Population, 2021",788
2021S051259210454,59210454,Dissemination area,59210454,59210454,,"Population, 2021",1701
2021A00055921034,5921034,Census subdivision,"Nanaimo G, Regional district electoral area (RDA)",Nanaimo G,Regional district electoral area (RDA),"Population, 2021",8109
2021S051259210214,59210214,Dissemination area,59210214,59210214,,"Population, 2021",824
2021S051259210228,59210228,Dissemination area,59210228,59210228,,"Population, 2021",505
2021S051259210250,59210250,Dissemination area,59210250,59210250,,"Population, 2021",498
2021S051259210251,59210251,Dissemination area,59210251,59210251,,"Population, 2021",480
2021S051259210252,59210252,Dissemination area,59210252,59210252,,"Population, 2021",467
2021S051259210253,59210253,Dissemination area,59210253,59210253,,"Population, 2021",862
2021S051259210254,59210254,Dissemination area,59210254,59210254,,"Population, 2021",477
2021S051259210257,59210257,Dissemination area,59210257,59210257,,"Population, 2021",358
2021S051259210260,59210260,Dissemination area,59210260,59210260,,"Population, 2021",655
2021S051259210261,59210261,Dissemination area,59210261,59210261,,"Population, 2021",530
2021S051259210270,59210270,Dissemination area,59210270,59210270,,"Population, 2021",784
2021S051259210484,59210484,Dissemination area,59210484,59210484,,"Population, 2021",1098
2021S051259210485,59210485,Dissemination area,59210485,59210485,,"Population, 2021",571
2021A00055921036,5921036,Census subdivision,"Nanaimo H, Regional district electoral area (RDA)",Nanaimo H,Regional district electoral area (RDA),"Population, 2021",4291
2021S051259210208,59210208,Dissemination area,59210208,59210208,,"Population, 2021",624
2021S051259210209,59210209,Dissemination area,59210209,59210209,,"Population, 2021",750
2021S051259210210,59210210,Dissemination area,59210210,59210210,,"Population, 2021",839
2021S051259210212,59210212,Dissemination area,59210212,59210212,,"Population, 2021",640
2021S051259210213,59210213,Dissemination area,59210213,59210213,,"Population, 2021",620
2021S051259210455,59210455,Dissemination area,59210455,59210455,,"Population, 2021",818
2021A00055921804,5921804,Census subdivision,"Nanaimo Town 1, Indian reserve (IRI)",Nanaimo Town 1,Indian reserve (IRI),"Population, 2021",386
2021S051259210418,59210418,Dissemination area,59210418,59210418,,"Population, 2021",386
2021A00055921805,5921805,Census subdivision,"Nanoose, Indian reserve (IRI)",Nanoose,Indian reserve (IRI),"Population, 2021",245
2021S051259210283,59210283,Dissemination area,59210283,59210283,,"Population, 2021",245
2021A00055921806,5921806,Census subdivision,"Qualicum, Indian reserve (IRI)",Qualicum,Indian reserve (IRI),"Population, 2021",82
2021S051259210211,59210211,Dissemination area,59210211,59210211,,"Population, 2021",82
2021A00055921807,5921807,Census subdivision,"Nanaimo River, Indian reserve (IRI)",Nanaimo River,Indian reserve (IRI),"Population, 2021",323
2021S051259210441,59210441,Dissemination area,59210441,59210441,,"Population, 2021",37
2021S051259210480,59210480,Dissemination area,59210480,59210480,,"Population, 2021",286
2021A00035923,5923,Census division,"Alberni-Clayoquot, Regional district (RD)",Alberni-Clayoquot,Regional district (RD),"Population, 2021",33521
2021A00055923008,5923008,Census subdivision,"Port Alberni, City (CY)",Port Alberni,City (CY),"Population, 2021",18259
2021S051259230102,59230102,Dissemination area,59230102,59230102,,"Population, 2021",613
2021S051259230104,59230104,Dissemination area,59230104,59230104,,"Population, 2021",623
2021S051259230105,59230105,Dissemination area,59230105,59230105,,"Population, 2021",520
2021S051259230106,59230106,Dissemination area,59230106,59230106,,"Population, 2021",434
2021S051259230107,59230107,Dissemination area,59230107,59230107,,"Population, 2021",499
2021S051259230108,59230108,Dissemination area,59230108,59230108,,"Population, 2021",471
2021S051259230109,59230109,Dissemination area,59230109,59230109,,"Population, 2021",503
2021S051259230110,59230110,Dissemination area,59230110,59230110,,"Population, 2021",530
2021S051259230111,59230111,Dissemination area,59230111,59230111,,"Population, 2021",475
2021S051259230117,59230117,Dissemination area,59230117,59230117,,"Population, 2021",555
2021S051259230118,59230118,Dissemination area,59230118,59230118,,"Population, 2021",566
2021S051259230119,59230119,Dissemination area,59230119,59230119,,"Population, 2021",478
2021S051259230120,59230120,Dissemination area,59230120,59230120,,"Population, 2021",535
2021S051259230121,59230121,Dissemination area,59230121,59230121,,"Population, 2021",525
2021S051259230122,59230122,Dissemination area,59230122,59230122,,"Population, 2021",497
2021S051259230123,59230123,Dissemination area,59230123,59230123,,"Population, 2021",494
2021S051259230124,59230124,Dissemination area,59230124,59230124,,"Population, 2021",400
2021S051259230125,59230125,Dissemination area,59230125,59230125,,"Population, 2021",423
2021S051259230126,59230126,Dissemination area,59230126,59230126,,"Population, 2021",528
2021S051259230127,59230127,Dissemination area,59230127,59230127,,"Population, 2021",1038
2021S051259230128,59230128,Dissemination area,59230128,59230128,,"Population, 2021",508
2021S051259230129,59230129,Dissemination area,59230129,59230129,,"Population, 2021",500
2021S051259230130,59230130,Dissemination area,59230130,59230130,,"Population, 2021",502
2021S051259230131,59230131,Dissemination area,59230131,59230131,,"Population, 2021",521
2021S051259230132,59230132,Dissemination area,59230132,59230132,,"Population, 2021",490
2021S051259230133,59230133,Dissemination area,59230133,59230133,,"Population, 2021",444
2021S051259230134,59230134,Dissemination area,59230134,59230134,,"Population, 2021",474
2021S051259230136,59230136,Dissemination area,59230136,59230136,,"Population, 2021",563
2021S051259230137,59230137,Dissemination area,59230137,59230137,,"Population, 2021",510
2021S051259230138,59230138,Dissemination area,59230138,59230138,,"Population, 2021",463
2021S051259230139,59230139,Dissemination area,59230139,59230139,,"Population, 2021",492
2021S051259230140,59230140,Dissemination area,59230140,59230140,,"Population, 2021",504
2021S051259230141,59230141,Dissemination area,59230141,59230141,,"Population, 2021",557
2021S051259230143,59230143,Dissemination area,59230143,59230143,,"Population, 2021",585
2021S051259230144,59230144,Dissemination area,59230144,59230144,,"Population, 2021",439
2021A00055923019,5923019,Census subdivision,"Ucluelet, District municipality (DM)",Ucluelet,District municipality (DM),"Population, 2021",2066
2021S051259230091,59230091,Dissemination area,59230091,59230091,,"Population, 2021",883
2021S051259230092,59230092,Dissemination area,59230092,59230092,,"Population, 2021",508
2021S051259230093,59230093,Dissemination area,59230093,59230093,,"Population, 2021",675
2021A00055923025,5923025,Census subdivision,"Tofino, District municipality (DM)",Tofino,District municipality (DM),"Population, 2021",2516
2021S051259230087,59230087,Dissemination area,59230087,59230087,,"Population, 2021",832
2021S051259230089,59230089,Dissemination area,59230089,59230089,,"Population, 2021",661
2021S051259230090,59230090,Dissemination area,59230090,59230090,,"Population, 2021",1023
2021A00055923033,5923033,Census subdivision,"Alberni-Clayoquot B, Regional district electoral area (RDA)",Alberni-Clayoquot B,Regional district electoral area (RDA),"Population, 2021",531
2021S051259230151,59230151,Dissemination area,59230151,59230151,,"Population, 2021",531
2021A00055923035,5923035,Census subdivision,"Alberni-Clayoquot D, Regional district electoral area (RDA)",Alberni-Clayoquot D,Regional district electoral area (RDA),"Population, 2021",1843
2021S051259230094,59230094,Dissemination area,59230094,59230094,,"Population, 2021",375
2021S051259230095,59230095,Dissemination area,59230095,59230095,,"Population, 2021",875
2021S051259230096,59230096,Dissemination area,59230096,59230096,,"Population, 2021",593
2021A00055923037,5923037,Census subdivision,"Alberni-Clayoquot E, Regional district electoral area (RDA)",Alberni-Clayoquot E,Regional district electoral area (RDA),"Population, 2021",2946
2021S051259230098,59230098,Dissemination area,59230098,59230098,,"Population, 2021",439
2021S051259230099,59230099,Dissemination area,59230099,59230099,,"Population, 2021",409
2021S051259230100,59230100,Dissemination area,59230100,59230100,,"Population, 2021",416
2021S051259230101,59230101,Dissemination area,59230101,59230101,,"Population, 2021",650
2021S051259230113,59230113,Dissemination area,59230113,59230113,,"Population, 2021",552
2021S051259230152,59230152,Dissemination area,59230152,59230152,,"Population, 2021",480
2021A00055923039,5923039,Census subdivision,"Alberni-Clayoquot F, Regional district electoral area (RDA)",Alberni-Clayoquot F,Regional district electoral area (RDA),"Population, 2021",1977
2021S051259230112,59230112,Dissemination area,59230112,59230112,,"Population, 2021",468
2021S051259230114,59230114,Dissemination area,59230114,59230114,,"Population, 2021",438
2021S051259230115,59230115,Dissemination area,59230115,59230115,,"Population, 2021",575
2021S051259230116,59230116,Dissemination area,59230116,59230116,,"Population, 2021",496
2021A00055923047,5923047,Census subdivision,"Alberni-Clayoquot A, Regional district electoral area (RDA)",Alberni-Clayoquot A,Regional district electoral area (RDA),"Population, 2021",256
2021S051259230156,59230156,Dissemination area,59230156,59230156,,"Population, 2021",256
2021A00055923049,5923049,Census subdivision,"Alberni-Clayoquot C, Regional district electoral area (RDA)",Alberni-Clayoquot C,Regional district electoral area (RDA),"Population, 2021",875
2021S051259230154,59230154,Dissemination area,59230154,59230154,,"Population, 2021",875
2021A00055923801,5923801,Census subdivision,"Ahahswinis 1, Indian reserve (IRI)",Ahahswinis 1,Indian reserve (IRI),"Population, 2021",150
2021S051259230103,59230103,Dissemination area,59230103,59230103,,"Population, 2021",150
2021A00055923802,5923802,Census subdivision,"Alberni 2, Indian reserve (IRI)",Alberni 2,Indian reserve (IRI),"Population, 2021",0
2021S051259230135,59230135,Dissemination area,59230135,59230135,,"Population, 2021",0
2021A00055923803,5923803,Census subdivision,"Anacla 12, Indian reserve (IRI)",Anacla 12,Indian reserve (IRI),"Population, 2021",104
2021S051259230150,59230150,Dissemination area,59230150,59230150,,"Population, 2021",104
2021A00055923804,5923804,Census subdivision,"Clakamucus 2, Indian reserve (IRI)",Clakamucus 2,Indian reserve (IRI),"Population, 2021",0
2021S051259230079,59230079,Dissemination area,59230079,59230079,,"Population, 2021",0
2021A00055923805,5923805,Census subdivision,"Elhlateese 2, Indian reserve (IRI)",Elhlateese 2,Indian reserve (IRI),"Population, 2021",10
2021S051259230146,59230146,Dissemination area,59230146,59230146,,"Population, 2021",10
2021A00055923806,5923806,Census subdivision,"Hesquiat 1, Indian reserve (IRI)",Hesquiat 1,Indian reserve (IRI),"Population, 2021",
2021S051259230076,59230076,Dissemination area,59230076,59230076,,"Population, 2021",
2021A00055923807,5923807,Census subdivision,"Ittatsoo 1, Indian reserve (IRI)",Ittatsoo 1,Indian reserve (IRI),"Population, 2021",321
2021S051259230080,59230080,Dissemination area,59230080,59230080,,"Population, 2021",321
2021A00055923808,5923808,Census subdivision,"Marktosis 15, Indian reserve (IRI)",Marktosis 15,Indian reserve (IRI),"Population, 2021",760
2021S051259230084,59230084,Dissemination area,59230084,59230084,,"Population, 2021",760
2021A00055923809,5923809,Census subdivision,"Numukamis 1, Indian reserve (IRI)",Numukamis 1,Indian reserve (IRI),"Population, 2021",0
2021S051259230148,59230148,Dissemination area,59230148,59230148,,"Population, 2021",0
2021A00055923810,5923810,Census subdivision,"Macoah 1, Indian reserve (IRI)",Macoah 1,Indian reserve (IRI),"Population, 2021",27
2021S051259230083,59230083,Dissemination area,59230083,59230083,,"Population, 2021",27
2021A00055923813,5923813,Census subdivision,"Opitsat 1, Indian reserve (IRI)",Opitsat 1,Indian reserve (IRI),"Population, 2021",153
2021S051259230081,59230081,Dissemination area,59230081,59230081,,"Population, 2021",153
2021A00055923814,5923814,Census subdivision,"Sachsa 4, Indian reserve (IRI)",Sachsa 4,Indian reserve (IRI),"Population, 2021",0
2021S051259230149,59230149,Dissemination area,59230149,59230149,,"Population, 2021",0
2021A00055923816,5923816,Census subdivision,"Tsahaheh 1, Indian reserve (IRI)",Tsahaheh 1,Indian reserve (IRI),"Population, 2021",596
2021S051259230142,59230142,Dissemination area,59230142,59230142,,"Population, 2021",596
2021A00055923822,5923822,Census subdivision,"Klehkoot 2, Indian reserve (IRI)",Klehkoot 2,Indian reserve (IRI),"Population, 2021",15
2021S051259230097,59230097,Dissemination area,59230097,59230097,,"Population, 2021",15
2021A00055923823,5923823,Census subdivision,"Esowista 3, Indian reserve (IRI)",Esowista 3,Indian reserve (IRI),"Population, 2021",90
2021S051259230155,59230155,Dissemination area,59230155,59230155,,"Population, 2021",90
2021A00055923824,5923824,Census subdivision,"Refuge Cove 6, Indian reserve (IRI)",Refuge Cove 6,Indian reserve (IRI),"Population, 2021",
2021S051259230086,59230086,Dissemination area,59230086,59230086,,"Population, 2021",
2021A00055923825,5923825,Census subdivision,"Tin Wis 11, Indian reserve (IRI)",Tin Wis 11,Indian reserve (IRI),"Population, 2021",26
2021S051259230088,59230088,Dissemination area,59230088,59230088,,"Population, 2021",26
2021A00035924,5924,Census division,"Strathcona, Regional district (RD)",Strathcona,Regional district (RD),"Population, 2021",48150
2021A00055924025,5924025,Census subdivision,"Gold River, Village (VL)",Gold River,Village (VL),"Population, 2021",1246
2021S051259240205,59240205,Dissemination area,59240205,59240205,,"Population, 2021",333
2021S051259240206,59240206,Dissemination area,59240206,59240206,,"Population, 2021",492
2021S051259240207,59240207,Dissemination area,59240207,59240207,,"Population, 2021",421
2021A00055924029,5924029,Census subdivision,"Zeballos, Village (VL)",Zeballos,Village (VL),"Population, 2021",126
2021S051259240204,59240204,Dissemination area,59240204,59240204,,"Population, 2021",126
2021A00055924030,5924030,Census subdivision,"Tahsis, Village (VL)",Tahsis,Village (VL),"Population, 2021",393
2021S051259240200,59240200,Dissemination area,59240200,59240200,,"Population, 2021",393
2021A00055924034,5924034,Census subdivision,"Campbell River, City (CY)",Campbell River,City (CY),"Population, 2021",35519
2021S051259240213,59240213,Dissemination area,59240213,59240213,,"Population, 2021",377
2021S051259240214,59240214,Dissemination area,59240214,59240214,,"Population, 2021",473
2021S051259240215,59240215,Dissemination area,59240215,59240215,,"Population, 2021",424
2021S051259240216,59240216,Dissemination area,59240216,59240216,,"Population, 2021",555
2021S051259240217,59240217,Dissemination area,59240217,59240217,,"Population, 2021",447
2021S051259240218,59240218,Dissemination area,59240218,59240218,,"Population, 2021",517
2021S051259240219,59240219,Dissemination area,59240219,59240219,,"Population, 2021",299
2021S051259240220,59240220,Dissemination area,59240220,59240220,,"Population, 2021",739
2021S051259240221,59240221,Dissemination area,59240221,59240221,,"Population, 2021",769
2021S051259240222,59240222,Dissemination area,59240222,59240222,,"Population, 2021",697
2021S051259240225,59240225,Dissemination area,59240225,59240225,,"Population, 2021",1690
2021S051259240227,59240227,Dissemination area,59240227,59240227,,"Population, 2021",508
2021S051259240228,59240228,Dissemination area,59240228,59240228,,"Population, 2021",510
2021S051259240229,59240229,Dissemination area,59240229,59240229,,"Population, 2021",553
2021S051259240230,59240230,Dissemination area,59240230,59240230,,"Population, 2021",943
2021S051259240231,59240231,Dissemination area,59240231,59240231,,"Population, 2021",532
2021S051259240232,59240232,Dissemination area,59240232,59240232,,"Population, 2021",476
2021S051259240233,59240233,Dissemination area,59240233,59240233,,"Population, 2021",627
2021S051259240234,59240234,Dissemination area,59240234,59240234,,"Population, 2021",537
2021S051259240235,59240235,Dissemination area,59240235,59240235,,"Population, 2021",389
2021S051259240236,59240236,Dissemination area,59240236,59240236,,"Population, 2021",284
2021S051259240237,59240237,Dissemination area,59240237,59240237,,"Population, 2021",805
2021S051259240238,59240238,Dissemination area,59240238,59240238,,"Population, 2021",1715
2021S051259240239,59240239,Dissemination area,59240239,59240239,,"Population, 2021",461
2021S051259240240,59240240,Dissemination area,59240240,59240240,,"Population, 2021",566
2021S051259240241,59240241,Dissemination area,59240241,59240241,,"Population, 2021",686
2021S051259240242,59240242,Dissemination area,59240242,59240242,,"Population, 2021",450
2021S051259240243,59240243,Dissemination area,59240243,59240243,,"Population, 2021",491
2021S051259240244,59240244,Dissemination area,59240244,59240244,,"Population, 2021",489
2021S051259240245,59240245,Dissemination area,59240245,59240245,,"Population, 2021",647
2021S051259240246,59240246,Dissemination area,59240246,59240246,,"Population, 2021",397
2021S051259240247,59240247,Dissemination area,59240247,59240247,,"Population, 2021",411
2021S051259240248,59240248,Dissemination area,59240248,59240248,,"Population, 2021",536
2021S051259240249,59240249,Dissemination area,59240249,59240249,,"Population, 2021",415
2021S051259240250,59240250,Dissemination area,59240250,59240250,,"Population, 2021",1002
2021S051259240251,59240251,Dissemination area,59240251,59240251,,"Population, 2021",592
2021S051259240252,59240252,Dissemination area,59240252,59240252,,"Population, 2021",422
2021S051259240253,59240253,Dissemination area,59240253,59240253,,"Population, 2021",657
2021S051259240254,59240254,Dissemination area,59240254,59240254,,"Population, 2021",643
2021S051259240255,59240255,Dissemination area,59240255,59240255,,"Population, 2021",741
2021S051259240256,59240256,Dissemination area,59240256,59240256,,"Population, 2021",627
2021S051259240257,59240257,Dissemination area,59240257,59240257,,"Population, 2021",609
2021S051259240258,59240258,Dissemination area,59240258,59240258,,"Population, 2021",493
2021S051259240259,59240259,Dissemination area,59240259,59240259,,"Population, 2021",484
2021S051259240260,59240260,Dissemination area,59240260,59240260,,"Population, 2021",410
2021S051259240261,59240261,Dissemination area,59240261,59240261,,"Population, 2021",447
2021S051259240262,59240262,Dissemination area,59240262,59240262,,"Population, 2021",881
2021S051259240283,59240283,Dissemination area,59240283,59240283,,"Population, 2021",0
2021S051259240284,59240284,Dissemination area,59240284,59240284,,"Population, 2021",0
2021S051259240406,59240406,Dissemination area,59240406,59240406,,"Population, 2021",689
2021S051259240407,59240407,Dissemination area,59240407,59240407,,"Population, 2021",430
2021S051259240408,59240408,Dissemination area,59240408,59240408,,"Population, 2021",554
2021S051259240409,59240409,Dissemination area,59240409,59240409,,"Population, 2021",298
2021S051259240410,59240410,Dissemination area,59240410,59240410,,"Population, 2021",711
2021S051259240411,59240411,Dissemination area,59240411,59240411,,"Population, 2021",783
2021S051259240412,59240412,Dissemination area,59240412,59240412,,"Population, 2021",555
2021S051259240413,59240413,Dissemination area,59240413,59240413,,"Population, 2021",538
2021S051259240423,59240423,Dissemination area,59240423,59240423,,"Population, 2021",407
2021S051259240426,59240426,Dissemination area,59240426,59240426,,"Population, 2021",1604
2021S051259240430,59240430,Dissemination area,59240430,59240430,,"Population, 2021",0
2021S051259240431,59240431,Dissemination area,59240431,59240431,,"Population, 2021",0
2021S051259240436,59240436,Dissemination area,59240436,59240436,,"Population, 2021",0
2021S051259240437,59240437,Dissemination area,59240437,59240437,,"Population, 2021",0
2021S051259240439,59240439,Dissemination area,59240439,59240439,,"Population, 2021",527
2021A00055924039,5924039,Census subdivision,"Sayward, Village (VL)",Sayward,Village (VL),"Population, 2021",334
2021S051259240211,59240211,Dissemination area,59240211,59240211,,"Population, 2021",334
2021A00055924042,5924042,Census subdivision,"Strathcona D (Oyster Bay - Buttle Lake), Regional district electoral area (RDA)",Strathcona D (Oyster Bay - Buttle Lake),Regional district electoral area (RDA),"Population, 2021",4153
2021S051259240278,59240278,Dissemination area,59240278,59240278,,"Population, 2021",362
2021S051259240280,59240280,Dissemination area,59240280,59240280,,"Population, 2021",422
2021S051259240281,59240281,Dissemination area,59240281,59240281,,"Population, 2021",514
2021S051259240291,59240291,Dissemination area,59240291,59240291,,"Population, 2021",676
2021S051259240292,59240292,Dissemination area,59240292,59240292,,"Population, 2021",375
2021S051259240293,59240293,Dissemination area,59240293,59240293,,"Population, 2021",416
2021S051259240438,59240438,Dissemination area,59240438,59240438,,"Population, 2021",803
2021S051259240440,59240440,Dissemination area,59240440,59240440,,"Population, 2021",359
2021S051259240442,59240442,Dissemination area,59240442,59240442,,"Population, 2021",226
2021A00055924048,5924048,Census subdivision,"Strathcona A, Regional district electoral area (RDA)",Strathcona A,Regional district electoral area (RDA),"Population, 2021",864
2021S051259240198,59240198,Dissemination area,59240198,59240198,,"Population, 2021",0
2021S051259240199,59240199,Dissemination area,59240199,59240199,,"Population, 2021",0
2021S051259240209,59240209,Dissemination area,59240209,59240209,,"Population, 2021",377
2021S051259240210,59240210,Dissemination area,59240210,59240210,,"Population, 2021",454
2021S051259240429,59240429,Dissemination area,59240429,59240429,,"Population, 2021",33
2021A00055924052,5924052,Census subdivision,"Strathcona B, Regional district electoral area (RDA)",Strathcona B,Regional district electoral area (RDA),"Population, 2021",1059
2021S051259240274,59240274,Dissemination area,59240274,59240274,,"Population, 2021",426
2021S051259240277,59240277,Dissemination area,59240277,59240277,,"Population, 2021",633
2021A00055924054,5924054,Census subdivision,"Strathcona C, Regional district electoral area (RDA)",Strathcona C,Regional district electoral area (RDA),"Population, 2021",2737
2021S051259240212,59240212,Dissemination area,59240212,59240212,,"Population, 2021",546
2021S051259240264,59240264,Dissemination area,59240264,59240264,,"Population, 2021",584
2021S051259240265,59240265,Dissemination area,59240265,59240265,,"Population, 2021",626
2021S051259240266,59240266,Dissemination area,59240266,59240266,,"Population, 2021",534
2021S051259240269,59240269,Dissemination area,59240269,59240269,,"Population, 2021",0
2021S051259240270,59240270,Dissemination area,59240270,59240270,,"Population, 2021",0
2021S051259240271,59240271,Dissemination area,59240271,59240271,,"Population, 2021",0
2021S051259240272,59240272,Dissemination area,59240272,59240272,,"Population, 2021",0
2021S051259240419,59240419,Dissemination area,59240419,59240419,,"Population, 2021",447
2021S051259240420,59240420,Dissemination area,59240420,59240420,,"Population, 2021",0
2021A00055924803,5924803,Census subdivision,"Ahaminaquus 12, Indian reserve (IRI)",Ahaminaquus 12,Indian reserve (IRI),"Population, 2021",0
2021S051259240208,59240208,Dissemination area,59240208,59240208,,"Population, 2021",0
2021A00055924804,5924804,Census subdivision,"Campbell River 11, Indian reserve (IRI)",Campbell River 11,Indian reserve (IRI),"Population, 2021",506
2021S051259240263,59240263,Dissemination area,59240263,59240263,,"Population, 2021",506
2021A00055924805,5924805,Census subdivision,"Chenahkint 12, Indian reserve (IRI)",Chenahkint 12,Indian reserve (IRI),"Population, 2021",0
2021S051259240201,59240201,Dissemination area,59240201,59240201,,"Population, 2021",0
2021A00055924806,5924806,Census subdivision,"Houpsitas 6, Indian reserve (IRI)",Houpsitas 6,Indian reserve (IRI),"Population, 2021",157
2021S051259240427,59240427,Dissemination area,59240427,59240427,,"Population, 2021",157
2021A00055924812,5924812,Census subdivision,"Quinsam 12, Indian reserve (IRI)",Quinsam 12,Indian reserve (IRI),"Population, 2021",312
2021S051259240223,59240223,Dissemination area,59240223,59240223,,"Population, 2021",312
2021A00055924813,5924813,Census subdivision,"Village Island 1, Indian reserve (IRI)",Village Island 1,Indian reserve (IRI),"Population, 2021",0
2021S051259240202,59240202,Dissemination area,59240202,59240202,,"Population, 2021",0
2021A00055924814,5924814,Census subdivision,"Yuquot 1, Indian reserve (IRI)",Yuquot 1,Indian reserve (IRI),"Population, 2021",0
2021S051259240196,59240196,Dissemination area,59240196,59240196,,"Population, 2021",0
2021A00055924817,5924817,Census subdivision,"Cape Mudge 10, Indian reserve (IRI)",Cape Mudge 10,Indian reserve (IRI),"Population, 2021",145
2021S051259240267,59240267,Dissemination area,59240267,59240267,,"Population, 2021",145
2021A00055924818,5924818,Census subdivision,"Squirrel Cove 8, Indian reserve (IRI)",Squirrel Cove 8,Indian reserve (IRI),"Population, 2021",0
2021S051259240275,59240275,Dissemination area,59240275,59240275,,"Population, 2021",0
2021A00055924820,5924820,Census subdivision,"Tork 7, Indian reserve (IRI)",Tork 7,Indian reserve (IRI),"Population, 2021",60
2021S051259240276,59240276,Dissemination area,59240276,59240276,,"Population, 2021",60
2021A00055924833,5924833,Census subdivision,"Oclucje 7, Indian reserve (IRI)",Oclucje 7,Indian reserve (IRI),"Population, 2021",29
2021S051259240197,59240197,Dissemination area,59240197,59240197,,"Population, 2021",29
2021A00055924835,5924835,Census subdivision,"Tsa Xana 18, Indian reserve (IRI)",Tsa Xana 18,Indian reserve (IRI),"Population, 2021",205
2021S051259240195,59240195,Dissemination area,59240195,59240195,,"Population, 2021",205
2021A00055924836,5924836,Census subdivision,"Ehatis 11, Indian reserve (IRI)",Ehatis 11,Indian reserve (IRI),"Population, 2021",91
2021S051259240203,59240203,Dissemination area,59240203,59240203,,"Population, 2021",91
2021A00055924840,5924840,Census subdivision,"Homalco 9, Indian reserve (IRI)",Homalco 9,Indian reserve (IRI),"Population, 2021",214
2021S051259240226,59240226,Dissemination area,59240226,59240226,,"Population, 2021",214
2021A00055924843,5924843,Census subdivision,"Nenagwas 12, Indian reserve (IRI)",Nenagwas 12,Indian reserve (IRI),"Population, 2021",0
2021S051259240441,59240441,Dissemination area,59240441,59240441,,"Population, 2021",0
2021A00035926,5926,Census division,"Comox Valley, Regional district (RD)",Comox Valley,Regional district (RD),"Population, 2021",72445
2021A00055926005,5926005,Census subdivision,"Comox, Town (T)",Comox,Town (T),"Population, 2021",14806
2021S051259260322,59260322,Dissemination area,59260322,59260322,,"Population, 2021",516
2021S051259260323,59260323,Dissemination area,59260323,59260323,,"Population, 2021",504
2021S051259260324,59260324,Dissemination area,59260324,59260324,,"Population, 2021",608
2021S051259260325,59260325,Dissemination area,59260325,59260325,,"Population, 2021",576
2021S051259260326,59260326,Dissemination area,59260326,59260326,,"Population, 2021",660
2021S051259260327,59260327,Dissemination area,59260327,59260327,,"Population, 2021",593
2021S051259260328,59260328,Dissemination area,59260328,59260328,,"Population, 2021",846
2021S051259260329,59260329,Dissemination area,59260329,59260329,,"Population, 2021",526
2021S051259260330,59260330,Dissemination area,59260330,59260330,,"Population, 2021",494
2021S051259260331,59260331,Dissemination area,59260331,59260331,,"Population, 2021",411
2021S051259260332,59260332,Dissemination area,59260332,59260332,,"Population, 2021",487
2021S051259260337,59260337,Dissemination area,59260337,59260337,,"Population, 2021",387
2021S051259260339,59260339,Dissemination area,59260339,59260339,,"Population, 2021",522
2021S051259260354,59260354,Dissemination area,59260354,59260354,,"Population, 2021",500
2021S051259260360,59260360,Dissemination area,59260360,59260360,,"Population, 2021",365
2021S051259260361,59260361,Dissemination area,59260361,59260361,,"Population, 2021",955
2021S051259260362,59260362,Dissemination area,59260362,59260362,,"Population, 2021",563
2021S051259260363,59260363,Dissemination area,59260363,59260363,,"Population, 2021",1803
2021S051259260409,59260409,Dissemination area,59260409,59260409,,"Population, 2021",454
2021S051259260420,59260420,Dissemination area,59260420,59260420,,"Population, 2021",442
2021S051259260421,59260421,Dissemination area,59260421,59260421,,"Population, 2021",606
2021S051259260422,59260422,Dissemination area,59260422,59260422,,"Population, 2021",500
2021S051259260426,59260426,Dissemination area,59260426,59260426,,"Population, 2021",361
2021S051259260427,59260427,Dissemination area,59260427,59260427,,"Population, 2021",1127
2021A00055926010,5926010,Census subdivision,"Courtenay, City (CY)",Courtenay,City (CY),"Population, 2021",28420
2021S051259260303,59260303,Dissemination area,59260303,59260303,,"Population, 2021",570
2021S051259260304,59260304,Dissemination area,59260304,59260304,,"Population, 2021",499
2021S051259260305,59260305,Dissemination area,59260305,59260305,,"Population, 2021",427
2021S051259260306,59260306,Dissemination area,59260306,59260306,,"Population, 2021",433
2021S051259260307,59260307,Dissemination area,59260307,59260307,,"Population, 2021",1079
2021S051259260308,59260308,Dissemination area,59260308,59260308,,"Population, 2021",608
2021S051259260309,59260309,Dissemination area,59260309,59260309,,"Population, 2021",450
2021S051259260310,59260310,Dissemination area,59260310,59260310,,"Population, 2021",1023
2021S051259260312,59260312,Dissemination area,59260312,59260312,,"Population, 2021",473
2021S051259260313,59260313,Dissemination area,59260313,59260313,,"Population, 2021",475
2021S051259260314,59260314,Dissemination area,59260314,59260314,,"Population, 2021",458
2021S051259260315,59260315,Dissemination area,59260315,59260315,,"Population, 2021",406
2021S051259260316,59260316,Dissemination area,59260316,59260316,,"Population, 2021",371
2021S051259260317,59260317,Dissemination area,59260317,59260317,,"Population, 2021",470
2021S051259260318,59260318,Dissemination area,59260318,59260318,,"Population, 2021",477
2021S051259260364,59260364,Dissemination area,59260364,59260364,,"Population, 2021",1099
2021S051259260365,59260365,Dissemination area,59260365,59260365,,"Population, 2021",685
2021S051259260366,59260366,Dissemination area,59260366,59260366,,"Population, 2021",473
2021S051259260367,59260367,Dissemination area,59260367,59260367,,"Population, 2021",515
2021S051259260368,59260368,Dissemination area,59260368,59260368,,"Population, 2021",475
2021S051259260369,59260369,Dissemination area,59260369,59260369,,"Population, 2021",686
2021S051259260370,59260370,Dissemination area,59260370,59260370,,"Population, 2021",575
2021S051259260372,59260372,Dissemination area,59260372,59260372,,"Population, 2021",528
2021S051259260373,59260373,Dissemination area,59260373,59260373,,"Population, 2021",469
2021S051259260374,59260374,Dissemination area,59260374,59260374,,"Population, 2021",436
2021S051259260375,59260375,Dissemination area,59260375,59260375,,"Population, 2021",458
2021S051259260382,59260382,Dissemination area,59260382,59260382,,"Population, 2021",829
2021S051259260384,59260384,Dissemination area,59260384,59260384,,"Population, 2021",798
2021S051259260386,59260386,Dissemination area,59260386,59260386,,"Population, 2021",584
2021S051259260387,59260387,Dissemination area,59260387,59260387,,"Population, 2021",597
2021S051259260388,59260388,Dissemination area,59260388,59260388,,"Population, 2021",592
2021S051259260389,59260389,Dissemination area,59260389,59260389,,"Population, 2021",492
2021S051259260390,59260390,Dissemination area,59260390,59260390,,"Population, 2021",558
2021S051259260391,59260391,Dissemination area,59260391,59260391,,"Population, 2021",515
2021S051259260392,59260392,Dissemination area,59260392,59260392,,"Population, 2021",509
2021S051259260393,59260393,Dissemination area,59260393,59260393,,"Population, 2021",637
2021S051259260394,59260394,Dissemination area,59260394,59260394,,"Population, 2021",826
2021S051259260406,59260406,Dissemination area,59260406,59260406,,"Population, 2021",1204
2021S051259260435,59260435,Dissemination area,59260435,59260435,,"Population, 2021",671
2021S051259260436,59260436,Dissemination area,59260436,59260436,,"Population, 2021",2226
2021S051259260440,59260440,Dissemination area,59260440,59260440,,"Population, 2021",769
2021S051259260443,59260443,Dissemination area,59260443,59260443,,"Population, 2021",733
2021S051259260445,59260445,Dissemination area,59260445,59260445,,"Population, 2021",1138
2021S051259260454,59260454,Dissemination area,59260454,59260454,,"Population, 2021",124
2021A00055926014,5926014,Census subdivision,"Cumberland, Village (VL)",Cumberland,Village (VL),"Population, 2021",4447
2021S051259260400,59260400,Dissemination area,59260400,59260400,,"Population, 2021",864
2021S051259260401,59260401,Dissemination area,59260401,59260401,,"Population, 2021",1314
2021S051259260402,59260402,Dissemination area,59260402,59260402,,"Population, 2021",570
2021S051259260403,59260403,Dissemination area,59260403,59260403,,"Population, 2021",559
2021S051259260404,59260404,Dissemination area,59260404,59260404,,"Population, 2021",1140
2021A00055926021,5926021,Census subdivision,"Comox Valley A, Regional district electoral area (RDA)",Comox Valley A,Regional district electoral area (RDA),"Population, 2021",7926
2021S051259260341,59260341,Dissemination area,59260341,59260341,,"Population, 2021",521
2021S051259260342,59260342,Dissemination area,59260342,59260342,,"Population, 2021",741
2021S051259260343,59260343,Dissemination area,59260343,59260343,,"Population, 2021",575
2021S051259260344,59260344,Dissemination area,59260344,59260344,,"Population, 2021",534
2021S051259260345,59260345,Dissemination area,59260345,59260345,,"Population, 2021",698
2021S051259260346,59260346,Dissemination area,59260346,59260346,,"Population, 2021",681
2021S051259260347,59260347,Dissemination area,59260347,59260347,,"Population, 2021",808
2021S051259260348,59260348,Dissemination area,59260348,59260348,,"Population, 2021",583
2021S051259260349,59260349,Dissemination area,59260349,59260349,,"Population, 2021",603
2021S051259260350,59260350,Dissemination area,59260350,59260350,,"Population, 2021",622
2021S051259260432,59260432,Dissemination area,59260432,59260432,,"Population, 2021",585
2021S051259260434,59260434,Dissemination area,59260434,59260434,,"Population, 2021",975
2021A00055926022,5926022,Census subdivision,"Comox Valley B (Lazo North), Regional district electoral area (RDA)",Comox Valley B (Lazo North),Regional district electoral area (RDA),"Population, 2021",7392
2021S051259260299,59260299,Dissemination area,59260299,59260299,,"Population, 2021",655
2021S051259260300,59260300,Dissemination area,59260300,59260300,,"Population, 2021",522
2021S051259260301,59260301,Dissemination area,59260301,59260301,,"Population, 2021",750
2021S051259260320,59260320,Dissemination area,59260320,59260320,,"Population, 2021",172
2021S051259260376,59260376,Dissemination area,59260376,59260376,,"Population, 2021",550
2021S051259260378,59260378,Dissemination area,59260378,59260378,,"Population, 2021",625
2021S051259260379,59260379,Dissemination area,59260379,59260379,,"Population, 2021",545
2021S051259260408,59260408,Dissemination area,59260408,59260408,,"Population, 2021",399
2021S051259260415,59260415,Dissemination area,59260415,59260415,,"Population, 2021",352
2021S051259260419,59260419,Dissemination area,59260419,59260419,,"Population, 2021",396
2021S051259260423,59260423,Dissemination area,59260423,59260423,,"Population, 2021",441
2021S051259260424,59260424,Dissemination area,59260424,59260424,,"Population, 2021",419
2021S051259260428,59260428,Dissemination area,59260428,59260428,,"Population, 2021",487
2021S051259260439,59260439,Dissemination area,59260439,59260439,,"Population, 2021",546
2021S051259260442,59260442,Dissemination area,59260442,59260442,,"Population, 2021",533
2021A00055926024,5926024,Census subdivision,"Comox Valley C (Puntledge - Black Creek), Regional district electoral area (RDA)",Comox Valley C (Puntledge - Black Creek),Regional district electoral area (RDA),"Population, 2021",9158
2021S051259260288,59260288,Dissemination area,59260288,59260288,,"Population, 2021",799
2021S051259260289,59260289,Dissemination area,59260289,59260289,,"Population, 2021",1067
2021S051259260290,59260290,Dissemination area,59260290,59260290,,"Population, 2021",950
2021S051259260294,59260294,Dissemination area,59260294,59260294,,"Population, 2021",690
2021S051259260295,59260295,Dissemination area,59260295,59260295,,"Population, 2021",1111
2021S051259260296,59260296,Dissemination area,59260296,59260296,,"Population, 2021",852
2021S051259260297,59260297,Dissemination area,59260297,59260297,,"Population, 2021",485
2021S051259260298,59260298,Dissemination area,59260298,59260298,,"Population, 2021",449
2021S051259260395,59260395,Dissemination area,59260395,59260395,,"Population, 2021",553
2021S051259260399,59260399,Dissemination area,59260399,59260399,,"Population, 2021",785
2021S051259260451,59260451,Dissemination area,59260451,59260451,,"Population, 2021",456
2021S051259260453,59260453,Dissemination area,59260453,59260453,,"Population, 2021",961
2021A00055926801,5926801,Census subdivision,"Comox 1, Indian reserve (IRI)",Comox 1,Indian reserve (IRI),"Population, 2021",291
2021S051259260448,59260448,Dissemination area,59260448,59260448,,"Population, 2021",222
2021S051259260449,59260449,Dissemination area,59260449,59260449,,"Population, 2021",69
2021A00055926802,5926802,Census subdivision,"Pentledge 2, Indian reserve (IRI)",Pentledge 2,Indian reserve (IRI),"Population, 2021",5
2021S051259260311,59260311,Dissemination area,59260311,59260311,,"Population, 2021",5
2021A00035927,5927,Census division,"Powell River, Regional district (RD)",Powell River,Regional district (RD),"Population, 2021",21496
2021A00055927008,5927008,Census subdivision,"Powell River, City (CY)",Powell River,City (CY),"Population, 2021",13943
2021S051259270052,59270052,Dissemination area,59270052,59270052,,"Population, 2021",445
2021S051259270053,59270053,Dissemination area,59270053,59270053,,"Population, 2021",504
2021S051259270054,59270054,Dissemination area,59270054,59270054,,"Population, 2021",583
2021S051259270055,59270055,Dissemination area,59270055,59270055,,"Population, 2021",428
2021S051259270056,59270056,Dissemination area,59270056,59270056,,"Population, 2021",471
2021S051259270057,59270057,Dissemination area,59270057,59270057,,"Population, 2021",478
2021S051259270058,59270058,Dissemination area,59270058,59270058,,"Population, 2021",572
2021S051259270059,59270059,Dissemination area,59270059,59270059,,"Population, 2021",697
2021S051259270060,59270060,Dissemination area,59270060,59270060,,"Population, 2021",495
2021S051259270061,59270061,Dissemination area,59270061,59270061,,"Population, 2021",804
2021S051259270062,59270062,Dissemination area,59270062,59270062,,"Population, 2021",553
2021S051259270063,59270063,Dissemination area,59270063,59270063,,"Population, 2021",525
2021S051259270064,59270064,Dissemination area,59270064,59270064,,"Population, 2021",531
2021S051259270065,59270065,Dissemination area,59270065,59270065,,"Population, 2021",677
2021S051259270066,59270066,Dissemination area,59270066,59270066,,"Population, 2021",567
2021S051259270067,59270067,Dissemination area,59270067,59270067,,"Population, 2021",468
2021S051259270068,59270068,Dissemination area,59270068,59270068,,"Population, 2021",447
2021S051259270069,59270069,Dissemination area,59270069,59270069,,"Population, 2021",448
2021S051259270070,59270070,Dissemination area,59270070,59270070,,"Population, 2021",442
2021S051259270071,59270071,Dissemination area,59270071,59270071,,"Population, 2021",501
2021S051259270072,59270072,Dissemination area,59270072,59270072,,"Population, 2021",549
2021S051259270073,59270073,Dissemination area,59270073,59270073,,"Population, 2021",465
2021S051259270074,59270074,Dissemination area,59270074,59270074,,"Population, 2021",662
2021S051259270075,59270075,Dissemination area,59270075,59270075,,"Population, 2021",434
2021S051259270084,59270084,Dissemination area,59270084,59270084,,"Population, 2021",757
2021S051259270085,59270085,Dissemination area,59270085,59270085,,"Population, 2021",440
2021A00055927010,5927010,Census subdivision,"qathet A, Regional district electoral area (RDA)",qathet A,Regional district electoral area (RDA),"Population, 2021",1250
2021S051259270048,59270048,Dissemination area,59270048,59270048,,"Population, 2021",645
2021S051259270049,59270049,Dissemination area,59270049,59270049,,"Population, 2021",0
2021S051259270051,59270051,Dissemination area,59270051,59270051,,"Population, 2021",605
2021A00055927012,5927012,Census subdivision,"qathet B, Regional district electoral area (RDA)",qathet B,Regional district electoral area (RDA),"Population, 2021",1664
2021S051259270076,59270076,Dissemination area,59270076,59270076,,"Population, 2021",698
2021S051259270077,59270077,Dissemination area,59270077,59270077,,"Population, 2021",606
2021S051259270083,59270083,Dissemination area,59270083,59270083,,"Population, 2021",360
2021A00055927016,5927016,Census subdivision,"qathet C, Regional district electoral area (RDA)",qathet C,Regional district electoral area (RDA),"Population, 2021",2197
2021S051259270078,59270078,Dissemination area,59270078,59270078,,"Population, 2021",466
2021S051259270079,59270079,Dissemination area,59270079,59270079,,"Population, 2021",495
2021S051259270080,59270080,Dissemination area,59270080,59270080,,"Population, 2021",611
2021S051259270082,59270082,Dissemination area,59270082,59270082,,"Population, 2021",625
2021A00055927018,5927018,Census subdivision,"qathet D, Regional district electoral area (RDA)",qathet D,Regional district electoral area (RDA),"Population, 2021",1126
2021S051259270086,59270086,Dissemination area,59270086,59270086,,"Population, 2021",456
2021S051259270087,59270087,Dissemination area,59270087,59270087,,"Population, 2021",670
2021A00055927020,5927020,Census subdivision,"qathet E, Regional district electoral area (RDA)",qathet E,Regional district electoral area (RDA),"Population, 2021",498
2021S051259270088,59270088,Dissemination area,59270088,59270088,,"Population, 2021",498
2021A00055927802,5927802,Census subdivision,"Sliammon 1, Tla'amin Lands (TAL)",Sliammon 1,Tla'amin Lands (TAL),"Population, 2021",797
2021S051259270089,59270089,Dissemination area,59270089,59270089,,"Population, 2021",662
2021S051259270090,59270090,Dissemination area,59270090,59270090,,"Population, 2021",135
2021A00055927806,5927806,Census subdivision,"Sechelt (Part), Indian government district (IGD)",Sechelt (Part),Indian government district (IGD),"Population, 2021",21
2021S051259270081,59270081,Dissemination area,59270081,59270081,,"Population, 2021",21
2021A00035929,5929,Census division,"Sunshine Coast, Regional district (RD)",Sunshine Coast,Regional district (RD),"Population, 2021",32170
2021A00055929005,5929005,Census subdivision,"Gibsons, Town (T)",Gibsons,Town (T),"Population, 2021",4758
2021S051259290168,59290168,Dissemination area,59290168,59290168,,"Population, 2021",832
2021S051259290170,59290170,Dissemination area,59290170,59290170,,"Population, 2021",572
2021S051259290171,59290171,Dissemination area,59290171,59290171,,"Population, 2021",411
2021S051259290172,59290172,Dissemination area,59290172,59290172,,"Population, 2021",533
2021S051259290173,59290173,Dissemination area,59290173,59290173,,"Population, 2021",344
2021S051259290180,59290180,Dissemination area,59290180,59290180,,"Population, 2021",747
2021S051259290181,59290181,Dissemination area,59290181,59290181,,"Population, 2021",460
2021S051259290188,59290188,Dissemination area,59290188,59290188,,"Population, 2021",859
2021A00055929011,5929011,Census subdivision,"Sechelt, District municipality (DM)",Sechelt,District municipality (DM),"Population, 2021",10847
2021S051259290129,59290129,Dissemination area,59290129,59290129,,"Population, 2021",624
2021S051259290131,59290131,Dissemination area,59290131,59290131,,"Population, 2021",576
2021S051259290134,59290134,Dissemination area,59290134,59290134,,"Population, 2021",60
2021S051259290135,59290135,Dissemination area,59290135,59290135,,"Population, 2021",613
2021S051259290137,59290137,Dissemination area,59290137,59290137,,"Population, 2021",489
2021S051259290139,59290139,Dissemination area,59290139,59290139,,"Population, 2021",760
2021S051259290141,59290141,Dissemination area,59290141,59290141,,"Population, 2021",668
2021S051259290143,59290143,Dissemination area,59290143,59290143,,"Population, 2021",527
2021S051259290144,59290144,Dissemination area,59290144,59290144,,"Population, 2021",771
2021S051259290145,59290145,Dissemination area,59290145,59290145,,"Population, 2021",472
2021S051259290146,59290146,Dissemination area,59290146,59290146,,"Population, 2021",656
2021S051259290153,59290153,Dissemination area,59290153,59290153,,"Population, 2021",1647
2021S051259290154,59290154,Dissemination area,59290154,59290154,,"Population, 2021",627
2021S051259290155,59290155,Dissemination area,59290155,59290155,,"Population, 2021",0
2021S051259290156,59290156,Dissemination area,59290156,59290156,,"Population, 2021",428
2021S051259290184,59290184,Dissemination area,59290184,59290184,,"Population, 2021",1094
2021S051259290186,59290186,Dissemination area,59290186,59290186,,"Population, 2021",835
2021A00055929018,5929018,Census subdivision,"Sunshine Coast A, Regional district electoral area (RDA)",Sunshine Coast A,Regional district electoral area (RDA),"Population, 2021",3039
2021S051259290097,59290097,Dissemination area,59290097,59290097,,"Population, 2021",718
2021S051259290111,59290111,Dissemination area,59290111,59290111,,"Population, 2021",605
2021S051259290112,59290112,Dissemination area,59290112,59290112,,"Population, 2021",469
2021S051259290116,59290116,Dissemination area,59290116,59290116,,"Population, 2021",678
2021S051259290199,59290199,Dissemination area,59290199,59290199,,"Population, 2021",569
2021A00055929022,5929022,Census subdivision,"Sunshine Coast B, Regional district electoral area (RDA)",Sunshine Coast B,Regional district electoral area (RDA),"Population, 2021",2969
2021S051259290121,59290121,Dissemination area,59290121,59290121,,"Population, 2021",741
2021S051259290147,59290147,Dissemination area,59290147,59290147,,"Population, 2021",610
2021S051259290148,59290148,Dissemination area,59290148,59290148,,"Population, 2021",449
2021S051259290149,59290149,Dissemination area,59290149,59290149,,"Population, 2021",606
2021S051259290150,59290150,Dissemination area,59290150,59290150,,"Population, 2021",563
2021A00055929024,5929024,Census subdivision,"Sunshine Coast D, Regional district electoral area (RDA)",Sunshine Coast D,Regional district electoral area (RDA),"Population, 2021",3523
2021S051259290151,59290151,Dissemination area,59290151,59290151,,"Population, 2021",663
2021S051259290157,59290157,Dissemination area,59290157,59290157,,"Population, 2021",602
2021S051259290158,59290158,Dissemination area,59290158,59290158,,"Population, 2021",704
2021S051259290159,59290159,Dissemination area,59290159,59290159,,"Population, 2021",466
2021S051259290160,59290160,Dissemination area,59290160,59290160,,"Population, 2021",485
2021S051259290161,59290161,Dissemination area,59290161,59290161,,"Population, 2021",603
2021A00055929026,5929026,Census subdivision,"Sunshine Coast E, Regional district electoral area (RDA)",Sunshine Coast E,Regional district electoral area (RDA),"Population, 2021",3883
2021S051259290162,59290162,Dissemination area,59290162,59290162,,"Population, 2021",489
2021S051259290163,59290163,Dissemination area,59290163,59290163,,"Population, 2021",982
2021S051259290164,59290164,Dissemination area,59290164,59290164,,"Population, 2021",494
2021S051259290165,59290165,Dissemination area,59290165,59290165,,"Population, 2021",450
2021S051259290166,59290166,Dissemination area,59290166,59290166,,"Population, 2021",563
2021S051259290183,59290183,Dissemination area,59290183,59290183,,"Population, 2021",512
2021S051259290189,59290189,Dissemination area,59290189,59290189,,"Population, 2021",393
2021A00055929028,5929028,Census subdivision,"Sunshine Coast F, Regional district electoral area (RDA)",Sunshine Coast F,Regional district electoral area (RDA),"Population, 2021",2407
2021S051259290176,59290176,Dissemination area,59290176,59290176,,"Population, 2021",515
2021S051259290178,59290178,Dissemination area,59290178,59290178,,"Population, 2021",0
2021S051259290179,59290179,Dissemination area,59290179,59290179,,"Population, 2021",0
2021S051259290192,59290192,Dissemination area,59290192,59290192,,"Population, 2021",291
2021S051259290193,59290193,Dissemination area,59290193,59290193,,"Population, 2021",831
2021S051259290194,59290194,Dissemination area,59290194,59290194,,"Population, 2021",770
2021A00055929801,5929801,Census subdivision,"Chekwelp 26, Indian reserve (IRI)",Chekwelp 26,Indian reserve (IRI),"Population, 2021",0
2021S051259290174,59290174,Dissemination area,59290174,59290174,,"Population, 2021",0
2021A00055929803,5929803,Census subdivision,"Sechelt (Part), Indian government district (IGD)",Sechelt (Part),Indian government district (IGD),"Population, 2021",744
2021S051259290096,59290096,Dissemination area,59290096,59290096,,"Population, 2021",0
2021S051259290098,59290098,Dissemination area,59290098,59290098,,"Population, 2021",0
2021S051259290099,59290099,Dissemination area,59290099,59290099,,"Population, 2021",0
2021S051259290100,59290100,Dissemination area,59290100,59290100,,"Population, 2021",0
2021S051259290101,59290101,Dissemination area,59290101,59290101,,"Population, 2021",0
2021S051259290102,59290102,Dissemination area,59290102,59290102,,"Population, 2021",0
2021S051259290103,59290103,Dissemination area,59290103,59290103,,"Population, 2021",0
2021S051259290104,59290104,Dissemination area,59290104,59290104,,"Population, 2021",0
2021S051259290105,59290105,Dissemination area,59290105,59290105,,"Population, 2021",0
2021S051259290106,59290106,Dissemination area,59290106,59290106,,"Population, 2021",0
2021S051259290107,59290107,Dissemination area,59290107,59290107,,"Population, 2021",0
2021S051259290108,59290108,Dissemination area,59290108,59290108,,"Population, 2021",0
2021S051259290109,59290109,Dissemination area,59290109,59290109,,"Population, 2021",0
2021S051259290110,59290110,Dissemination area,59290110,59290110,,"Population, 2021",0
2021S051259290113,59290113,Dissemination area,59290113,59290113,,"Population, 2021",0
2021S051259290114,59290114,Dissemination area,59290114,59290114,,"Population, 2021",0
2021S051259290115,59290115,Dissemination area,59290115,59290115,,"Population, 2021",0
2021S051259290118,59290118,Dissemination area,59290118,59290118,,"Population, 2021",0
2021S051259290120,59290120,Dissemination area,59290120,59290120,,"Population, 2021",0
2021S051259290122,59290122,Dissemination area,59290122,59290122,,"Population, 2021",0
2021S051259290123,59290123,Dissemination area,59290123,59290123,,"Population, 2021",0
2021S051259290124,59290124,Dissemination area,59290124,59290124,,"Population, 2021",0
2021S051259290125,59290125,Dissemination area,59290125,59290125,,"Population, 2021",0
2021S051259290126,59290126,Dissemination area,59290126,59290126,,"Population, 2021",0
2021S051259290127,59290127,Dissemination area,59290127,59290127,,"Population, 2021",0
2021S051259290128,59290128,Dissemination area,59290128,59290128,,"Population, 2021",0
2021S051259290130,59290130,Dissemination area,59290130,59290130,,"Population, 2021",0
2021S051259290132,59290132,Dissemination area,59290132,59290132,,"Population, 2021",0
2021S051259290133,59290133,Dissemination area,59290133,59290133,,"Population, 2021",597
2021S051259290138,59290138,Dissemination area,59290138,59290138,,"Population, 2021",0
2021S051259290140,59290140,Dissemination area,59290140,59290140,,"Population, 2021",0
2021S051259290152,59290152,Dissemination area,59290152,59290152,,"Population, 2021",132
2021S051259290200,59290200,Dissemination area,59290200,59290200,,"Population, 2021",15
2021A00035931,5931,Census division,"Squamish-Lillooet, Regional district (RD)",Squamish-Lillooet,Regional district (RD),"Population, 2021",50496
2021A00055931006,5931006,Census subdivision,"Squamish, District municipality (DM)",Squamish,District municipality (DM),"Population, 2021",23819
2021S051259310187,59310187,Dissemination area,59310187,59310187,,"Population, 2021",1131
2021S051259310190,59310190,Dissemination area,59310190,59310190,,"Population, 2021",459
2021S051259310191,59310191,Dissemination area,59310191,59310191,,"Population, 2021",474
2021S051259310192,59310192,Dissemination area,59310192,59310192,,"Population, 2021",444
2021S051259310193,59310193,Dissemination area,59310193,59310193,,"Population, 2021",1317
2021S051259310196,59310196,Dissemination area,59310196,59310196,,"Population, 2021",751
2021S051259310197,59310197,Dissemination area,59310197,59310197,,"Population, 2021",776
2021S051259310198,59310198,Dissemination area,59310198,59310198,,"Population, 2021",1265
2021S051259310200,59310200,Dissemination area,59310200,59310200,,"Population, 2021",1371
2021S051259310201,59310201,Dissemination area,59310201,59310201,,"Population, 2021",2080
2021S051259310202,59310202,Dissemination area,59310202,59310202,,"Population, 2021",1385
2021S051259310203,59310203,Dissemination area,59310203,59310203,,"Population, 2021",1528
2021S051259310205,59310205,Dissemination area,59310205,59310205,,"Population, 2021",495
2021S051259310206,59310206,Dissemination area,59310206,59310206,,"Population, 2021",533
2021S051259310207,59310207,Dissemination area,59310207,59310207,,"Population, 2021",464
2021S051259310208,59310208,Dissemination area,59310208,59310208,,"Population, 2021",418
2021S051259310209,59310209,Dissemination area,59310209,59310209,,"Population, 2021",518
2021S051259310210,59310210,Dissemination area,59310210,59310210,,"Population, 2021",461
2021S051259310211,59310211,Dissemination area,59310211,59310211,,"Population, 2021",1607
2021S051259310212,59310212,Dissemination area,59310212,59310212,,"Population, 2021",982
2021S051259310213,59310213,Dissemination area,59310213,59310213,,"Population, 2021",1993
2021S051259310214,59310214,Dissemination area,59310214,59310214,,"Population, 2021",489
2021S051259310215,59310215,Dissemination area,59310215,59310215,,"Population, 2021",1074
2021S051259310216,59310216,Dissemination area,59310216,59310216,,"Population, 2021",661
2021S051259310217,59310217,Dissemination area,59310217,59310217,,"Population, 2021",560
2021S051259310253,59310253,Dissemination area,59310253,59310253,,"Population, 2021",583
2021A00055931012,5931012,Census subdivision,"Pemberton, Village (VL)",Pemberton,Village (VL),"Population, 2021",3407
2021S051259310162,59310162,Dissemination area,59310162,59310162,,"Population, 2021",45
2021S051259310164,59310164,Dissemination area,59310164,59310164,,"Population, 2021",312
2021S051259310165,59310165,Dissemination area,59310165,59310165,,"Population, 2021",1507
2021S051259310231,59310231,Dissemination area,59310231,59310231,,"Population, 2021",1151
2021S051259310235,59310235,Dissemination area,59310235,59310235,,"Population, 2021",354
2021S051259310240,59310240,Dissemination area,59310240,59310240,,"Population, 2021",38
2021A00055931017,5931017,Census subdivision,"Squamish-Lillooet C, Regional district electoral area (RDA)",Squamish-Lillooet C,Regional district electoral area (RDA),"Population, 2021",2000
2021S051259310225,59310225,Dissemination area,59310225,59310225,,"Population, 2021",664
2021S051259310232,59310232,Dissemination area,59310232,59310232,,"Population, 2021",807
2021S051259310236,59310236,Dissemination area,59310236,59310236,,"Population, 2021",224
2021S051259310241,59310241,Dissemination area,59310241,59310241,,"Population, 2021",305
2021A00055931020,5931020,Census subdivision,"Whistler, District municipality (DM)",Whistler,District municipality (DM),"Population, 2021",13982
2021S051259310168,59310168,Dissemination area,59310168,59310168,,"Population, 2021",1360
2021S051259310169,59310169,Dissemination area,59310169,59310169,,"Population, 2021",595
2021S051259310170,59310170,Dissemination area,59310170,59310170,,"Population, 2021",280
2021S051259310171,59310171,Dissemination area,59310171,59310171,,"Population, 2021",976
2021S051259310172,59310172,Dissemination area,59310172,59310172,,"Population, 2021",775
2021S051259310173,59310173,Dissemination area,59310173,59310173,,"Population, 2021",693
2021S051259310174,59310174,Dissemination area,59310174,59310174,,"Population, 2021",627
2021S051259310175,59310175,Dissemination area,59310175,59310175,,"Population, 2021",762
2021S051259310176,59310176,Dissemination area,59310176,59310176,,"Population, 2021",1764
2021S051259310177,59310177,Dissemination area,59310177,59310177,,"Population, 2021",536
2021S051259310178,59310178,Dissemination area,59310178,59310178,,"Population, 2021",628
2021S051259310179,59310179,Dissemination area,59310179,59310179,,"Population, 2021",408
2021S051259310180,59310180,Dissemination area,59310180,59310180,,"Population, 2021",502
2021S051259310182,59310182,Dissemination area,59310182,59310182,,"Population, 2021",584
2021S051259310183,59310183,Dissemination area,59310183,59310183,,"Population, 2021",996
2021S051259310184,59310184,Dissemination area,59310184,59310184,,"Population, 2021",888
2021S051259310223,59310223,Dissemination area,59310223,59310223,,"Population, 2021",1608
2021A00055931021,5931021,Census subdivision,"Squamish-Lillooet D, Regional district electoral area (RDA)",Squamish-Lillooet D,Regional district electoral area (RDA),"Population, 2021",1057
2021S051259310221,59310221,Dissemination area,59310221,59310221,,"Population, 2021",1057
2021A00055931026,5931026,Census subdivision,"Lillooet, District municipality (DM)",Lillooet,District municipality (DM),"Population, 2021",2302
2021S051259310134,59310134,Dissemination area,59310134,59310134,,"Population, 2021",406
2021S051259310140,59310140,Dissemination area,59310140,59310140,,"Population, 2021",493
2021S051259310141,59310141,Dissemination area,59310141,59310141,,"Population, 2021",382
2021S051259310142,59310142,Dissemination area,59310142,59310142,,"Population, 2021",557
2021S051259310143,59310143,Dissemination area,59310143,59310143,,"Population, 2021",464
2021A00055931032,5931032,Census subdivision,"Squamish-Lillooet A, Regional district electoral area (RDA)",Squamish-Lillooet A,Regional district electoral area (RDA),"Population, 2021",305
2021S051259310119,59310119,Dissemination area,59310119,59310119,,"Population, 2021",305
2021A00055931034,5931034,Census subdivision,"Squamish-Lillooet B, Regional district electoral area (RDA)",Squamish-Lillooet B,Regional district electoral area (RDA),"Population, 2021",373
2021S051259310144,59310144,Dissemination area,59310144,59310144,,"Population, 2021",0
2021S051259310148,59310148,Dissemination area,59310148,59310148,,"Population, 2021",0
2021S051259310251,59310251,Dissemination area,59310251,59310251,,"Population, 2021",373
2021A00055931801,5931801,Census subdivision,"Cheakamus 11, Indian reserve (IRI)",Cheakamus 11,Indian reserve (IRI),"Population, 2021",95
2021S051259310186,59310186,Dissemination area,59310186,59310186,,"Population, 2021",95
2021A00055931802,5931802,Census subdivision,"Kowtain 17, Indian reserve (IRI)",Kowtain 17,Indian reserve (IRI),"Population, 2021",59
2021S051259310195,59310195,Dissemination area,59310195,59310195,,"Population, 2021",59
2021A00055931806,5931806,Census subdivision,"Seaichem 16, Indian reserve (IRI)",Seaichem 16,Indian reserve (IRI),"Population, 2021",15
2021S051259310194,59310194,Dissemination area,59310194,59310194,,"Population, 2021",15
2021A00055931807,5931807,Census subdivision,"Stawamus 24, Indian reserve (IRI)",Stawamus 24,Indian reserve (IRI),"Population, 2021",98
2021S051259310204,59310204,Dissemination area,59310204,59310204,,"Population, 2021",98
2021A00055931808,5931808,Census subdivision,"Waiwakum 14, Indian reserve (IRI)",Waiwakum 14,Indian reserve (IRI),"Population, 2021",224
2021S051259310254,59310254,Dissemination area,59310254,59310254,,"Population, 2021",0
2021S051259310255,59310255,Dissemination area,59310255,59310255,,"Population, 2021",224
2021A00055931809,5931809,Census subdivision,"Yekwaupsum 18, Indian reserve (IRI)",Yekwaupsum 18,Indian reserve (IRI),"Population, 2021",17
2021S051259310199,59310199,Dissemination area,59310199,59310199,,"Population, 2021",17
2021A00055931812,5931812,Census subdivision,"Nesuch 3, Indian reserve (IRI)",Nesuch 3,Indian reserve (IRI),"Population, 2021",95
2021S051259310154,59310154,Dissemination area,59310154,59310154,,"Population, 2021",47
2021S051259310156,59310156,Dissemination area,59310156,59310156,,"Population, 2021",48
2021A00055931813,5931813,Census subdivision,"Bridge River 1, Indian reserve (IRI)",Bridge River 1,Indian reserve (IRI),"Population, 2021",242
2021S051259310121,59310121,Dissemination area,59310121,59310121,,"Population, 2021",242
2021A00055931814,5931814,Census subdivision,"Cayoosh Creek 1, Indian reserve (IRI)",Cayoosh Creek 1,Indian reserve (IRI),"Population, 2021",66
2021S051259310138,59310138,Dissemination area,59310138,59310138,,"Population, 2021",66
2021A00055931815,5931815,Census subdivision,"Chilhil 6, Indian reserve (IRI)",Chilhil 6,Indian reserve (IRI),"Population, 2021",63
2021S051259310126,59310126,Dissemination area,59310126,59310126,,"Population, 2021",63
2021A00055931816,5931816,Census subdivision,"Fountain 1, Indian reserve (IRI)",Fountain 1,Indian reserve (IRI),"Population, 2021",93
2021S051259310132,59310132,Dissemination area,59310132,59310132,,"Population, 2021",93
2021A00055931817,5931817,Census subdivision,"Fountain 3, Indian reserve (IRI)",Fountain 3,Indian reserve (IRI),"Population, 2021",10
2021S051259310130,59310130,Dissemination area,59310130,59310130,,"Population, 2021",10
2021A00055931818,5931818,Census subdivision,"Fountain 10, Indian reserve (IRI)",Fountain 10,Indian reserve (IRI),"Population, 2021",5
2021S051259310128,59310128,Dissemination area,59310128,59310128,,"Population, 2021",5
2021A00055931819,5931819,Census subdivision,"Fountain 11, Indian reserve (IRI)",Fountain 11,Indian reserve (IRI),"Population, 2021",0
2021S051259310133,59310133,Dissemination area,59310133,59310133,,"Population, 2021",0
2021A00055931820,5931820,Census subdivision,"Fountain 12, Indian reserve (IRI)",Fountain 12,Indian reserve (IRI),"Population, 2021",10
2021S051259310125,59310125,Dissemination area,59310125,59310125,,"Population, 2021",10
2021A00055931821,5931821,Census subdivision,"Lillooet 1, Indian reserve (IRI)",Lillooet 1,Indian reserve (IRI),"Population, 2021",285
2021S051259310139,59310139,Dissemination area,59310139,59310139,,"Population, 2021",285
2021A00055931822,5931822,Census subdivision,"Fountain Creek 8, Indian reserve (IRI)",Fountain Creek 8,Indian reserve (IRI),"Population, 2021",0
2021S051259310123,59310123,Dissemination area,59310123,59310123,,"Population, 2021",0
2021A00055931823,5931823,Census subdivision,"McCartney's Flat 4, Indian reserve (IRI)",McCartney's Flat 4,Indian reserve (IRI),"Population, 2021",24
2021S051259310136,59310136,Dissemination area,59310136,59310136,,"Population, 2021",24
2021A00055931824,5931824,Census subdivision,"Seton Lake 5, Indian reserve (IRI)",Seton Lake 5,Indian reserve (IRI),"Population, 2021",0
2021S051259310137,59310137,Dissemination area,59310137,59310137,,"Population, 2021",0
2021A00055931825,5931825,Census subdivision,"Fountain 1D, Indian reserve (IRI)",Fountain 1D,Indian reserve (IRI),"Population, 2021",25
2021S051259310248,59310248,Dissemination area,59310248,59310248,,"Population, 2021",25
2021A00055931826,5931826,Census subdivision,"Necait 6, Indian reserve (IRI)",Necait 6,Indian reserve (IRI),"Population, 2021",5
2021S051259310122,59310122,Dissemination area,59310122,59310122,,"Population, 2021",5
2021A00055931827,5931827,Census subdivision,"Nesikep 6, Indian reserve (IRI)",Nesikep 6,Indian reserve (IRI),"Population, 2021",5
2021S051259310127,59310127,Dissemination area,59310127,59310127,,"Population, 2021",5
2021A00055931828,5931828,Census subdivision,"Pashilqua 2, Indian reserve (IRI)",Pashilqua 2,Indian reserve (IRI),"Population, 2021",57
2021S051259310135,59310135,Dissemination area,59310135,59310135,,"Population, 2021",57
2021A00055931829,5931829,Census subdivision,"Pavilion 1, Indian reserve (IRI)",Pavilion 1,Indian reserve (IRI),"Population, 2021",48
2021S051259310129,59310129,Dissemination area,59310129,59310129,,"Population, 2021",48
2021A00055931831,5931831,Census subdivision,"Slosh 1, Indian reserve (IRI)",Slosh 1,Indian reserve (IRI),"Population, 2021",215
2021S051259310146,59310146,Dissemination area,59310146,59310146,,"Population, 2021",66
2021S051259310250,59310250,Dissemination area,59310250,59310250,,"Population, 2021",149
2021A00055931832,5931832,Census subdivision,"Towinock 2, Indian reserve (IRI)",Towinock 2,Indian reserve (IRI),"Population, 2021",16
2021S051259310124,59310124,Dissemination area,59310124,59310124,,"Population, 2021",16
2021A00055931833,5931833,Census subdivision,"Mission 5, Indian reserve (IRI)",Mission 5,Indian reserve (IRI),"Population, 2021",19
2021S051259310147,59310147,Dissemination area,59310147,59310147,,"Population, 2021",19
2021A00055931834,5931834,Census subdivision,"Fountain 3A, Indian reserve (IRI)",Fountain 3A,Indian reserve (IRI),"Population, 2021",0
2021S051259310242,59310242,Dissemination area,59310242,59310242,,"Population, 2021",0
2021A00055931842,5931842,Census subdivision,"Fountain 1B, Indian reserve (IRI)",Fountain 1B,Indian reserve (IRI),"Population, 2021",63
2021S051259310247,59310247,Dissemination area,59310247,59310247,,"Population, 2021",63
2021A00055931843,5931843,Census subdivision,"Mount Currie, Indian reserve (IRI)",Mount Currie,Indian reserve (IRI),"Population, 2021",1242
2021S051259310153,59310153,Dissemination area,59310153,59310153,,"Population, 2021",958
2021S051259310158,59310158,Dissemination area,59310158,59310158,,"Population, 2021",5
2021S051259310163,59310163,Dissemination area,59310163,59310163,,"Population, 2021",140
2021S051259310218,59310218,Dissemination area,59310218,59310218,,"Population, 2021",139
2021A00055931844,5931844,Census subdivision,"Nequatque, Indian reserve (IRI)",Nequatque,Indian reserve (IRI),"Population, 2021",155
2021S051259310150,59310150,Dissemination area,59310150,59310150,,"Population, 2021",140
2021S051259310151,59310151,Dissemination area,59310151,59310151,,"Population, 2021",5
2021S051259310152,59310152,Dissemination area,59310152,59310152,,"Population, 2021",10
2021A00035933,5933,Census division,"Thompson-Nicola, Regional district (RD)",Thompson-Nicola,Regional district (RD),"Population, 2021",143680
2021A00055933006,5933006,Census subdivision,"Merritt, City (CY)",Merritt,City (CY),"Population, 2021",7051
2021S051259331550,59331550,Dissemination area,59331550,59331550,,"Population, 2021",649
2021S051259331555,59331555,Dissemination area,59331555,59331555,,"Population, 2021",478
2021S051259331556,59331556,Dissemination area,59331556,59331556,,"Population, 2021",607
2021S051259331557,59331557,Dissemination area,59331557,59331557,,"Population, 2021",437
2021S051259331558,59331558,Dissemination area,59331558,59331558,,"Population, 2021",403
2021S051259331559,59331559,Dissemination area,59331559,59331559,,"Population, 2021",403
2021S051259331560,59331560,Dissemination area,59331560,59331560,,"Population, 2021",338
2021S051259331562,59331562,Dissemination area,59331562,59331562,,"Population, 2021",881
2021S051259331563,59331563,Dissemination area,59331563,59331563,,"Population, 2021",481
2021S051259331564,59331564,Dissemination area,59331564,59331564,,"Population, 2021",466
2021S051259331565,59331565,Dissemination area,59331565,59331565,,"Population, 2021",400
2021S051259331566,59331566,Dissemination area,59331566,59331566,,"Population, 2021",439
2021S051259331567,59331567,Dissemination area,59331567,59331567,,"Population, 2021",660
2021S051259331664,59331664,Dissemination area,59331664,59331664,,"Population, 2021",409
2021A00055933008,5933008,Census subdivision,"Thompson-Nicola M (Beautiful Nicola Valley - North), Regional district electoral area (RDA)",Thompson-Nicola M (Beautiful Nicola Valley - North),Regional district electoral area (RDA),"Population, 2021",1637
2021S051259331545,59331545,Dissemination area,59331545,59331545,,"Population, 2021",511
2021S051259331547,59331547,Dissemination area,59331547,59331547,,"Population, 2021",0
2021S051259331568,59331568,Dissemination area,59331568,59331568,,"Population, 2021",625
2021S051259331569,59331569,Dissemination area,59331569,59331569,,"Population, 2021",501
2021S051259331571,59331571,Dissemination area,59331571,59331571,,"Population, 2021",0
2021A00055933012,5933012,Census subdivision,"Thompson-Nicola N (Beautiful Nicola Valley - South), Regional district electoral area (RDA)",Thompson-Nicola N (Beautiful Nicola Valley - South),Regional district electoral area (RDA),"Population, 2021",717
2021S051259331654,59331654,Dissemination area,59331654,59331654,,"Population, 2021",377
2021S051259331662,59331662,Dissemination area,59331662,59331662,,"Population, 2021",340
2021A00055933015,5933015,Census subdivision,"Lytton, Village (VL)",Lytton,Village (VL),"Population, 2021",210
2021S051259331592,59331592,Dissemination area,59331592,59331592,,"Population, 2021",210
2021A00055933019,5933019,Census subdivision,"Ashcroft, Village (VL)",Ashcroft,Village (VL),"Population, 2021",1670
2021S051259331462,59331462,Dissemination area,59331462,59331462,,"Population, 2021",426
2021S051259331463,59331463,Dissemination area,59331463,59331463,,"Population, 2021",432
2021S051259331464,59331464,Dissemination area,59331464,59331464,,"Population, 2021",434
2021S051259331468,59331468,Dissemination area,59331468,59331468,,"Population, 2021",378
2021A00055933024,5933024,Census subdivision,"Cache Creek, Village (VL)",Cache Creek,Village (VL),"Population, 2021",969
2021S051259331477,59331477,Dissemination area,59331477,59331477,,"Population, 2021",421
2021S051259331478,59331478,Dissemination area,59331478,59331478,,"Population, 2021",548
2021A00055933028,5933028,Census subdivision,"Clinton, Village (VL)",Clinton,Village (VL),"Population, 2021",568
2021S051259331454,59331454,Dissemination area,59331454,59331454,,"Population, 2021",568
2021S051259331458,59331458,Dissemination area,59331458,59331458,,"Population, 2021",0
2021A00055933032,5933032,Census subdivision,"Thompson-Nicola E (Bonaparte Plateau), Regional district electoral area (RDA)",Thompson-Nicola E (Bonaparte Plateau),Regional district electoral area (RDA),"Population, 2021",1162
2021S051259331451,59331451,Dissemination area,59331451,59331451,,"Population, 2021",260
2021S051259331453,59331453,Dissemination area,59331453,59331453,,"Population, 2021",0
2021S051259331455,59331455,Dissemination area,59331455,59331455,,"Population, 2021",520
2021S051259331457,59331457,Dissemination area,59331457,59331457,,"Population, 2021",382
2021A00055933035,5933035,Census subdivision,"Logan Lake, District municipality (DM)",Logan Lake,District municipality (DM),"Population, 2021",2255
2021S051259331486,59331486,Dissemination area,59331486,59331486,,"Population, 2021",570
2021S051259331487,59331487,Dissemination area,59331487,59331487,,"Population, 2021",647
2021S051259331488,59331488,Dissemination area,59331488,59331488,,"Population, 2021",482
2021S051259331489,59331489,Dissemination area,59331489,59331489,,"Population, 2021",556
2021A00055933037,5933037,Census subdivision,"Thompson-Nicola I (Blue Sky Country), Regional district electoral area (RDA)",Thompson-Nicola I (Blue Sky Country),Regional district electoral area (RDA),"Population, 2021",1038
2021S051259331459,59331459,Dissemination area,59331459,59331459,,"Population, 2021",519
2021S051259331467,59331467,Dissemination area,59331467,59331467,,"Population, 2021",15
2021S051259331481,59331481,Dissemination area,59331481,59331481,,"Population, 2021",0
2021S051259331484,59331484,Dissemination area,59331484,59331484,,"Population, 2021",20
2021S051259331485,59331485,Dissemination area,59331485,59331485,,"Population, 2021",0
2021S051259331681,59331681,Dissemination area,59331681,59331681,,"Population, 2021",20
2021S051259331684,59331684,Dissemination area,59331684,59331684,,"Population, 2021",247
2021S051259331737,59331737,Dissemination area,59331737,59331737,,"Population, 2021",217
2021S051259331741,59331741,Dissemination area,59331741,59331741,,"Population, 2021",0
2021A00055933039,5933039,Census subdivision,"Thompson-Nicola J (Copper Desert Country), Regional district electoral area (RDA)",Thompson-Nicola J (Copper Desert Country),Regional district electoral area (RDA),"Population, 2021",1796
2021S051259331490,59331490,Dissemination area,59331490,59331490,,"Population, 2021",499
2021S051259331491,59331491,Dissemination area,59331491,59331491,,"Population, 2021",936
2021S051259331492,59331492,Dissemination area,59331492,59331492,,"Population, 2021",361
2021A00055933042,5933042,Census subdivision,"Kamloops, City (CY)",Kamloops,City (CY),"Population, 2021",97902
2021S051259330042,59330042,Dissemination area,59330042,59330042,,"Population, 2021",580
2021S051259330043,59330043,Dissemination area,59330043,59330043,,"Population, 2021",1200
2021S051259330045,59330045,Dissemination area,59330045,59330045,,"Population, 2021",783
2021S051259330047,59330047,Dissemination area,59330047,59330047,,"Population, 2021",1234
2021S051259330048,59330048,Dissemination area,59330048,59330048,,"Population, 2021",677
2021S051259330049,59330049,Dissemination area,59330049,59330049,,"Population, 2021",1146
2021S051259330050,59330050,Dissemination area,59330050,59330050,,"Population, 2021",390
2021S051259330051,59330051,Dissemination area,59330051,59330051,,"Population, 2021",332
2021S051259330054,59330054,Dissemination area,59330054,59330054,,"Population, 2021",602
2021S051259330055,59330055,Dissemination area,59330055,59330055,,"Population, 2021",479
2021S051259330056,59330056,Dissemination area,59330056,59330056,,"Population, 2021",648
2021S051259330057,59330057,Dissemination area,59330057,59330057,,"Population, 2021",485
2021S051259330058,59330058,Dissemination area,59330058,59330058,,"Population, 2021",380
2021S051259330061,59330061,Dissemination area,59330061,59330061,,"Population, 2021",475
2021S051259330062,59330062,Dissemination area,59330062,59330062,,"Population, 2021",407
2021S051259330063,59330063,Dissemination area,59330063,59330063,,"Population, 2021",534
2021S051259330064,59330064,Dissemination area,59330064,59330064,,"Population, 2021",488
2021S051259330065,59330065,Dissemination area,59330065,59330065,,"Population, 2021",660
2021S051259330066,59330066,Dissemination area,59330066,59330066,,"Population, 2021",509
2021S051259330067,59330067,Dissemination area,59330067,59330067,,"Population, 2021",540
2021S051259330068,59330068,Dissemination area,59330068,59330068,,"Population, 2021",577
2021S051259330069,59330069,Dissemination area,59330069,59330069,,"Population, 2021",541
2021S051259330070,59330070,Dissemination area,59330070,59330070,,"Population, 2021",379
2021S051259330071,59330071,Dissemination area,59330071,59330071,,"Population, 2021",459
2021S051259330072,59330072,Dissemination area,59330072,59330072,,"Population, 2021",437
2021S051259330073,59330073,Dissemination area,59330073,59330073,,"Population, 2021",820
2021S051259330074,59330074,Dissemination area,59330074,59330074,,"Population, 2021",687
2021S051259330075,59330075,Dissemination area,59330075,59330075,,"Population, 2021",452
2021S051259330076,59330076,Dissemination area,59330076,59330076,,"Population, 2021",453
2021S051259330077,59330077,Dissemination area,59330077,59330077,,"Population, 2021",481
2021S051259330078,59330078,Dissemination area,59330078,59330078,,"Population, 2021",737
2021S051259330079,59330079,Dissemination area,59330079,59330079,,"Population, 2021",630
2021S051259330080,59330080,Dissemination area,59330080,59330080,,"Population, 2021",504
2021S051259330081,59330081,Dissemination area,59330081,59330081,,"Population, 2021",298
2021S051259330082,59330082,Dissemination area,59330082,59330082,,"Population, 2021",810
2021S051259330083,59330083,Dissemination area,59330083,59330083,,"Population, 2021",986
2021S051259330084,59330084,Dissemination area,59330084,59330084,,"Population, 2021",524
2021S051259330085,59330085,Dissemination area,59330085,59330085,,"Population, 2021",724
2021S051259330086,59330086,Dissemination area,59330086,59330086,,"Population, 2021",589
2021S051259330087,59330087,Dissemination area,59330087,59330087,,"Population, 2021",442
2021S051259330088,59330088,Dissemination area,59330088,59330088,,"Population, 2021",557
2021S051259330089,59330089,Dissemination area,59330089,59330089,,"Population, 2021",663
2021S051259330090,59330090,Dissemination area,59330090,59330090,,"Population, 2021",562
2021S051259330091,59330091,Dissemination area,59330091,59330091,,"Population, 2021",785
2021S051259330092,59330092,Dissemination area,59330092,59330092,,"Population, 2021",609
2021S051259330093,59330093,Dissemination area,59330093,59330093,,"Population, 2021",771
2021S051259330094,59330094,Dissemination area,59330094,59330094,,"Population, 2021",598
2021S051259330095,59330095,Dissemination area,59330095,59330095,,"Population, 2021",1306
2021S051259330096,59330096,Dissemination area,59330096,59330096,,"Population, 2021",300
2021S051259330097,59330097,Dissemination area,59330097,59330097,,"Population, 2021",732
2021S051259330098,59330098,Dissemination area,59330098,59330098,,"Population, 2021",601
2021S051259330099,59330099,Dissemination area,59330099,59330099,,"Population, 2021",706
2021S051259330100,59330100,Dissemination area,59330100,59330100,,"Population, 2021",404
2021S051259330101,59330101,Dissemination area,59330101,59330101,,"Population, 2021",383
2021S051259330102,59330102,Dissemination area,59330102,59330102,,"Population, 2021",461
2021S051259330103,59330103,Dissemination area,59330103,59330103,,"Population, 2021",523
2021S051259330104,59330104,Dissemination area,59330104,59330104,,"Population, 2021",536
2021S051259330105,59330105,Dissemination area,59330105,59330105,,"Population, 2021",588
2021S051259330106,59330106,Dissemination area,59330106,59330106,,"Population, 2021",609
2021S051259330107,59330107,Dissemination area,59330107,59330107,,"Population, 2021",363
2021S051259330108,59330108,Dissemination area,59330108,59330108,,"Population, 2021",1075
2021S051259330110,59330110,Dissemination area,59330110,59330110,,"Population, 2021",348
2021S051259330114,59330114,Dissemination area,59330114,59330114,,"Population, 2021",1284
2021S051259330115,59330115,Dissemination area,59330115,59330115,,"Population, 2021",513
2021S051259330116,59330116,Dissemination area,59330116,59330116,,"Population, 2021",587
2021S051259330117,59330117,Dissemination area,59330117,59330117,,"Population, 2021",515
2021S051259330118,59330118,Dissemination area,59330118,59330118,,"Population, 2021",613
2021S051259330121,59330121,Dissemination area,59330121,59330121,,"Population, 2021",574
2021S051259330122,59330122,Dissemination area,59330122,59330122,,"Population, 2021",872
2021S051259330123,59330123,Dissemination area,59330123,59330123,,"Population, 2021",499
2021S051259330124,59330124,Dissemination area,59330124,59330124,,"Population, 2021",473
2021S051259330128,59330128,Dissemination area,59330128,59330128,,"Population, 2021",490
2021S051259330129,59330129,Dissemination area,59330129,59330129,,"Population, 2021",721
2021S051259330131,59330131,Dissemination area,59330131,59330131,,"Population, 2021",480
2021S051259330133,59330133,Dissemination area,59330133,59330133,,"Population, 2021",436
2021S051259330134,59330134,Dissemination area,59330134,59330134,,"Population, 2021",809
2021S051259330135,59330135,Dissemination area,59330135,59330135,,"Population, 2021",310
2021S051259330136,59330136,Dissemination area,59330136,59330136,,"Population, 2021",428
2021S051259330137,59330137,Dissemination area,59330137,59330137,,"Population, 2021",562
2021S051259330138,59330138,Dissemination area,59330138,59330138,,"Population, 2021",418
2021S051259330140,59330140,Dissemination area,59330140,59330140,,"Population, 2021",465
2021S051259330141,59330141,Dissemination area,59330141,59330141,,"Population, 2021",400
2021S051259330142,59330142,Dissemination area,59330142,59330142,,"Population, 2021",653
2021S051259330143,59330143,Dissemination area,59330143,59330143,,"Population, 2021",398
2021S051259330144,59330144,Dissemination area,59330144,59330144,,"Population, 2021",618
2021S051259330145,59330145,Dissemination area,59330145,59330145,,"Population, 2021",333
2021S051259330147,59330147,Dissemination area,59330147,59330147,,"Population, 2021",562
2021S051259330148,59330148,Dissemination area,59330148,59330148,,"Population, 2021",483
2021S051259330151,59330151,Dissemination area,59330151,59330151,,"Population, 2021",1143
2021S051259330154,59330154,Dissemination area,59330154,59330154,,"Population, 2021",576
2021S051259330155,59330155,Dissemination area,59330155,59330155,,"Population, 2021",659
2021S051259330156,59330156,Dissemination area,59330156,59330156,,"Population, 2021",1522
2021S051259330157,59330157,Dissemination area,59330157,59330157,,"Population, 2021",630
2021S051259330158,59330158,Dissemination area,59330158,59330158,,"Population, 2021",448
2021S051259330159,59330159,Dissemination area,59330159,59330159,,"Population, 2021",330
2021S051259330166,59330166,Dissemination area,59330166,59330166,,"Population, 2021",962
2021S051259330167,59330167,Dissemination area,59330167,59330167,,"Population, 2021",649
2021S051259330168,59330168,Dissemination area,59330168,59330168,,"Population, 2021",1414
2021S051259330170,59330170,Dissemination area,59330170,59330170,,"Population, 2021",727
2021S051259330171,59330171,Dissemination area,59330171,59330171,,"Population, 2021",594
2021S051259330172,59330172,Dissemination area,59330172,59330172,,"Population, 2021",971
2021S051259330173,59330173,Dissemination area,59330173,59330173,,"Population, 2021",1376
2021S051259330174,59330174,Dissemination area,59330174,59330174,,"Population, 2021",832
2021S051259330176,59330176,Dissemination area,59330176,59330176,,"Population, 2021",348
2021S051259330313,59330313,Dissemination area,59330313,59330313,,"Population, 2021",503
2021S051259330320,59330320,Dissemination area,59330320,59330320,,"Population, 2021",1170
2021S051259331496,59331496,Dissemination area,59331496,59331496,,"Population, 2021",482
2021S051259331497,59331497,Dissemination area,59331497,59331497,,"Population, 2021",561
2021S051259331498,59331498,Dissemination area,59331498,59331498,,"Population, 2021",380
2021S051259331499,59331499,Dissemination area,59331499,59331499,,"Population, 2021",613
2021S051259331500,59331500,Dissemination area,59331500,59331500,,"Population, 2021",405
2021S051259331655,59331655,Dissemination area,59331655,59331655,,"Population, 2021",1117
2021S051259331656,59331656,Dissemination area,59331656,59331656,,"Population, 2021",430
2021S051259331657,59331657,Dissemination area,59331657,59331657,,"Population, 2021",1541
2021S051259331692,59331692,Dissemination area,59331692,59331692,,"Population, 2021",893
2021S051259331693,59331693,Dissemination area,59331693,59331693,,"Population, 2021",2310
2021S051259331694,59331694,Dissemination area,59331694,59331694,,"Population, 2021",1198
2021S051259331696,59331696,Dissemination area,59331696,59331696,,"Population, 2021",1164
2021S051259331697,59331697,Dissemination area,59331697,59331697,,"Population, 2021",185
2021S051259331698,59331698,Dissemination area,59331698,59331698,,"Population, 2021",426
2021S051259331699,59331699,Dissemination area,59331699,59331699,,"Population, 2021",1647
2021S051259331700,59331700,Dissemination area,59331700,59331700,,"Population, 2021",1694
2021S051259331702,59331702,Dissemination area,59331702,59331702,,"Population, 2021",399
2021S051259331703,59331703,Dissemination area,59331703,59331703,,"Population, 2021",1112
2021S051259331705,59331705,Dissemination area,59331705,59331705,,"Population, 2021",502
2021S051259331707,59331707,Dissemination area,59331707,59331707,,"Population, 2021",802
2021S051259331709,59331709,Dissemination area,59331709,59331709,,"Population, 2021",1100
2021S051259331711,59331711,Dissemination area,59331711,59331711,,"Population, 2021",564
2021S051259331712,59331712,Dissemination area,59331712,59331712,,"Population, 2021",1052
2021S051259331713,59331713,Dissemination area,59331713,59331713,,"Population, 2021",869
2021S051259331714,59331714,Dissemination area,59331714,59331714,,"Population, 2021",900
2021S051259331716,59331716,Dissemination area,59331716,59331716,,"Population, 2021",890
2021S051259331717,59331717,Dissemination area,59331717,59331717,,"Population, 2021",824
2021S051259331718,59331718,Dissemination area,59331718,59331718,,"Population, 2021",1374
2021S051259331719,59331719,Dissemination area,59331719,59331719,,"Population, 2021",687
2021S051259331720,59331720,Dissemination area,59331720,59331720,,"Population, 2021",457
2021S051259331721,59331721,Dissemination area,59331721,59331721,,"Population, 2021",1058
2021S051259331722,59331722,Dissemination area,59331722,59331722,,"Population, 2021",1131
2021S051259331724,59331724,Dissemination area,59331724,59331724,,"Population, 2021",1345
2021S051259331725,59331725,Dissemination area,59331725,59331725,,"Population, 2021",881
2021A00055933044,5933044,Census subdivision,"Thompson-Nicola P (Rivers and the Peaks), Regional district electoral area (RDA)",Thompson-Nicola P (Rivers and the Peaks),Regional district electoral area (RDA),"Population, 2021",4098
2021S051259331494,59331494,Dissemination area,59331494,59331494,,"Population, 2021",722
2021S051259331504,59331504,Dissemination area,59331504,59331504,,"Population, 2021",585
2021S051259331506,59331506,Dissemination area,59331506,59331506,,"Population, 2021",343
2021S051259331507,59331507,Dissemination area,59331507,59331507,,"Population, 2021",930
2021S051259331517,59331517,Dissemination area,59331517,59331517,,"Population, 2021",508
2021S051259331650,59331650,Dissemination area,59331650,59331650,,"Population, 2021",623
2021S051259331652,59331652,Dissemination area,59331652,59331652,,"Population, 2021",387
2021A00055933045,5933045,Census subdivision,"Sun Peaks Mountain, Village (VL)",Sun Peaks Mountain,Village (VL),"Population, 2021",1404
2021S051259331651,59331651,Dissemination area,59331651,59331651,,"Population, 2021",1404
2021A00055933054,5933054,Census subdivision,"Chase, Village (VL)",Chase,Village (VL),"Population, 2021",2399
2021S051259331512,59331512,Dissemination area,59331512,59331512,,"Population, 2021",432
2021S051259331513,59331513,Dissemination area,59331513,59331513,,"Population, 2021",342
2021S051259331514,59331514,Dissemination area,59331514,59331514,,"Population, 2021",484
2021S051259331515,59331515,Dissemination area,59331515,59331515,,"Population, 2021",834
2021S051259331516,59331516,Dissemination area,59331516,59331516,,"Population, 2021",307
2021S051259331518,59331518,Dissemination area,59331518,59331518,,"Population, 2021",0
2021A00055933060,5933060,Census subdivision,"Thompson-Nicola L (Grasslands), Regional district electoral area (RDA)",Thompson-Nicola L (Grasslands),Regional district electoral area (RDA),"Population, 2021",3321
2021S051259331508,59331508,Dissemination area,59331508,59331508,,"Population, 2021",525
2021S051259331509,59331509,Dissemination area,59331509,59331509,,"Population, 2021",582
2021S051259331542,59331542,Dissemination area,59331542,59331542,,"Population, 2021",424
2021S051259331543,59331543,Dissemination area,59331543,59331543,,"Population, 2021",548
2021S051259331544,59331544,Dissemination area,59331544,59331544,,"Population, 2021",652
2021S051259331746,59331746,Dissemination area,59331746,59331746,,"Population, 2021",590
2021A00055933067,5933067,Census subdivision,"Clearwater, District municipality (DM)",Clearwater,District municipality (DM),"Population, 2021",2388
2021S051259331535,59331535,Dissemination area,59331535,59331535,,"Population, 2021",616
2021S051259331637,59331637,Dissemination area,59331637,59331637,,"Population, 2021",265
2021S051259331638,59331638,Dissemination area,59331638,59331638,,"Population, 2021",476
2021S051259331639,59331639,Dissemination area,59331639,59331639,,"Population, 2021",346
2021S051259331641,59331641,Dissemination area,59331641,59331641,,"Population, 2021",685
2021S051259331644,59331644,Dissemination area,59331644,59331644,,"Population, 2021",0
2021A00055933068,5933068,Census subdivision,"Thompson-Nicola A (Wells Gray Country), Regional district electoral area (RDA)",Thompson-Nicola A (Wells Gray Country),Regional district electoral area (RDA),"Population, 2021",1573
2021S051259331636,59331636,Dissemination area,59331636,59331636,,"Population, 2021",549
2021S051259331640,59331640,Dissemination area,59331640,59331640,,"Population, 2021",607
2021S051259331642,59331642,Dissemination area,59331642,59331642,,"Population, 2021",165
2021S051259331643,59331643,Dissemination area,59331643,59331643,,"Population, 2021",252
2021A00055933070,5933070,Census subdivision,"Thompson-Nicola B (Thompson Headwaters), Regional district electoral area (RDA)",Thompson-Nicola B (Thompson Headwaters),Regional district electoral area (RDA),"Population, 2021",230
2021S051259331538,59331538,Dissemination area,59331538,59331538,,"Population, 2021",230
2021A00055933072,5933072,Census subdivision,"Thompson-Nicola O (Lower North Thompson), Regional district electoral area (RDA)",Thompson-Nicola O (Lower North Thompson),Regional district electoral area (RDA),"Population, 2021",1523
2021S051259331687,59331687,Dissemination area,59331687,59331687,,"Population, 2021",389
2021S051259331690,59331690,Dissemination area,59331690,59331690,,"Population, 2021",379
2021S051259331728,59331728,Dissemination area,59331728,59331728,,"Population, 2021",755
2021A00055933074,5933074,Census subdivision,"Barriere, District municipality (DM)",Barriere,District municipality (DM),"Population, 2021",1765
2021S051259331526,59331526,Dissemination area,59331526,59331526,,"Population, 2021",582
2021S051259331632,59331632,Dissemination area,59331632,59331632,,"Population, 2021",898
2021S051259331633,59331633,Dissemination area,59331633,59331633,,"Population, 2021",285
2021A00055933801,5933801,Census subdivision,"Coldwater 1, Indian reserve (IRI)",Coldwater 1,Indian reserve (IRI),"Population, 2021",350
2021S051259331553,59331553,Dissemination area,59331553,59331553,,"Population, 2021",350
2021A00055933802,5933802,Census subdivision,"Douglas Lake 3, Indian reserve (IRI)",Douglas Lake 3,Indian reserve (IRI),"Population, 2021",188
2021S051259331548,59331548,Dissemination area,59331548,59331548,,"Population, 2021",188
2021A00055933803,5933803,Census subdivision,"Hamilton Creek 2, Indian reserve (IRI)",Hamilton Creek 2,Indian reserve (IRI),"Population, 2021",0
2021S051259331590,59331590,Dissemination area,59331590,59331590,,"Population, 2021",0
2021A00055933805,5933805,Census subdivision,"Joeyaska 2, Indian reserve (IRI)",Joeyaska 2,Indian reserve (IRI),"Population, 2021",58
2021S051259331551,59331551,Dissemination area,59331551,59331551,,"Population, 2021",58
2021A00055933806,5933806,Census subdivision,"Nicola Lake 1, Indian reserve (IRI)",Nicola Lake 1,Indian reserve (IRI),"Population, 2021",148
2021S051259331549,59331549,Dissemination area,59331549,59331549,,"Population, 2021",148
2021A00055933807,5933807,Census subdivision,"Nicola Mameet 1, Indian reserve (IRI)",Nicola Mameet 1,Indian reserve (IRI),"Population, 2021",513
2021S051259331570,59331570,Dissemination area,59331570,59331570,,"Population, 2021",513
2021A00055933808,5933808,Census subdivision,"Nooaitch 10, Indian reserve (IRI)",Nooaitch 10,Indian reserve (IRI),"Population, 2021",170
2021S051259331573,59331573,Dissemination area,59331573,59331573,,"Population, 2021",170
2021A00055933809,5933809,Census subdivision,"Paul's Basin 2, Indian reserve (IRI)",Paul's Basin 2,Indian reserve (IRI),"Population, 2021",35
2021S051259331554,59331554,Dissemination area,59331554,59331554,,"Population, 2021",35
2021A00055933810,5933810,Census subdivision,"Chuchhraischin, Indian reserve (IRI)",Chuchhraischin,Indian reserve (IRI),"Population, 2021",0
2021S051259331471,59331471,Dissemination area,59331471,59331471,,"Population, 2021",0
2021S051259331472,59331472,Dissemination area,59331472,59331472,,"Population, 2021",0
2021A00055933811,5933811,Census subdivision,"Zoht 4, Indian reserve (IRI)",Zoht 4,Indian reserve (IRI),"Population, 2021",20
2021S051259331546,59331546,Dissemination area,59331546,59331546,,"Population, 2021",20
2021A00055933812,5933812,Census subdivision,"Bonaparte 3, Indian reserve (IRI)",Bonaparte 3,Indian reserve (IRI),"Population, 2021",159
2021S051259331474,59331474,Dissemination area,59331474,59331474,,"Population, 2021",159
2021A00055933813,5933813,Census subdivision,"Halhalaeden, Indian reserve (IRI)",Halhalaeden,Indian reserve (IRI),"Population, 2021",10
2021S051259331626,59331626,Dissemination area,59331626,59331626,,"Population, 2021",10
2021A00055933814,5933814,Census subdivision,"Canoe Creek 1, Indian reserve (IRI)",Canoe Creek 1,Indian reserve (IRI),"Population, 2021",56
2021S051259331450,59331450,Dissemination area,59331450,59331450,,"Population, 2021",56
2021A00055933817,5933817,Census subdivision,"Skeetchestn, Indian reserve (IRI)",Skeetchestn,Indian reserve (IRI),"Population, 2021",242
2021S051259331493,59331493,Dissemination area,59331493,59331493,,"Population, 2021",242
2021A00055933819,5933819,Census subdivision,"High Bar 1, Indian reserve (IRI)",High Bar 1,Indian reserve (IRI),"Population, 2021",0
2021S051259331452,59331452,Dissemination area,59331452,59331452,,"Population, 2021",0
2021A00055933821,5933821,Census subdivision,"Canoe Creek 2, Indian reserve (IRI)",Canoe Creek 2,Indian reserve (IRI),"Population, 2021",104
2021S051259331456,59331456,Dissemination area,59331456,59331456,,"Population, 2021",104
2021A00055933823,5933823,Census subdivision,"Kitzowit 20, Indian reserve (IRI)",Kitzowit 20,Indian reserve (IRI),"Population, 2021",21
2021S051259331591,59331591,Dissemination area,59331591,59331591,,"Population, 2021",21
2021A00055933824,5933824,Census subdivision,"Skuppah 2A, Indian reserve (IRI)",Skuppah 2A,Indian reserve (IRI),"Population, 2021",0
2021S051259331597,59331597,Dissemination area,59331597,59331597,,"Population, 2021",0
2021A00055933825,5933825,Census subdivision,"Inklyuhkinatko 2, Indian reserve (IRI)",Inklyuhkinatko 2,Indian reserve (IRI),"Population, 2021",26
2021S051259331598,59331598,Dissemination area,59331598,59331598,,"Population, 2021",26
2021A00055933828,5933828,Census subdivision,"Basque 18, Indian reserve (IRI)",Basque 18,Indian reserve (IRI),"Population, 2021",
2021S051259331479,59331479,Dissemination area,59331479,59331479,,"Population, 2021",
2021A00055933829,5933829,Census subdivision,"Klahkamich 17, Indian reserve (IRI)",Klahkamich 17,Indian reserve (IRI),"Population, 2021",33
2021S051259331594,59331594,Dissemination area,59331594,59331594,,"Population, 2021",33
2021A00055933831,5933831,Census subdivision,"Kleetlekut 22, Indian reserve (IRI)",Kleetlekut 22,Indian reserve (IRI),"Population, 2021",15
2021S051259331599,59331599,Dissemination area,59331599,59331599,,"Population, 2021",15
2021A00055933832,5933832,Census subdivision,"Klickkumcheen 18, Indian reserve (IRI)",Klickkumcheen 18,Indian reserve (IRI),"Population, 2021",82
2021S051259331593,59331593,Dissemination area,59331593,59331593,,"Population, 2021",82
2021A00055933833,5933833,Census subdivision,"Inkluckcheen, Indian reserve (IRI)",Inkluckcheen,Indian reserve (IRI),"Population, 2021",190
2021S051259331589,59331589,Dissemination area,59331589,59331589,,"Population, 2021",0
2021S051259331744,59331744,Dissemination area,59331744,59331744,,"Population, 2021",190
2021A00055933834,5933834,Census subdivision,"Kumcheen 1, Indian reserve (IRI)",Kumcheen 1,Indian reserve (IRI),"Population, 2021",
2021S051259331579,59331579,Dissemination area,59331579,59331579,,"Population, 2021",
2021A00055933836,5933836,Census subdivision,"Lower Hat Creek 2, Indian reserve (IRI)",Lower Hat Creek 2,Indian reserve (IRI),"Population, 2021",61
2021S051259331476,59331476,Dissemination area,59331476,59331476,,"Population, 2021",61
2021A00055933837,5933837,Census subdivision,"Peq-Paq 22, Indian reserve (IRI)",Peq-Paq 22,Indian reserve (IRI),"Population, 2021",0
2021S051259331483,59331483,Dissemination area,59331483,59331483,,"Population, 2021",0
2021A00055933839,5933839,Census subdivision,"Lytton 4A, Indian reserve (IRI)",Lytton 4A,Indian reserve (IRI),"Population, 2021",0
2021S051259331624,59331624,Dissemination area,59331624,59331624,,"Population, 2021",0
2021A00055933840,5933840,Census subdivision,"Lytton 4E, Indian reserve (IRI)",Lytton 4E,Indian reserve (IRI),"Population, 2021",5
2021S051259331576,59331576,Dissemination area,59331576,59331576,,"Population, 2021",5
2021A00055933841,5933841,Census subdivision,"Lytton 9A, Indian reserve (IRI)",Lytton 9A,Indian reserve (IRI),"Population, 2021",10
2021S051259331603,59331603,Dissemination area,59331603,59331603,,"Population, 2021",10
2021A00055933842,5933842,Census subdivision,"Lytton 9B, Indian reserve (IRI)",Lytton 9B,Indian reserve (IRI),"Population, 2021",0
2021S051259331601,59331601,Dissemination area,59331601,59331601,,"Population, 2021",0
2021A00055933844,5933844,Census subdivision,"Ashcroft 4, Indian reserve (IRI)",Ashcroft 4,Indian reserve (IRI),"Population, 2021",42
2021S051259331466,59331466,Dissemination area,59331466,59331466,,"Population, 2021",42
2021A00055933845,5933845,Census subdivision,"105 Mile Post 2, Indian reserve (IRI)",105 Mile Post 2,Indian reserve (IRI),"Population, 2021",5
2021S051259331465,59331465,Dissemination area,59331465,59331465,,"Population, 2021",5
2021A00055933846,5933846,Census subdivision,"Oregon Jack Creek 5, Indian reserve (IRI)",Oregon Jack Creek 5,Indian reserve (IRI),"Population, 2021",0
2021S051259331482,59331482,Dissemination area,59331482,59331482,,"Population, 2021",0
2021A00055933848,5933848,Census subdivision,"Nickel Palm 4, Indian reserve (IRI)",Nickel Palm 4,Indian reserve (IRI),"Population, 2021",5
2021S051259331625,59331625,Dissemination area,59331625,59331625,,"Population, 2021",5
2021A00055933849,5933849,Census subdivision,"Siska Flat, Indian reserve (IRI)",Siska Flat,Indian reserve (IRI),"Population, 2021",101
2021S051259331628,59331628,Dissemination area,59331628,59331628,,"Population, 2021",101
2021A00055933850,5933850,Census subdivision,"Nickeyeah 25, Indian reserve (IRI)",Nickeyeah 25,Indian reserve (IRI),"Population, 2021",34
2021S051259331595,59331595,Dissemination area,59331595,59331595,,"Population, 2021",34
2021A00055933851,5933851,Census subdivision,"Nicomen 1, Indian reserve (IRI)",Nicomen 1,Indian reserve (IRI),"Population, 2021",41
2021S051259331582,59331582,Dissemination area,59331582,59331582,,"Population, 2021",41
2021A00055933852,5933852,Census subdivision,"Nohomeen 23, Indian reserve (IRI)",Nohomeen 23,Indian reserve (IRI),"Population, 2021",5
2021S051259331574,59331574,Dissemination area,59331574,59331574,,"Population, 2021",5
2021A00055933853,5933853,Census subdivision,"Nuuautin 2, Indian reserve (IRI)",Nuuautin 2,Indian reserve (IRI),"Population, 2021",101
2021S051259331745,59331745,Dissemination area,59331745,59331745,,"Population, 2021",101
2021A00055933854,5933854,Census subdivision,"Paska Island 3, Indian reserve (IRI)",Paska Island 3,Indian reserve (IRI),"Population, 2021",0
2021S051259331460,59331460,Dissemination area,59331460,59331460,,"Population, 2021",0
2021S051259331480,59331480,Dissemination area,59331480,59331480,,"Population, 2021",0
2021A00055933855,5933855,Census subdivision,"Papyum 27, Indian reserve (IRI)",Papyum 27,Indian reserve (IRI),"Population, 2021",35
2021S051259331610,59331610,Dissemination area,59331610,59331610,,"Population, 2021",35
2021A00055933857,5933857,Census subdivision,"Pemynoos 9, Indian reserve (IRI)",Pemynoos 9,Indian reserve (IRI),"Population, 2021",0
2021S051259331585,59331585,Dissemination area,59331585,59331585,,"Population, 2021",0
2021A00055933858,5933858,Census subdivision,"Seah 5, Indian reserve (IRI)",Seah 5,Indian reserve (IRI),"Population, 2021",10
2021S051259331575,59331575,Dissemination area,59331575,59331575,,"Population, 2021",10
2021A00055933859,5933859,Census subdivision,"Shackan 11, Indian reserve (IRI)",Shackan 11,Indian reserve (IRI),"Population, 2021",50
2021S051259331588,59331588,Dissemination area,59331588,59331588,,"Population, 2021",50
2021A00055933861,5933861,Census subdivision,"Kloklowuck 7, Indian reserve (IRI)",Kloklowuck 7,Indian reserve (IRI),"Population, 2021",
2021S051259331581,59331581,Dissemination area,59331581,59331581,,"Population, 2021",
2021A00055933865,5933865,Census subdivision,"Skuppah 4, Indian reserve (IRI)",Skuppah 4,Indian reserve (IRI),"Population, 2021",10
2021S051259331577,59331577,Dissemination area,59331577,59331577,,"Population, 2021",10
2021A00055933866,5933866,Census subdivision,"Skwayaynope 26, Indian reserve (IRI)",Skwayaynope 26,Indian reserve (IRI),"Population, 2021",5
2021S051259331596,59331596,Dissemination area,59331596,59331596,,"Population, 2021",5
2021A00055933868,5933868,Census subdivision,"Spintlum Flat 3, Indian reserve (IRI)",Spintlum Flat 3,Indian reserve (IRI),"Population, 2021",5
2021S051259331584,59331584,Dissemination area,59331584,59331584,,"Population, 2021",5
2021A00055933870,5933870,Census subdivision,"Nkaih 10, Indian reserve (IRI)",Nkaih 10,Indian reserve (IRI),"Population, 2021",5
2021S051259331604,59331604,Dissemination area,59331604,59331604,,"Population, 2021",5
2021A00055933872,5933872,Census subdivision,"Marble Canyon 3, Indian reserve (IRI)",Marble Canyon 3,Indian reserve (IRI),"Population, 2021",97
2021S051259331475,59331475,Dissemination area,59331475,59331475,,"Population, 2021",97
2021A00055933873,5933873,Census subdivision,"Stryen 9, Indian reserve (IRI)",Stryen 9,Indian reserve (IRI),"Population, 2021",57
2021S051259331602,59331602,Dissemination area,59331602,59331602,,"Population, 2021",57
2021A00055933874,5933874,Census subdivision,"Tsaukan 12, Indian reserve (IRI)",Tsaukan 12,Indian reserve (IRI),"Population, 2021",0
2021S051259331578,59331578,Dissemination area,59331578,59331578,,"Population, 2021",0
2021A00055933875,5933875,Census subdivision,"Upper Hat Creek 1, Indian reserve (IRI)",Upper Hat Creek 1,Indian reserve (IRI),"Population, 2021",15
2021S051259331473,59331473,Dissemination area,59331473,59331473,,"Population, 2021",15
2021A00055933876,5933876,Census subdivision,"Upper Nepa 6, Indian reserve (IRI)",Upper Nepa 6,Indian reserve (IRI),"Population, 2021",15
2021S051259331461,59331461,Dissemination area,59331461,59331461,,"Population, 2021",15
2021A00055933877,5933877,Census subdivision,"Whispering Pines 4, Indian reserve (IRI)",Whispering Pines 4,Indian reserve (IRI),"Population, 2021",57
2021S051259331495,59331495,Dissemination area,59331495,59331495,,"Population, 2021",57
2021A00055933878,5933878,Census subdivision,"Yawaucht 11, Indian reserve (IRI)",Yawaucht 11,Indian reserve (IRI),"Population, 2021",5
2021S051259331605,59331605,Dissemination area,59331605,59331605,,"Population, 2021",5
2021A00055933879,5933879,Census subdivision,"Zacht 5, Indian reserve (IRI)",Zacht 5,Indian reserve (IRI),"Population, 2021",5
2021S051259331613,59331613,Dissemination area,59331613,59331613,,"Population, 2021",5
2021A00055933880,5933880,Census subdivision,"Kamloops 1, Indian reserve (IRI)",Kamloops 1,Indian reserve (IRI),"Population, 2021",3915
2021S051259331501,59331501,Dissemination area,59331501,59331501,,"Population, 2021",805
2021S051259331659,59331659,Dissemination area,59331659,59331659,,"Population, 2021",1981
2021S051259331660,59331660,Dissemination area,59331660,59331660,,"Population, 2021",185
2021S051259331661,59331661,Dissemination area,59331661,59331661,,"Population, 2021",494
2021S051259331668,59331668,Dissemination area,59331668,59331668,,"Population, 2021",0
2021S051259331669,59331669,Dissemination area,59331669,59331669,,"Population, 2021",170
2021S051259331670,59331670,Dissemination area,59331670,59331670,,"Population, 2021",54
2021S051259331671,59331671,Dissemination area,59331671,59331671,,"Population, 2021",226
2021A00055933881,5933881,Census subdivision,"Spences Bridge, Indian reserve (IRI)",Spences Bridge,Indian reserve (IRI),"Population, 2021",
2021S051259331608,59331608,Dissemination area,59331608,59331608,,"Population, 2021",
2021S051259331738,59331738,Dissemination area,59331738,59331738,,"Population, 2021",
2021A00055933882,5933882,Census subdivision,"Kanaka Bar, Indian reserve (IRI)",Kanaka Bar,Indian reserve (IRI),"Population, 2021",0
2021S051259331682,59331682,Dissemination area,59331682,59331682,,"Population, 2021",0
2021A00055933884,5933884,Census subdivision,"Sahhaltkum 4, Indian reserve (IRI)",Sahhaltkum 4,Indian reserve (IRI),"Population, 2021",316
2021S051259331519,59331519,Dissemination area,59331519,59331519,,"Population, 2021",316
2021A00055933886,5933886,Census subdivision,"Nekalliston 2, Indian reserve (IRI)",Nekalliston 2,Indian reserve (IRI),"Population, 2021",0
2021S051259331689,59331689,Dissemination area,59331689,59331689,,"Population, 2021",0
2021A00055933887,5933887,Census subdivision,"North Thompson 1, Indian reserve (IRI)",North Thompson 1,Indian reserve (IRI),"Population, 2021",181
2021S051259331529,59331529,Dissemination area,59331529,59331529,,"Population, 2021",181
2021A00055933888,5933888,Census subdivision,"Louis Creek 4, Indian reserve (IRI)",Louis Creek 4,Indian reserve (IRI),"Population, 2021",15
2021S051259331686,59331686,Dissemination area,59331686,59331686,,"Population, 2021",15
2021A00055933889,5933889,Census subdivision,"Squaam 2, Indian reserve (IRI)",Squaam 2,Indian reserve (IRI),"Population, 2021",0
2021S051259331727,59331727,Dissemination area,59331727,59331727,,"Population, 2021",0
2021A00055933892,5933892,Census subdivision,"Stequmwhulpa 5, Indian reserve (IRI)",Stequmwhulpa 5,Indian reserve (IRI),"Population, 2021",26
2021S051259331747,59331747,Dissemination area,59331747,59331747,,"Population, 2021",26
2021A00055933893,5933893,Census subdivision,"Twoyqhalsht 16, Indian reserve (IRI)",Twoyqhalsht 16,Indian reserve (IRI),"Population, 2021",0
2021S051259331733,59331733,Dissemination area,59331733,59331733,,"Population, 2021",0
2021A00055933895,5933895,Census subdivision,"Shawniken 4B, Indian reserve (IRI)",Shawniken 4B,Indian reserve (IRI),"Population, 2021",
2021S051259331609,59331609,Dissemination area,59331609,59331609,,"Population, 2021",
2021A00055933896,5933896,Census subdivision,"Nekliptum 1, Indian reserve (IRI)",Nekliptum 1,Indian reserve (IRI),"Population, 2021",66
2021S051259331683,59331683,Dissemination area,59331683,59331683,,"Population, 2021",66
2021A00055933897,5933897,Census subdivision,"Boothroyd 8A, Indian reserve (IRI)",Boothroyd 8A,Indian reserve (IRI),"Population, 2021",0
2021S051259331587,59331587,Dissemination area,59331587,59331587,,"Population, 2021",0
2021S051259331622,59331622,Dissemination area,59331622,59331622,,"Population, 2021",0
2021S051259331623,59331623,Dissemination area,59331623,59331623,,"Population, 2021",0
2021A00055933898,5933898,Census subdivision,"Neskonlith, Indian reserve (IRI)",Neskonlith,Indian reserve (IRI),"Population, 2021",279
2021S051259331666,59331666,Dissemination area,59331666,59331666,,"Population, 2021",109
2021S051259331667,59331667,Dissemination area,59331667,59331667,,"Population, 2021",170
2021A00055933899,5933899,Census subdivision,"Entlqwekkinh 19, Indian reserve (IRI)",Entlqwekkinh 19,Indian reserve (IRI),"Population, 2021",5
2021S051259331731,59331731,Dissemination area,59331731,59331731,,"Population, 2021",5
2021S051259331732,59331732,Dissemination area,59331732,59331732,,"Population, 2021",0
2021S051259331734,59331734,Dissemination area,59331734,59331734,,"Population, 2021",0
2021A00035935,5935,Census division,"Central Okanagan, Regional district (RD)",Central Okanagan,Regional district (RD),"Population, 2021",222162
2021A00055935010,5935010,Census subdivision,"Kelowna, City (CY)",Kelowna,City (CY),"Population, 2021",144576
2021S051259350022,59350022,Dissemination area,59350022,59350022,,"Population, 2021",1266
2021S051259350023,59350023,Dissemination area,59350023,59350023,,"Population, 2021",1815
2021S051259350024,59350024,Dissemination area,59350024,59350024,,"Population, 2021",374
2021S051259350025,59350025,Dissemination area,59350025,59350025,,"Population, 2021",377
2021S051259350026,59350026,Dissemination area,59350026,59350026,,"Population, 2021",792
2021S051259350027,59350027,Dissemination area,59350027,59350027,,"Population, 2021",415
2021S051259350028,59350028,Dissemination area,59350028,59350028,,"Population, 2021",272
2021S051259350029,59350029,Dissemination area,59350029,59350029,,"Population, 2021",1859
2021S051259350030,59350030,Dissemination area,59350030,59350030,,"Population, 2021",1123
2021S051259350031,59350031,Dissemination area,59350031,59350031,,"Population, 2021",823
2021S051259350032,59350032,Dissemination area,59350032,59350032,,"Population, 2021",1689
2021S051259350034,59350034,Dissemination area,59350034,59350034,,"Population, 2021",416
2021S051259350035,59350035,Dissemination area,59350035,59350035,,"Population, 2021",1356
2021S051259350037,59350037,Dissemination area,59350037,59350037,,"Population, 2021",996
2021S051259350038,59350038,Dissemination area,59350038,59350038,,"Population, 2021",410
2021S051259350039,59350039,Dissemination area,59350039,59350039,,"Population, 2021",602
2021S051259350040,59350040,Dissemination area,59350040,59350040,,"Population, 2021",495
2021S051259350041,59350041,Dissemination area,59350041,59350041,,"Population, 2021",591
2021S051259350042,59350042,Dissemination area,59350042,59350042,,"Population, 2021",892
2021S051259350043,59350043,Dissemination area,59350043,59350043,,"Population, 2021",630
2021S051259350044,59350044,Dissemination area,59350044,59350044,,"Population, 2021",554
2021S051259350045,59350045,Dissemination area,59350045,59350045,,"Population, 2021",558
2021S051259350046,59350046,Dissemination area,59350046,59350046,,"Population, 2021",526
2021S051259350047,59350047,Dissemination area,59350047,59350047,,"Population, 2021",746
2021S051259350048,59350048,Dissemination area,59350048,59350048,,"Population, 2021",466
2021S051259350049,59350049,Dissemination area,59350049,59350049,,"Population, 2021",669
2021S051259350050,59350050,Dissemination area,59350050,59350050,,"Population, 2021",973
2021S051259350051,59350051,Dissemination area,59350051,59350051,,"Population, 2021",607
2021S051259350052,59350052,Dissemination area,59350052,59350052,,"Population, 2021",1070
2021S051259350053,59350053,Dissemination area,59350053,59350053,,"Population, 2021",643
2021S051259350054,59350054,Dissemination area,59350054,59350054,,"Population, 2021",586
2021S051259350055,59350055,Dissemination area,59350055,59350055,,"Population, 2021",1011
2021S051259350056,59350056,Dissemination area,59350056,59350056,,"Population, 2021",669
2021S051259350057,59350057,Dissemination area,59350057,59350057,,"Population, 2021",867
2021S051259350058,59350058,Dissemination area,59350058,59350058,,"Population, 2021",353
2021S051259350059,59350059,Dissemination area,59350059,59350059,,"Population, 2021",471
2021S051259350060,59350060,Dissemination area,59350060,59350060,,"Population, 2021",549
2021S051259350061,59350061,Dissemination area,59350061,59350061,,"Population, 2021",327
2021S051259350062,59350062,Dissemination area,59350062,59350062,,"Population, 2021",1689
2021S051259350066,59350066,Dissemination area,59350066,59350066,,"Population, 2021",720
2021S051259350067,59350067,Dissemination area,59350067,59350067,,"Population, 2021",1131
2021S051259350068,59350068,Dissemination area,59350068,59350068,,"Population, 2021",685
2021S051259350069,59350069,Dissemination area,59350069,59350069,,"Population, 2021",937
2021S051259350070,59350070,Dissemination area,59350070,59350070,,"Population, 2021",602
2021S051259350071,59350071,Dissemination area,59350071,59350071,,"Population, 2021",1117
2021S051259350072,59350072,Dissemination area,59350072,59350072,,"Population, 2021",695
2021S051259350073,59350073,Dissemination area,59350073,59350073,,"Population, 2021",806
2021S051259350074,59350074,Dissemination area,59350074,59350074,,"Population, 2021",1156
2021S051259350075,59350075,Dissemination area,59350075,59350075,,"Population, 2021",512
2021S051259350076,59350076,Dissemination area,59350076,59350076,,"Population, 2021",1008
2021S051259350077,59350077,Dissemination area,59350077,59350077,,"Population, 2021",4622
2021S051259350078,59350078,Dissemination area,59350078,59350078,,"Population, 2021",525
2021S051259350079,59350079,Dissemination area,59350079,59350079,,"Population, 2021",776
2021S051259350080,59350080,Dissemination area,59350080,59350080,,"Population, 2021",1203
2021S051259350081,59350081,Dissemination area,59350081,59350081,,"Population, 2021",633
2021S051259350082,59350082,Dissemination area,59350082,59350082,,"Population, 2021",505
2021S051259350083,59350083,Dissemination area,59350083,59350083,,"Population, 2021",368
2021S051259350086,59350086,Dissemination area,59350086,59350086,,"Population, 2021",655
2021S051259350087,59350087,Dissemination area,59350087,59350087,,"Population, 2021",345
2021S051259350088,59350088,Dissemination area,59350088,59350088,,"Population, 2021",730
2021S051259350089,59350089,Dissemination area,59350089,59350089,,"Population, 2021",763
2021S051259350090,59350090,Dissemination area,59350090,59350090,,"Population, 2021",570
2021S051259350091,59350091,Dissemination area,59350091,59350091,,"Population, 2021",1001
2021S051259350092,59350092,Dissemination area,59350092,59350092,,"Population, 2021",610
2021S051259350093,59350093,Dissemination area,59350093,59350093,,"Population, 2021",700
2021S051259350094,59350094,Dissemination area,59350094,59350094,,"Population, 2021",476
2021S051259350095,59350095,Dissemination area,59350095,59350095,,"Population, 2021",469
2021S051259350096,59350096,Dissemination area,59350096,59350096,,"Population, 2021",670
2021S051259350097,59350097,Dissemination area,59350097,59350097,,"Population, 2021",423
2021S051259350098,59350098,Dissemination area,59350098,59350098,,"Population, 2021",547
2021S051259350099,59350099,Dissemination area,59350099,59350099,,"Population, 2021",636
2021S051259350100,59350100,Dissemination area,59350100,59350100,,"Population, 2021",517
2021S051259350101,59350101,Dissemination area,59350101,59350101,,"Population, 2021",321
2021S051259350102,59350102,Dissemination area,59350102,59350102,,"Population, 2021",359
2021S051259350103,59350103,Dissemination area,59350103,59350103,,"Population, 2021",759
2021S051259350104,59350104,Dissemination area,59350104,59350104,,"Population, 2021",609
2021S051259350105,59350105,Dissemination area,59350105,59350105,,"Population, 2021",908
2021S051259350106,59350106,Dissemination area,59350106,59350106,,"Population, 2021",385
2021S051259350107,59350107,Dissemination area,59350107,59350107,,"Population, 2021",860
2021S051259350109,59350109,Dissemination area,59350109,59350109,,"Population, 2021",840
2021S051259350110,59350110,Dissemination area,59350110,59350110,,"Population, 2021",617
2021S051259350111,59350111,Dissemination area,59350111,59350111,,"Population, 2021",653
2021S051259350112,59350112,Dissemination area,59350112,59350112,,"Population, 2021",803
2021S051259350113,59350113,Dissemination area,59350113,59350113,,"Population, 2021",316
2021S051259350114,59350114,Dissemination area,59350114,59350114,,"Population, 2021",437
2021S051259350115,59350115,Dissemination area,59350115,59350115,,"Population, 2021",648
2021S051259350116,59350116,Dissemination area,59350116,59350116,,"Population, 2021",494
2021S051259350117,59350117,Dissemination area,59350117,59350117,,"Population, 2021",474
2021S051259350119,59350119,Dissemination area,59350119,59350119,,"Population, 2021",1137
2021S051259350120,59350120,Dissemination area,59350120,59350120,,"Population, 2021",471
2021S051259350121,59350121,Dissemination area,59350121,59350121,,"Population, 2021",490
2021S051259350124,59350124,Dissemination area,59350124,59350124,,"Population, 2021",838
2021S051259350125,59350125,Dissemination area,59350125,59350125,,"Population, 2021",454
2021S051259350126,59350126,Dissemination area,59350126,59350126,,"Population, 2021",913
2021S051259350127,59350127,Dissemination area,59350127,59350127,,"Population, 2021",859
2021S051259350128,59350128,Dissemination area,59350128,59350128,,"Population, 2021",635
2021S051259350129,59350129,Dissemination area,59350129,59350129,,"Population, 2021",849
2021S051259350130,59350130,Dissemination area,59350130,59350130,,"Population, 2021",772
2021S051259350131,59350131,Dissemination area,59350131,59350131,,"Population, 2021",608
2021S051259350132,59350132,Dissemination area,59350132,59350132,,"Population, 2021",275
2021S051259350189,59350189,Dissemination area,59350189,59350189,,"Population, 2021",2150
2021S051259350190,59350190,Dissemination area,59350190,59350190,,"Population, 2021",1600
2021S051259350191,59350191,Dissemination area,59350191,59350191,,"Population, 2021",829
2021S051259350192,59350192,Dissemination area,59350192,59350192,,"Population, 2021",567
2021S051259350193,59350193,Dissemination area,59350193,59350193,,"Population, 2021",822
2021S051259350194,59350194,Dissemination area,59350194,59350194,,"Population, 2021",943
2021S051259350195,59350195,Dissemination area,59350195,59350195,,"Population, 2021",682
2021S051259350196,59350196,Dissemination area,59350196,59350196,,"Population, 2021",1661
2021S051259350197,59350197,Dissemination area,59350197,59350197,,"Population, 2021",542
2021S051259350198,59350198,Dissemination area,59350198,59350198,,"Population, 2021",627
2021S051259350199,59350199,Dissemination area,59350199,59350199,,"Population, 2021",457
2021S051259350200,59350200,Dissemination area,59350200,59350200,,"Population, 2021",499
2021S051259350201,59350201,Dissemination area,59350201,59350201,,"Population, 2021",469
2021S051259350202,59350202,Dissemination area,59350202,59350202,,"Population, 2021",388
2021S051259350203,59350203,Dissemination area,59350203,59350203,,"Population, 2021",656
2021S051259350204,59350204,Dissemination area,59350204,59350204,,"Population, 2021",642
2021S051259350205,59350205,Dissemination area,59350205,59350205,,"Population, 2021",955
2021S051259350206,59350206,Dissemination area,59350206,59350206,,"Population, 2021",669
2021S051259350207,59350207,Dissemination area,59350207,59350207,,"Population, 2021",1332
2021S051259350208,59350208,Dissemination area,59350208,59350208,,"Population, 2021",1301
2021S051259350209,59350209,Dissemination area,59350209,59350209,,"Population, 2021",864
2021S051259350210,59350210,Dissemination area,59350210,59350210,,"Population, 2021",737
2021S051259350213,59350213,Dissemination area,59350213,59350213,,"Population, 2021",689
2021S051259350214,59350214,Dissemination area,59350214,59350214,,"Population, 2021",1325
2021S051259350215,59350215,Dissemination area,59350215,59350215,,"Population, 2021",1145
2021S051259350216,59350216,Dissemination area,59350216,59350216,,"Population, 2021",963
2021S051259350217,59350217,Dissemination area,59350217,59350217,,"Population, 2021",1553
2021S051259350218,59350218,Dissemination area,59350218,59350218,,"Population, 2021",883
2021S051259350220,59350220,Dissemination area,59350220,59350220,,"Population, 2021",2261
2021S051259350221,59350221,Dissemination area,59350221,59350221,,"Population, 2021",1555
2021S051259350223,59350223,Dissemination area,59350223,59350223,,"Population, 2021",338
2021S051259350224,59350224,Dissemination area,59350224,59350224,,"Population, 2021",848
2021S051259350225,59350225,Dissemination area,59350225,59350225,,"Population, 2021",593
2021S051259350226,59350226,Dissemination area,59350226,59350226,,"Population, 2021",604
2021S051259350227,59350227,Dissemination area,59350227,59350227,,"Population, 2021",619
2021S051259350228,59350228,Dissemination area,59350228,59350228,,"Population, 2021",951
2021S051259350229,59350229,Dissemination area,59350229,59350229,,"Population, 2021",1162
2021S051259350230,59350230,Dissemination area,59350230,59350230,,"Population, 2021",935
2021S051259350231,59350231,Dissemination area,59350231,59350231,,"Population, 2021",1057
2021S051259350233,59350233,Dissemination area,59350233,59350233,,"Population, 2021",782
2021S051259350241,59350241,Dissemination area,59350241,59350241,,"Population, 2021",549
2021S051259350242,59350242,Dissemination area,59350242,59350242,,"Population, 2021",651
2021S051259350247,59350247,Dissemination area,59350247,59350247,,"Population, 2021",1665
2021S051259350248,59350248,Dissemination area,59350248,59350248,,"Population, 2021",875
2021S051259350249,59350249,Dissemination area,59350249,59350249,,"Population, 2021",1272
2021S051259350250,59350250,Dissemination area,59350250,59350250,,"Population, 2021",1330
2021S051259350253,59350253,Dissemination area,59350253,59350253,,"Population, 2021",1144
2021S051259350254,59350254,Dissemination area,59350254,59350254,,"Population, 2021",1918
2021S051259350276,59350276,Dissemination area,59350276,59350276,,"Population, 2021",1136
2021S051259350277,59350277,Dissemination area,59350277,59350277,,"Population, 2021",728
2021S051259350281,59350281,Dissemination area,59350281,59350281,,"Population, 2021",4563
2021S051259350282,59350282,Dissemination area,59350282,59350282,,"Population, 2021",1121
2021S051259350283,59350283,Dissemination area,59350283,59350283,,"Population, 2021",1048
2021S051259350284,59350284,Dissemination area,59350284,59350284,,"Population, 2021",511
2021S051259350285,59350285,Dissemination area,59350285,59350285,,"Population, 2021",2535
2021S051259350286,59350286,Dissemination area,59350286,59350286,,"Population, 2021",427
2021S051259350287,59350287,Dissemination area,59350287,59350287,,"Population, 2021",659
2021S051259350288,59350288,Dissemination area,59350288,59350288,,"Population, 2021",501
2021S051259350344,59350344,Dissemination area,59350344,59350344,,"Population, 2021",406
2021S051259350345,59350345,Dissemination area,59350345,59350345,,"Population, 2021",1234
2021S051259350346,59350346,Dissemination area,59350346,59350346,,"Population, 2021",762
2021S051259350348,59350348,Dissemination area,59350348,59350348,,"Population, 2021",791
2021S051259350349,59350349,Dissemination area,59350349,59350349,,"Population, 2021",662
2021S051259350350,59350350,Dissemination area,59350350,59350350,,"Population, 2021",1395
2021S051259350351,59350351,Dissemination area,59350351,59350351,,"Population, 2021",2259
2021S051259350352,59350352,Dissemination area,59350352,59350352,,"Population, 2021",1004
2021S051259350382,59350382,Dissemination area,59350382,59350382,,"Population, 2021",351
2021A00055935012,5935012,Census subdivision,"Central Okanagan, Regional district electoral area (RDA)",Central Okanagan,Regional district electoral area (RDA),"Population, 2021",4258
2021S051259350274,59350274,Dissemination area,59350274,59350274,,"Population, 2021",687
2021S051259350275,59350275,Dissemination area,59350275,59350275,,"Population, 2021",601
2021S051259350278,59350278,Dissemination area,59350278,59350278,,"Population, 2021",660
2021S051259350280,59350280,Dissemination area,59350280,59350280,,"Population, 2021",683
2021S051259350343,59350343,Dissemination area,59350343,59350343,,"Population, 2021",205
2021S051259350381,59350381,Dissemination area,59350381,59350381,,"Population, 2021",1422
2021A00055935016,5935016,Census subdivision,"Lake Country, District municipality (DM)",Lake Country,District municipality (DM),"Population, 2021",15817
2021S051259350259,59350259,Dissemination area,59350259,59350259,,"Population, 2021",674
2021S051259350262,59350262,Dissemination area,59350262,59350262,,"Population, 2021",1142
2021S051259350263,59350263,Dissemination area,59350263,59350263,,"Population, 2021",650
2021S051259350264,59350264,Dissemination area,59350264,59350264,,"Population, 2021",662
2021S051259350387,59350387,Dissemination area,59350387,59350387,,"Population, 2021",556
2021S051259350388,59350388,Dissemination area,59350388,59350388,,"Population, 2021",3031
2021S051259350389,59350389,Dissemination area,59350389,59350389,,"Population, 2021",804
2021S051259350390,59350390,Dissemination area,59350390,59350390,,"Population, 2021",464
2021S051259350391,59350391,Dissemination area,59350391,59350391,,"Population, 2021",468
2021S051259350392,59350392,Dissemination area,59350392,59350392,,"Population, 2021",318
2021S051259350394,59350394,Dissemination area,59350394,59350394,,"Population, 2021",757
2021S051259350395,59350395,Dissemination area,59350395,59350395,,"Population, 2021",1498
2021S051259350396,59350396,Dissemination area,59350396,59350396,,"Population, 2021",710
2021S051259350397,59350397,Dissemination area,59350397,59350397,,"Population, 2021",472
2021S051259350398,59350398,Dissemination area,59350398,59350398,,"Population, 2021",600
2021S051259350400,59350400,Dissemination area,59350400,59350400,,"Population, 2021",2135
2021S051259350402,59350402,Dissemination area,59350402,59350402,,"Population, 2021",876
2021A00055935018,5935018,Census subdivision,"Peachland, District municipality (DM)",Peachland,District municipality (DM),"Population, 2021",5789
2021S051259350323,59350323,Dissemination area,59350323,59350323,,"Population, 2021",883
2021S051259350324,59350324,Dissemination area,59350324,59350324,,"Population, 2021",183
2021S051259350325,59350325,Dissemination area,59350325,59350325,,"Population, 2021",725
2021S051259350326,59350326,Dissemination area,59350326,59350326,,"Population, 2021",907
2021S051259350327,59350327,Dissemination area,59350327,59350327,,"Population, 2021",880
2021S051259350328,59350328,Dissemination area,59350328,59350328,,"Population, 2021",475
2021S051259350329,59350329,Dissemination area,59350329,59350329,,"Population, 2021",468
2021S051259350330,59350330,Dissemination area,59350330,59350330,,"Population, 2021",566
2021S051259350332,59350332,Dissemination area,59350332,59350332,,"Population, 2021",702
2021A00055935020,5935020,Census subdivision,"Central Okanagan West, Regional district electoral area (RDA)",Central Okanagan West,Regional district electoral area (RDA),"Population, 2021",2897
2021S051259350255,59350255,Dissemination area,59350255,59350255,,"Population, 2021",1329
2021S051259350337,59350337,Dissemination area,59350337,59350337,,"Population, 2021",85
2021S051259350355,59350355,Dissemination area,59350355,59350355,,"Population, 2021",707
2021S051259350471,59350471,Dissemination area,59350471,59350471,,"Population, 2021",776
2021A00055935029,5935029,Census subdivision,"West Kelowna, City (CY)",West Kelowna,City (CY),"Population, 2021",36078
2021S051259350289,59350289,Dissemination area,59350289,59350289,,"Population, 2021",753
2021S051259350318,59350318,Dissemination area,59350318,59350318,,"Population, 2021",0
2021S051259350416,59350416,Dissemination area,59350416,59350416,,"Population, 2021",568
2021S051259350417,59350417,Dissemination area,59350417,59350417,,"Population, 2021",859
2021S051259350418,59350418,Dissemination area,59350418,59350418,,"Population, 2021",854
2021S051259350419,59350419,Dissemination area,59350419,59350419,,"Population, 2021",678
2021S051259350420,59350420,Dissemination area,59350420,59350420,,"Population, 2021",503
2021S051259350421,59350421,Dissemination area,59350421,59350421,,"Population, 2021",800
2021S051259350422,59350422,Dissemination area,59350422,59350422,,"Population, 2021",672
2021S051259350423,59350423,Dissemination area,59350423,59350423,,"Population, 2021",797
2021S051259350424,59350424,Dissemination area,59350424,59350424,,"Population, 2021",528
2021S051259350425,59350425,Dissemination area,59350425,59350425,,"Population, 2021",512
2021S051259350426,59350426,Dissemination area,59350426,59350426,,"Population, 2021",365
2021S051259350427,59350427,Dissemination area,59350427,59350427,,"Population, 2021",509
2021S051259350428,59350428,Dissemination area,59350428,59350428,,"Population, 2021",603
2021S051259350429,59350429,Dissemination area,59350429,59350429,,"Population, 2021",361
2021S051259350430,59350430,Dissemination area,59350430,59350430,,"Population, 2021",962
2021S051259350431,59350431,Dissemination area,59350431,59350431,,"Population, 2021",784
2021S051259350432,59350432,Dissemination area,59350432,59350432,,"Population, 2021",579
2021S051259350433,59350433,Dissemination area,59350433,59350433,,"Population, 2021",1029
2021S051259350434,59350434,Dissemination area,59350434,59350434,,"Population, 2021",591
2021S051259350435,59350435,Dissemination area,59350435,59350435,,"Population, 2021",904
2021S051259350436,59350436,Dissemination area,59350436,59350436,,"Population, 2021",712
2021S051259350437,59350437,Dissemination area,59350437,59350437,,"Population, 2021",848
2021S051259350438,59350438,Dissemination area,59350438,59350438,,"Population, 2021",522
2021S051259350439,59350439,Dissemination area,59350439,59350439,,"Population, 2021",590
2021S051259350440,59350440,Dissemination area,59350440,59350440,,"Population, 2021",531
2021S051259350441,59350441,Dissemination area,59350441,59350441,,"Population, 2021",844
2021S051259350442,59350442,Dissemination area,59350442,59350442,,"Population, 2021",850
2021S051259350443,59350443,Dissemination area,59350443,59350443,,"Population, 2021",576
2021S051259350444,59350444,Dissemination area,59350444,59350444,,"Population, 2021",306
2021S051259350445,59350445,Dissemination area,59350445,59350445,,"Population, 2021",411
2021S051259350446,59350446,Dissemination area,59350446,59350446,,"Population, 2021",614
2021S051259350447,59350447,Dissemination area,59350447,59350447,,"Population, 2021",733
2021S051259350448,59350448,Dissemination area,59350448,59350448,,"Population, 2021",861
2021S051259350449,59350449,Dissemination area,59350449,59350449,,"Population, 2021",1247
2021S051259350450,59350450,Dissemination area,59350450,59350450,,"Population, 2021",1148
2021S051259350451,59350451,Dissemination area,59350451,59350451,,"Population, 2021",867
2021S051259350452,59350452,Dissemination area,59350452,59350452,,"Population, 2021",1142
2021S051259350453,59350453,Dissemination area,59350453,59350453,,"Population, 2021",485
2021S051259350454,59350454,Dissemination area,59350454,59350454,,"Population, 2021",586
2021S051259350455,59350455,Dissemination area,59350455,59350455,,"Population, 2021",673
2021S051259350456,59350456,Dissemination area,59350456,59350456,,"Population, 2021",643
2021S051259350457,59350457,Dissemination area,59350457,59350457,,"Population, 2021",545
2021S051259350458,59350458,Dissemination area,59350458,59350458,,"Population, 2021",150
2021S051259350459,59350459,Dissemination area,59350459,59350459,,"Population, 2021",198
2021S051259350460,59350460,Dissemination area,59350460,59350460,,"Population, 2021",413
2021S051259350461,59350461,Dissemination area,59350461,59350461,,"Population, 2021",496
2021S051259350462,59350462,Dissemination area,59350462,59350462,,"Population, 2021",679
2021S051259350463,59350463,Dissemination area,59350463,59350463,,"Population, 2021",1257
2021S051259350464,59350464,Dissemination area,59350464,59350464,,"Population, 2021",1230
2021S051259350465,59350465,Dissemination area,59350465,59350465,,"Population, 2021",934
2021S051259350466,59350466,Dissemination area,59350466,59350466,,"Population, 2021",553
2021S051259350467,59350467,Dissemination area,59350467,59350467,,"Population, 2021",223
2021S051259350468,59350468,Dissemination area,59350468,59350468,,"Population, 2021",0
2021S051259350469,59350469,Dissemination area,59350469,59350469,,"Population, 2021",0
2021S051259350470,59350470,Dissemination area,59350470,59350470,,"Population, 2021",0
2021A00055935801,5935801,Census subdivision,"Duck Lake 7, Indian reserve (IRI)",Duck Lake 7,Indian reserve (IRI),"Population, 2021",1847
2021S051259350270,59350270,Dissemination area,59350270,59350270,,"Population, 2021",1200
2021S051259350271,59350271,Dissemination area,59350271,59350271,,"Population, 2021",647
2021A00055935802,5935802,Census subdivision,"Tsinstikeptum 9, Indian reserve (IRI)",Tsinstikeptum 9,Indian reserve (IRI),"Population, 2021",9134
2021S051259350317,59350317,Dissemination area,59350317,59350317,,"Population, 2021",0
2021S051259350321,59350321,Dissemination area,59350321,59350321,,"Population, 2021",661
2021S051259350358,59350358,Dissemination area,59350358,59350358,,"Population, 2021",2463
2021S051259350363,59350363,Dissemination area,59350363,59350363,,"Population, 2021",330
2021S051259350366,59350366,Dissemination area,59350366,59350366,,"Population, 2021",177
2021S051259350368,59350368,Dissemination area,59350368,59350368,,"Population, 2021",1718
2021S051259350371,59350371,Dissemination area,59350371,59350371,,"Population, 2021",1189
2021S051259350374,59350374,Dissemination area,59350374,59350374,,"Population, 2021",1187
2021S051259350375,59350375,Dissemination area,59350375,59350375,,"Population, 2021",0
2021S051259350376,59350376,Dissemination area,59350376,59350376,,"Population, 2021",169
2021S051259350377,59350377,Dissemination area,59350377,59350377,,"Population, 2021",1240
2021A00055935803,5935803,Census subdivision,"Tsinstikeptum 10, Indian reserve (IRI)",Tsinstikeptum 10,Indian reserve (IRI),"Population, 2021",1766
2021S051259350336,59350336,Dissemination area,59350336,59350336,,"Population, 2021",615
2021S051259350378,59350378,Dissemination area,59350378,59350378,,"Population, 2021",1151
2021S051259350403,59350403,Dissemination area,59350403,59350403,,"Population, 2021",0
2021A00035937,5937,Census division,"North Okanagan, Regional district (RD)",North Okanagan,Regional district (RD),"Population, 2021",91610
2021A00055937005,5937005,Census subdivision,"Lumby, Village (VL)",Lumby,Village (VL),"Population, 2021",2063
2021S051259370241,59370241,Dissemination area,59370241,59370241,,"Population, 2021",1008
2021S051259370242,59370242,Dissemination area,59370242,59370242,,"Population, 2021",504
2021S051259370243,59370243,Dissemination area,59370243,59370243,,"Population, 2021",551
2021A00055937010,5937010,Census subdivision,"Coldstream, District municipality (DM)",Coldstream,District municipality (DM),"Population, 2021",11171
2021S051259370219,59370219,Dissemination area,59370219,59370219,,"Population, 2021",1712
2021S051259370220,59370220,Dissemination area,59370220,59370220,,"Population, 2021",453
2021S051259370221,59370221,Dissemination area,59370221,59370221,,"Population, 2021",593
2021S051259370222,59370222,Dissemination area,59370222,59370222,,"Population, 2021",505
2021S051259370223,59370223,Dissemination area,59370223,59370223,,"Population, 2021",479
2021S051259370224,59370224,Dissemination area,59370224,59370224,,"Population, 2021",463
2021S051259370225,59370225,Dissemination area,59370225,59370225,,"Population, 2021",356
2021S051259370226,59370226,Dissemination area,59370226,59370226,,"Population, 2021",480
2021S051259370227,59370227,Dissemination area,59370227,59370227,,"Population, 2021",434
2021S051259370228,59370228,Dissemination area,59370228,59370228,,"Population, 2021",580
2021S051259370229,59370229,Dissemination area,59370229,59370229,,"Population, 2021",348
2021S051259370230,59370230,Dissemination area,59370230,59370230,,"Population, 2021",355
2021S051259370231,59370231,Dissemination area,59370231,59370231,,"Population, 2021",466
2021S051259370232,59370232,Dissemination area,59370232,59370232,,"Population, 2021",515
2021S051259370233,59370233,Dissemination area,59370233,59370233,,"Population, 2021",418
2021S051259370234,59370234,Dissemination area,59370234,59370234,,"Population, 2021",385
2021S051259370235,59370235,Dissemination area,59370235,59370235,,"Population, 2021",530
2021S051259370254,59370254,Dissemination area,59370254,59370254,,"Population, 2021",626
2021S051259370255,59370255,Dissemination area,59370255,59370255,,"Population, 2021",1473
2021A00055937014,5937014,Census subdivision,"Vernon, City (CY)",Vernon,City (CY),"Population, 2021",44519
2021S051259370164,59370164,Dissemination area,59370164,59370164,,"Population, 2021",613
2021S051259370167,59370167,Dissemination area,59370167,59370167,,"Population, 2021",399
2021S051259370168,59370168,Dissemination area,59370168,59370168,,"Population, 2021",456
2021S051259370169,59370169,Dissemination area,59370169,59370169,,"Population, 2021",414
2021S051259370170,59370170,Dissemination area,59370170,59370170,,"Population, 2021",480
2021S051259370171,59370171,Dissemination area,59370171,59370171,,"Population, 2021",405
2021S051259370172,59370172,Dissemination area,59370172,59370172,,"Population, 2021",484
2021S051259370173,59370173,Dissemination area,59370173,59370173,,"Population, 2021",334
2021S051259370179,59370179,Dissemination area,59370179,59370179,,"Population, 2021",589
2021S051259370181,59370181,Dissemination area,59370181,59370181,,"Population, 2021",518
2021S051259370182,59370182,Dissemination area,59370182,59370182,,"Population, 2021",663
2021S051259370183,59370183,Dissemination area,59370183,59370183,,"Population, 2021",753
2021S051259370184,59370184,Dissemination area,59370184,59370184,,"Population, 2021",538
2021S051259370185,59370185,Dissemination area,59370185,59370185,,"Population, 2021",619
2021S051259370193,59370193,Dissemination area,59370193,59370193,,"Population, 2021",689
2021S051259370196,59370196,Dissemination area,59370196,59370196,,"Population, 2021",516
2021S051259370197,59370197,Dissemination area,59370197,59370197,,"Population, 2021",387
2021S051259370198,59370198,Dissemination area,59370198,59370198,,"Population, 2021",516
2021S051259370199,59370199,Dissemination area,59370199,59370199,,"Population, 2021",746
2021S051259370200,59370200,Dissemination area,59370200,59370200,,"Population, 2021",577
2021S051259370201,59370201,Dissemination area,59370201,59370201,,"Population, 2021",931
2021S051259370202,59370202,Dissemination area,59370202,59370202,,"Population, 2021",613
2021S051259370203,59370203,Dissemination area,59370203,59370203,,"Population, 2021",1578
2021S051259370205,59370205,Dissemination area,59370205,59370205,,"Population, 2021",2627
2021S051259370206,59370206,Dissemination area,59370206,59370206,,"Population, 2021",589
2021S051259370207,59370207,Dissemination area,59370207,59370207,,"Population, 2021",1022
2021S051259370208,59370208,Dissemination area,59370208,59370208,,"Population, 2021",966
2021S051259370209,59370209,Dissemination area,59370209,59370209,,"Population, 2021",408
2021S051259370210,59370210,Dissemination area,59370210,59370210,,"Population, 2021",515
2021S051259370211,59370211,Dissemination area,59370211,59370211,,"Population, 2021",1040
2021S051259370212,59370212,Dissemination area,59370212,59370212,,"Population, 2021",419
2021S051259370213,59370213,Dissemination area,59370213,59370213,,"Population, 2021",493
2021S051259370214,59370214,Dissemination area,59370214,59370214,,"Population, 2021",569
2021S051259370216,59370216,Dissemination area,59370216,59370216,,"Population, 2021",596
2021S051259370217,59370217,Dissemination area,59370217,59370217,,"Population, 2021",1364
2021S051259370218,59370218,Dissemination area,59370218,59370218,,"Population, 2021",864
2021S051259370256,59370256,Dissemination area,59370256,59370256,,"Population, 2021",679
2021S051259370257,59370257,Dissemination area,59370257,59370257,,"Population, 2021",802
2021S051259370258,59370258,Dissemination area,59370258,59370258,,"Population, 2021",538
2021S051259370259,59370259,Dissemination area,59370259,59370259,,"Population, 2021",1041
2021S051259370261,59370261,Dissemination area,59370261,59370261,,"Population, 2021",472
2021S051259370262,59370262,Dissemination area,59370262,59370262,,"Population, 2021",538
2021S051259370263,59370263,Dissemination area,59370263,59370263,,"Population, 2021",1548
2021S051259370272,59370272,Dissemination area,59370272,59370272,,"Population, 2021",304
2021S051259370273,59370273,Dissemination area,59370273,59370273,,"Population, 2021",616
2021S051259370276,59370276,Dissemination area,59370276,59370276,,"Population, 2021",1156
2021S051259370277,59370277,Dissemination area,59370277,59370277,,"Population, 2021",474
2021S051259370279,59370279,Dissemination area,59370279,59370279,,"Population, 2021",612
2021S051259370280,59370280,Dissemination area,59370280,59370280,,"Population, 2021",407
2021S051259370282,59370282,Dissemination area,59370282,59370282,,"Population, 2021",498
2021S051259370283,59370283,Dissemination area,59370283,59370283,,"Population, 2021",782
2021S051259370286,59370286,Dissemination area,59370286,59370286,,"Population, 2021",526
2021S051259370287,59370287,Dissemination area,59370287,59370287,,"Population, 2021",547
2021S051259370289,59370289,Dissemination area,59370289,59370289,,"Population, 2021",375
2021S051259370290,59370290,Dissemination area,59370290,59370290,,"Population, 2021",563
2021S051259370291,59370291,Dissemination area,59370291,59370291,,"Population, 2021",533
2021S051259370292,59370292,Dissemination area,59370292,59370292,,"Population, 2021",484
2021S051259370293,59370293,Dissemination area,59370293,59370293,,"Population, 2021",566
2021S051259370304,59370304,Dissemination area,59370304,59370304,,"Population, 2021",432
2021S051259370308,59370308,Dissemination area,59370308,59370308,,"Population, 2021",505
2021S051259370316,59370316,Dissemination area,59370316,59370316,,"Population, 2021",2195
2021S051259370318,59370318,Dissemination area,59370318,59370318,,"Population, 2021",15
2021S051259370321,59370321,Dissemination area,59370321,59370321,,"Population, 2021",365
2021S051259370325,59370325,Dissemination area,59370325,59370325,,"Population, 2021",1656
2021S051259370333,59370333,Dissemination area,59370333,59370333,,"Population, 2021",0
2021A00055937017,5937017,Census subdivision,"North Okanagan B, Regional district electoral area (RDA)",North Okanagan B,Regional district electoral area (RDA),"Population, 2021",3274
2021S051259370159,59370159,Dissemination area,59370159,59370159,,"Population, 2021",452
2021S051259370160,59370160,Dissemination area,59370160,59370160,,"Population, 2021",457
2021S051259370162,59370162,Dissemination area,59370162,59370162,,"Population, 2021",488
2021S051259370253,59370253,Dissemination area,59370253,59370253,,"Population, 2021",171
2021S051259370264,59370264,Dissemination area,59370264,59370264,,"Population, 2021",0
2021S051259370266,59370266,Dissemination area,59370266,59370266,,"Population, 2021",73
2021S051259370322,59370322,Dissemination area,59370322,59370322,,"Population, 2021",427
2021S051259370326,59370326,Dissemination area,59370326,59370326,,"Population, 2021",1206
2021A00055937021,5937021,Census subdivision,"North Okanagan C, Regional district electoral area (RDA)",North Okanagan C,Regional district electoral area (RDA),"Population, 2021",4511
2021S051259370270,59370270,Dissemination area,59370270,59370270,,"Population, 2021",539
2021S051259370295,59370295,Dissemination area,59370295,59370295,,"Population, 2021",942
2021S051259370305,59370305,Dissemination area,59370305,59370305,,"Population, 2021",459
2021S051259370314,59370314,Dissemination area,59370314,59370314,,"Population, 2021",935
2021S051259370317,59370317,Dissemination area,59370317,59370317,,"Population, 2021",758
2021S051259370319,59370319,Dissemination area,59370319,59370319,,"Population, 2021",383
2021S051259370332,59370332,Dissemination area,59370332,59370332,,"Population, 2021",495
2021A00055937022,5937022,Census subdivision,"North Okanagan D, Regional district electoral area (RDA)",North Okanagan D,Regional district electoral area (RDA),"Population, 2021",2909
2021S051259370240,59370240,Dissemination area,59370240,59370240,,"Population, 2021",587
2021S051259370244,59370244,Dissemination area,59370244,59370244,,"Population, 2021",485
2021S051259370245,59370245,Dissemination area,59370245,59370245,,"Population, 2021",547
2021S051259370246,59370246,Dissemination area,59370246,59370246,,"Population, 2021",508
2021S051259370247,59370247,Dissemination area,59370247,59370247,,"Population, 2021",453
2021S051259370248,59370248,Dissemination area,59370248,59370248,,"Population, 2021",329
2021A00055937023,5937023,Census subdivision,"North Okanagan E, Regional district electoral area (RDA)",North Okanagan E,Regional district electoral area (RDA),"Population, 2021",1092
2021S051259370249,59370249,Dissemination area,59370249,59370249,,"Population, 2021",434
2021S051259370250,59370250,Dissemination area,59370250,59370250,,"Population, 2021",658
2021A00055937024,5937024,Census subdivision,"Spallumcheen, District municipality (DM)",Spallumcheen,District municipality (DM),"Population, 2021",5307
2021S051259370138,59370138,Dissemination area,59370138,59370138,,"Population, 2021",600
2021S051259370139,59370139,Dissemination area,59370139,59370139,,"Population, 2021",473
2021S051259370140,59370140,Dissemination area,59370140,59370140,,"Population, 2021",564
2021S051259370149,59370149,Dissemination area,59370149,59370149,,"Population, 2021",464
2021S051259370150,59370150,Dissemination area,59370150,59370150,,"Population, 2021",394
2021S051259370151,59370151,Dissemination area,59370151,59370151,,"Population, 2021",466
2021S051259370152,59370152,Dissemination area,59370152,59370152,,"Population, 2021",661
2021S051259370154,59370154,Dissemination area,59370154,59370154,,"Population, 2021",486
2021S051259370156,59370156,Dissemination area,59370156,59370156,,"Population, 2021",663
2021S051259370309,59370309,Dissemination area,59370309,59370309,,"Population, 2021",536
2021A00055937028,5937028,Census subdivision,"Armstrong, City (CY)",Armstrong,City (CY),"Population, 2021",5323
2021S051259370141,59370141,Dissemination area,59370141,59370141,,"Population, 2021",524
2021S051259370142,59370142,Dissemination area,59370142,59370142,,"Population, 2021",1045
2021S051259370143,59370143,Dissemination area,59370143,59370143,,"Population, 2021",509
2021S051259370146,59370146,Dissemination area,59370146,59370146,,"Population, 2021",375
2021S051259370147,59370147,Dissemination area,59370147,59370147,,"Population, 2021",784
2021S051259370148,59370148,Dissemination area,59370148,59370148,,"Population, 2021",1097
2021S051259370312,59370312,Dissemination area,59370312,59370312,,"Population, 2021",424
2021S051259370313,59370313,Dissemination area,59370313,59370313,,"Population, 2021",565
2021A00055937033,5937033,Census subdivision,"Enderby, City (CY)",Enderby,City (CY),"Population, 2021",3028
2021S051259370132,59370132,Dissemination area,59370132,59370132,,"Population, 2021",748
2021S051259370133,59370133,Dissemination area,59370133,59370133,,"Population, 2021",684
2021S051259370134,59370134,Dissemination area,59370134,59370134,,"Population, 2021",481
2021S051259370135,59370135,Dissemination area,59370135,59370135,,"Population, 2021",444
2021S051259370136,59370136,Dissemination area,59370136,59370136,,"Population, 2021",671
2021A00055937041,5937041,Census subdivision,"North Okanagan F, Regional district electoral area (RDA)",North Okanagan F,Regional district electoral area (RDA),"Population, 2021",4362
2021S051259370126,59370126,Dissemination area,59370126,59370126,,"Population, 2021",461
2021S051259370127,59370127,Dissemination area,59370127,59370127,,"Population, 2021",523
2021S051259370128,59370128,Dissemination area,59370128,59370128,,"Population, 2021",446
2021S051259370129,59370129,Dissemination area,59370129,59370129,,"Population, 2021",644
2021S051259370130,59370130,Dissemination area,59370130,59370130,,"Population, 2021",446
2021S051259370131,59370131,Dissemination area,59370131,59370131,,"Population, 2021",554
2021S051259370251,59370251,Dissemination area,59370251,59370251,,"Population, 2021",694
2021S051259370252,59370252,Dissemination area,59370252,59370252,,"Population, 2021",594
2021A00055937801,5937801,Census subdivision,"Okanagan (Part) 1, Indian reserve (IRI)",Okanagan (Part) 1,Indian reserve (IRI),"Population, 2021",3244
2021S051259370298,59370298,Dissemination area,59370298,59370298,,"Population, 2021",432
2021S051259370328,59370328,Dissemination area,59370328,59370328,,"Population, 2021",128
2021S051259370329,59370329,Dissemination area,59370329,59370329,,"Population, 2021",1153
2021S051259370331,59370331,Dissemination area,59370331,59370331,,"Population, 2021",872
2021S051259370335,59370335,Dissemination area,59370335,59370335,,"Population, 2021",659
2021A00055937802,5937802,Census subdivision,"Enderby 2, Indian reserve (IRI)",Enderby 2,Indian reserve (IRI),"Population, 2021",440
2021S051259370137,59370137,Dissemination area,59370137,59370137,,"Population, 2021",440
2021A00055937803,5937803,Census subdivision,"Priest's Valley 6, Indian reserve (IRI)",Priest's Valley 6,Indian reserve (IRI),"Population, 2021",367
2021S051259370260,59370260,Dissemination area,59370260,59370260,,"Population, 2021",367
2021A00055937805,5937805,Census subdivision,"Harris 3, Indian reserve (IRI)",Harris 3,Indian reserve (IRI),"Population, 2021",0
2021S051259370155,59370155,Dissemination area,59370155,59370155,,"Population, 2021",0
2021A00035939,5939,Census division,"Columbia-Shuswap, Regional district (RD)",Columbia-Shuswap,Regional district (RD),"Population, 2021",57021
2021A00055939007,5939007,Census subdivision,"Golden, Town (T)",Golden,Town (T),"Population, 2021",3986
2021S051259390218,59390218,Dissemination area,59390218,59390218,,"Population, 2021",668
2021S051259390219,59390219,Dissemination area,59390219,59390219,,"Population, 2021",497
2021S051259390220,59390220,Dissemination area,59390220,59390220,,"Population, 2021",426
2021S051259390221,59390221,Dissemination area,59390221,59390221,,"Population, 2021",540
2021S051259390222,59390222,Dissemination area,59390222,59390222,,"Population, 2021",444
2021S051259390223,59390223,Dissemination area,59390223,59390223,,"Population, 2021",375
2021S051259390224,59390224,Dissemination area,59390224,59390224,,"Population, 2021",427
2021S051259390225,59390225,Dissemination area,59390225,59390225,,"Population, 2021",609
2021A00055939011,5939011,Census subdivision,"Columbia-Shuswap A, Regional district electoral area (RDA)",Columbia-Shuswap A,Regional district electoral area (RDA),"Population, 2021",3325
2021S051259390216,59390216,Dissemination area,59390216,59390216,,"Population, 2021",840
2021S051259390217,59390217,Dissemination area,59390217,59390217,,"Population, 2021",532
2021S051259390226,59390226,Dissemination area,59390226,59390226,,"Population, 2021",409
2021S051259390227,59390227,Dissemination area,59390227,59390227,,"Population, 2021",587
2021S051259390228,59390228,Dissemination area,59390228,59390228,,"Population, 2021",436
2021S051259390229,59390229,Dissemination area,59390229,59390229,,"Population, 2021",521
2021A00055939019,5939019,Census subdivision,"Revelstoke, City (CY)",Revelstoke,City (CY),"Population, 2021",8275
2021S051259390201,59390201,Dissemination area,59390201,59390201,,"Population, 2021",605
2021S051259390202,59390202,Dissemination area,59390202,59390202,,"Population, 2021",532
2021S051259390203,59390203,Dissemination area,59390203,59390203,,"Population, 2021",447
2021S051259390204,59390204,Dissemination area,59390204,59390204,,"Population, 2021",504
2021S051259390205,59390205,Dissemination area,59390205,59390205,,"Population, 2021",576
2021S051259390206,59390206,Dissemination area,59390206,59390206,,"Population, 2021",452
2021S051259390207,59390207,Dissemination area,59390207,59390207,,"Population, 2021",522
2021S051259390208,59390208,Dissemination area,59390208,59390208,,"Population, 2021",491
2021S051259390209,59390209,Dissemination area,59390209,59390209,,"Population, 2021",590
2021S051259390210,59390210,Dissemination area,59390210,59390210,,"Population, 2021",432
2021S051259390211,59390211,Dissemination area,59390211,59390211,,"Population, 2021",547
2021S051259390212,59390212,Dissemination area,59390212,59390212,,"Population, 2021",551
2021S051259390213,59390213,Dissemination area,59390213,59390213,,"Population, 2021",516
2021S051259390214,59390214,Dissemination area,59390214,59390214,,"Population, 2021",1045
2021S051259390232,59390232,Dissemination area,59390232,59390232,,"Population, 2021",465
2021A00055939023,5939023,Census subdivision,"Columbia-Shuswap B, Regional district electoral area (RDA)",Columbia-Shuswap B,Regional district electoral area (RDA),"Population, 2021",663
2021S051259390230,59390230,Dissemination area,59390230,59390230,,"Population, 2021",663
2021A00055939032,5939032,Census subdivision,"Salmon Arm, City (CY)",Salmon Arm,City (CY),"Population, 2021",19432
2021S051259390146,59390146,Dissemination area,59390146,59390146,,"Population, 2021",554
2021S051259390147,59390147,Dissemination area,59390147,59390147,,"Population, 2021",674
2021S051259390148,59390148,Dissemination area,59390148,59390148,,"Population, 2021",370
2021S051259390149,59390149,Dissemination area,59390149,59390149,,"Population, 2021",605
2021S051259390150,59390150,Dissemination area,59390150,59390150,,"Population, 2021",642
2021S051259390151,59390151,Dissemination area,59390151,59390151,,"Population, 2021",1334
2021S051259390152,59390152,Dissemination area,59390152,59390152,,"Population, 2021",624
2021S051259390153,59390153,Dissemination area,59390153,59390153,,"Population, 2021",710
2021S051259390154,59390154,Dissemination area,59390154,59390154,,"Population, 2021",655
2021S051259390155,59390155,Dissemination area,59390155,59390155,,"Population, 2021",625
2021S051259390156,59390156,Dissemination area,59390156,59390156,,"Population, 2021",702
2021S051259390157,59390157,Dissemination area,59390157,59390157,,"Population, 2021",567
2021S051259390158,59390158,Dissemination area,59390158,59390158,,"Population, 2021",381
2021S051259390159,59390159,Dissemination area,59390159,59390159,,"Population, 2021",536
2021S051259390160,59390160,Dissemination area,59390160,59390160,,"Population, 2021",656
2021S051259390161,59390161,Dissemination area,59390161,59390161,,"Population, 2021",636
2021S051259390162,59390162,Dissemination area,59390162,59390162,,"Population, 2021",486
2021S051259390163,59390163,Dissemination area,59390163,59390163,,"Population, 2021",839
2021S051259390164,59390164,Dissemination area,59390164,59390164,,"Population, 2021",607
2021S051259390165,59390165,Dissemination area,59390165,59390165,,"Population, 2021",398
2021S051259390166,59390166,Dissemination area,59390166,59390166,,"Population, 2021",483
2021S051259390167,59390167,Dissemination area,59390167,59390167,,"Population, 2021",744
2021S051259390169,59390169,Dissemination area,59390169,59390169,,"Population, 2021",600
2021S051259390170,59390170,Dissemination area,59390170,59390170,,"Population, 2021",611
2021S051259390173,59390173,Dissemination area,59390173,59390173,,"Population, 2021",343
2021S051259390174,59390174,Dissemination area,59390174,59390174,,"Population, 2021",1027
2021S051259390175,59390175,Dissemination area,59390175,59390175,,"Population, 2021",977
2021S051259390187,59390187,Dissemination area,59390187,59390187,,"Population, 2021",410
2021S051259390188,59390188,Dissemination area,59390188,59390188,,"Population, 2021",509
2021S051259390189,59390189,Dissemination area,59390189,59390189,,"Population, 2021",1127
2021A00055939037,5939037,Census subdivision,"Columbia-Shuswap C, Regional district electoral area (RDA)",Columbia-Shuswap C,Regional district electoral area (RDA),"Population, 2021",8919
2021S051259390131,59390131,Dissemination area,59390131,59390131,,"Population, 2021",646
2021S051259390132,59390132,Dissemination area,59390132,59390132,,"Population, 2021",547
2021S051259390133,59390133,Dissemination area,59390133,59390133,,"Population, 2021",837
2021S051259390136,59390136,Dissemination area,59390136,59390136,,"Population, 2021",697
2021S051259390137,59390137,Dissemination area,59390137,59390137,,"Population, 2021",590
2021S051259390138,59390138,Dissemination area,59390138,59390138,,"Population, 2021",983
2021S051259390139,59390139,Dissemination area,59390139,59390139,,"Population, 2021",640
2021S051259390140,59390140,Dissemination area,59390140,59390140,,"Population, 2021",848
2021S051259390141,59390141,Dissemination area,59390141,59390141,,"Population, 2021",664
2021S051259390142,59390142,Dissemination area,59390142,59390142,,"Population, 2021",796
2021S051259390143,59390143,Dissemination area,59390143,59390143,,"Population, 2021",569
2021S051259390145,59390145,Dissemination area,59390145,59390145,,"Population, 2021",524
2021S051259390176,59390176,Dissemination area,59390176,59390176,,"Population, 2021",578
2021A00055939039,5939039,Census subdivision,"Columbia-Shuswap D, Regional district electoral area (RDA)",Columbia-Shuswap D,Regional district electoral area (RDA),"Population, 2021",4400
2021S051259390177,59390177,Dissemination area,59390177,59390177,,"Population, 2021",579
2021S051259390178,59390178,Dissemination area,59390178,59390178,,"Population, 2021",572
2021S051259390179,59390179,Dissemination area,59390179,59390179,,"Population, 2021",484
2021S051259390182,59390182,Dissemination area,59390182,59390182,,"Population, 2021",498
2021S051259390183,59390183,Dissemination area,59390183,59390183,,"Population, 2021",501
2021S051259390184,59390184,Dissemination area,59390184,59390184,,"Population, 2021",536
2021S051259390185,59390185,Dissemination area,59390185,59390185,,"Population, 2021",567
2021S051259390186,59390186,Dissemination area,59390186,59390186,,"Population, 2021",663
2021A00055939043,5939043,Census subdivision,"Columbia-Shuswap E, Regional district electoral area (RDA)",Columbia-Shuswap E,Regional district electoral area (RDA),"Population, 2021",1388
2021S051259390190,59390190,Dissemination area,59390190,59390190,,"Population, 2021",482
2021S051259390196,59390196,Dissemination area,59390196,59390196,,"Population, 2021",525
2021S051259390197,59390197,Dissemination area,59390197,59390197,,"Population, 2021",381
2021A00055939044,5939044,Census subdivision,"Columbia-Shuswap F, Regional district electoral area (RDA)",Columbia-Shuswap F,Regional district electoral area (RDA),"Population, 2021",3200
2021S051259390127,59390127,Dissemination area,59390127,59390127,,"Population, 2021",828
2021S051259390130,59390130,Dissemination area,59390130,59390130,,"Population, 2021",890
2021S051259390198,59390198,Dissemination area,59390198,59390198,,"Population, 2021",889
2021S051259390199,59390199,Dissemination area,59390199,59390199,,"Population, 2021",593
2021A00055939045,5939045,Census subdivision,"Sicamous, District municipality (DM)",Sicamous,District municipality (DM),"Population, 2021",2613
2021S051259390191,59390191,Dissemination area,59390191,59390191,,"Population, 2021",565
2021S051259390192,59390192,Dissemination area,59390192,59390192,,"Population, 2021",564
2021S051259390193,59390193,Dissemination area,59390193,59390193,,"Population, 2021",508
2021S051259390194,59390194,Dissemination area,59390194,59390194,,"Population, 2021",522
2021S051259390195,59390195,Dissemination area,59390195,59390195,,"Population, 2021",454
2021A00055939801,5939801,Census subdivision,"Chum Creek 2, Indian reserve (IRI)",Chum Creek 2,Indian reserve (IRI),"Population, 2021",53
2021S051259390134,59390134,Dissemination area,59390134,59390134,,"Population, 2021",53
2021A00055939802,5939802,Census subdivision,"Hustalen 1, Indian reserve (IRI)",Hustalen 1,Indian reserve (IRI),"Population, 2021",44
2021S051259390128,59390128,Dissemination area,59390128,59390128,,"Population, 2021",44
2021A00055939803,5939803,Census subdivision,"North Bay 5, Indian reserve (IRI)",North Bay 5,Indian reserve (IRI),"Population, 2021",45
2021S051259390144,59390144,Dissemination area,59390144,59390144,,"Population, 2021",45
2021A00055939804,5939804,Census subdivision,"Okanagan (Part) 1, Indian reserve (IRI)",Okanagan (Part) 1,Indian reserve (IRI),"Population, 2021",91
2021S051259390181,59390181,Dissemination area,59390181,59390181,,"Population, 2021",91
2021A00055939805,5939805,Census subdivision,"Quaaout 1, Indian reserve (IRI)",Quaaout 1,Indian reserve (IRI),"Population, 2021",284
2021S051259390135,59390135,Dissemination area,59390135,59390135,,"Population, 2021",284
2021A00055939806,5939806,Census subdivision,"Salmon River 1, Indian reserve (IRI)",Salmon River 1,Indian reserve (IRI),"Population, 2021",
2021S051259390180,59390180,Dissemination area,59390180,59390180,,"Population, 2021",
2021A00055939807,5939807,Census subdivision,"Scotch Creek 4, Indian reserve (IRI)",Scotch Creek 4,Indian reserve (IRI),"Population, 2021",30
2021S051259390129,59390129,Dissemination area,59390129,59390129,,"Population, 2021",30
2021A00055939808,5939808,Census subdivision,"Switsemalph 3, Indian reserve (IRI)",Switsemalph 3,Indian reserve (IRI),"Population, 2021",64
2021S051259390171,59390171,Dissemination area,59390171,59390171,,"Population, 2021",64
2021A00055939811,5939811,Census subdivision,"Switsemalph, Indian reserve (IRI)",Switsemalph,Indian reserve (IRI),"Population, 2021",209
2021S051259390168,59390168,Dissemination area,59390168,59390168,,"Population, 2021",48
2021S051259390172,59390172,Dissemination area,59390172,59390172,,"Population, 2021",161
2021A00035941,5941,Census division,"Cariboo, Regional district (RD)",Cariboo,Regional district (RD),"Population, 2021",62931
2021A00055941005,5941005,Census subdivision,"One Hundred Mile House, District municipality (DM)",One Hundred Mile House,District municipality (DM),"Population, 2021",1928
2021S051259410392,59410392,Dissemination area,59410392,59410392,,"Population, 2021",660
2021S051259410393,59410393,Dissemination area,59410393,59410393,,"Population, 2021",625
2021S051259410394,59410394,Dissemination area,59410394,59410394,,"Population, 2021",643
2021A00055941009,5941009,Census subdivision,"Williams Lake, City (CY)",Williams Lake,City (CY),"Population, 2021",10947
2021S051259410320,59410320,Dissemination area,59410320,59410320,,"Population, 2021",555
2021S051259410321,59410321,Dissemination area,59410321,59410321,,"Population, 2021",350
2021S051259410322,59410322,Dissemination area,59410322,59410322,,"Population, 2021",233
2021S051259410323,59410323,Dissemination area,59410323,59410323,,"Population, 2021",436
2021S051259410324,59410324,Dissemination area,59410324,59410324,,"Population, 2021",392
2021S051259410325,59410325,Dissemination area,59410325,59410325,,"Population, 2021",574
2021S051259410326,59410326,Dissemination area,59410326,59410326,,"Population, 2021",500
2021S051259410327,59410327,Dissemination area,59410327,59410327,,"Population, 2021",453
2021S051259410328,59410328,Dissemination area,59410328,59410328,,"Population, 2021",490
2021S051259410329,59410329,Dissemination area,59410329,59410329,,"Population, 2021",370
2021S051259410330,59410330,Dissemination area,59410330,59410330,,"Population, 2021",477
2021S051259410331,59410331,Dissemination area,59410331,59410331,,"Population, 2021",427
2021S051259410332,59410332,Dissemination area,59410332,59410332,,"Population, 2021",400
2021S051259410333,59410333,Dissemination area,59410333,59410333,,"Population, 2021",396
2021S051259410334,59410334,Dissemination area,59410334,59410334,,"Population, 2021",298
2021S051259410335,59410335,Dissemination area,59410335,59410335,,"Population, 2021",394
2021S051259410336,59410336,Dissemination area,59410336,59410336,,"Population, 2021",473
2021S051259410337,59410337,Dissemination area,59410337,59410337,,"Population, 2021",492
2021S051259410338,59410338,Dissemination area,59410338,59410338,,"Population, 2021",815
2021S051259410339,59410339,Dissemination area,59410339,59410339,,"Population, 2021",419
2021S051259410340,59410340,Dissemination area,59410340,59410340,,"Population, 2021",443
2021S051259410345,59410345,Dissemination area,59410345,59410345,,"Population, 2021",0
2021S051259410368,59410368,Dissemination area,59410368,59410368,,"Population, 2021",1233
2021S051259410369,59410369,Dissemination area,59410369,59410369,,"Population, 2021",327
2021A00055941010,5941010,Census subdivision,"Cariboo D, Regional district electoral area (RDA)",Cariboo D,Regional district electoral area (RDA),"Population, 2021",2870
2021S051259410341,59410341,Dissemination area,59410341,59410341,,"Population, 2021",684
2021S051259410342,59410342,Dissemination area,59410342,59410342,,"Population, 2021",471
2021S051259410343,59410343,Dissemination area,59410343,59410343,,"Population, 2021",521
2021S051259410344,59410344,Dissemination area,59410344,59410344,,"Population, 2021",349
2021S051259410348,59410348,Dissemination area,59410348,59410348,,"Population, 2021",369
2021S051259410350,59410350,Dissemination area,59410350,59410350,,"Population, 2021",476
2021A00055941012,5941012,Census subdivision,"Cariboo E, Regional district electoral area (RDA)",Cariboo E,Regional district electoral area (RDA),"Population, 2021",4112
2021S051259410316,59410316,Dissemination area,59410316,59410316,,"Population, 2021",506
2021S051259410317,59410317,Dissemination area,59410317,59410317,,"Population, 2021",430
2021S051259410318,59410318,Dissemination area,59410318,59410318,,"Population, 2021",665
2021S051259410319,59410319,Dissemination area,59410319,59410319,,"Population, 2021",354
2021S051259410364,59410364,Dissemination area,59410364,59410364,,"Population, 2021",484
2021S051259410365,59410365,Dissemination area,59410365,59410365,,"Population, 2021",286
2021S051259410366,59410366,Dissemination area,59410366,59410366,,"Population, 2021",425
2021S051259410367,59410367,Dissemination area,59410367,59410367,,"Population, 2021",486
2021S051259410370,59410370,Dissemination area,59410370,59410370,,"Population, 2021",476
2021A00055941013,5941013,Census subdivision,"Quesnel, City (CY)",Quesnel,City (CY),"Population, 2021",9889
2021S051259410268,59410268,Dissemination area,59410268,59410268,,"Population, 2021",705
2021S051259410269,59410269,Dissemination area,59410269,59410269,,"Population, 2021",477
2021S051259410270,59410270,Dissemination area,59410270,59410270,,"Population, 2021",804
2021S051259410271,59410271,Dissemination area,59410271,59410271,,"Population, 2021",844
2021S051259410272,59410272,Dissemination area,59410272,59410272,,"Population, 2021",690
2021S051259410273,59410273,Dissemination area,59410273,59410273,,"Population, 2021",490
2021S051259410274,59410274,Dissemination area,59410274,59410274,,"Population, 2021",372
2021S051259410275,59410275,Dissemination area,59410275,59410275,,"Population, 2021",544
2021S051259410276,59410276,Dissemination area,59410276,59410276,,"Population, 2021",439
2021S051259410277,59410277,Dissemination area,59410277,59410277,,"Population, 2021",514
2021S051259410278,59410278,Dissemination area,59410278,59410278,,"Population, 2021",359
2021S051259410279,59410279,Dissemination area,59410279,59410279,,"Population, 2021",381
2021S051259410288,59410288,Dissemination area,59410288,59410288,,"Population, 2021",730
2021S051259410292,59410292,Dissemination area,59410292,59410292,,"Population, 2021",637
2021S051259410293,59410293,Dissemination area,59410293,59410293,,"Population, 2021",493
2021S051259410295,59410295,Dissemination area,59410295,59410295,,"Population, 2021",432
2021S051259410296,59410296,Dissemination area,59410296,59410296,,"Population, 2021",422
2021S051259410297,59410297,Dissemination area,59410297,59410297,,"Population, 2021",376
2021S051259410299,59410299,Dissemination area,59410299,59410299,,"Population, 2021",180
2021A00055941014,5941014,Census subdivision,"Cariboo F, Regional district electoral area (RDA)",Cariboo F,Regional district electoral area (RDA),"Population, 2021",4792
2021S051259410307,59410307,Dissemination area,59410307,59410307,,"Population, 2021",561
2021S051259410308,59410308,Dissemination area,59410308,59410308,,"Population, 2021",474
2021S051259410309,59410309,Dissemination area,59410309,59410309,,"Population, 2021",457
2021S051259410310,59410310,Dissemination area,59410310,59410310,,"Population, 2021",501
2021S051259410311,59410311,Dissemination area,59410311,59410311,,"Population, 2021",398
2021S051259410312,59410312,Dissemination area,59410312,59410312,,"Population, 2021",417
2021S051259410313,59410313,Dissemination area,59410313,59410313,,"Population, 2021",521
2021S051259410314,59410314,Dissemination area,59410314,59410314,,"Population, 2021",544
2021S051259410346,59410346,Dissemination area,59410346,59410346,,"Population, 2021",391
2021S051259410410,59410410,Dissemination area,59410410,59410410,,"Population, 2021",528
2021A00055941015,5941015,Census subdivision,"Cariboo G, Regional district electoral area (RDA)",Cariboo G,Regional district electoral area (RDA),"Population, 2021",5312
2021S051259410385,59410385,Dissemination area,59410385,59410385,,"Population, 2021",385
2021S051259410386,59410386,Dissemination area,59410386,59410386,,"Population, 2021",517
2021S051259410387,59410387,Dissemination area,59410387,59410387,,"Population, 2021",483
2021S051259410388,59410388,Dissemination area,59410388,59410388,,"Population, 2021",780
2021S051259410389,59410389,Dissemination area,59410389,59410389,,"Population, 2021",426
2021S051259410390,59410390,Dissemination area,59410390,59410390,,"Population, 2021",485
2021S051259410391,59410391,Dissemination area,59410391,59410391,,"Population, 2021",518
2021S051259410400,59410400,Dissemination area,59410400,59410400,,"Population, 2021",542
2021S051259410486,59410486,Dissemination area,59410486,59410486,,"Population, 2021",614
2021S051259410488,59410488,Dissemination area,59410488,59410488,,"Population, 2021",562
2021A00055941016,5941016,Census subdivision,"Cariboo H, Regional district electoral area (RDA)",Cariboo H,Regional district electoral area (RDA),"Population, 2021",1884
2021S051259410404,59410404,Dissemination area,59410404,59410404,,"Population, 2021",400
2021S051259410405,59410405,Dissemination area,59410405,59410405,,"Population, 2021",408
2021S051259410408,59410408,Dissemination area,59410408,59410408,,"Population, 2021",589
2021S051259410409,59410409,Dissemination area,59410409,59410409,,"Population, 2021",487
2021A00055941017,5941017,Census subdivision,"Cariboo L, Regional district electoral area (RDA)",Cariboo L,Regional district electoral area (RDA),"Population, 2021",4769
2021S051259410395,59410395,Dissemination area,59410395,59410395,,"Population, 2021",818
2021S051259410396,59410396,Dissemination area,59410396,59410396,,"Population, 2021",407
2021S051259410397,59410397,Dissemination area,59410397,59410397,,"Population, 2021",550
2021S051259410398,59410398,Dissemination area,59410398,59410398,,"Population, 2021",435
2021S051259410399,59410399,Dissemination area,59410399,59410399,,"Population, 2021",631
2021S051259410401,59410401,Dissemination area,59410401,59410401,,"Population, 2021",593
2021S051259410402,59410402,Dissemination area,59410402,59410402,,"Population, 2021",541
2021S051259410403,59410403,Dissemination area,59410403,59410403,,"Population, 2021",794
2021A00055941019,5941019,Census subdivision,"Cariboo A, Regional district electoral area (RDA)",Cariboo A,Regional district electoral area (RDA),"Population, 2021",6169
2021S051259410280,59410280,Dissemination area,59410280,59410280,,"Population, 2021",597
2021S051259410281,59410281,Dissemination area,59410281,59410281,,"Population, 2021",466
2021S051259410282,59410282,Dissemination area,59410282,59410282,,"Population, 2021",410
2021S051259410284,59410284,Dissemination area,59410284,59410284,,"Population, 2021",799
2021S051259410285,59410285,Dissemination area,59410285,59410285,,"Population, 2021",494
2021S051259410287,59410287,Dissemination area,59410287,59410287,,"Population, 2021",530
2021S051259410289,59410289,Dissemination area,59410289,59410289,,"Population, 2021",515
2021S051259410290,59410290,Dissemination area,59410290,59410290,,"Population, 2021",456
2021S051259410291,59410291,Dissemination area,59410291,59410291,,"Population, 2021",652
2021S051259410351,59410351,Dissemination area,59410351,59410351,,"Population, 2021",343
2021S051259410358,59410358,Dissemination area,59410358,59410358,,"Population, 2021",419
2021S051259410490,59410490,Dissemination area,59410490,59410490,,"Population, 2021",488
2021A00055941021,5941021,Census subdivision,"Cariboo B, Regional district electoral area (RDA)",Cariboo B,Regional district electoral area (RDA),"Population, 2021",3864
2021S051259410263,59410263,Dissemination area,59410263,59410263,,"Population, 2021",399
2021S051259410264,59410264,Dissemination area,59410264,59410264,,"Population, 2021",556
2021S051259410265,59410265,Dissemination area,59410265,59410265,,"Population, 2021",514
2021S051259410266,59410266,Dissemination area,59410266,59410266,,"Population, 2021",311
2021S051259410267,59410267,Dissemination area,59410267,59410267,,"Population, 2021",574
2021S051259410298,59410298,Dissemination area,59410298,59410298,,"Population, 2021",86
2021S051259410300,59410300,Dissemination area,59410300,59410300,,"Population, 2021",513
2021S051259410303,59410303,Dissemination area,59410303,59410303,,"Population, 2021",465
2021S051259410304,59410304,Dissemination area,59410304,59410304,,"Population, 2021",446
2021A00055941025,5941025,Census subdivision,"Wells, District municipality (DM)",Wells,District municipality (DM),"Population, 2021",218
2021S051259410306,59410306,Dissemination area,59410306,59410306,,"Population, 2021",218
2021A00055941026,5941026,Census subdivision,"Cariboo C, Regional district electoral area (RDA)",Cariboo C,Regional district electoral area (RDA),"Population, 2021",1239
2021S051259410301,59410301,Dissemination area,59410301,59410301,,"Population, 2021",367
2021S051259410302,59410302,Dissemination area,59410302,59410302,,"Population, 2021",381
2021S051259410305,59410305,Dissemination area,59410305,59410305,,"Population, 2021",491
2021A00055941027,5941027,Census subdivision,"Cariboo I, Regional district electoral area (RDA)",Cariboo I,Regional district electoral area (RDA),"Population, 2021",1485
2021S051259410257,59410257,Dissemination area,59410257,59410257,,"Population, 2021",0
2021S051259410260,59410260,Dissemination area,59410260,59410260,,"Population, 2021",0
2021S051259410262,59410262,Dissemination area,59410262,59410262,,"Population, 2021",0
2021S051259410357,59410357,Dissemination area,59410357,59410357,,"Population, 2021",559
2021S051259410459,59410459,Dissemination area,59410459,59410459,,"Population, 2021",447
2021S051259410461,59410461,Dissemination area,59410461,59410461,,"Population, 2021",479
2021A00055941039,5941039,Census subdivision,"Cariboo J, Regional district electoral area (RDA)",Cariboo J,Regional district electoral area (RDA),"Population, 2021",616
2021S051259410414,59410414,Dissemination area,59410414,59410414,,"Population, 2021",0
2021S051259410435,59410435,Dissemination area,59410435,59410435,,"Population, 2021",0
2021S051259410438,59410438,Dissemination area,59410438,59410438,,"Population, 2021",0
2021S051259410443,59410443,Dissemination area,59410443,59410443,,"Population, 2021",0
2021S051259410479,59410479,Dissemination area,59410479,59410479,,"Population, 2021",268
2021S051259410480,59410480,Dissemination area,59410480,59410480,,"Population, 2021",348
2021A00055941041,5941041,Census subdivision,"Cariboo K, Regional district electoral area (RDA)",Cariboo K,Regional district electoral area (RDA),"Population, 2021",447
2021S051259410359,59410359,Dissemination area,59410359,59410359,,"Population, 2021",447
2021A00055941801,5941801,Census subdivision,"Alkali Lake 1, Indian reserve (IRI)",Alkali Lake 1,Indian reserve (IRI),"Population, 2021",358
2021S051259410374,59410374,Dissemination area,59410374,59410374,,"Population, 2021",358
2021A00055941802,5941802,Census subdivision,"Canim Lake 1, Indian reserve (IRI)",Canim Lake 1,Indian reserve (IRI),"Population, 2021",
2021S051259410407,59410407,Dissemination area,59410407,59410407,,"Population, 2021",
2021A00055941803,5941803,Census subdivision,"Canim Lake 4, Indian reserve (IRI)",Canim Lake 4,Indian reserve (IRI),"Population, 2021",0
2021S051259410384,59410384,Dissemination area,59410384,59410384,,"Population, 2021",0
2021A00055941804,5941804,Census subdivision,"Canoe Creek 3, Indian reserve (IRI)",Canoe Creek 3,Indian reserve (IRI),"Population, 2021",0
2021S051259410371,59410371,Dissemination area,59410371,59410371,,"Population, 2021",0
2021A00055941805,5941805,Census subdivision,"Deep Creek 2, Indian reserve (IRI)",Deep Creek 2,Indian reserve (IRI),"Population, 2021",111
2021S051259410347,59410347,Dissemination area,59410347,59410347,,"Population, 2021",111
2021A00055941806,5941806,Census subdivision,"Dog Creek 1, Indian reserve (IRI)",Dog Creek 1,Indian reserve (IRI),"Population, 2021",88
2021S051259410373,59410373,Dissemination area,59410373,59410373,,"Population, 2021",88
2021A00055941807,5941807,Census subdivision,"Dog Creek 2, Indian reserve (IRI)",Dog Creek 2,Indian reserve (IRI),"Population, 2021",17
2021S051259410372,59410372,Dissemination area,59410372,59410372,,"Population, 2021",17
2021A00055941808,5941808,Census subdivision,"Lohbiee 3, Indian reserve (IRI)",Lohbiee 3,Indian reserve (IRI),"Population, 2021",
2021S051259410415,59410415,Dissemination area,59410415,59410415,,"Population, 2021",
2021A00055941809,5941809,Census subdivision,"Quesnel 1, Indian reserve (IRI)",Quesnel 1,Indian reserve (IRI),"Population, 2021",110
2021S051259410491,59410491,Dissemination area,59410491,59410491,,"Population, 2021",110
2021A00055941810,5941810,Census subdivision,"Soda Creek 1, Indian reserve (IRI)",Soda Creek 1,Indian reserve (IRI),"Population, 2021",30
2021S051259410349,59410349,Dissemination area,59410349,59410349,,"Population, 2021",30
2021A00055941811,5941811,Census subdivision,"Johny Sticks 2, Indian reserve (IRI)",Johny Sticks 2,Indian reserve (IRI),"Population, 2021",10
2021S051259410375,59410375,Dissemination area,59410375,59410375,,"Population, 2021",10
2021A00055941812,5941812,Census subdivision,"Williams Lake 1, Indian reserve (IRI)",Williams Lake 1,Indian reserve (IRI),"Population, 2021",248
2021S051259410315,59410315,Dissemination area,59410315,59410315,,"Population, 2021",248
2021A00055941813,5941813,Census subdivision,"Canim Lake 2, Indian reserve (IRI)",Canim Lake 2,Indian reserve (IRI),"Population, 2021",
2021S051259410406,59410406,Dissemination area,59410406,59410406,,"Population, 2021",
2021A00055941817,5941817,Census subdivision,"Alexis Creek 14, Indian reserve (IRI)",Alexis Creek 14,Indian reserve (IRI),"Population, 2021",5
2021S051259410424,59410424,Dissemination area,59410424,59410424,,"Population, 2021",5
2021A00055941818,5941818,Census subdivision,"Alexis Creek 16, Indian reserve (IRI)",Alexis Creek 16,Indian reserve (IRI),"Population, 2021",0
2021S051259410423,59410423,Dissemination area,59410423,59410423,,"Population, 2021",0
2021A00055941821,5941821,Census subdivision,"Anahim's Flat 1, Indian reserve (IRI)",Anahim's Flat 1,Indian reserve (IRI),"Population, 2021",437
2021S051259410360,59410360,Dissemination area,59410360,59410360,,"Population, 2021",437
2021A00055941827,5941827,Census subdivision,"Charley Boy's Meadow 3, Indian reserve (IRI)",Charley Boy's Meadow 3,Indian reserve (IRI),"Population, 2021",0
2021S051259410445,59410445,Dissemination area,59410445,59410445,,"Population, 2021",0
2021A00055941828,5941828,Census subdivision,"Chilco Lake 1, Indian reserve (IRI)",Chilco Lake 1,Indian reserve (IRI),"Population, 2021",
2021S051259410453,59410453,Dissemination area,59410453,59410453,,"Population, 2021",
2021A00055941829,5941829,Census subdivision,"Chilco Lake 1A, Indian reserve (IRI)",Chilco Lake 1A,Indian reserve (IRI),"Population, 2021",
2021S051259410452,59410452,Dissemination area,59410452,59410452,,"Population, 2021",
2021A00055941831,5941831,Census subdivision,"Tanakut 4, Indian reserve (IRI)",Tanakut 4,Indian reserve (IRI),"Population, 2021",
2021S051259410416,59410416,Dissemination area,59410416,59410416,,"Population, 2021",
2021A00055941833,5941833,Census subdivision,"Kluskus 1, Indian reserve (IRI)",Kluskus 1,Indian reserve (IRI),"Population, 2021",38
2021S051259410259,59410259,Dissemination area,59410259,59410259,,"Population, 2021",38
2021A00055941835,5941835,Census subdivision,"Coglistiko River 29, Indian reserve (IRI)",Coglistiko River 29,Indian reserve (IRI),"Population, 2021",0
2021S051259410253,59410253,Dissemination area,59410253,59410253,,"Population, 2021",0
2021A00055941837,5941837,Census subdivision,"Nazco 20, Indian reserve (IRI)",Nazco 20,Indian reserve (IRI),"Population, 2021",81
2021S051259410254,59410254,Dissemination area,59410254,59410254,,"Population, 2021",81
2021A00055941838,5941838,Census subdivision,"Puntzi Lake 2, Indian reserve (IRI)",Puntzi Lake 2,Indian reserve (IRI),"Population, 2021",5
2021S051259410432,59410432,Dissemination area,59410432,59410432,,"Population, 2021",5
2021A00055941839,5941839,Census subdivision,"Redstone Flat 1, Indian reserve (IRI)",Redstone Flat 1,Indian reserve (IRI),"Population, 2021",181
2021S051259410418,59410418,Dissemination area,59410418,59410418,,"Population, 2021",181
2021A00055941840,5941840,Census subdivision,"Squinas 2, Indian reserve (IRI)",Squinas 2,Indian reserve (IRI),"Population, 2021",137
2021S051259410448,59410448,Dissemination area,59410448,59410448,,"Population, 2021",137
2021A00055941841,5941841,Census subdivision,"Stone 1, Indian reserve (IRI)",Stone 1,Indian reserve (IRI),"Population, 2021",219
2021S051259410361,59410361,Dissemination area,59410361,59410361,,"Population, 2021",219
2021A00055941844,5941844,Census subdivision,"Agats Meadow 8, Indian reserve (IRI)",Agats Meadow 8,Indian reserve (IRI),"Population, 2021",0
2021S051259410447,59410447,Dissemination area,59410447,59410447,,"Population, 2021",0
2021A00055941845,5941845,Census subdivision,"Thomas Squinas Ranch 2A, Indian reserve (IRI)",Thomas Squinas Ranch 2A,Indian reserve (IRI),"Population, 2021",5
2021S051259410449,59410449,Dissemination area,59410449,59410449,,"Population, 2021",5
2021A00055941848,5941848,Census subdivision,"Alexis Creek 21, Indian reserve (IRI)",Alexis Creek 21,Indian reserve (IRI),"Population, 2021",0
2021S051259410427,59410427,Dissemination area,59410427,59410427,,"Population, 2021",0
2021A00055941849,5941849,Census subdivision,"Baptiste Meadow 2, Indian reserve (IRI)",Baptiste Meadow 2,Indian reserve (IRI),"Population, 2021",0
2021S051259410362,59410362,Dissemination area,59410362,59410362,,"Population, 2021",0
2021A00055941850,5941850,Census subdivision,"Toosey 1, Indian reserve (IRI)",Toosey 1,Indian reserve (IRI),"Population, 2021",104
2021S051259410363,59410363,Dissemination area,59410363,59410363,,"Population, 2021",104
2021A00055941851,5941851,Census subdivision,"Towdystan Lake 3, Indian reserve (IRI)",Towdystan Lake 3,Indian reserve (IRI),"Population, 2021",15
2021S051259410429,59410429,Dissemination area,59410429,59410429,,"Population, 2021",15
2021A00055941852,5941852,Census subdivision,"Trout Lake Alec 16, Indian reserve (IRI)",Trout Lake Alec 16,Indian reserve (IRI),"Population, 2021",0
2021S051259410256,59410256,Dissemination area,59410256,59410256,,"Population, 2021",0
2021A00055941854,5941854,Census subdivision,"Ulkatcho 13, Indian reserve (IRI)",Ulkatcho 13,Indian reserve (IRI),"Population, 2021",0
2021S051259410428,59410428,Dissemination area,59410428,59410428,,"Population, 2021",0
2021A00055941855,5941855,Census subdivision,"Windy Mouth 7, Indian reserve (IRI)",Windy Mouth 7,Indian reserve (IRI),"Population, 2021",5
2021S051259410487,59410487,Dissemination area,59410487,59410487,,"Population, 2021",5
2021A00055941856,5941856,Census subdivision,"Alexis Creek 34, Indian reserve (IRI)",Alexis Creek 34,Indian reserve (IRI),"Population, 2021",0
2021S051259410430,59410430,Dissemination area,59410430,59410430,,"Population, 2021",0
2021A00055941861,5941861,Census subdivision,"Betty Creek 18, Indian reserve (IRI)",Betty Creek 18,Indian reserve (IRI),"Population, 2021",0
2021S051259410434,59410434,Dissemination area,59410434,59410434,,"Population, 2021",0
2021A00055941862,5941862,Census subdivision,"Salmon River Meadow 7, Indian reserve (IRI)",Salmon River Meadow 7,Indian reserve (IRI),"Population, 2021",0
2021S051259410436,59410436,Dissemination area,59410436,59410436,,"Population, 2021",0
2021S051259410437,59410437,Dissemination area,59410437,59410437,,"Population, 2021",0
2021A00055941864,5941864,Census subdivision,"Sundayman's Meadow 3, Indian reserve (IRI)",Sundayman's Meadow 3,Indian reserve (IRI),"Population, 2021",0
2021S051259410255,59410255,Dissemination area,59410255,59410255,,"Population, 2021",0
2021A00055941866,5941866,Census subdivision,"Euchinico Creek 17, Indian reserve (IRI)",Euchinico Creek 17,Indian reserve (IRI),"Population, 2021",5
2021S051259410258,59410258,Dissemination area,59410258,59410258,,"Population, 2021",5
2021A00055941868,5941868,Census subdivision,"Sandy Harry 4, Indian reserve (IRI)",Sandy Harry 4,Indian reserve (IRI),"Population, 2021",0
2021S051259410378,59410378,Dissemination area,59410378,59410378,,"Population, 2021",0
2021A00055941871,5941871,Census subdivision,"Fishtrap 19, Indian reserve (IRI)",Fishtrap 19,Indian reserve (IRI),"Population, 2021",10
2021S051259410441,59410441,Dissemination area,59410441,59410441,,"Population, 2021",10
2021A00055941872,5941872,Census subdivision,"Swan Lake 3, Indian reserve (IRI)",Swan Lake 3,Indian reserve (IRI),"Population, 2021",0
2021S051259410376,59410376,Dissemination area,59410376,59410376,,"Population, 2021",0
2021A00055941873,5941873,Census subdivision,"Alkali Lake 4A, Indian reserve (IRI)",Alkali Lake 4A,Indian reserve (IRI),"Population, 2021",5
2021S051259410377,59410377,Dissemination area,59410377,59410377,,"Population, 2021",5
2021A00055941876,5941876,Census subdivision,"Lezbye 6, Indian reserve (IRI)",Lezbye 6,Indian reserve (IRI),"Population, 2021",
2021S051259410454,59410454,Dissemination area,59410454,59410454,,"Population, 2021",
2021A00055941879,5941879,Census subdivision,"Michel Gardens 36, Indian reserve (IRI)",Michel Gardens 36,Indian reserve (IRI),"Population, 2021",5
2021S051259410417,59410417,Dissemination area,59410417,59410417,,"Population, 2021",5
2021A00055941880,5941880,Census subdivision,"Ulkatcho 14A, Indian reserve (IRI)",Ulkatcho 14A,Indian reserve (IRI),"Population, 2021",116
2021S051259410444,59410444,Dissemination area,59410444,59410444,,"Population, 2021",116
2021A00055941881,5941881,Census subdivision,"Baezaeko River 27, Indian reserve (IRI)",Baezaeko River 27,Indian reserve (IRI),"Population, 2021",0
2021S051259410261,59410261,Dissemination area,59410261,59410261,,"Population, 2021",0
2021A00055941882,5941882,Census subdivision,"Alexandria, Indian reserve (IRI)",Alexandria,Indian reserve (IRI),"Population, 2021",
2021S051259410352,59410352,Dissemination area,59410352,59410352,,"Population, 2021",
2021S051259410353,59410353,Dissemination area,59410353,59410353,,"Population, 2021",
2021S051259410463,59410463,Dissemination area,59410463,59410463,,"Population, 2021",
2021A00055941883,5941883,Census subdivision,"Anahim's Meadow, Indian reserve (IRI)",Anahim's Meadow,Indian reserve (IRI),"Population, 2021",10
2021S051259410456,59410456,Dissemination area,59410456,59410456,,"Population, 2021",10
2021A00055941884,5941884,Census subdivision,"Garden, Indian reserve (IRI)",Garden,Indian reserve (IRI),"Population, 2021",
2021S051259410455,59410455,Dissemination area,59410455,59410455,,"Population, 2021",
2021A00055941885,5941885,Census subdivision,"Little Springs, Indian reserve (IRI)",Little Springs,Indian reserve (IRI),"Population, 2021",20
2021S051259410458,59410458,Dissemination area,59410458,59410458,,"Population, 2021",20
2021A00055941886,5941886,Census subdivision,"Dragon Lake 3, Indian reserve (IRI)",Dragon Lake 3,Indian reserve (IRI),"Population, 2021",15
2021S051259410294,59410294,Dissemination area,59410294,59410294,,"Population, 2021",15
2021A00035943,5943,Census division,"Mount Waddington, Regional district (RD)",Mount Waddington,Regional district (RD),"Population, 2021",10839
2021A00055943008,5943008,Census subdivision,"Alert Bay, Village (VL)",Alert Bay,Village (VL),"Population, 2021",449
2021S051259430116,59430116,Dissemination area,59430116,59430116,,"Population, 2021",449
2021A00055943012,5943012,Census subdivision,"Port McNeill, Town (T)",Port McNeill,Town (T),"Population, 2021",2356
2021S051259430077,59430077,Dissemination area,59430077,59430077,,"Population, 2021",436
2021S051259430078,59430078,Dissemination area,59430078,59430078,,"Population, 2021",330
2021S051259430079,59430079,Dissemination area,59430079,59430079,,"Population, 2021",377
2021S051259430080,59430080,Dissemination area,59430080,59430080,,"Population, 2021",345
2021S051259430081,59430081,Dissemination area,59430081,59430081,,"Population, 2021",461
2021S051259430113,59430113,Dissemination area,59430113,59430113,,"Population, 2021",407
2021S051259430114,59430114,Dissemination area,59430114,59430114,,"Population, 2021",0
2021A00055943017,5943017,Census subdivision,"Port Alice, Village (VL)",Port Alice,Village (VL),"Population, 2021",739
2021S051259430083,59430083,Dissemination area,59430083,59430083,,"Population, 2021",388
2021S051259430084,59430084,Dissemination area,59430084,59430084,,"Population, 2021",351
2021A00055943023,5943023,Census subdivision,"Port Hardy, District municipality (DM)",Port Hardy,District municipality (DM),"Population, 2021",3902
2021S051259430063,59430063,Dissemination area,59430063,59430063,,"Population, 2021",0
2021S051259430068,59430068,Dissemination area,59430068,59430068,,"Population, 2021",418
2021S051259430069,59430069,Dissemination area,59430069,59430069,,"Population, 2021",369
2021S051259430070,59430070,Dissemination area,59430070,59430070,,"Population, 2021",442
2021S051259430072,59430072,Dissemination area,59430072,59430072,,"Population, 2021",911
2021S051259430073,59430073,Dissemination area,59430073,59430073,,"Population, 2021",531
2021S051259430074,59430074,Dissemination area,59430074,59430074,,"Population, 2021",584
2021S051259430075,59430075,Dissemination area,59430075,59430075,,"Population, 2021",287
2021S051259430128,59430128,Dissemination area,59430128,59430128,,"Population, 2021",360
2021A00055943027,5943027,Census subdivision,"Mount Waddington B, Regional district electoral area (RDA)",Mount Waddington B,Regional district electoral area (RDA),"Population, 2021",35
2021S051259430109,59430109,Dissemination area,59430109,59430109,,"Population, 2021",35
2021A00055943031,5943031,Census subdivision,"Mount Waddington C, Regional district electoral area (RDA)",Mount Waddington C,Regional district electoral area (RDA),"Population, 2021",764
2021S051259430112,59430112,Dissemination area,59430112,59430112,,"Population, 2021",532
2021S051259430115,59430115,Dissemination area,59430115,59430115,,"Population, 2021",232
2021A00055943033,5943033,Census subdivision,"Mount Waddington D, Regional district electoral area (RDA)",Mount Waddington D,Regional district electoral area (RDA),"Population, 2021",371
2021S051259430097,59430097,Dissemination area,59430097,59430097,,"Population, 2021",110
2021S051259430125,59430125,Dissemination area,59430125,59430125,,"Population, 2021",261
2021A00055943037,5943037,Census subdivision,"Mount Waddington A, Regional district electoral area (RDA)",Mount Waddington A,Regional district electoral area (RDA),"Population, 2021",695
2021S051259430107,59430107,Dissemination area,59430107,59430107,,"Population, 2021",513
2021S051259430108,59430108,Dissemination area,59430108,59430108,,"Population, 2021",157
2021S051259430118,59430118,Dissemination area,59430118,59430118,,"Population, 2021",25
2021A00055943804,5943804,Census subdivision,"Fort Rupert 1, Indian reserve (IRI)",Fort Rupert 1,Indian reserve (IRI),"Population, 2021",58
2021S051259430066,59430066,Dissemination area,59430066,59430066,,"Population, 2021",58
2021A00055943806,5943806,Census subdivision,"Tsulquate 4, Indian reserve (IRI)",Tsulquate 4,Indian reserve (IRI),"Population, 2021",451
2021S051259430071,59430071,Dissemination area,59430071,59430071,,"Population, 2021",451
2021A00055943807,5943807,Census subdivision,"Dead Point 5, Indian reserve (IRI)",Dead Point 5,Indian reserve (IRI),"Population, 2021",22
2021S051259430089,59430089,Dissemination area,59430089,59430089,,"Population, 2021",22
2021A00055943808,5943808,Census subdivision,"Gwayasdums 1, Indian reserve (IRI)",Gwayasdums 1,Indian reserve (IRI),"Population, 2021",38
2021S051259430087,59430087,Dissemination area,59430087,59430087,,"Population, 2021",38
2021A00055943809,5943809,Census subdivision,"Hopetown 10A, Indian reserve (IRI)",Hopetown 10A,Indian reserve (IRI),"Population, 2021",0
2021S051259430106,59430106,Dissemination area,59430106,59430106,,"Population, 2021",0
2021A00055943813,5943813,Census subdivision,"Quaee 7, Indian reserve (IRI)",Quaee 7,Indian reserve (IRI),"Population, 2021",111
2021S051259430092,59430092,Dissemination area,59430092,59430092,,"Population, 2021",111
2021A00055943815,5943815,Census subdivision,"Kippase 2, Indian reserve (IRI)",Kippase 2,Indian reserve (IRI),"Population, 2021",220
2021S051259430067,59430067,Dissemination area,59430067,59430067,,"Population, 2021",220
2021A00055943816,5943816,Census subdivision,"Quatsino Subdivision 18, Indian reserve (IRI)",Quatsino Subdivision 18,Indian reserve (IRI),"Population, 2021",246
2021S051259430061,59430061,Dissemination area,59430061,59430061,,"Population, 2021",246
2021A00055943817,5943817,Census subdivision,"Thomas Point 5, Indian reserve (IRI)",Thomas Point 5,Indian reserve (IRI),"Population, 2021",0
2021S051259430065,59430065,Dissemination area,59430065,59430065,,"Population, 2021",0
2021A00055943826,5943826,Census subdivision,"Thomas Point 5A, Indian reserve (IRI)",Thomas Point 5A,Indian reserve (IRI),"Population, 2021",0
2021S051259430127,59430127,Dissemination area,59430127,59430127,,"Population, 2021",0
2021A00055943835,5943835,Census subdivision,"Nimpkish 2, Indian reserve (IRI)",Nimpkish 2,Indian reserve (IRI),"Population, 2021",0
2021S051259430117,59430117,Dissemination area,59430117,59430117,,"Population, 2021",0
2021A00055943836,5943836,Census subdivision,"Hope Island 1, Indian reserve (IRI)",Hope Island 1,Indian reserve (IRI),"Population, 2021",0
2021S051259430057,59430057,Dissemination area,59430057,59430057,,"Population, 2021",0
2021A00055943837,5943837,Census subdivision,"Alert Bay, Indian reserve (IRI)",Alert Bay,Indian reserve (IRI),"Population, 2021",382
2021S051259430121,59430121,Dissemination area,59430121,59430121,,"Population, 2021",0
2021S051259430126,59430126,Dissemination area,59430126,59430126,,"Population, 2021",382
2021A00035945,5945,Census division,"Central Coast, Regional district (RD)",Central Coast,Regional district (RD),"Population, 2021",3582
2021A00055945006,5945006,Census subdivision,"Central Coast A, Regional district electoral area (RDA)",Central Coast A,Regional district electoral area (RDA),"Population, 2021",149
2021S051259450027,59450027,Dissemination area,59450027,59450027,,"Population, 2021",149
2021A00055945010,5945010,Census subdivision,"Central Coast C, Regional district electoral area (RDA)",Central Coast C,Regional district electoral area (RDA),"Population, 2021",661
2021S051259450033,59450033,Dissemination area,59450033,59450033,,"Population, 2021",661
2021A00055945012,5945012,Census subdivision,"Central Coast D, Regional district electoral area (RDA)",Central Coast D,Regional district electoral area (RDA),"Population, 2021",403
2021S051259450032,59450032,Dissemination area,59450032,59450032,,"Population, 2021",403
2021A00055945014,5945014,Census subdivision,"Central Coast E, Regional district electoral area (RDA)",Central Coast E,Regional district electoral area (RDA),"Population, 2021",162
2021S051259450029,59450029,Dissemination area,59450029,59450029,,"Population, 2021",162
2021A00055945801,5945801,Census subdivision,"Bella Bella 1, Indian reserve (IRI)",Bella Bella 1,Indian reserve (IRI),"Population, 2021",1193
2021S051259450025,59450025,Dissemination area,59450025,59450025,,"Population, 2021",582
2021S051259450026,59450026,Dissemination area,59450026,59450026,,"Population, 2021",611
2021A00055945802,5945802,Census subdivision,"Bella Coola 1, Indian reserve (IRI)",Bella Coola 1,Indian reserve (IRI),"Population, 2021",937
2021S051259450030,59450030,Dissemination area,59450030,59450030,,"Population, 2021",402
2021S051259450031,59450031,Dissemination area,59450031,59450031,,"Population, 2021",535
2021A00055945803,5945803,Census subdivision,"Katit 1, Indian reserve (IRI)",Katit 1,Indian reserve (IRI),"Population, 2021",77
2021S051259450028,59450028,Dissemination area,59450028,59450028,,"Population, 2021",77
2021A00035947,5947,Census division,"Skeena-Queen Charlotte, Regional district (RD)",Skeena-Queen Charlotte,Regional district (RD),"Population, 2021",18181
2021A00055947007,5947007,Census subdivision,"Port Edward, District municipality (DM)",Port Edward,District municipality (DM),"Population, 2021",470
2021S051259470066,59470066,Dissemination area,59470066,59470066,,"Population, 2021",470
2021A00055947012,5947012,Census subdivision,"Prince Rupert, City (CY)",Prince Rupert,City (CY),"Population, 2021",12300
2021S051259470067,59470067,Dissemination area,59470067,59470067,,"Population, 2021",654
2021S051259470068,59470068,Dissemination area,59470068,59470068,,"Population, 2021",364
2021S051259470069,59470069,Dissemination area,59470069,59470069,,"Population, 2021",296
2021S051259470070,59470070,Dissemination area,59470070,59470070,,"Population, 2021",576
2021S051259470071,59470071,Dissemination area,59470071,59470071,,"Population, 2021",425
2021S051259470072,59470072,Dissemination area,59470072,59470072,,"Population, 2021",703
2021S051259470073,59470073,Dissemination area,59470073,59470073,,"Population, 2021",547
2021S051259470074,59470074,Dissemination area,59470074,59470074,,"Population, 2021",519
2021S051259470075,59470075,Dissemination area,59470075,59470075,,"Population, 2021",338
2021S051259470076,59470076,Dissemination area,59470076,59470076,,"Population, 2021",380
2021S051259470077,59470077,Dissemination area,59470077,59470077,,"Population, 2021",400
2021S051259470078,59470078,Dissemination area,59470078,59470078,,"Population, 2021",355
2021S051259470079,59470079,Dissemination area,59470079,59470079,,"Population, 2021",389
2021S051259470080,59470080,Dissemination area,59470080,59470080,,"Population, 2021",439
2021S051259470081,59470081,Dissemination area,59470081,59470081,,"Population, 2021",460
2021S051259470082,59470082,Dissemination area,59470082,59470082,,"Population, 2021",654
2021S051259470083,59470083,Dissemination area,59470083,59470083,,"Population, 2021",559
2021S051259470084,59470084,Dissemination area,59470084,59470084,,"Population, 2021",493
2021S051259470085,59470085,Dissemination area,59470085,59470085,,"Population, 2021",394
2021S051259470086,59470086,Dissemination area,59470086,59470086,,"Population, 2021",336
2021S051259470087,59470087,Dissemination area,59470087,59470087,,"Population, 2021",351
2021S051259470088,59470088,Dissemination area,59470088,59470088,,"Population, 2021",348
2021S051259470089,59470089,Dissemination area,59470089,59470089,,"Population, 2021",354
2021S051259470090,59470090,Dissemination area,59470090,59470090,,"Population, 2021",336
2021S051259470091,59470091,Dissemination area,59470091,59470091,,"Population, 2021",333
2021S051259470093,59470093,Dissemination area,59470093,59470093,,"Population, 2021",435
2021S051259470094,59470094,Dissemination area,59470094,59470094,,"Population, 2021",493
2021S051259470101,59470101,Dissemination area,59470101,59470101,,"Population, 2021",369
2021A00055947016,5947016,Census subdivision,"North Coast A, Regional district electoral area (RDA)",North Coast A,Regional district electoral area (RDA),"Population, 2021",45
2021S051259470099,59470099,Dissemination area,59470099,59470099,,"Population, 2021",45
2021A00055947021,5947021,Census subdivision,"North Coast C, Regional district electoral area (RDA)",North Coast C,Regional district electoral area (RDA),"Population, 2021",31
2021S051259470103,59470103,Dissemination area,59470103,59470103,,"Population, 2021",31
2021A00055947023,5947023,Census subdivision,"Masset, Village (VL)",Masset,Village (VL),"Population, 2021",838
2021S051259470053,59470053,Dissemination area,59470053,59470053,,"Population, 2021",381
2021S051259470054,59470054,Dissemination area,59470054,59470054,,"Population, 2021",457
2021A00055947026,5947026,Census subdivision,"Queen Charlotte, Village (VL)",Queen Charlotte,Village (VL),"Population, 2021",964
2021S051259470060,59470060,Dissemination area,59470060,59470060,,"Population, 2021",402
2021S051259470061,59470061,Dissemination area,59470061,59470061,,"Population, 2021",562
2021A00055947027,5947027,Census subdivision,"North Coast D, Regional district electoral area (RDA)",North Coast D,Regional district electoral area (RDA),"Population, 2021",580
2021S051259470105,59470105,Dissemination area,59470105,59470105,,"Population, 2021",580
2021A00055947030,5947030,Census subdivision,"Port Clements, Village (VL)",Port Clements,Village (VL),"Population, 2021",340
2021S051259470057,59470057,Dissemination area,59470057,59470057,,"Population, 2021",0
2021S051259470058,59470058,Dissemination area,59470058,59470058,,"Population, 2021",340
2021S051259470059,59470059,Dissemination area,59470059,59470059,,"Population, 2021",0
2021A00055947032,5947032,Census subdivision,"North Coast E, Regional district electoral area (RDA)",North Coast E,Regional district electoral area (RDA),"Population, 2021",325
2021S051259470062,59470062,Dissemination area,59470062,59470062,,"Population, 2021",325
2021A00055947802,5947802,Census subdivision,"Kulkayu (Hartley Bay) 4A, Indian reserve (IRI)",Kulkayu (Hartley Bay) 4A,Indian reserve (IRI),"Population, 2021",66
2021S051259470102,59470102,Dissemination area,59470102,59470102,,"Population, 2021",66
2021A00055947803,5947803,Census subdivision,"Masset 1, Indian reserve (IRI)",Masset 1,Indian reserve (IRI),"Population, 2021",475
2021S051259470052,59470052,Dissemination area,59470052,59470052,,"Population, 2021",475
2021A00055947804,5947804,Census subdivision,"Skidegate 1, Indian reserve (IRI)",Skidegate 1,Indian reserve (IRI),"Population, 2021",697
2021S051259470056,59470056,Dissemination area,59470056,59470056,,"Population, 2021",697
2021A00055947806,5947806,Census subdivision,"Kulkayu (Hartley Bay) 4, Indian reserve (IRI)",Kulkayu (Hartley Bay) 4,Indian reserve (IRI),"Population, 2021",58
2021S051259470065,59470065,Dissemination area,59470065,59470065,,"Population, 2021",58
2021A00055947807,5947807,Census subdivision,"Dolphin Island 1, Indian reserve (IRI)",Dolphin Island 1,Indian reserve (IRI),"Population, 2021",295
2021S051259470064,59470064,Dissemination area,59470064,59470064,,"Population, 2021",295
2021A00055947809,5947809,Census subdivision,"Lax Kw'alaams 1, Indian reserve (IRI)",Lax Kw'alaams 1,Indian reserve (IRI),"Population, 2021",627
2021S051259470096,59470096,Dissemination area,59470096,59470096,,"Population, 2021",627
2021A00055947810,5947810,Census subdivision,"S1/2 Tsimpsean 2, Indian reserve (IRI)",S1/2 Tsimpsean 2,Indian reserve (IRI),"Population, 2021",
2021S051259470097,59470097,Dissemination area,59470097,59470097,,"Population, 2021",
2021S051259470098,59470098,Dissemination area,59470098,59470098,,"Population, 2021",
2021A00055947823,5947823,Census subdivision,"Tlaa Gaa Aawtlaas 28, Indian reserve (IRI)",Tlaa Gaa Aawtlaas 28,Indian reserve (IRI),"Population, 2021",70
2021S051259470104,59470104,Dissemination area,59470104,59470104,,"Population, 2021",70
2021A00035949,5949,Census division,"Kitimat-Stikine, Regional district (RD)",Kitimat-Stikine,Regional district (RD),"Population, 2021",37790
2021A00055949005,5949005,Census subdivision,"Kitimat, District municipality (DM)",Kitimat,District municipality (DM),"Population, 2021",8236
2021S051259490182,59490182,Dissemination area,59490182,59490182,,"Population, 2021",506
2021S051259490183,59490183,Dissemination area,59490183,59490183,,"Population, 2021",425
2021S051259490184,59490184,Dissemination area,59490184,59490184,,"Population, 2021",290
2021S051259490185,59490185,Dissemination area,59490185,59490185,,"Population, 2021",455
2021S051259490186,59490186,Dissemination area,59490186,59490186,,"Population, 2021",331
2021S051259490187,59490187,Dissemination area,59490187,59490187,,"Population, 2021",759
2021S051259490188,59490188,Dissemination area,59490188,59490188,,"Population, 2021",733
2021S051259490189,59490189,Dissemination area,59490189,59490189,,"Population, 2021",184
2021S051259490190,59490190,Dissemination area,59490190,59490190,,"Population, 2021",1347
2021S051259490191,59490191,Dissemination area,59490191,59490191,,"Population, 2021",252
2021S051259490192,59490192,Dissemination area,59490192,59490192,,"Population, 2021",984
2021S051259490193,59490193,Dissemination area,59490193,59490193,,"Population, 2021",323
2021S051259490194,59490194,Dissemination area,59490194,59490194,,"Population, 2021",635
2021S051259490195,59490195,Dissemination area,59490195,59490195,,"Population, 2021",794
2021S051259490196,59490196,Dissemination area,59490196,59490196,,"Population, 2021",218
2021A00055949011,5949011,Census subdivision,"Terrace, City (CY)",Terrace,City (CY),"Population, 2021",12017
2021S051259490118,59490118,Dissemination area,59490118,59490118,,"Population, 2021",463
2021S051259490119,59490119,Dissemination area,59490119,59490119,,"Population, 2021",701
2021S051259490120,59490120,Dissemination area,59490120,59490120,,"Population, 2021",480
2021S051259490121,59490121,Dissemination area,59490121,59490121,,"Population, 2021",487
2021S051259490122,59490122,Dissemination area,59490122,59490122,,"Population, 2021",588
2021S051259490123,59490123,Dissemination area,59490123,59490123,,"Population, 2021",430
2021S051259490124,59490124,Dissemination area,59490124,59490124,,"Population, 2021",415
2021S051259490125,59490125,Dissemination area,59490125,59490125,,"Population, 2021",376
2021S051259490126,59490126,Dissemination area,59490126,59490126,,"Population, 2021",479
2021S051259490127,59490127,Dissemination area,59490127,59490127,,"Population, 2021",482
2021S051259490128,59490128,Dissemination area,59490128,59490128,,"Population, 2021",430
2021S051259490129,59490129,Dissemination area,59490129,59490129,,"Population, 2021",422
2021S051259490130,59490130,Dissemination area,59490130,59490130,,"Population, 2021",547
2021S051259490131,59490131,Dissemination area,59490131,59490131,,"Population, 2021",405
2021S051259490132,59490132,Dissemination area,59490132,59490132,,"Population, 2021",429
2021S051259490133,59490133,Dissemination area,59490133,59490133,,"Population, 2021",458
2021S051259490134,59490134,Dissemination area,59490134,59490134,,"Population, 2021",747
2021S051259490135,59490135,Dissemination area,59490135,59490135,,"Population, 2021",443
2021S051259490136,59490136,Dissemination area,59490136,59490136,,"Population, 2021",405
2021S051259490137,59490137,Dissemination area,59490137,59490137,,"Population, 2021",409
2021S051259490138,59490138,Dissemination area,59490138,59490138,,"Population, 2021",332
2021S051259490139,59490139,Dissemination area,59490139,59490139,,"Population, 2021",602
2021S051259490197,59490197,Dissemination area,59490197,59490197,,"Population, 2021",561
2021S051259490198,59490198,Dissemination area,59490198,59490198,,"Population, 2021",434
2021S051259490199,59490199,Dissemination area,59490199,59490199,,"Population, 2021",487
2021S051259490206,59490206,Dissemination area,59490206,59490206,,"Population, 2021",5
2021A00055949013,5949013,Census subdivision,"Kitimat-Stikine C (Part 1), Regional district electoral area (RDA)",Kitimat-Stikine C (Part 1),Regional district electoral area (RDA),"Population, 2021",2978
2021S051259490113,59490113,Dissemination area,59490113,59490113,,"Population, 2021",421
2021S051259490114,59490114,Dissemination area,59490114,59490114,,"Population, 2021",399
2021S051259490117,59490117,Dissemination area,59490117,59490117,,"Population, 2021",506
2021S051259490152,59490152,Dissemination area,59490152,59490152,,"Population, 2021",498
2021S051259490153,59490153,Dissemination area,59490153,59490153,,"Population, 2021",417
2021S051259490204,59490204,Dissemination area,59490204,59490204,,"Population, 2021",737
2021A00055949018,5949018,Census subdivision,"Kitimat-Stikine E, Regional district electoral area (RDA)",Kitimat-Stikine E,Regional district electoral area (RDA),"Population, 2021",3932
2021S051259490143,59490143,Dissemination area,59490143,59490143,,"Population, 2021",424
2021S051259490144,59490144,Dissemination area,59490144,59490144,,"Population, 2021",440
2021S051259490145,59490145,Dissemination area,59490145,59490145,,"Population, 2021",390
2021S051259490146,59490146,Dissemination area,59490146,59490146,,"Population, 2021",522
2021S051259490147,59490147,Dissemination area,59490147,59490147,,"Population, 2021",390
2021S051259490148,59490148,Dissemination area,59490148,59490148,,"Population, 2021",484
2021S051259490149,59490149,Dissemination area,59490149,59490149,,"Population, 2021",442
2021S051259490150,59490150,Dissemination area,59490150,59490150,,"Population, 2021",391
2021S051259490154,59490154,Dissemination area,59490154,59490154,,"Population, 2021",449
2021A00055949020,5949020,Census subdivision,"Kitimat-Stikine C (Part 2), Regional district electoral area (RDA)",Kitimat-Stikine C (Part 2),Regional district electoral area (RDA),"Population, 2021",0
2021S051259490179,59490179,Dissemination area,59490179,59490179,,"Population, 2021",0
2021A00055949022,5949022,Census subdivision,"Hazelton, Village (VL)",Hazelton,Village (VL),"Population, 2021",257
2021S051259490164,59490164,Dissemination area,59490164,59490164,,"Population, 2021",117
2021S051259490168,59490168,Dissemination area,59490168,59490168,,"Population, 2021",0
2021S051259490169,59490169,Dissemination area,59490169,59490169,,"Population, 2021",140
2021A00055949024,5949024,Census subdivision,"New Hazelton, District municipality (DM)",New Hazelton,District municipality (DM),"Population, 2021",602
2021S051259490156,59490156,Dissemination area,59490156,59490156,,"Population, 2021",0
2021S051259490157,59490157,Dissemination area,59490157,59490157,,"Population, 2021",0
2021S051259490160,59490160,Dissemination area,59490160,59490160,,"Population, 2021",0
2021S051259490170,59490170,Dissemination area,59490170,59490170,,"Population, 2021",602
2021A00055949028,5949028,Census subdivision,"Kitimat-Stikine B, Regional district electoral area (RDA)",Kitimat-Stikine B,Regional district electoral area (RDA),"Population, 2021",1455
2021S051259490155,59490155,Dissemination area,59490155,59490155,,"Population, 2021",425
2021S051259490161,59490161,Dissemination area,59490161,59490161,,"Population, 2021",344
2021S051259490163,59490163,Dissemination area,59490163,59490163,,"Population, 2021",314
2021S051259490167,59490167,Dissemination area,59490167,59490167,,"Population, 2021",5
2021S051259490172,59490172,Dissemination area,59490172,59490172,,"Population, 2021",362
2021S051259490212,59490212,Dissemination area,59490212,59490212,,"Population, 2021",5
2021A00055949032,5949032,Census subdivision,"Stewart, District municipality (DM)",Stewart,District municipality (DM),"Population, 2021",517
2021S051259490105,59490105,Dissemination area,59490105,59490105,,"Population, 2021",517
2021A00055949035,5949035,Census subdivision,"Nisga'a, Nisga'a land (NL)",Nisga'a,Nisga'a land (NL),"Population, 2021",1794
2021S051259490107,59490107,Dissemination area,59490107,59490107,,"Population, 2021",248
2021S051259490109,59490109,Dissemination area,59490109,59490109,,"Population, 2021",749
2021S051259490111,59490111,Dissemination area,59490111,59490111,,"Population, 2021",367
2021S051259490203,59490203,Dissemination area,59490203,59490203,,"Population, 2021",430
2021A00055949038,5949038,Census subdivision,"Kitimat-Stikine F, Regional district electoral area (RDA)",Kitimat-Stikine F,Regional district electoral area (RDA),"Population, 2021",326
2021S051259490201,59490201,Dissemination area,59490201,59490201,,"Population, 2021",326
2021A00055949039,5949039,Census subdivision,"Kitimat-Stikine A, Regional district electoral area (RDA)",Kitimat-Stikine A,Regional district electoral area (RDA),"Population, 2021",48
2021S051259490103,59490103,Dissemination area,59490103,59490103,,"Population, 2021",48
2021S051259490104,59490104,Dissemination area,59490104,59490104,,"Population, 2021",0
2021A00055949041,5949041,Census subdivision,"Kitimat-Stikine D, Regional district electoral area (RDA)",Kitimat-Stikine D,Regional district electoral area (RDA),"Population, 2021",74
2021S051259490219,59490219,Dissemination area,59490219,59490219,,"Population, 2021",74
2021A00055949802,5949802,Census subdivision,"Kitasoo 1, Indian reserve (IRI)",Kitasoo 1,Indian reserve (IRI),"Population, 2021",217
2021S051259490180,59490180,Dissemination area,59490180,59490180,,"Population, 2021",217
2021A00055949803,5949803,Census subdivision,"Kitamaat 2, Indian reserve (IRI)",Kitamaat 2,Indian reserve (IRI),"Population, 2021",507
2021S051259490181,59490181,Dissemination area,59490181,59490181,,"Population, 2021",507
2021A00055949804,5949804,Census subdivision,"Kitsumkaylum 1, Indian reserve (IRI)",Kitsumkaylum 1,Indian reserve (IRI),"Population, 2021",315
2021S051259490141,59490141,Dissemination area,59490141,59490141,,"Population, 2021",315
2021A00055949805,5949805,Census subdivision,"Kshish 4, Indian reserve (IRI)",Kshish 4,Indian reserve (IRI),"Population, 2021",0
2021S051259490116,59490116,Dissemination area,59490116,59490116,,"Population, 2021",0
2021A00055949807,5949807,Census subdivision,"Kulspai 6, Indian reserve (IRI)",Kulspai 6,Indian reserve (IRI),"Population, 2021",73
2021S051259490142,59490142,Dissemination area,59490142,59490142,,"Population, 2021",73
2021A00055949810,5949810,Census subdivision,"Coryatsaqua (Moricetown) 2, Indian reserve (IRI)",Coryatsaqua (Moricetown) 2,Indian reserve (IRI),"Population, 2021",80
2021S051259490175,59490175,Dissemination area,59490175,59490175,,"Population, 2021",80
2021A00055949811,5949811,Census subdivision,"Hagwilget 1, Indian reserve (IRI)",Hagwilget 1,Indian reserve (IRI),"Population, 2021",183
2021S051259490171,59490171,Dissemination area,59490171,59490171,,"Population, 2021",183
2021A00055949812,5949812,Census subdivision,"Gitanmaax 1, Indian reserve (IRI)",Gitanmaax 1,Indian reserve (IRI),"Population, 2021",560
2021S051259490210,59490210,Dissemination area,59490210,59490210,,"Population, 2021",560
2021A00055949813,5949813,Census subdivision,"Kispiox 1, Indian reserve (IRI)",Kispiox 1,Indian reserve (IRI),"Population, 2021",578
2021S051259490174,59490174,Dissemination area,59490174,59490174,,"Population, 2021",578
2021A00055949814,5949814,Census subdivision,"Gitsegukla 1, Indian reserve (IRI)",Gitsegukla 1,Indian reserve (IRI),"Population, 2021",444
2021S051259490159,59490159,Dissemination area,59490159,59490159,,"Population, 2021",444
2021A00055949815,5949815,Census subdivision,"Gitanyow 1, Indian reserve (IRI)",Gitanyow 1,Indian reserve (IRI),"Population, 2021",408
2021S051259490162,59490162,Dissemination area,59490162,59490162,,"Population, 2021",408
2021A00055949816,5949816,Census subdivision,"Gitwangak 1, Indian reserve (IRI)",Gitwangak 1,Indian reserve (IRI),"Population, 2021",450
2021S051259490158,59490158,Dissemination area,59490158,59490158,,"Population, 2021",450
2021A00055949817,5949817,Census subdivision,"Moricetown 1, Indian reserve (IRI)",Moricetown 1,Indian reserve (IRI),"Population, 2021",253
2021S051259490178,59490178,Dissemination area,59490178,59490178,,"Population, 2021",253
2021A00055949818,5949818,Census subdivision,"Sik-e-dakh 2, Indian reserve (IRI)",Sik-e-dakh 2,Indian reserve (IRI),"Population, 2021",209
2021S051259490173,59490173,Dissemination area,59490173,59490173,,"Population, 2021",209
2021A00055949819,5949819,Census subdivision,"Babine 17, Indian reserve (IRI)",Babine 17,Indian reserve (IRI),"Population, 2021",87
2021S051259490176,59490176,Dissemination area,59490176,59490176,,"Population, 2021",87
2021A00055949820,5949820,Census subdivision,"Bulkley River 19, Indian reserve (IRI)",Bulkley River 19,Indian reserve (IRI),"Population, 2021",174
2021S051259490177,59490177,Dissemination area,59490177,59490177,,"Population, 2021",174
2021A00055949832,5949832,Census subdivision,"Iskut 6, Indian reserve (IRI)",Iskut 6,Indian reserve (IRI),"Population, 2021",478
2021S051259490215,59490215,Dissemination area,59490215,59490215,,"Population, 2021",478
2021A00055949843,5949843,Census subdivision,"Guhthe Tah 12, Indian reserve (IRI)",Guhthe Tah 12,Indian reserve (IRI),"Population, 2021",142
2021S051259490097,59490097,Dissemination area,59490097,59490097,,"Population, 2021",142
2021A00055949844,5949844,Census subdivision,"Kitselas 1, Indian reserve (IRI)",Kitselas 1,Indian reserve (IRI),"Population, 2021",291
2021S051259490115,59490115,Dissemination area,59490115,59490115,,"Population, 2021",291
2021A00055949845,5949845,Census subdivision,"Dease Lake 9, Indian reserve (IRI)",Dease Lake 9,Indian reserve (IRI),"Population, 2021",54
2021S051259490022,59490022,Dissemination area,59490022,59490022,,"Population, 2021",54
2021A00055949846,5949846,Census subdivision,"Tahltan 1, Indian reserve (IRI)",Tahltan 1,Indian reserve (IRI),"Population, 2021",0
2021S051259490220,59490220,Dissemination area,59490220,59490220,,"Population, 2021",0
2021A00055949847,5949847,Census subdivision,"Telegraph Creek, Indian reserve (IRI)",Telegraph Creek,Indian reserve (IRI),"Population, 2021",51
2021S051259490218,59490218,Dissemination area,59490218,59490218,,"Population, 2021",51
2021A00035951,5951,Census division,"Bulkley-Nechako, Regional district (RD)",Bulkley-Nechako,Regional district (RD),"Population, 2021",37737
2021A00055951007,5951007,Census subdivision,"Vanderhoof, District municipality (DM)",Vanderhoof,District municipality (DM),"Population, 2021",4346
2021S051259510236,59510236,Dissemination area,59510236,59510236,,"Population, 2021",0
2021S051259510241,59510241,Dissemination area,59510241,59510241,,"Population, 2021",271
2021S051259510242,59510242,Dissemination area,59510242,59510242,,"Population, 2021",450
2021S051259510243,59510243,Dissemination area,59510243,59510243,,"Population, 2021",602
2021S051259510244,59510244,Dissemination area,59510244,59510244,,"Population, 2021",388
2021S051259510245,59510245,Dissemination area,59510245,59510245,,"Population, 2021",907
2021S051259510246,59510246,Dissemination area,59510246,59510246,,"Population, 2021",250
2021S051259510247,59510247,Dissemination area,59510247,59510247,,"Population, 2021",511
2021S051259510248,59510248,Dissemination area,59510248,59510248,,"Population, 2021",520
2021S051259510297,59510297,Dissemination area,59510297,59510297,,"Population, 2021",447
2021A00055951009,5951009,Census subdivision,"Fraser Lake, Village (VL)",Fraser Lake,Village (VL),"Population, 2021",965
2021S051259510227,59510227,Dissemination area,59510227,59510227,,"Population, 2021",5
2021S051259510228,59510228,Dissemination area,59510228,59510228,,"Population, 2021",437
2021S051259510229,59510229,Dissemination area,59510229,59510229,,"Population, 2021",523
2021S051259510231,59510231,Dissemination area,59510231,59510231,,"Population, 2021",0
2021A00055951013,5951013,Census subdivision,"Fort St. James, District municipality (DM)",Fort St. James,District municipality (DM),"Population, 2021",1386
2021S051259510253,59510253,Dissemination area,59510253,59510253,,"Population, 2021",395
2021S051259510254,59510254,Dissemination area,59510254,59510254,,"Population, 2021",236
2021S051259510255,59510255,Dissemination area,59510255,59510255,,"Population, 2021",408
2021S051259510272,59510272,Dissemination area,59510272,59510272,,"Population, 2021",15
2021S051259510274,59510274,Dissemination area,59510274,59510274,,"Population, 2021",5
2021S051259510280,59510280,Dissemination area,59510280,59510280,,"Population, 2021",327
2021A00055951015,5951015,Census subdivision,"Bulkley-Nechako C, Regional district electoral area (RDA)",Bulkley-Nechako C,Regional district electoral area (RDA),"Population, 2021",1266
2021S051259510251,59510251,Dissemination area,59510251,59510251,,"Population, 2021",470
2021S051259510271,59510271,Dissemination area,59510271,59510271,,"Population, 2021",423
2021S051259510284,59510284,Dissemination area,59510284,59510284,,"Population, 2021",373
2021A00055951017,5951017,Census subdivision,"Bulkley-Nechako D, Regional district electoral area (RDA)",Bulkley-Nechako D,Regional district electoral area (RDA),"Population, 2021",1607
2021S051259510224,59510224,Dissemination area,59510224,59510224,,"Population, 2021",531
2021S051259510226,59510226,Dissemination area,59510226,59510226,,"Population, 2021",682
2021S051259510233,59510233,Dissemination area,59510233,59510233,,"Population, 2021",394
2021A00055951019,5951019,Census subdivision,"Bulkley-Nechako F, Regional district electoral area (RDA)",Bulkley-Nechako F,Regional district electoral area (RDA),"Population, 2021",3517
2021S051259510235,59510235,Dissemination area,59510235,59510235,,"Population, 2021",468
2021S051259510237,59510237,Dissemination area,59510237,59510237,,"Population, 2021",467
2021S051259510240,59510240,Dissemination area,59510240,59510240,,"Population, 2021",485
2021S051259510250,59510250,Dissemination area,59510250,59510250,,"Population, 2021",375
2021S051259510275,59510275,Dissemination area,59510275,59510275,,"Population, 2021",517
2021S051259510276,59510276,Dissemination area,59510276,59510276,,"Population, 2021",520
2021S051259510277,59510277,Dissemination area,59510277,59510277,,"Population, 2021",685
2021A00055951022,5951022,Census subdivision,"Burns Lake, Village (VL)",Burns Lake,Village (VL),"Population, 2021",1659
2021S051259510188,59510188,Dissemination area,59510188,59510188,,"Population, 2021",5
2021S051259510192,59510192,Dissemination area,59510192,59510192,,"Population, 2021",451
2021S051259510193,59510193,Dissemination area,59510193,59510193,,"Population, 2021",361
2021S051259510194,59510194,Dissemination area,59510194,59510194,,"Population, 2021",552
2021S051259510196,59510196,Dissemination area,59510196,59510196,,"Population, 2021",290
2021S051259510201,59510201,Dissemination area,59510201,59510201,,"Population, 2021",0
2021A00055951028,5951028,Census subdivision,"Bulkley-Nechako B, Regional district electoral area (RDA)",Bulkley-Nechako B,Regional district electoral area (RDA),"Population, 2021",1706
2021S051259510184,59510184,Dissemination area,59510184,59510184,,"Population, 2021",0
2021S051259510186,59510186,Dissemination area,59510186,59510186,,"Population, 2021",340
2021S051259510189,59510189,Dissemination area,59510189,59510189,,"Population, 2021",442
2021S051259510202,59510202,Dissemination area,59510202,59510202,,"Population, 2021",254
2021S051259510287,59510287,Dissemination area,59510287,59510287,,"Population, 2021",364
2021S051259510294,59510294,Dissemination area,59510294,59510294,,"Population, 2021",306
2021A00055951031,5951031,Census subdivision,"Bulkley-Nechako E, Regional district electoral area (RDA)",Bulkley-Nechako E,Regional district electoral area (RDA),"Population, 2021",1512
2021S051259510203,59510203,Dissemination area,59510203,59510203,,"Population, 2021",530
2021S051259510213,59510213,Dissemination area,59510213,59510213,,"Population, 2021",560
2021S051259510216,59510216,Dissemination area,59510216,59510216,,"Population, 2021",0
2021S051259510222,59510222,Dissemination area,59510222,59510222,,"Population, 2021",422
2021A00055951032,5951032,Census subdivision,"Granisle, Village (VL)",Granisle,Village (VL),"Population, 2021",337
2021S051259510144,59510144,Dissemination area,59510144,59510144,,"Population, 2021",337
2021A00055951034,5951034,Census subdivision,"Houston, District municipality (DM)",Houston,District municipality (DM),"Population, 2021",3052
2021S051259510176,59510176,Dissemination area,59510176,59510176,,"Population, 2021",396
2021S051259510177,59510177,Dissemination area,59510177,59510177,,"Population, 2021",480
2021S051259510178,59510178,Dissemination area,59510178,59510178,,"Population, 2021",416
2021S051259510179,59510179,Dissemination area,59510179,59510179,,"Population, 2021",485
2021S051259510180,59510180,Dissemination area,59510180,59510180,,"Population, 2021",433
2021S051259510181,59510181,Dissemination area,59510181,59510181,,"Population, 2021",420
2021S051259510182,59510182,Dissemination area,59510182,59510182,,"Population, 2021",422
2021A00055951038,5951038,Census subdivision,"Telkwa, Village (VL)",Telkwa,Village (VL),"Population, 2021",1474
2021S051259510171,59510171,Dissemination area,59510171,59510171,,"Population, 2021",888
2021S051259510172,59510172,Dissemination area,59510172,59510172,,"Population, 2021",586
2021A00055951043,5951043,Census subdivision,"Smithers, Town (T)",Smithers,Town (T),"Population, 2021",5378
2021S051259510153,59510153,Dissemination area,59510153,59510153,,"Population, 2021",529
2021S051259510154,59510154,Dissemination area,59510154,59510154,,"Population, 2021",475
2021S051259510155,59510155,Dissemination area,59510155,59510155,,"Population, 2021",557
2021S051259510156,59510156,Dissemination area,59510156,59510156,,"Population, 2021",321
2021S051259510157,59510157,Dissemination area,59510157,59510157,,"Population, 2021",458
2021S051259510158,59510158,Dissemination area,59510158,59510158,,"Population, 2021",457
2021S051259510159,59510159,Dissemination area,59510159,59510159,,"Population, 2021",435
2021S051259510160,59510160,Dissemination area,59510160,59510160,,"Population, 2021",365
2021S051259510161,59510161,Dissemination area,59510161,59510161,,"Population, 2021",440
2021S051259510162,59510162,Dissemination area,59510162,59510162,,"Population, 2021",514
2021S051259510163,59510163,Dissemination area,59510163,59510163,,"Population, 2021",778
2021S051259510167,59510167,Dissemination area,59510167,59510167,,"Population, 2021",49
2021A00055951051,5951051,Census subdivision,"Bulkley-Nechako A, Regional district electoral area (RDA)",Bulkley-Nechako A,Regional district electoral area (RDA),"Population, 2021",5587
2021S051259510148,59510148,Dissemination area,59510148,59510148,,"Population, 2021",532
2021S051259510149,59510149,Dissemination area,59510149,59510149,,"Population, 2021",448
2021S051259510151,59510151,Dissemination area,59510151,59510151,,"Population, 2021",495
2021S051259510152,59510152,Dissemination area,59510152,59510152,,"Population, 2021",527
2021S051259510164,59510164,Dissemination area,59510164,59510164,,"Population, 2021",439
2021S051259510165,59510165,Dissemination area,59510165,59510165,,"Population, 2021",433
2021S051259510166,59510166,Dissemination area,59510166,59510166,,"Population, 2021",831
2021S051259510168,59510168,Dissemination area,59510168,59510168,,"Population, 2021",233
2021S051259510169,59510169,Dissemination area,59510169,59510169,,"Population, 2021",504
2021S051259510170,59510170,Dissemination area,59510170,59510170,,"Population, 2021",582
2021S051259510173,59510173,Dissemination area,59510173,59510173,,"Population, 2021",188
2021S051259510174,59510174,Dissemination area,59510174,59510174,,"Population, 2021",375
2021A00055951053,5951053,Census subdivision,"Bulkley-Nechako G, Regional district electoral area (RDA)",Bulkley-Nechako G,Regional district electoral area (RDA),"Population, 2021",836
2021S051259510175,59510175,Dissemination area,59510175,59510175,,"Population, 2021",437
2021S051259510291,59510291,Dissemination area,59510291,59510291,,"Population, 2021",399
2021A00055951801,5951801,Census subdivision,"Ye Koo Che 3, Indian reserve (IRI)",Ye Koo Che 3,Indian reserve (IRI),"Population, 2021",90
2021S051259510263,59510263,Dissemination area,59510263,59510263,,"Population, 2021",90
2021A00055951802,5951802,Census subdivision,"Nautley (Fort Fraser) 1, Indian reserve (IRI)",Nautley (Fort Fraser) 1,Indian reserve (IRI),"Population, 2021",227
2021S051259510232,59510232,Dissemination area,59510232,59510232,,"Population, 2021",212
2021S051259510234,59510234,Dissemination area,59510234,59510234,,"Population, 2021",15
2021A00055951803,5951803,Census subdivision,"Nak'azdli, Indian reserve (IRI)",Nak'azdli,Indian reserve (IRI),"Population, 2021",528
2021S051259510252,59510252,Dissemination area,59510252,59510252,,"Population, 2021",528
2021A00055951804,5951804,Census subdivision,"Sowchea 3, Indian reserve (IRI)",Sowchea 3,Indian reserve (IRI),"Population, 2021",5
2021S051259510270,59510270,Dissemination area,59510270,59510270,,"Population, 2021",5
2021A00055951805,5951805,Census subdivision,"Binche 2, Indian reserve (IRI)",Binche 2,Indian reserve (IRI),"Population, 2021",118
2021S051259510259,59510259,Dissemination area,59510259,59510259,,"Population, 2021",118
2021A00055951806,5951806,Census subdivision,"Seaspunkut 4, Indian reserve (IRI)",Seaspunkut 4,Indian reserve (IRI),"Population, 2021",10
2021S051259510230,59510230,Dissemination area,59510230,59510230,,"Population, 2021",10
2021A00055951807,5951807,Census subdivision,"Stellaquo (Stella) 1, Indian reserve (IRI)",Stellaquo (Stella) 1,Indian reserve (IRI),"Population, 2021",189
2021S051259510225,59510225,Dissemination area,59510225,59510225,,"Population, 2021",189
2021A00055951809,5951809,Census subdivision,"Stony Creek 1, Indian reserve (IRI)",Stony Creek 1,Indian reserve (IRI),"Population, 2021",323
2021S051259510239,59510239,Dissemination area,59510239,59510239,,"Population, 2021",323
2021A00055951810,5951810,Census subdivision,"Tache 1, Indian reserve (IRI)",Tache 1,Indian reserve (IRI),"Population, 2021",400
2021S051259510260,59510260,Dissemination area,59510260,59510260,,"Population, 2021",400
2021A00055951811,5951811,Census subdivision,"Tacla Lake (Ferry Landing) 9, Indian reserve (IRI)",Tacla Lake (Ferry Landing) 9,Indian reserve (IRI),"Population, 2021",15
2021S051259510266,59510266,Dissemination area,59510266,59510266,,"Population, 2021",5
2021S051259510267,59510267,Dissemination area,59510267,59510267,,"Population, 2021",10
2021A00055951813,5951813,Census subdivision,"Laketown 3, Indian reserve (IRI)",Laketown 3,Indian reserve (IRI),"Population, 2021",16
2021S051259510238,59510238,Dissemination area,59510238,59510238,,"Population, 2021",16
2021A00055951814,5951814,Census subdivision,"Dzitline Lee 9, Indian reserve (IRI)",Dzitline Lee 9,Indian reserve (IRI),"Population, 2021",15
2021S051259510264,59510264,Dissemination area,59510264,59510264,,"Population, 2021",15
2021A00055951815,5951815,Census subdivision,"Burns Lake 18, Indian reserve (IRI)",Burns Lake 18,Indian reserve (IRI),"Population, 2021",33
2021S051259510191,59510191,Dissemination area,59510191,59510191,,"Population, 2021",33
2021S051259510195,59510195,Dissemination area,59510195,59510195,,"Population, 2021",0
2021S051259510198,59510198,Dissemination area,59510198,59510198,,"Population, 2021",0
2021A00055951818,5951818,Census subdivision,"Cheslatta 1, Indian reserve (IRI)",Cheslatta 1,Indian reserve (IRI),"Population, 2021",49
2021S051259510204,59510204,Dissemination area,59510204,59510204,,"Population, 2021",0
2021S051259510206,59510206,Dissemination area,59510206,59510206,,"Population, 2021",10
2021S051259510207,59510207,Dissemination area,59510207,59510207,,"Population, 2021",0
2021S051259510208,59510208,Dissemination area,59510208,59510208,,"Population, 2021",0
2021S051259510209,59510209,Dissemination area,59510209,59510209,,"Population, 2021",10
2021S051259510210,59510210,Dissemination area,59510210,59510210,,"Population, 2021",0
2021S051259510212,59510212,Dissemination area,59510212,59510212,,"Population, 2021",24
2021S051259510214,59510214,Dissemination area,59510214,59510214,,"Population, 2021",0
2021S051259510217,59510217,Dissemination area,59510217,59510217,,"Population, 2021",5
2021S051259510223,59510223,Dissemination area,59510223,59510223,,"Population, 2021",0
2021A00055951819,5951819,Census subdivision,"Omineca 1, Indian reserve (IRI)",Omineca 1,Indian reserve (IRI),"Population, 2021",
2021S051259510218,59510218,Dissemination area,59510218,59510218,,"Population, 2021",
2021A00055951820,5951820,Census subdivision,"Palling 1, Indian reserve (IRI)",Palling 1,Indian reserve (IRI),"Population, 2021",92
2021S051259510295,59510295,Dissemination area,59510295,59510295,,"Population, 2021",92
2021A00055951821,5951821,Census subdivision,"Duncan Lake 2, Indian reserve (IRI)",Duncan Lake 2,Indian reserve (IRI),"Population, 2021",5
2021S051259510187,59510187,Dissemination area,59510187,59510187,,"Population, 2021",5
2021A00055951822,5951822,Census subdivision,"Francois Lake 7, Indian reserve (IRI)",Francois Lake 7,Indian reserve (IRI),"Population, 2021",
2021S051259510215,59510215,Dissemination area,59510215,59510215,,"Population, 2021",
2021A00055951823,5951823,Census subdivision,"Skins Lake 16A, Indian reserve (IRI)",Skins Lake 16A,Indian reserve (IRI),"Population, 2021",10
2021S051259510219,59510219,Dissemination area,59510219,59510219,,"Population, 2021",10
2021A00055951824,5951824,Census subdivision,"Skins Lake 16B, Indian reserve (IRI)",Skins Lake 16B,Indian reserve (IRI),"Population, 2021",0
2021S051259510211,59510211,Dissemination area,59510211,59510211,,"Population, 2021",0
2021A00055951825,5951825,Census subdivision,"Tatla West 11, Indian reserve (IRI)",Tatla West 11,Indian reserve (IRI),"Population, 2021",0
2021S051259510221,59510221,Dissemination area,59510221,59510221,,"Population, 2021",0
2021A00055951826,5951826,Census subdivision,"Uncha Lake 13A, Indian reserve (IRI)",Uncha Lake 13A,Indian reserve (IRI),"Population, 2021",
2021S051259510205,59510205,Dissemination area,59510205,59510205,,"Population, 2021",
2021A00055951827,5951827,Census subdivision,"Woyenne 27, Indian reserve (IRI)",Woyenne 27,Indian reserve (IRI),"Population, 2021",548
2021S051259510197,59510197,Dissemination area,59510197,59510197,,"Population, 2021",548
2021A00055951828,5951828,Census subdivision,"Babine 6, Indian reserve (IRI)",Babine 6,Indian reserve (IRI),"Population, 2021",75
2021S051259510289,59510289,Dissemination area,59510289,59510289,,"Population, 2021",75
2021A00055951829,5951829,Census subdivision,"Babine 25, Indian reserve (IRI)",Babine 25,Indian reserve (IRI),"Population, 2021",83
2021S051259510145,59510145,Dissemination area,59510145,59510145,,"Population, 2021",83
2021A00055951830,5951830,Census subdivision,"Jean Baptiste 28, Indian reserve (IRI)",Jean Baptiste 28,Indian reserve (IRI),"Population, 2021",5
2021S051259510150,59510150,Dissemination area,59510150,59510150,,"Population, 2021",5
2021A00055951831,5951831,Census subdivision,"Babine 16, Indian reserve (IRI)",Babine 16,Indian reserve (IRI),"Population, 2021",0
2021S051259510292,59510292,Dissemination area,59510292,59510292,,"Population, 2021",0
2021A00055951832,5951832,Census subdivision,"Noonla 6, Indian reserve (IRI)",Noonla 6,Indian reserve (IRI),"Population, 2021",0
2021S051259510296,59510296,Dissemination area,59510296,59510296,,"Population, 2021",0
2021A00055951833,5951833,Census subdivision,"Tatla't East 2, Indian reserve (IRI)",Tatla't East 2,Indian reserve (IRI),"Population, 2021",0
2021S051259510220,59510220,Dissemination area,59510220,59510220,,"Population, 2021",0
2021A00055951840,5951840,Census subdivision,"Williams Prairie Meadow 1A, Indian reserve (IRI)",Williams Prairie Meadow 1A,Indian reserve (IRI),"Population, 2021",20
2021S051259510273,59510273,Dissemination area,59510273,59510273,,"Population, 2021",20
2021A00055951844,5951844,Census subdivision,"Poison Creek 17A, Indian reserve (IRI)",Poison Creek 17A,Indian reserve (IRI),"Population, 2021",10
2021S051259510190,59510190,Dissemination area,59510190,59510190,,"Population, 2021",10
2021A00055951845,5951845,Census subdivision,"Tadinlay 15, Indian reserve (IRI)",Tadinlay 15,Indian reserve (IRI),"Population, 2021",0
2021S051259510147,59510147,Dissemination area,59510147,59510147,,"Population, 2021",0
2021A00055951846,5951846,Census subdivision,"Nedoats 11, Indian reserve (IRI)",Nedoats 11,Indian reserve (IRI),"Population, 2021",0
2021S051259510146,59510146,Dissemination area,59510146,59510146,,"Population, 2021",0
2021A00055951847,5951847,Census subdivision,"Babine Lake 21B, Indian reserve (IRI)",Babine Lake 21B,Indian reserve (IRI),"Population, 2021",0
2021S051259510286,59510286,Dissemination area,59510286,59510286,,"Population, 2021",0
2021A00055951848,5951848,Census subdivision,"North Tacla Lake, Indian reserve (IRI)",North Tacla Lake,Indian reserve (IRI),"Population, 2021",243
2021S051259510283,59510283,Dissemination area,59510283,59510283,,"Population, 2021",243
2021A00055951849,5951849,Census subdivision,"Mission Lands 17, Indian reserve (IRI)",Mission Lands 17,Indian reserve (IRI),"Population, 2021",0
2021S051259510281,59510281,Dissemination area,59510281,59510281,,"Population, 2021",0
2021A00035953,5953,Census division,"Fraser-Fort George, Regional district (RD)",Fraser-Fort George,Regional district (RD),"Population, 2021",96979
2021A00055953007,5953007,Census subdivision,"Valemount, Village (VL)",Valemount,Village (VL),"Population, 2021",1052
2021S051259530260,59530260,Dissemination area,59530260,59530260,,"Population, 2021",505
2021S051259530261,59530261,Dissemination area,59530261,59530261,,"Population, 2021",547
2021A00055953012,5953012,Census subdivision,"McBride, Village (VL)",McBride,Village (VL),"Population, 2021",588
2021S051259530256,59530256,Dissemination area,59530256,59530256,,"Population, 2021",588
2021A00055953019,5953019,Census subdivision,"Fraser-Fort George H, Regional district electoral area (RDA)",Fraser-Fort George H,Regional district electoral area (RDA),"Population, 2021",1589
2021S051259530255,59530255,Dissemination area,59530255,59530255,,"Population, 2021",369
2021S051259530257,59530257,Dissemination area,59530257,59530257,,"Population, 2021",361
2021S051259530258,59530258,Dissemination area,59530258,59530258,,"Population, 2021",288
2021S051259530259,59530259,Dissemination area,59530259,59530259,,"Population, 2021",571
2021A00055953023,5953023,Census subdivision,"Prince George, City (CY)",Prince George,City (CY),"Population, 2021",76708
2021S051259530018,59530018,Dissemination area,59530018,59530018,,"Population, 2021",449
2021S051259530019,59530019,Dissemination area,59530019,59530019,,"Population, 2021",833
2021S051259530021,59530021,Dissemination area,59530021,59530021,,"Population, 2021",719
2021S051259530022,59530022,Dissemination area,59530022,59530022,,"Population, 2021",357
2021S051259530023,59530023,Dissemination area,59530023,59530023,,"Population, 2021",673
2021S051259530024,59530024,Dissemination area,59530024,59530024,,"Population, 2021",549
2021S051259530025,59530025,Dissemination area,59530025,59530025,,"Population, 2021",427
2021S051259530026,59530026,Dissemination area,59530026,59530026,,"Population, 2021",353
2021S051259530027,59530027,Dissemination area,59530027,59530027,,"Population, 2021",462
2021S051259530028,59530028,Dissemination area,59530028,59530028,,"Population, 2021",764
2021S051259530031,59530031,Dissemination area,59530031,59530031,,"Population, 2021",346
2021S051259530032,59530032,Dissemination area,59530032,59530032,,"Population, 2021",350
2021S051259530033,59530033,Dissemination area,59530033,59530033,,"Population, 2021",1603
2021S051259530034,59530034,Dissemination area,59530034,59530034,,"Population, 2021",462
2021S051259530035,59530035,Dissemination area,59530035,59530035,,"Population, 2021",462
2021S051259530036,59530036,Dissemination area,59530036,59530036,,"Population, 2021",873
2021S051259530041,59530041,Dissemination area,59530041,59530041,,"Population, 2021",318
2021S051259530042,59530042,Dissemination area,59530042,59530042,,"Population, 2021",423
2021S051259530043,59530043,Dissemination area,59530043,59530043,,"Population, 2021",541
2021S051259530044,59530044,Dissemination area,59530044,59530044,,"Population, 2021",463
2021S051259530045,59530045,Dissemination area,59530045,59530045,,"Population, 2021",416
2021S051259530046,59530046,Dissemination area,59530046,59530046,,"Population, 2021",601
2021S051259530047,59530047,Dissemination area,59530047,59530047,,"Population, 2021",427
2021S051259530048,59530048,Dissemination area,59530048,59530048,,"Population, 2021",496
2021S051259530049,59530049,Dissemination area,59530049,59530049,,"Population, 2021",480
2021S051259530050,59530050,Dissemination area,59530050,59530050,,"Population, 2021",440
2021S051259530051,59530051,Dissemination area,59530051,59530051,,"Population, 2021",429
2021S051259530052,59530052,Dissemination area,59530052,59530052,,"Population, 2021",521
2021S051259530053,59530053,Dissemination area,59530053,59530053,,"Population, 2021",503
2021S051259530054,59530054,Dissemination area,59530054,59530054,,"Population, 2021",429
2021S051259530055,59530055,Dissemination area,59530055,59530055,,"Population, 2021",533
2021S051259530056,59530056,Dissemination area,59530056,59530056,,"Population, 2021",499
2021S051259530057,59530057,Dissemination area,59530057,59530057,,"Population, 2021",575
2021S051259530058,59530058,Dissemination area,59530058,59530058,,"Population, 2021",509
2021S051259530059,59530059,Dissemination area,59530059,59530059,,"Population, 2021",245
2021S051259530060,59530060,Dissemination area,59530060,59530060,,"Population, 2021",459
2021S051259530061,59530061,Dissemination area,59530061,59530061,,"Population, 2021",401
2021S051259530062,59530062,Dissemination area,59530062,59530062,,"Population, 2021",400
2021S051259530063,59530063,Dissemination area,59530063,59530063,,"Population, 2021",594
2021S051259530064,59530064,Dissemination area,59530064,59530064,,"Population, 2021",502
2021S051259530065,59530065,Dissemination area,59530065,59530065,,"Population, 2021",749
2021S051259530066,59530066,Dissemination area,59530066,59530066,,"Population, 2021",388
2021S051259530067,59530067,Dissemination area,59530067,59530067,,"Population, 2021",500
2021S051259530068,59530068,Dissemination area,59530068,59530068,,"Population, 2021",446
2021S051259530069,59530069,Dissemination area,59530069,59530069,,"Population, 2021",449
2021S051259530070,59530070,Dissemination area,59530070,59530070,,"Population, 2021",422
2021S051259530071,59530071,Dissemination area,59530071,59530071,,"Population, 2021",385
2021S051259530072,59530072,Dissemination area,59530072,59530072,,"Population, 2021",543
2021S051259530073,59530073,Dissemination area,59530073,59530073,,"Population, 2021",644
2021S051259530074,59530074,Dissemination area,59530074,59530074,,"Population, 2021",477
2021S051259530075,59530075,Dissemination area,59530075,59530075,,"Population, 2021",655
2021S051259530076,59530076,Dissemination area,59530076,59530076,,"Population, 2021",677
2021S051259530077,59530077,Dissemination area,59530077,59530077,,"Population, 2021",472
2021S051259530078,59530078,Dissemination area,59530078,59530078,,"Population, 2021",493
2021S051259530079,59530079,Dissemination area,59530079,59530079,,"Population, 2021",547
2021S051259530080,59530080,Dissemination area,59530080,59530080,,"Population, 2021",483
2021S051259530081,59530081,Dissemination area,59530081,59530081,,"Population, 2021",925
2021S051259530082,59530082,Dissemination area,59530082,59530082,,"Population, 2021",456
2021S051259530083,59530083,Dissemination area,59530083,59530083,,"Population, 2021",1050
2021S051259530084,59530084,Dissemination area,59530084,59530084,,"Population, 2021",422
2021S051259530085,59530085,Dissemination area,59530085,59530085,,"Population, 2021",242
2021S051259530086,59530086,Dissemination area,59530086,59530086,,"Population, 2021",328
2021S051259530087,59530087,Dissemination area,59530087,59530087,,"Population, 2021",439
2021S051259530088,59530088,Dissemination area,59530088,59530088,,"Population, 2021",410
2021S051259530089,59530089,Dissemination area,59530089,59530089,,"Population, 2021",573
2021S051259530090,59530090,Dissemination area,59530090,59530090,,"Population, 2021",479
2021S051259530091,59530091,Dissemination area,59530091,59530091,,"Population, 2021",410
2021S051259530092,59530092,Dissemination area,59530092,59530092,,"Population, 2021",737
2021S051259530093,59530093,Dissemination area,59530093,59530093,,"Population, 2021",399
2021S051259530094,59530094,Dissemination area,59530094,59530094,,"Population, 2021",462
2021S051259530095,59530095,Dissemination area,59530095,59530095,,"Population, 2021",500
2021S051259530096,59530096,Dissemination area,59530096,59530096,,"Population, 2021",918
2021S051259530097,59530097,Dissemination area,59530097,59530097,,"Population, 2021",677
2021S051259530098,59530098,Dissemination area,59530098,59530098,,"Population, 2021",438
2021S051259530100,59530100,Dissemination area,59530100,59530100,,"Population, 2021",466
2021S051259530101,59530101,Dissemination area,59530101,59530101,,"Population, 2021",787
2021S051259530102,59530102,Dissemination area,59530102,59530102,,"Population, 2021",333
2021S051259530103,59530103,Dissemination area,59530103,59530103,,"Population, 2021",338
2021S051259530104,59530104,Dissemination area,59530104,59530104,,"Population, 2021",495
2021S051259530105,59530105,Dissemination area,59530105,59530105,,"Population, 2021",1091
2021S051259530106,59530106,Dissemination area,59530106,59530106,,"Population, 2021",341
2021S051259530107,59530107,Dissemination area,59530107,59530107,,"Population, 2021",395
2021S051259530108,59530108,Dissemination area,59530108,59530108,,"Population, 2021",390
2021S051259530109,59530109,Dissemination area,59530109,59530109,,"Population, 2021",339
2021S051259530110,59530110,Dissemination area,59530110,59530110,,"Population, 2021",731
2021S051259530127,59530127,Dissemination area,59530127,59530127,,"Population, 2021",404
2021S051259530151,59530151,Dissemination area,59530151,59530151,,"Population, 2021",561
2021S051259530152,59530152,Dissemination area,59530152,59530152,,"Population, 2021",395
2021S051259530153,59530153,Dissemination area,59530153,59530153,,"Population, 2021",533
2021S051259530154,59530154,Dissemination area,59530154,59530154,,"Population, 2021",282
2021S051259530155,59530155,Dissemination area,59530155,59530155,,"Population, 2021",306
2021S051259530156,59530156,Dissemination area,59530156,59530156,,"Population, 2021",653
2021S051259530159,59530159,Dissemination area,59530159,59530159,,"Population, 2021",359
2021S051259530160,59530160,Dissemination area,59530160,59530160,,"Population, 2021",418
2021S051259530161,59530161,Dissemination area,59530161,59530161,,"Population, 2021",458
2021S051259530162,59530162,Dissemination area,59530162,59530162,,"Population, 2021",330
2021S051259530163,59530163,Dissemination area,59530163,59530163,,"Population, 2021",406
2021S051259530164,59530164,Dissemination area,59530164,59530164,,"Population, 2021",423
2021S051259530165,59530165,Dissemination area,59530165,59530165,,"Population, 2021",342
2021S051259530166,59530166,Dissemination area,59530166,59530166,,"Population, 2021",313
2021S051259530167,59530167,Dissemination area,59530167,59530167,,"Population, 2021",498
2021S051259530168,59530168,Dissemination area,59530168,59530168,,"Population, 2021",538
2021S051259530169,59530169,Dissemination area,59530169,59530169,,"Population, 2021",311
2021S051259530170,59530170,Dissemination area,59530170,59530170,,"Population, 2021",542
2021S051259530206,59530206,Dissemination area,59530206,59530206,,"Population, 2021",1196
2021S051259530207,59530207,Dissemination area,59530207,59530207,,"Population, 2021",806
2021S051259530208,59530208,Dissemination area,59530208,59530208,,"Population, 2021",677
2021S051259530209,59530209,Dissemination area,59530209,59530209,,"Population, 2021",630
2021S051259530210,59530210,Dissemination area,59530210,59530210,,"Population, 2021",678
2021S051259530211,59530211,Dissemination area,59530211,59530211,,"Population, 2021",203
2021S051259530212,59530212,Dissemination area,59530212,59530212,,"Population, 2021",1101
2021S051259530213,59530213,Dissemination area,59530213,59530213,,"Population, 2021",483
2021S051259530214,59530214,Dissemination area,59530214,59530214,,"Population, 2021",779
2021S051259530215,59530215,Dissemination area,59530215,59530215,,"Population, 2021",544
2021S051259530217,59530217,Dissemination area,59530217,59530217,,"Population, 2021",1102
2021S051259530218,59530218,Dissemination area,59530218,59530218,,"Population, 2021",1240
2021S051259530219,59530219,Dissemination area,59530219,59530219,,"Population, 2021",700
2021S051259530220,59530220,Dissemination area,59530220,59530220,,"Population, 2021",551
2021S051259530221,59530221,Dissemination area,59530221,59530221,,"Population, 2021",962
2021S051259530222,59530222,Dissemination area,59530222,59530222,,"Population, 2021",1187
2021S051259530223,59530223,Dissemination area,59530223,59530223,,"Population, 2021",963
2021S051259530224,59530224,Dissemination area,59530224,59530224,,"Population, 2021",2479
2021S051259530225,59530225,Dissemination area,59530225,59530225,,"Population, 2021",858
2021S051259530226,59530226,Dissemination area,59530226,59530226,,"Population, 2021",700
2021S051259530227,59530227,Dissemination area,59530227,59530227,,"Population, 2021",583
2021S051259530228,59530228,Dissemination area,59530228,59530228,,"Population, 2021",491
2021S051259530236,59530236,Dissemination area,59530236,59530236,,"Population, 2021",225
2021S051259530240,59530240,Dissemination area,59530240,59530240,,"Population, 2021",369
2021S051259530241,59530241,Dissemination area,59530241,59530241,,"Population, 2021",576
2021S051259530242,59530242,Dissemination area,59530242,59530242,,"Population, 2021",676
2021S051259530243,59530243,Dissemination area,59530243,59530243,,"Population, 2021",524
2021S051259530244,59530244,Dissemination area,59530244,59530244,,"Population, 2021",529
2021S051259530245,59530245,Dissemination area,59530245,59530245,,"Population, 2021",555
2021S051259530246,59530246,Dissemination area,59530246,59530246,,"Population, 2021",810
2021S051259530247,59530247,Dissemination area,59530247,59530247,,"Population, 2021",672
2021A00055953033,5953033,Census subdivision,"Mackenzie, District municipality (DM)",Mackenzie,District municipality (DM),"Population, 2021",3281
2021S051259530193,59530193,Dissemination area,59530193,59530193,,"Population, 2021",421
2021S051259530194,59530194,Dissemination area,59530194,59530194,,"Population, 2021",293
2021S051259530195,59530195,Dissemination area,59530195,59530195,,"Population, 2021",517
2021S051259530196,59530196,Dissemination area,59530196,59530196,,"Population, 2021",320
2021S051259530197,59530197,Dissemination area,59530197,59530197,,"Population, 2021",512
2021S051259530198,59530198,Dissemination area,59530198,59530198,,"Population, 2021",542
2021S051259530199,59530199,Dissemination area,59530199,59530199,,"Population, 2021",236
2021S051259530200,59530200,Dissemination area,59530200,59530200,,"Population, 2021",440
2021A00055953038,5953038,Census subdivision,"Fraser-Fort George A, Regional district electoral area (RDA)",Fraser-Fort George A,Regional district electoral area (RDA),"Population, 2021",3471
2021S051259530204,59530204,Dissemination area,59530204,59530204,,"Population, 2021",657
2021S051259530205,59530205,Dissemination area,59530205,59530205,,"Population, 2021",518
2021S051259530232,59530232,Dissemination area,59530232,59530232,,"Population, 2021",969
2021S051259530233,59530233,Dissemination area,59530233,59530233,,"Population, 2021",670
2021S051259530234,59530234,Dissemination area,59530234,59530234,,"Population, 2021",657
2021A00055953042,5953042,Census subdivision,"Fraser-Fort George C, Regional district electoral area (RDA)",Fraser-Fort George C,Regional district electoral area (RDA),"Population, 2021",3603
2021S051259530216,59530216,Dissemination area,59530216,59530216,,"Population, 2021",456
2021S051259530229,59530229,Dissemination area,59530229,59530229,,"Population, 2021",844
2021S051259530230,59530230,Dissemination area,59530230,59530230,,"Population, 2021",1120
2021S051259530231,59530231,Dissemination area,59530231,59530231,,"Population, 2021",479
2021S051259530235,59530235,Dissemination area,59530235,59530235,,"Population, 2021",704
2021A00055953044,5953044,Census subdivision,"Fraser-Fort George D, Regional district electoral area (RDA)",Fraser-Fort George D,Regional district electoral area (RDA),"Population, 2021",4375
2021S051259530237,59530237,Dissemination area,59530237,59530237,,"Population, 2021",583
2021S051259530238,59530238,Dissemination area,59530238,59530238,,"Population, 2021",775
2021S051259530239,59530239,Dissemination area,59530239,59530239,,"Population, 2021",906
2021S051259530248,59530248,Dissemination area,59530248,59530248,,"Population, 2021",1039
2021S051259530252,59530252,Dissemination area,59530252,59530252,,"Population, 2021",475
2021S051259530253,59530253,Dissemination area,59530253,59530253,,"Population, 2021",597
2021A00055953046,5953046,Census subdivision,"Fraser-Fort George E, Regional district electoral area (RDA)",Fraser-Fort George E,Regional district electoral area (RDA),"Population, 2021",533
2021S051259530254,59530254,Dissemination area,59530254,59530254,,"Population, 2021",533
2021A00055953048,5953048,Census subdivision,"Fraser-Fort George F, Regional district electoral area (RDA)",Fraser-Fort George F,Regional district electoral area (RDA),"Population, 2021",1249
2021S051259530249,59530249,Dissemination area,59530249,59530249,,"Population, 2021",364
2021S051259530262,59530262,Dissemination area,59530262,59530262,,"Population, 2021",528
2021S051259530263,59530263,Dissemination area,59530263,59530263,,"Population, 2021",357
2021A00055953050,5953050,Census subdivision,"Fraser-Fort George G, Regional district electoral area (RDA)",Fraser-Fort George G,Regional district electoral area (RDA),"Population, 2021",365
2021S051259530201,59530201,Dissemination area,59530201,59530201,,"Population, 2021",365
2021S051259530203,59530203,Dissemination area,59530203,59530203,,"Population, 2021",0
2021A00055953801,5953801,Census subdivision,"Fort George 2, Indian reserve (IRI)",Fort George 2,Indian reserve (IRI),"Population, 2021",84
2021S051259530250,59530250,Dissemination area,59530250,59530250,,"Population, 2021",84
2021A00055953802,5953802,Census subdivision,"McLeod Lake 1, Indian reserve (IRI)",McLeod Lake 1,Indian reserve (IRI),"Population, 2021",81
2021S051259530202,59530202,Dissemination area,59530202,59530202,,"Population, 2021",81
2021A00035955,5955,Census division,"Peace River, Regional district (RD)",Peace River,Regional district (RD),"Population, 2021",61532
2021A00055955003,5955003,Census subdivision,"Tumbler Ridge, District municipality (DM)",Tumbler Ridge,District municipality (DM),"Population, 2021",2399
2021S051259550232,59550232,Dissemination area,59550232,59550232,,"Population, 2021",839
2021S051259550233,59550233,Dissemination area,59550233,59550233,,"Population, 2021",603
2021S051259550234,59550234,Dissemination area,59550234,59550234,,"Population, 2021",499
2021S051259550235,59550235,Dissemination area,59550235,59550235,,"Population, 2021",458
2021A00055955005,5955005,Census subdivision,"Pouce Coupe, Village (VL)",Pouce Coupe,Village (VL),"Population, 2021",762
2021S051259550162,59550162,Dissemination area,59550162,59550162,,"Population, 2021",395
2021S051259550163,59550163,Dissemination area,59550163,59550163,,"Population, 2021",367
2021A00055955010,5955010,Census subdivision,"Chetwynd, District municipality (DM)",Chetwynd,District municipality (DM),"Population, 2021",2302
2021S051259550124,59550124,Dissemination area,59550124,59550124,,"Population, 2021",0
2021S051259550125,59550125,Dissemination area,59550125,59550125,,"Population, 2021",5
2021S051259550128,59550128,Dissemination area,59550128,59550128,,"Population, 2021",0
2021S051259550129,59550129,Dissemination area,59550129,59550129,,"Population, 2021",0
2021S051259550130,59550130,Dissemination area,59550130,59550130,,"Population, 2021",0
2021S051259550132,59550132,Dissemination area,59550132,59550132,,"Population, 2021",615
2021S051259550133,59550133,Dissemination area,59550133,59550133,,"Population, 2021",511
2021S051259550134,59550134,Dissemination area,59550134,59550134,,"Population, 2021",465
2021S051259550135,59550135,Dissemination area,59550135,59550135,,"Population, 2021",295
2021S051259550136,59550136,Dissemination area,59550136,59550136,,"Population, 2021",411
2021A00055955014,5955014,Census subdivision,"Dawson Creek, City (CY)",Dawson Creek,City (CY),"Population, 2021",12323
2021S051259550139,59550139,Dissemination area,59550139,59550139,,"Population, 2021",1349
2021S051259550140,59550140,Dissemination area,59550140,59550140,,"Population, 2021",764
2021S051259550141,59550141,Dissemination area,59550141,59550141,,"Population, 2021",405
2021S051259550142,59550142,Dissemination area,59550142,59550142,,"Population, 2021",476
2021S051259550143,59550143,Dissemination area,59550143,59550143,,"Population, 2021",676
2021S051259550144,59550144,Dissemination area,59550144,59550144,,"Population, 2021",491
2021S051259550145,59550145,Dissemination area,59550145,59550145,,"Population, 2021",422
2021S051259550146,59550146,Dissemination area,59550146,59550146,,"Population, 2021",920
2021S051259550147,59550147,Dissemination area,59550147,59550147,,"Population, 2021",498
2021S051259550148,59550148,Dissemination area,59550148,59550148,,"Population, 2021",464
2021S051259550149,59550149,Dissemination area,59550149,59550149,,"Population, 2021",425
2021S051259550150,59550150,Dissemination area,59550150,59550150,,"Population, 2021",448
2021S051259550151,59550151,Dissemination area,59550151,59550151,,"Population, 2021",413
2021S051259550152,59550152,Dissemination area,59550152,59550152,,"Population, 2021",546
2021S051259550153,59550153,Dissemination area,59550153,59550153,,"Population, 2021",561
2021S051259550154,59550154,Dissemination area,59550154,59550154,,"Population, 2021",604
2021S051259550155,59550155,Dissemination area,59550155,59550155,,"Population, 2021",511
2021S051259550156,59550156,Dissemination area,59550156,59550156,,"Population, 2021",421
2021S051259550157,59550157,Dissemination area,59550157,59550157,,"Population, 2021",474
2021S051259550158,59550158,Dissemination area,59550158,59550158,,"Population, 2021",488
2021S051259550159,59550159,Dissemination area,59550159,59550159,,"Population, 2021",410
2021S051259550160,59550160,Dissemination area,59550160,59550160,,"Population, 2021",557
2021A00055955021,5955021,Census subdivision,"Peace River D, Regional district electoral area (RDA)",Peace River D,Regional district electoral area (RDA),"Population, 2021",4793
2021S051259550137,59550137,Dissemination area,59550137,59550137,,"Population, 2021",377
2021S051259550138,59550138,Dissemination area,59550138,59550138,,"Population, 2021",360
2021S051259550161,59550161,Dissemination area,59550161,59550161,,"Population, 2021",686
2021S051259550164,59550164,Dissemination area,59550164,59550164,,"Population, 2021",411
2021S051259550165,59550165,Dissemination area,59550165,59550165,,"Population, 2021",456
2021S051259550166,59550166,Dissemination area,59550166,59550166,,"Population, 2021",214
2021S051259550167,59550167,Dissemination area,59550167,59550167,,"Population, 2021",277
2021S051259550168,59550168,Dissemination area,59550168,59550168,,"Population, 2021",509
2021S051259550169,59550169,Dissemination area,59550169,59550169,,"Population, 2021",654
2021S051259550230,59550230,Dissemination area,59550230,59550230,,"Population, 2021",425
2021S051259550231,59550231,Dissemination area,59550231,59550231,,"Population, 2021",424
2021A00055955023,5955023,Census subdivision,"Peace River E, Regional district electoral area (RDA)",Peace River E,Regional district electoral area (RDA),"Population, 2021",2660
2021S051259550117,59550117,Dissemination area,59550117,59550117,,"Population, 2021",284
2021S051259550120,59550120,Dissemination area,59550120,59550120,,"Population, 2021",648
2021S051259550123,59550123,Dissemination area,59550123,59550123,,"Population, 2021",497
2021S051259550126,59550126,Dissemination area,59550126,59550126,,"Population, 2021",405
2021S051259550127,59550127,Dissemination area,59550127,59550127,,"Population, 2021",449
2021S051259550131,59550131,Dissemination area,59550131,59550131,,"Population, 2021",377
2021A00055955025,5955025,Census subdivision,"Hudson's Hope, District municipality (DM)",Hudson's Hope,District municipality (DM),"Population, 2021",841
2021S051259550118,59550118,Dissemination area,59550118,59550118,,"Population, 2021",428
2021S051259550119,59550119,Dissemination area,59550119,59550119,,"Population, 2021",413
2021A00055955030,5955030,Census subdivision,"Taylor, District municipality (DM)",Taylor,District municipality (DM),"Population, 2021",1317
2021S051259550170,59550170,Dissemination area,59550170,59550170,,"Population, 2021",875
2021S051259550171,59550171,Dissemination area,59550171,59550171,,"Population, 2021",442
2021A00055955034,5955034,Census subdivision,"Fort St. John, City (CY)",Fort St. John,City (CY),"Population, 2021",21465
2021S051259550175,59550175,Dissemination area,59550175,59550175,,"Population, 2021",491
2021S051259550176,59550176,Dissemination area,59550176,59550176,,"Population, 2021",981
2021S051259550177,59550177,Dissemination area,59550177,59550177,,"Population, 2021",0
2021S051259550178,59550178,Dissemination area,59550178,59550178,,"Population, 2021",393
2021S051259550179,59550179,Dissemination area,59550179,59550179,,"Population, 2021",432
2021S051259550180,59550180,Dissemination area,59550180,59550180,,"Population, 2021",287
2021S051259550181,59550181,Dissemination area,59550181,59550181,,"Population, 2021",597
2021S051259550182,59550182,Dissemination area,59550182,59550182,,"Population, 2021",1454
2021S051259550183,59550183,Dissemination area,59550183,59550183,,"Population, 2021",459
2021S051259550184,59550184,Dissemination area,59550184,59550184,,"Population, 2021",638
2021S051259550185,59550185,Dissemination area,59550185,59550185,,"Population, 2021",567
2021S051259550186,59550186,Dissemination area,59550186,59550186,,"Population, 2021",500
2021S051259550187,59550187,Dissemination area,59550187,59550187,,"Population, 2021",658
2021S051259550188,59550188,Dissemination area,59550188,59550188,,"Population, 2021",506
2021S051259550189,59550189,Dissemination area,59550189,59550189,,"Population, 2021",512
2021S051259550190,59550190,Dissemination area,59550190,59550190,,"Population, 2021",566
2021S051259550191,59550191,Dissemination area,59550191,59550191,,"Population, 2021",446
2021S051259550192,59550192,Dissemination area,59550192,59550192,,"Population, 2021",471
2021S051259550193,59550193,Dissemination area,59550193,59550193,,"Population, 2021",561
2021S051259550194,59550194,Dissemination area,59550194,59550194,,"Population, 2021",498
2021S051259550195,59550195,Dissemination area,59550195,59550195,,"Population, 2021",625
2021S051259550197,59550197,Dissemination area,59550197,59550197,,"Population, 2021",398
2021S051259550198,59550198,Dissemination area,59550198,59550198,,"Population, 2021",502
2021S051259550199,59550199,Dissemination area,59550199,59550199,,"Population, 2021",493
2021S051259550200,59550200,Dissemination area,59550200,59550200,,"Population, 2021",379
2021S051259550201,59550201,Dissemination area,59550201,59550201,,"Population, 2021",467
2021S051259550203,59550203,Dissemination area,59550203,59550203,,"Population, 2021",1987
2021S051259550205,59550205,Dissemination area,59550205,59550205,,"Population, 2021",454
2021S051259550206,59550206,Dissemination area,59550206,59550206,,"Population, 2021",346
2021S051259550207,59550207,Dissemination area,59550207,59550207,,"Population, 2021",350
2021S051259550208,59550208,Dissemination area,59550208,59550208,,"Population, 2021",304
2021S051259550239,59550239,Dissemination area,59550239,59550239,,"Population, 2021",1631
2021S051259550245,59550245,Dissemination area,59550245,59550245,,"Population, 2021",707
2021S051259550248,59550248,Dissemination area,59550248,59550248,,"Population, 2021",1805
2021A00055955040,5955040,Census subdivision,"Peace River B, Regional district electoral area (RDA)",Peace River B,Regional district electoral area (RDA),"Population, 2021",5379
2021S051259550215,59550215,Dissemination area,59550215,59550215,,"Population, 2021",656
2021S051259550217,59550217,Dissemination area,59550217,59550217,,"Population, 2021",451
2021S051259550218,59550218,Dissemination area,59550218,59550218,,"Population, 2021",421
2021S051259550220,59550220,Dissemination area,59550220,59550220,,"Population, 2021",502
2021S051259550223,59550223,Dissemination area,59550223,59550223,,"Population, 2021",472
2021S051259550224,59550224,Dissemination area,59550224,59550224,,"Population, 2021",763
2021S051259550225,59550225,Dissemination area,59550225,59550225,,"Population, 2021",650
2021S051259550226,59550226,Dissemination area,59550226,59550226,,"Population, 2021",538
2021S051259550227,59550227,Dissemination area,59550227,59550227,,"Population, 2021",477
2021S051259550251,59550251,Dissemination area,59550251,59550251,,"Population, 2021",449
2021A00055955042,5955042,Census subdivision,"Peace River C, Regional district electoral area (RDA)",Peace River C,Regional district electoral area (RDA),"Population, 2021",5947
2021S051259550209,59550209,Dissemination area,59550209,59550209,,"Population, 2021",500
2021S051259550211,59550211,Dissemination area,59550211,59550211,,"Population, 2021",660
2021S051259550212,59550212,Dissemination area,59550212,59550212,,"Population, 2021",485
2021S051259550213,59550213,Dissemination area,59550213,59550213,,"Population, 2021",855
2021S051259550214,59550214,Dissemination area,59550214,59550214,,"Population, 2021",818
2021S051259550219,59550219,Dissemination area,59550219,59550219,,"Population, 2021",335
2021S051259550236,59550236,Dissemination area,59550236,59550236,,"Population, 2021",514
2021S051259550242,59550242,Dissemination area,59550242,59550242,,"Population, 2021",454
2021S051259550243,59550243,Dissemination area,59550243,59550243,,"Population, 2021",411
2021S051259550246,59550246,Dissemination area,59550246,59550246,,"Population, 2021",406
2021S051259550253,59550253,Dissemination area,59550253,59550253,,"Population, 2021",509
2021A00055955801,5955801,Census subdivision,"East Moberly Lake 169, Indian reserve (IRI)",East Moberly Lake 169,Indian reserve (IRI),"Population, 2021",297
2021S051259550122,59550122,Dissemination area,59550122,59550122,,"Population, 2021",297
2021A00055955802,5955802,Census subdivision,"West Moberly Lake 168A, Indian reserve (IRI)",West Moberly Lake 168A,Indian reserve (IRI),"Population, 2021",99
2021S051259550121,59550121,Dissemination area,59550121,59550121,,"Population, 2021",99
2021A00055955803,5955803,Census subdivision,"Blueberry River 205, Indian reserve (IRI)",Blueberry River 205,Indian reserve (IRI),"Population, 2021",145
2021S051259550222,59550222,Dissemination area,59550222,59550222,,"Population, 2021",145
2021A00055955804,5955804,Census subdivision,"Doig River 206, Indian reserve (IRI)",Doig River 206,Indian reserve (IRI),"Population, 2021",85
2021S051259550221,59550221,Dissemination area,59550221,59550221,,"Population, 2021",85
2021A00055955807,5955807,Census subdivision,"Fort Ware 1, Indian reserve (IRI)",Fort Ware 1,Indian reserve (IRI),"Population, 2021",242
2021S051259550114,59550114,Dissemination area,59550114,59550114,,"Population, 2021",242
2021A00055955808,5955808,Census subdivision,"Halfway River 168, Indian reserve (IRI)",Halfway River 168,Indian reserve (IRI),"Population, 2021",247
2021S051259550228,59550228,Dissemination area,59550228,59550228,,"Population, 2021",10
2021S051259550229,59550229,Dissemination area,59550229,59550229,,"Population, 2021",237
2021A00055955812,5955812,Census subdivision,"Ingenika Point, Indian settlement (S-É)","Ingenika Point, Indian settlement (S-É)",,"Population, 2021",0
2021S051259550116,59550116,Dissemination area,59550116,59550116,,"Population, 2021",0
2021A00055955840,5955840,Census subdivision,"Finlay River 6, Indian reserve (IRI)",Finlay River 6,Indian reserve (IRI),"Population, 2021",229
2021S051259550249,59550249,Dissemination area,59550249,59550249,,"Population, 2021",229
2021A00055955850,5955850,Census subdivision,"Mesilinka 7, Indian reserve (IRI)",Mesilinka 7,Indian reserve (IRI),"Population, 2021",0
2021S051259550252,59550252,Dissemination area,59550252,59550252,,"Population, 2021",0
2021A00035957,5957,Census division,"Stikine, Region (REG)",Stikine,Region (REG),"Population, 2021",683
2021A00055957022,5957022,Census subdivision,"Stikine Region, Regional district electoral area (RDA)",Stikine Region,Regional district electoral area (RDA),"Population, 2021",424
2021S051259570210,59570210,Dissemination area,59570210,59570210,,"Population, 2021",180
2021S051259570219,59570219,Dissemination area,59570219,59570219,,"Population, 2021",219
2021S051259570228,59570228,Dissemination area,59570228,59570228,,"Population, 2021",25
2021A00055957802,5957802,Census subdivision,"Unnamed 10, Indian reserve (IRI)",Unnamed 10,Indian reserve (IRI),"Population, 2021",18
2021S051259570217,59570217,Dissemination area,59570217,59570217,,"Population, 2021",0
2021S051259570218,59570218,Dissemination area,59570218,59570218,,"Population, 2021",18
2021A00055957803,5957803,Census subdivision,"Five Mile Point 3, Indian reserve (IRI)",Five Mile Point 3,Indian reserve (IRI),"Population, 2021",83
2021S051259570209,59570209,Dissemination area,59570209,59570209,,"Population, 2021",83
2021A00055957804,5957804,Census subdivision,"Good Hope Lake, Indian settlement (S-É)","Good Hope Lake, Indian settlement (S-É)",,"Population, 2021",0
2021S051259570021,59570021,Dissemination area,59570021,59570021,,"Population, 2021",0
2021A00055957813,5957813,Census subdivision,"Lower Post, Indian settlement (S-É)","Lower Post, Indian settlement (S-É)",,"Population, 2021",5
2021S051259570223,59570223,Dissemination area,59570223,59570223,,"Population, 2021",5
2021A00055957814,5957814,Census subdivision,"Liard River 3, Indian reserve (IRI)",Liard River 3,Indian reserve (IRI),"Population, 2021",114
2021S051259570225,59570225,Dissemination area,59570225,59570225,,"Population, 2021",114
2021A00055957820,5957820,Census subdivision,"Dease River 1, Indian reserve (IRI)",Dease River 1,Indian reserve (IRI),"Population, 2021",39
2021S051259570227,59570227,Dissemination area,59570227,59570227,,"Population, 2021",39
2021A00035959,5959,Census division,"Northern Rockies, Regional district (RD)",Northern Rockies,Regional district (RD),"Population, 2021",4478
2021A00055959007,5959007,Census subdivision,"Northern Rockies, Regional municipality (RGM)",Northern Rockies,Regional municipality (RGM),"Population, 2021",3947
2021S051259590013,59590013,Dissemination area,59590013,59590013,,"Population, 2021",140
2021S051259590019,59590019,Dissemination area,59590019,59590019,,"Population, 2021",456
2021S051259590020,59590020,Dissemination area,59590020,59590020,,"Population, 2021",374
2021S051259590021,59590021,Dissemination area,59590021,59590021,,"Population, 2021",228
2021S051259590022,59590022,Dissemination area,59590022,59590022,,"Population, 2021",352
2021S051259590023,59590023,Dissemination area,59590023,59590023,,"Population, 2021",320
2021S051259590024,59590024,Dissemination area,59590024,59590024,,"Population, 2021",291
2021S051259590025,59590025,Dissemination area,59590025,59590025,,"Population, 2021",431
2021S051259590026,59590026,Dissemination area,59590026,59590026,,"Population, 2021",469
2021S051259590027,59590027,Dissemination area,59590027,59590027,,"Population, 2021",586
2021S051259590039,59590039,Dissemination area,59590039,59590039,,"Population, 2021",300
2021A00055959805,5959805,Census subdivision,"Fontas 1, Indian reserve (IRI)",Fontas 1,Indian reserve (IRI),"Population, 2021",5
2021S051259590035,59590035,Dissemination area,59590035,59590035,,"Population, 2021",5
2021A00055959806,5959806,Census subdivision,"Fort Nelson 2, Indian reserve (IRI)",Fort Nelson 2,Indian reserve (IRI),"Population, 2021",419
2021S051259590038,59590038,Dissemination area,59590038,59590038,,"Population, 2021",419
2021A00055959809,5959809,Census subdivision,"Kahntah 3, Indian reserve (IRI)",Kahntah 3,Indian reserve (IRI),"Population, 2021",0
2021S051259590017,59590017,Dissemination area,59590017,59590017,,"Population, 2021",0
2021A00055959810,5959810,Census subdivision,"Prophet River 4, Indian reserve (IRI)",Prophet River 4,Indian reserve (IRI),"Population, 2021",107
2021S051259590032,59590032,Dissemination area,59590032,59590032,,"Population, 2021",107
