"Geo Code","Geo Name","Line Number"
"2021A000011124","Canada",2
"2021A000259","British Columbia",2633
"2021A00035901","East Kootenay",5264
"2021A00055901003","Elkford",7895
"2021S051259010237","59010237",10526
"2021S051259010238","59010238",13157
"2021S051259010239","59010239",15788
"2021S051259010240","59010240",18419
"2021S051259010241","59010241",21050
"2021S051259010242","59010242",23681
"2021S051259010249","59010249",26312
"2021A00055901006","Sparwood",28943
"2021S051259010216","59010216",31574
"2021S051259010228","59010228",34205
"2021S051259010229","59010229",36836
"2021S051259010230","59010230",39467
"2021S051259010231","59010231",42098
"2021S051259010232","59010232",44729
"2021S051259010233","59010233",47360
"2021S051259010234","59010234",49991
"2021S051259010236","59010236",52622
"2021S051259010247","59010247",55253
"2021A00055901012","Fernie",57884
"2021S051259010217","59010217",60515
"2021S051259010218","59010218",63146
"2021S051259010219","59010219",65777
"2021S051259010220","59010220",68408
"2021S051259010221","59010221",71039
"2021S051259010222","59010222",73670
"2021S051259010223","59010223",76301
"2021S051259010226","59010226",78932
"2021S051259010258","59010258",81563
"2021A00055901017","East Kootenay A",84194
"2021S051259010227","59010227",86825
"2021S051259010248","59010248",89456
"2021S051259010254","59010254",92087
"2021S051259010256","59010256",94718
"2021A00055901019","East Kootenay B",97349
"2021S051259010210","59010210",99980
"2021S051259010211","59010211",102611
"2021S051259010212","59010212",105242
"2021S051259010213","59010213",107873
"2021A00055901022","Cranbrook",110504
"2021S051259010147","59010147",113135
"2021S051259010166","59010166",115766
"2021S051259010167","59010167",118397
"2021S051259010168","59010168",121028
"2021S051259010169","59010169",123659
"2021S051259010170","59010170",126290
"2021S051259010171","59010171",128921
"2021S051259010172","59010172",131552
"2021S051259010173","59010173",134183
"2021S051259010174","59010174",136814
"2021S051259010175","59010175",139445
"2021S051259010176","59010176",142076
"2021S051259010177","59010177",144707
"2021S051259010178","59010178",147338
"2021S051259010179","59010179",149969
"2021S051259010180","59010180",152600
"2021S051259010181","59010181",155231
"2021S051259010183","59010183",157862
"2021S051259010184","59010184",160493
"2021S051259010185","59010185",163124
"2021S051259010186","59010186",165755
"2021S051259010187","59010187",168386
"2021S051259010188","59010188",171017
"2021S051259010189","59010189",173648
"2021S051259010190","59010190",176279
"2021S051259010191","59010191",178910
"2021S051259010192","59010192",181541
"2021S051259010193","59010193",184172
"2021S051259010194","59010194",186803
"2021S051259010195","59010195",189434
"2021S051259010196","59010196",192065
"2021S051259010197","59010197",194696
"2021S051259010198","59010198",197327
"2021S051259010199","59010199",199958
"2021S051259010200","59010200",202589
"2021S051259010202","59010202",205220
"2021S051259010207","59010207",207851
"2021S051259010245","59010245",210482
"2021A00055901028","Kimberley",213113
"2021S051259010150","59010150",215744
"2021S051259010151","59010151",218375
"2021S051259010152","59010152",221006
"2021S051259010153","59010153",223637
"2021S051259010154","59010154",226268
"2021S051259010155","59010155",228899
"2021S051259010156","59010156",231530
"2021S051259010157","59010157",234161
"2021S051259010158","59010158",236792
"2021S051259010159","59010159",239423
"2021S051259010160","59010160",242054
"2021S051259010161","59010161",244685
"2021S051259010162","59010162",247316
"2021A00055901035","East Kootenay C",249947
"2021S051259010143","59010143",252578
"2021S051259010145","59010145",255209
"2021S051259010164","59010164",257840
"2021S051259010165","59010165",260471
"2021S051259010204","59010204",263102
"2021S051259010205","59010205",265733
"2021S051259010206","59010206",268364
"2021S051259010208","59010208",270995
"2021S051259010209","59010209",273626
"2021S051259010244","59010244",276257
"2021S051259010260","59010260",278888
"2021A00055901037","East Kootenay E",281519
"2021S051259010141","59010141",284150
"2021S051259010142","59010142",286781
"2021S051259010149","59010149",289412
"2021S051259010163","59010163",292043
"2021A00055901039","Invermere",294674
"2021S051259010128","59010128",297305
"2021S051259010129","59010129",299936
"2021S051259010130","59010130",302567
"2021S051259010131","59010131",305198
"2021S051259010132","59010132",307829
"2021S051259010133","59010133",310460
"2021A00055901040","Radium Hot Springs",313091
"2021S051259010126","59010126",315722
"2021A00055901043","Canal Flats",318353
"2021S051259010139","59010139",320984
"2021A00055901046","East Kootenay F",323615
"2021S051259010135","59010135",326246
"2021S051259010137","59010137",328877
"2021S051259010140","59010140",331508
"2021S051259010269","59010269",334139
"2021S051259010270","59010270",336770
"2021A00055901048","East Kootenay G",339401
"2021S051259010124","59010124",342032
"2021S051259010125","59010125",344663
"2021S051259010265","59010265",347294
"2021A00055901801","Tobacco Plains 2",349925
"2021S051259010214","59010214",352556
"2021A00055901802","Isidore's Ranch 4",355187
"2021S051259010144","59010144",357818
"2021A00055901803","Kootenay 1",360449
"2021S051259010146","59010146",363080
"2021A00055901804","Columbia Lake 3",365711
"2021S051259010136","59010136",368342
"2021A00055901805","Cassimayooks (Mayook) 5",370973
"2021S051259010203","59010203",373604
"2021A00055901806","Shuswap",376235
"2021S051259010268","59010268",378866
"2021A00055901808","St. Mary's",381497
"2021S051259010259","59010259",384128
"2021A00035903","Central Kootenay",386759
"2021A00055903004","Creston",389390
"2021S051259030209","59030209",392021
"2021S051259030210","59030210",394652
"2021S051259030211","59030211",397283
"2021S051259030212","59030212",399914
"2021S051259030213","59030213",402545
"2021S051259030214","59030214",405176
"2021S051259030215","59030215",407807
"2021S051259030216","59030216",410438
"2021S051259030217","59030217",413069
"2021S051259030249","59030249",415700
"2021A00055903010","Central Kootenay A",418331
"2021S051259030226","59030226",420962
"2021S051259030237","59030237",423593
"2021S051259030254","59030254",426224
"2021S051259030255","59030255",428855
"2021A00055903011","Salmo",431486
"2021S051259030200","59030200",434117
"2021S051259030201","59030201",436748
"2021A00055903013","Central Kootenay B",439379
"2021S051259030207","59030207",442010
"2021S051259030208","59030208",444641
"2021S051259030220","59030220",447272
"2021S051259030221","59030221",449903
"2021S051259030222","59030222",452534
"2021S051259030223","59030223",455165
"2021S051259030224","59030224",457796
"2021S051259030225","59030225",460427
"2021A00055903015","Nelson",463058
"2021S051259030144","59030144",465689
"2021S051259030145","59030145",468320
"2021S051259030146","59030146",470951
"2021S051259030147","59030147",473582
"2021S051259030148","59030148",476213
"2021S051259030149","59030149",478844
"2021S051259030150","59030150",481475
"2021S051259030151","59030151",484106
"2021S051259030152","59030152",486737
"2021S051259030153","59030153",489368
"2021S051259030154","59030154",491999
"2021S051259030155","59030155",494630
"2021S051259030156","59030156",497261
"2021S051259030157","59030157",499892
"2021S051259030158","59030158",502523
"2021S051259030160","59030160",505154
"2021S051259030161","59030161",507785
"2021S051259030162","59030162",510416
"2021S051259030164","59030164",513047
"2021S051259030168","59030168",515678
"2021A00055903017","Central Kootenay C",518309
"2021S051259030204","59030204",520940
"2021S051259030205","59030205",523571
"2021S051259030247","59030247",526202
"2021A00055903019","Slocan",528833
"2021S051259030138","59030138",531464
"2021A00055903023","Kaslo",534095
"2021S051259030239","59030239",536726
"2021S051259030246","59030246",539357
"2021A00055903027","Silverton",541988
"2021S051259030136","59030136",544619
"2021A00055903032","New Denver",547250
"2021S051259030135","59030135",549881
"2021A00055903039","Central Kootenay D",552512
"2021S051259030238","59030238",555143
"2021S051259030241","59030241",557774
"2021S051259030244","59030244",560405
"2021A00055903041","Central Kootenay E",563036
"2021S051259030159","59030159",565667
"2021S051259030163","59030163",568298
"2021S051259030167","59030167",570929
"2021S051259030229","59030229",573560
"2021S051259030230","59030230",576191
"2021S051259030231","59030231",578822
"2021S051259030232","59030232",581453
"2021A00055903043","Central Kootenay F",584084
"2021S051259030142","59030142",586715
"2021S051259030143","59030143",589346
"2021S051259030165","59030165",591977
"2021S051259030166","59030166",594608
"2021S051259030169","59030169",597239
"2021S051259030233","59030233",599870
"2021S051259030234","59030234",602501
"2021S051259030235","59030235",605132
"2021A00055903045","Castlegar",607763
"2021S051259030178","59030178",610394
"2021S051259030180","59030180",613025
"2021S051259030181","59030181",615656
"2021S051259030182","59030182",618287
"2021S051259030183","59030183",620918
"2021S051259030184","59030184",623549
"2021S051259030185","59030185",626180
"2021S051259030189","59030189",628811
"2021S051259030190","59030190",631442
"2021S051259030191","59030191",634073
"2021S051259030192","59030192",636704
"2021S051259030193","59030193",639335
"2021S051259030196","59030196",641966
"2021S051259030197","59030197",644597
"2021S051259030198","59030198",647228
"2021A00055903047","Central Kootenay G",649859
"2021S051259030199","59030199",652490
"2021S051259030202","59030202",655121
"2021S051259030203","59030203",657752
"2021A00055903050","Nakusp",660383
"2021S051259030129","59030129",663014
"2021S051259030130","59030130",665645
"2021S051259030131","59030131",668276
"2021S051259030133","59030133",670907
"2021A00055903052","Central Kootenay H",673538
"2021S051259030134","59030134",676169
"2021S051259030137","59030137",678800
"2021S051259030139","59030139",681431
"2021S051259030140","59030140",684062
"2021S051259030141","59030141",686693
"2021S051259030170","59030170",689324
"2021S051259030173","59030173",691955
"2021S051259030174","59030174",694586
"2021S051259030175","59030175",697217
"2021A00055903056","Central Kootenay I",699848
"2021S051259030171","59030171",702479
"2021S051259030172","59030172",705110
"2021S051259030176","59030176",707741
"2021S051259030177","59030177",710372
"2021A00055903058","Central Kootenay J",713003
"2021S051259030179","59030179",715634
"2021S051259030186","59030186",718265
"2021S051259030187","59030187",720896
"2021S051259030188","59030188",723527
"2021S051259030194","59030194",726158
"2021S051259030195","59030195",728789
"2021A00055903060","Central Kootenay K",731420
"2021S051259030128","59030128",734051
"2021S051259030132","59030132",736682
"2021S051259030242","59030242",739313
"2021S051259030243","59030243",741944
"2021A00055903807","Creston 1",744575
"2021S051259030206","59030206",747206
"2021A00035905","Kootenay Boundary",749837
"2021A00055905005","Fruitvale",752468
"2021S051259050108","59050108",755099
"2021S051259050111","59050111",757730
"2021S051259050115","59050115",760361
"2021A00055905009","Montrose",762992
"2021S051259050102","59050102",765623
"2021S051259050103","59050103",768254
"2021A00055905014","Trail",770885
"2021S051259050090","59050090",773516
"2021S051259050091","59050091",776147
"2021S051259050092","59050092",778778
"2021S051259050093","59050093",781409
"2021S051259050094","59050094",784040
"2021S051259050095","59050095",786671
"2021S051259050096","59050096",789302
"2021S051259050097","59050097",791933
"2021S051259050098","59050098",794564
"2021S051259050099","59050099",797195
"2021S051259050100","59050100",799826
"2021S051259050105","59050105",802457
"2021A00055905018","Warfield",805088
"2021S051259050087","59050087",807719
"2021S051259050088","59050088",810350
"2021S051259050089","59050089",812981
"2021A00055905023","Rossland",815612
"2021S051259050081","59050081",818243
"2021S051259050082","59050082",820874
"2021S051259050083","59050083",823505
"2021S051259050084","59050084",826136
"2021S051259050085","59050085",828767
"2021S051259050086","59050086",831398
"2021A00055905026","Kootenay Boundary A",834029
"2021S051259050101","59050101",836660
"2021S051259050109","59050109",839291
"2021S051259050110","59050110",841922
"2021S051259050118","59050118",844553
"2021A00055905030","Kootenay Boundary B / Lower Columbia-Old-Glory",847184
"2021S051259050080","59050080",849815
"2021S051259050106","59050106",852446
"2021A00055905032","Grand Forks",855077
"2021S051259050067","59050067",857708
"2021S051259050068","59050068",860339
"2021S051259050069","59050069",862970
"2021S051259050070","59050070",865601
"2021S051259050071","59050071",868232
"2021S051259050072","59050072",870863
"2021S051259050073","59050073",873494
"2021A00055905037","Midway",876125
"2021S051259050112","59050112",878756
"2021A00055905042","Greenwood",881387
"2021S051259050064","59050064",884018
"2021A00055905050","Kootenay Boundary C / Christina Lake",886649
"2021S051259050076","59050076",889280
"2021S051259050077","59050077",891911
"2021S051259050078","59050078",894542
"2021A00055905052","Kootenay Boundary D / Rural Grand Forks",897173
"2021S051259050065","59050065",899804
"2021S051259050066","59050066",902435
"2021S051259050074","59050074",905066
"2021S051259050075","59050075",907697
"2021S051259050079","59050079",910328
"2021A00055905054","Kootenay Boundary E / West Boundary",912959
"2021S051259050062","59050062",915590
"2021S051259050063","59050063",918221
"2021S051259050113","59050113",920852
"2021S051259050114","59050114",923483
"2021A00035907","Okanagan-Similkameen",926114
"2021A00055907005","Osoyoos",928745
"2021S051259070284","59070284",931376
"2021S051259070285","59070285",934007
"2021S051259070286","59070286",936638
"2021S051259070287","59070287",939269
"2021S051259070288","59070288",941900
"2021S051259070291","59070291",944531
"2021S051259070292","59070292",947162
"2021S051259070293","59070293",949793
"2021S051259070294","59070294",952424
"2021A00055907009","Keremeos",955055
"2021S051259070153","59070153",957686
"2021S051259070154","59070154",960317
"2021A00055907014","Oliver",962948
"2021S051259070162","59070162",965579
"2021S051259070163","59070163",968210
"2021S051259070164","59070164",970841
"2021S051259070165","59070165",973472
"2021S051259070166","59070166",976103
"2021S051259070167","59070167",978734
"2021S051259070168","59070168",981365
"2021S051259070169","59070169",983996
"2021A00055907022","Okanagan-Similkameen A",986627
"2021S051259070282","59070282",989258
"2021S051259070283","59070283",991889
"2021S051259070289","59070289",994520
"2021S051259070290","59070290",997151
"2021A00055907024","Princeton",999782
"2021S051259070137","59070137",1002413
"2021S051259070138","59070138",1005044
"2021S051259070139","59070139",1007675
"2021S051259070140","59070140",1010306
"2021S051259070141","59070141",1012937
"2021S051259070142","59070142",1015568
"2021S051259070144","59070144",1018199
"2021S051259070301","59070301",1020830
"2021A00055907026","Okanagan-Similkameen B",1023461
"2021S051259070155","59070155",1026092
"2021S051259070157","59070157",1028723
"2021A00055907028","Okanagan-Similkameen C",1031354
"2021S051259070160","59070160",1033985
"2021S051259070161","59070161",1036616
"2021S051259070170","59070170",1039247
"2021S051259070171","59070171",1041878
"2021S051259070277","59070277",1044509
"2021S051259070279","59070279",1047140
"2021S051259070280","59070280",1049771
"2021S051259070281","59070281",1052402
"2021A00055907035","Summerland",1055033
"2021S051259070183","59070183",1057664
"2021S051259070184","59070184",1060295
"2021S051259070185","59070185",1062926
"2021S051259070186","59070186",1065557
"2021S051259070187","59070187",1068188
"2021S051259070188","59070188",1070819
"2021S051259070189","59070189",1073450
"2021S051259070190","59070190",1076081
"2021S051259070191","59070191",1078712
"2021S051259070192","59070192",1081343
"2021S051259070193","59070193",1083974
"2021S051259070194","59070194",1086605
"2021S051259070195","59070195",1089236
"2021S051259070196","59070196",1091867
"2021S051259070197","59070197",1094498
"2021S051259070198","59070198",1097129
"2021S051259070199","59070199",1099760
"2021S051259070200","59070200",1102391
"2021S051259070201","59070201",1105022
"2021S051259070202","59070202",1107653
"2021S051259070203","59070203",1110284
"2021S051259070204","59070204",1112915
"2021A00055907041","Penticton",1115546
"2021S051259070208","59070208",1118177
"2021S051259070209","59070209",1120808
"2021S051259070210","59070210",1123439
"2021S051259070211","59070211",1126070
"2021S051259070212","59070212",1128701
"2021S051259070213","59070213",1131332
"2021S051259070214","59070214",1133963
"2021S051259070215","59070215",1136594
"2021S051259070216","59070216",1139225
"2021S051259070217","59070217",1141856
"2021S051259070218","59070218",1144487
"2021S051259070219","59070219",1147118
"2021S051259070220","59070220",1149749
"2021S051259070221","59070221",1152380
"2021S051259070222","59070222",1155011
"2021S051259070227","59070227",1157642
"2021S051259070228","59070228",1160273
"2021S051259070229","59070229",1162904
"2021S051259070230","59070230",1165535
"2021S051259070231","59070231",1168166
"2021S051259070232","59070232",1170797
"2021S051259070233","59070233",1173428
"2021S051259070234","59070234",1176059
"2021S051259070235","59070235",1178690
"2021S051259070236","59070236",1181321
"2021S051259070237","59070237",1183952
"2021S051259070238","59070238",1186583
"2021S051259070239","59070239",1189214
"2021S051259070240","59070240",1191845
"2021S051259070241","59070241",1194476
"2021S051259070242","59070242",1197107
"2021S051259070243","59070243",1199738
"2021S051259070244","59070244",1202369
"2021S051259070245","59070245",1205000
"2021S051259070246","59070246",1207631
"2021S051259070247","59070247",1210262
"2021S051259070248","59070248",1212893
"2021S051259070249","59070249",1215524
"2021S051259070250","59070250",1218155
"2021S051259070252","59070252",1220786
"2021S051259070253","59070253",1223417
"2021S051259070254","59070254",1226048
"2021S051259070255","59070255",1228679
"2021S051259070256","59070256",1231310
"2021S051259070257","59070257",1233941
"2021S051259070258","59070258",1236572
"2021S051259070259","59070259",1239203
"2021S051259070260","59070260",1241834
"2021S051259070261","59070261",1244465
"2021S051259070264","59070264",1247096
"2021S051259070266","59070266",1249727
"2021S051259070267","59070267",1252358
"2021S051259070268","59070268",1254989
"2021S051259070269","59070269",1257620
"2021S051259070270","59070270",1260251
"2021S051259070271","59070271",1262882
"2021S051259070272","59070272",1265513
"2021S051259070273","59070273",1268144
"2021S051259070296","59070296",1270775
"2021S051259070297","59070297",1273406
"2021S051259070298","59070298",1276037
"2021A00055907047","Okanagan-Similkameen D",1278668
"2021S051259070173","59070173",1281299
"2021S051259070174","59070174",1283930
"2021S051259070175","59070175",1286561
"2021S051259070274","59070274",1289192
"2021S051259070275","59070275",1291823
"2021S051259070276","59070276",1294454
"2021S051259070315","59070315",1297085
"2021S051259070318","59070318",1299716
"2021A00055907048","Okanagan-Similkameen I",1302347
"2021S051259070178","59070178",1304978
"2021S051259070311","59070311",1307609
"2021S051259070312","59070312",1310240
"2021S051259070314","59070314",1312871
"2021S051259070316","59070316",1315502
"2021A00055907049","Okanagan-Similkameen E",1318133
"2021S051259070223","59070223",1320764
"2021S051259070224","59070224",1323395
"2021S051259070225","59070225",1326026
"2021S051259070226","59070226",1328657
"2021A00055907051","Okanagan-Similkameen F",1331288
"2021S051259070180","59070180",1333919
"2021S051259070181","59070181",1336550
"2021S051259070182","59070182",1339181
"2021S051259070205","59070205",1341812
"2021A00055907053","Okanagan-Similkameen G",1344443
"2021S051259070146","59070146",1347074
"2021S051259070151","59070151",1349705
"2021S051259070152","59070152",1352336
"2021S051259070309","59070309",1354967
"2021A00055907055","Okanagan-Similkameen H",1357598
"2021S051259070135","59070135",1360229
"2021S051259070145","59070145",1362860
"2021S051259070302","59070302",1365491
"2021S051259070320","59070320",1368122
"2021A00055907801","Lower Similkameen 2",1370753
"2021S051259070156","59070156",1373384
"2021A00055907802","Osoyoos 1",1376015
"2021S051259070303","59070303",1378646
"2021S051259070304","59070304",1381277
"2021A00055907803","Penticton 1",1383908
"2021S051259070207","59070207",1386539
"2021S051259070251","59070251",1389170
"2021S051259070299","59070299",1391801
"2021S051259070305","59070305",1394432
"2021S051259070306","59070306",1397063
"2021S051259070307","59070307",1399694
"2021S051259070308","59070308",1402325
"2021A00055907805","Chopaka 7 & 8",1404956
"2021S051259070158","59070158",1407587
"2021A00055907806","Blind Creek 6",1410218
"2021S051259070159","59070159",1412849
"2021A00055907807","Chuchuwayha 2",1415480
"2021S051259070147","59070147",1418111
"2021A00055907808","Alexis 9",1420742
"2021S051259070150","59070150",1423373
"2021A00055907809","Ashnola 10",1426004
"2021S051259070148","59070148",1428635
"2021A00055907850","Lulu 5",1431266
"2021S051259070319","59070319",1433897
"2021A00035909","Fraser Valley",1436528
"2021A00055909009","Hope",1439159
"2021S051259090636","59090636",1441790
"2021S051259090637","59090637",1444421
"2021S051259090638","59090638",1447052
"2021S051259090639","59090639",1449683
"2021S051259090644","59090644",1452314
"2021S051259090645","59090645",1454945
"2021S051259090646","59090646",1457576
"2021S051259090647","59090647",1460207
"2021S051259090648","59090648",1462838
"2021S051259090649","59090649",1465469
"2021S051259090650","59090650",1468100
"2021S051259090651","59090651",1470731
"2021S051259090652","59090652",1473362
"2021A00055909014","Fraser Valley A",1475993
"2021S051259090773","59090773",1478624
"2021S051259090777","59090777",1481255
"2021S051259090778","59090778",1483886
"2021S051259090779","59090779",1486517
"2021S051259090810","59090810",1489148
"2021A00055909016","Fraser Valley B",1491779
"2021S051259090625","59090625",1494410
"2021S051259090630","59090630",1497041
"2021S051259090641","59090641",1499672
"2021S051259090642","59090642",1502303
"2021S051259090643","59090643",1504934
"2021S051259090653","59090653",1507565
"2021S051259090803","59090803",1510196
"2021S051259090804","59090804",1512827
"2021A00055909020","Chilliwack",1515458
"2021S051259090526","59090526",1518089
"2021S051259090530","59090530",1520720
"2021S051259090531","59090531",1523351
"2021S051259090532","59090532",1525982
"2021S051259090533","59090533",1528613
"2021S051259090534","59090534",1531244
"2021S051259090535","59090535",1533875
"2021S051259090536","59090536",1536506
"2021S051259090537","59090537",1539137
"2021S051259090538","59090538",1541768
"2021S051259090539","59090539",1544399
"2021S051259090540","59090540",1547030
"2021S051259090541","59090541",1549661
"2021S051259090542","59090542",1552292
"2021S051259090543","59090543",1554923
"2021S051259090544","59090544",1557554
"2021S051259090545","59090545",1560185
"2021S051259090546","59090546",1562816
"2021S051259090547","59090547",1565447
"2021S051259090550","59090550",1568078
"2021S051259090551","59090551",1570709
"2021S051259090552","59090552",1573340
"2021S051259090553","59090553",1575971
"2021S051259090554","59090554",1578602
"2021S051259090555","59090555",1581233
"2021S051259090556","59090556",1583864
"2021S051259090557","59090557",1586495
"2021S051259090559","59090559",1589126
"2021S051259090564","59090564",1591757
"2021S051259090565","59090565",1594388
"2021S051259090566","59090566",1597019
"2021S051259090567","59090567",1599650
"2021S051259090568","59090568",1602281
"2021S051259090569","59090569",1604912
"2021S051259090570","59090570",1607543
"2021S051259090571","59090571",1610174
"2021S051259090578","59090578",1612805
"2021S051259090579","59090579",1615436
"2021S051259090580","59090580",1618067
"2021S051259090581","59090581",1620698
"2021S051259090582","59090582",1623329
"2021S051259090583","59090583",1625960
"2021S051259090584","59090584",1628591
"2021S051259090585","59090585",1631222
"2021S051259090586","59090586",1633853
"2021S051259090592","59090592",1636484
"2021S051259090593","59090593",1639115
"2021S051259090594","59090594",1641746
"2021S051259090596","59090596",1644377
"2021S051259090597","59090597",1647008
"2021S051259090598","59090598",1649639
"2021S051259090655","59090655",1652270
"2021S051259090657","59090657",1654901
"2021S051259090660","59090660",1657532
"2021S051259090661","59090661",1660163
"2021S051259090662","59090662",1662794
"2021S051259090664","59090664",1665425
"2021S051259090665","59090665",1668056
"2021S051259090666","59090666",1670687
"2021S051259090670","59090670",1673318
"2021S051259090671","59090671",1675949
"2021S051259090680","59090680",1678580
"2021S051259090681","59090681",1681211
"2021S051259090682","59090682",1683842
"2021S051259090683","59090683",1686473
"2021S051259090684","59090684",1689104
"2021S051259090687","59090687",1691735
"2021S051259090688","59090688",1694366
"2021S051259090689","59090689",1696997
"2021S051259090690","59090690",1699628
"2021S051259090691","59090691",1702259
"2021S051259090692","59090692",1704890
"2021S051259090694","59090694",1707521
"2021S051259090696","59090696",1710152
"2021S051259090702","59090702",1712783
"2021S051259090703","59090703",1715414
"2021S051259090704","59090704",1718045
"2021S051259090707","59090707",1720676
"2021S051259090708","59090708",1723307
"2021S051259090709","59090709",1725938
"2021S051259090710","59090710",1728569
"2021S051259090711","59090711",1731200
"2021S051259090713","59090713",1733831
"2021S051259090714","59090714",1736462
"2021S051259090716","59090716",1739093
"2021S051259090768","59090768",1741724
"2021S051259090816","59090816",1744355
"2021S051259090817","59090817",1746986
"2021S051259090818","59090818",1749617
"2021S051259090819","59090819",1752248
"2021S051259090820","59090820",1754879
"2021S051259090821","59090821",1757510
"2021S051259090822","59090822",1760141
"2021S051259090824","59090824",1762772
"2021S051259090825","59090825",1765403
"2021S051259090826","59090826",1768034
"2021S051259090828","59090828",1770665
"2021S051259090829","59090829",1773296
"2021S051259090830","59090830",1775927
"2021S051259090831","59090831",1778558
"2021S051259090832","59090832",1781189
"2021S051259090836","59090836",1783820
"2021S051259090837","59090837",1786451
"2021S051259090838","59090838",1789082
"2021S051259090839","59090839",1791713
"2021S051259090840","59090840",1794344
"2021S051259090841","59090841",1796975
"2021S051259090842","59090842",1799606
"2021S051259090845","59090845",1802237
"2021S051259090846","59090846",1804868
"2021S051259090847","59090847",1807499
"2021S051259090848","59090848",1810130
"2021S051259090849","59090849",1812761
"2021S051259090850","59090850",1815392
"2021S051259090851","59090851",1818023
"2021S051259090852","59090852",1820654
"2021S051259090853","59090853",1823285
"2021S051259090854","59090854",1825916
"2021S051259090856","59090856",1828547
"2021S051259090857","59090857",1831178
"2021S051259090859","59090859",1833809
"2021S051259090861","59090861",1836440
"2021S051259090863","59090863",1839071
"2021S051259090864","59090864",1841702
"2021S051259090865","59090865",1844333
"2021S051259090866","59090866",1846964
"2021S051259090868","59090868",1849595
"2021S051259090869","59090869",1852226
"2021S051259090973","59090973",1854857
"2021S051259090981","59090981",1857488
"2021S051259090982","59090982",1860119
"2021A00055909027","Harrison Hot Springs",1862750
"2021S051259090612","59090612",1865381
"2021S051259090613","59090613",1868012
"2021S051259090614","59090614",1870643
"2021A00055909032","Kent",1873274
"2021S051259090603","59090603",1875905
"2021S051259090605","59090605",1878536
"2021S051259090606","59090606",1881167
"2021S051259090607","59090607",1883798
"2021S051259090608","59090608",1886429
"2021S051259090609","59090609",1889060
"2021S051259090610","59090610",1891691
"2021S051259090615","59090615",1894322
"2021S051259090616","59090616",1896953
"2021S051259090617","59090617",1899584
"2021A00055909034","Fraser Valley D",1902215
"2021S051259090600","59090600",1904846
"2021S051259090601","59090601",1907477
"2021A00055909035","Fraser Valley H",1910108
"2021S051259090725","59090725",1912739
"2021S051259090727","59090727",1915370
"2021S051259090729","59090729",1918001
"2021S051259090730","59090730",1920632
"2021S051259090812","59090812",1923263
"2021A00055909036","Fraser Valley E",1925894
"2021S051259090656","59090656",1928525
"2021S051259090814","59090814",1931156
"2021A00055909048","Fraser Valley C",1933787
"2021S051259090450","59090450",1936418
"2021S051259090458","59090458",1939049
"2021S051259090459","59090459",1941680
"2021A00055909052","Abbotsford",1944311
"2021S051259090049","59090049",1946942
"2021S051259090051","59090051",1949573
"2021S051259090052","59090052",1952204
"2021S051259090054","59090054",1954835
"2021S051259090055","59090055",1957466
"2021S051259090057","59090057",1960097
"2021S051259090058","59090058",1962728
"2021S051259090059","59090059",1965359
"2021S051259090060","59090060",1967990
"2021S051259090061","59090061",1970621
"2021S051259090062","59090062",1973252
"2021S051259090064","59090064",1975883
"2021S051259090065","59090065",1978514
"2021S051259090066","59090066",1981145
"2021S051259090068","59090068",1983776
"2021S051259090069","59090069",1986407
"2021S051259090071","59090071",1989038
"2021S051259090072","59090072",1991669
"2021S051259090073","59090073",1994300
"2021S051259090074","59090074",1996931
"2021S051259090075","59090075",1999562
"2021S051259090078","59090078",2002193
"2021S051259090082","59090082",2004824
"2021S051259090083","59090083",2007455
"2021S051259090084","59090084",2010086
"2021S051259090086","59090086",2012717
"2021S051259090087","59090087",2015348
"2021S051259090088","59090088",2017979
"2021S051259090089","59090089",2020610
"2021S051259090090","59090090",2023241
"2021S051259090091","59090091",2025872
"2021S051259090092","59090092",2028503
"2021S051259090093","59090093",2031134
"2021S051259090094","59090094",2033765
"2021S051259090095","59090095",2036396
"2021S051259090096","59090096",2039027
"2021S051259090097","59090097",2041658
"2021S051259090098","59090098",2044289
"2021S051259090099","59090099",2046920
"2021S051259090100","59090100",2049551
"2021S051259090101","59090101",2052182
"2021S051259090102","59090102",2054813
"2021S051259090103","59090103",2057444
"2021S051259090104","59090104",2060075
"2021S051259090105","59090105",2062706
"2021S051259090106","59090106",2065337
"2021S051259090108","59090108",2067968
"2021S051259090109","59090109",2070599
"2021S051259090110","59090110",2073230
"2021S051259090111","59090111",2075861
"2021S051259090112","59090112",2078492
"2021S051259090114","59090114",2081123
"2021S051259090115","59090115",2083754
"2021S051259090116","59090116",2086385
"2021S051259090117","59090117",2089016
"2021S051259090121","59090121",2091647
"2021S051259090122","59090122",2094278
"2021S051259090123","59090123",2096909
"2021S051259090126","59090126",2099540
"2021S051259090127","59090127",2102171
"2021S051259090128","59090128",2104802
"2021S051259090131","59090131",2107433
"2021S051259090133","59090133",2110064
"2021S051259090134","59090134",2112695
"2021S051259090135","59090135",2115326
"2021S051259090136","59090136",2117957
"2021S051259090137","59090137",2120588
"2021S051259090140","59090140",2123219
"2021S051259090141","59090141",2125850
"2021S051259090144","59090144",2128481
"2021S051259090145","59090145",2131112
"2021S051259090146","59090146",2133743
"2021S051259090148","59090148",2136374
"2021S051259090149","59090149",2139005
"2021S051259090150","59090150",2141636
"2021S051259090151","59090151",2144267
"2021S051259090152","59090152",2146898
"2021S051259090153","59090153",2149529
"2021S051259090154","59090154",2152160
"2021S051259090155","59090155",2154791
"2021S051259090156","59090156",2157422
"2021S051259090157","59090157",2160053
"2021S051259090158","59090158",2162684
"2021S051259090159","59090159",2165315
"2021S051259090165","59090165",2167946
"2021S051259090166","59090166",2170577
"2021S051259090169","59090169",2173208
"2021S051259090170","59090170",2175839
"2021S051259090171","59090171",2178470
"2021S051259090172","59090172",2181101
"2021S051259090374","59090374",2183732
"2021S051259090375","59090375",2186363
"2021S051259090376","59090376",2188994
"2021S051259090377","59090377",2191625
"2021S051259090378","59090378",2194256
"2021S051259090379","59090379",2196887
"2021S051259090380","59090380",2199518
"2021S051259090382","59090382",2202149
"2021S051259090383","59090383",2204780
"2021S051259090384","59090384",2207411
"2021S051259090385","59090385",2210042
"2021S051259090386","59090386",2212673
"2021S051259090387","59090387",2215304
"2021S051259090388","59090388",2217935
"2021S051259090390","59090390",2220566
"2021S051259090391","59090391",2223197
"2021S051259090392","59090392",2225828
"2021S051259090393","59090393",2228459
"2021S051259090394","59090394",2231090
"2021S051259090395","59090395",2233721
"2021S051259090396","59090396",2236352
"2021S051259090400","59090400",2238983
"2021S051259090401","59090401",2241614
"2021S051259090402","59090402",2244245
"2021S051259090403","59090403",2246876
"2021S051259090404","59090404",2249507
"2021S051259090424","59090424",2252138
"2021S051259090425","59090425",2254769
"2021S051259090428","59090428",2257400
"2021S051259090429","59090429",2260031
"2021S051259090439","59090439",2262662
"2021S051259090444","59090444",2265293
"2021S051259090446","59090446",2267924
"2021S051259090447","59090447",2270555
"2021S051259090717","59090717",2273186
"2021S051259090718","59090718",2275817
"2021S051259090719","59090719",2278448
"2021S051259090720","59090720",2281079
"2021S051259090721","59090721",2283710
"2021S051259090723","59090723",2286341
"2021S051259090724","59090724",2288972
"2021S051259090734","59090734",2291603
"2021S051259090735","59090735",2294234
"2021S051259090736","59090736",2296865
"2021S051259090738","59090738",2299496
"2021S051259090754","59090754",2302127
"2021S051259090755","59090755",2304758
"2021S051259090756","59090756",2307389
"2021S051259090757","59090757",2310020
"2021S051259090758","59090758",2312651
"2021S051259090759","59090759",2315282
"2021S051259090760","59090760",2317913
"2021S051259090761","59090761",2320544
"2021S051259090765","59090765",2323175
"2021S051259090782","59090782",2325806
"2021S051259090783","59090783",2328437
"2021S051259090786","59090786",2331068
"2021S051259090787","59090787",2333699
"2021S051259090791","59090791",2336330
"2021S051259090792","59090792",2338961
"2021S051259090793","59090793",2341592
"2021S051259090795","59090795",2344223
"2021S051259090799","59090799",2346854
"2021S051259090874","59090874",2349485
"2021S051259090875","59090875",2352116
"2021S051259090878","59090878",2354747
"2021S051259090882","59090882",2357378
"2021S051259090884","59090884",2360009
"2021S051259090885","59090885",2362640
"2021S051259090886","59090886",2365271
"2021S051259090888","59090888",2367902
"2021S051259090889","59090889",2370533
"2021S051259090890","59090890",2373164
"2021S051259090891","59090891",2375795
"2021S051259090892","59090892",2378426
"2021S051259090893","59090893",2381057
"2021S051259090894","59090894",2383688
"2021S051259090895","59090895",2386319
"2021S051259090896","59090896",2388950
"2021S051259090897","59090897",2391581
"2021S051259090898","59090898",2394212
"2021S051259090899","59090899",2396843
"2021S051259090901","59090901",2399474
"2021S051259090902","59090902",2402105
"2021S051259090903","59090903",2404736
"2021S051259090904","59090904",2407367
"2021S051259090905","59090905",2409998
"2021S051259090906","59090906",2412629
"2021S051259090907","59090907",2415260
"2021S051259090908","59090908",2417891
"2021S051259090909","59090909",2420522
"2021S051259090910","59090910",2423153
"2021S051259090911","59090911",2425784
"2021S051259090912","59090912",2428415
"2021S051259090913","59090913",2431046
"2021S051259090915","59090915",2433677
"2021S051259090916","59090916",2436308
"2021S051259090917","59090917",2438939
"2021S051259090918","59090918",2441570
"2021S051259090919","59090919",2444201
"2021S051259090920","59090920",2446832
"2021S051259090922","59090922",2449463
"2021S051259090923","59090923",2452094
"2021S051259090924","59090924",2454725
"2021S051259090925","59090925",2457356
"2021S051259090926","59090926",2459987
"2021S051259090927","59090927",2462618
"2021S051259090928","59090928",2465249
"2021S051259090929","59090929",2467880
"2021S051259090930","59090930",2470511
"2021S051259090931","59090931",2473142
"2021S051259090939","59090939",2475773
"2021S051259090941","59090941",2478404
"2021S051259090942","59090942",2481035
"2021S051259090943","59090943",2483666
"2021S051259090944","59090944",2486297
"2021S051259090945","59090945",2488928
"2021S051259090946","59090946",2491559
"2021S051259090947","59090947",2494190
"2021S051259090949","59090949",2496821
"2021S051259090955","59090955",2499452
"2021S051259090956","59090956",2502083
"2021S051259090957","59090957",2504714
"2021S051259090959","59090959",2507345
"2021S051259090961","59090961",2509976
"2021S051259090962","59090962",2512607
"2021S051259090963","59090963",2515238
"2021S051259090964","59090964",2517869
"2021S051259090965","59090965",2520500
"2021S051259090966","59090966",2523131
"2021S051259090967","59090967",2525762
"2021S051259090968","59090968",2528393
"2021S051259090975","59090975",2531024
"2021S051259090976","59090976",2533655
"2021A00055909056","Mission",2536286
"2021S051259090462","59090462",2538917
"2021S051259090464","59090464",2541548
"2021S051259090466","59090466",2544179
"2021S051259090467","59090467",2546810
"2021S051259090468","59090468",2549441
"2021S051259090469","59090469",2552072
"2021S051259090470","59090470",2554703
"2021S051259090471","59090471",2557334
"2021S051259090472","59090472",2559965
"2021S051259090473","59090473",2562596
"2021S051259090474","59090474",2565227
"2021S051259090475","59090475",2567858
"2021S051259090476","59090476",2570489
"2021S051259090477","59090477",2573120
"2021S051259090478","59090478",2575751
"2021S051259090479","59090479",2578382
"2021S051259090480","59090480",2581013
"2021S051259090481","59090481",2583644
"2021S051259090482","59090482",2586275
"2021S051259090483","59090483",2588906
"2021S051259090484","59090484",2591537
"2021S051259090485","59090485",2594168
"2021S051259090486","59090486",2596799
"2021S051259090487","59090487",2599430
"2021S051259090488","59090488",2602061
"2021S051259090489","59090489",2604692
"2021S051259090490","59090490",2607323
"2021S051259090491","59090491",2609954
"2021S051259090492","59090492",2612585
"2021S051259090493","59090493",2615216
"2021S051259090494","59090494",2617847
"2021S051259090495","59090495",2620478
"2021S051259090496","59090496",2623109
"2021S051259090497","59090497",2625740
"2021S051259090498","59090498",2628371
"2021S051259090499","59090499",2631002
"2021S051259090500","59090500",2633633
"2021S051259090501","59090501",2636264
"2021S051259090502","59090502",2638895
"2021S051259090503","59090503",2641526
"2021S051259090504","59090504",2644157
"2021S051259090505","59090505",2646788
"2021S051259090506","59090506",2649419
"2021S051259090507","59090507",2652050
"2021S051259090508","59090508",2654681
"2021S051259090509","59090509",2657312
"2021S051259090510","59090510",2659943
"2021S051259090513","59090513",2662574
"2021S051259090514","59090514",2665205
"2021S051259090515","59090515",2667836
"2021S051259090516","59090516",2670467
"2021S051259090517","59090517",2673098
"2021S051259090518","59090518",2675729
"2021S051259090519","59090519",2678360
"2021S051259090740","59090740",2680991
"2021S051259090741","59090741",2683622
"2021S051259090742","59090742",2686253
"2021S051259090743","59090743",2688884
"2021S051259090744","59090744",2691515
"2021S051259090745","59090745",2694146
"2021S051259090746","59090746",2696777
"2021S051259090747","59090747",2699408
"2021S051259090748","59090748",2702039
"2021S051259090749","59090749",2704670
"2021S051259090750","59090750",2707301
"2021S051259090751","59090751",2709932
"2021S051259090752","59090752",2712563
"2021S051259090753","59090753",2715194
"2021S051259090970","59090970",2717825
"2021S051259090972","59090972",2720456
"2021A00055909060","Fraser Valley F",2723087
"2021S051259090461","59090461",2725718
"2021S051259090520","59090520",2728349
"2021A00055909062","Fraser Valley G",2730980
"2021S051259090511","59090511",2733611
"2021S051259090512","59090512",2736242
"2021S051259090524","59090524",2738873
"2021S051259090807","59090807",2741504
"2021S051259090978","59090978",2744135
"2021S051259090979","59090979",2746766
"2021A00055909804","Chawathil 4",2749397
"2021S051259090623","59090623",2752028
"2021A00055909805","Inkahtsaph 6",2754659
"2021S051259090776","59090776",2757290
"2021A00055909806","Kopchitchin 2",2759921
"2021S051259090771","59090771",2762552
"2021A00055909807","Ohamil 1",2765183
"2021S051259090622","59090622",2767814
"2021A00055909808","Puckatholetchin 11",2770445
"2021S051259090626","59090626",2773076
"2021A00055909809","Saddle Rock 9",2775707
"2021S051259090631","59090631",2778338
"2021A00055909810","Lukseetsissum 9",2780969
"2021S051259090619","59090619",2783600
"2021A00055909812","Schkam 2",2786231
"2021S051259090640","59090640",2788862
"2021A00055909814","Skawahlook 1",2791493
"2021S051259090624","59090624",2794124
"2021A00055909815","Speyum 3",2796755
"2021S051259090775","59090775",2799386
"2021A00055909816","Spuzzum 1",2802017
"2021S051259090632","59090632",2804648
"2021A00055909817","Tuckkwiowhum 1",2807279
"2021S051259090780","59090780",2809910
"2021A00055909818","Yale Town 1",2812541
"2021S051259090629","59090629",2815172
"2021A00055909819","Kahmoose 4",2817803
"2021S051259090774","59090774",2820434
"2021A00055909821","Kwawkwawapilt 6",2823065
"2021S051259090872","59090872",2825696
"2021S051259090873","59090873",2828327
"2021A00055909824","Skwah 4",2830958
"2021S051259090591","59090591",2833589
"2021A00055909825","Skwali 3",2836220
"2021S051259090590","59090590",2838851
"2021A00055909826","Skway 5",2841482
"2021S051259090528","59090528",2844113
"2021A00055909827","Soowahlie 14",2846744
"2021S051259090731","59090731",2849375
"2021A00055909830","Tzeachten 13",2852006
"2021S051259090833","59090833",2854637
"2021S051259090834","59090834",2857268
"2021S051259090870","59090870",2859899
"2021S051259090871","59090871",2862530
"2021A00055909831","Yakweakwioose 12",2865161
"2021S051259090699","59090699",2867792
"2021A00055909832","Seabird Island",2870423
"2021S051259090611","59090611",2873054
"2021A00055909833","Scowlitz 1",2875685
"2021S051259090618","59090618",2878316
"2021A00055909834","Tseatah 2",2880947
"2021S051259090604","59090604",2883578
"2021A00055909835","Aitchelitch 9",2886209
"2021S051259090706","59090706",2888840
"2021A00055909836","Boston Bar 1A",2891471
"2021S051259090781","59090781",2894102
"2021A00055909837","Cheam 1",2896733
"2021S051259090599","59090599",2899364
"2021A00055909838","Schelowat 1",2901995
"2021S051259090595","59090595",2904626
"2021A00055909839","Chehalis 5",2907257
"2021S051259090451","59090451",2909888
"2021A00055909841","Stullawheets 8",2912519
"2021S051259090627","59090627",2915150
"2021A00055909842","Douglas 8",2917781
"2021S051259090456","59090456",2920412
"2021A00055909843","Peters 1",2923043
"2021S051259090634","59090634",2925674
"2021S051259090635","59090635",2928305
"2021A00055909844","Popkum 1",2930936
"2021S051259090602","59090602",2933567
"2021A00055909845","Skookumchuck 4",2936198
"2021S051259090453","59090453",2938829
"2021A00055909847","Bucktum 4",2941460
"2021S051259090772","59090772",2944091
"2021A00055909848","Tipella 7",2946722
"2021S051259090457","59090457",2949353
"2021A00055909850","Boothroyd 13",2951984
"2021S051259090811","59090811",2954615
"2021A00055909851","Ruby Creek 2",2957246
"2021S051259090620","59090620",2959877
"2021A00055909852","Paqulh",2962508
"2021S051259090449","59090449",2965139
"2021A00055909856","Langley 2",2967770
"2021S051259090969","59090969",2970401
"2021A00055909875","Q'alatkú7em",2973032
"2021S051259090460","59090460",2975663
"2021A00055909876","Albert Flat 5",2978294
"2021S051259090633","59090633",2980925
"2021A00055909877","Upper Sumas 6",2983556
"2021S051259090722","59090722",2986187
"2021A00055909878","Matsqui Main 2",2988818
"2021S051259090739","59090739",2991449
"2021A00055909879","Holachten 8",2994080
"2021S051259090525","59090525",2996711
"2021A00055909880","Lakahahmen 11",2999342
"2021S051259090980","59090980",3001973
"2021A00055909881","Skweahm 10",3004604
"2021S051259090523","59090523",3007235
"2021A00055909882","Squawkum Creek 3",3009866
"2021S051259090452","59090452",3012497
"2021A00055909883","Sachteen",3015128
"2021S051259090454","59090454",3017759
"2021S051259090455","59090455",3020390
"2021A00055909884","Skowkale",3023021
"2021S051259090700","59090700",3025652
"2021S051259090701","59090701",3028283
"2021A00055909885","Squiaala",3030914
"2021S051259090527","59090527",3033545
"2021S051259090705","59090705",3036176
"2021A00035915","Greater Vancouver",3038807
"2021A00055915001","Langley",3041438
"2021S051259152360","59152360",3044069
"2021S051259152361","59152361",3046700
"2021S051259152362","59152362",3049331
"2021S051259152363","59152363",3051962
"2021S051259152364","59152364",3054593
"2021S051259152365","59152365",3057224
"2021S051259152366","59152366",3059855
"2021S051259152367","59152367",3062486
"2021S051259152368","59152368",3065117
"2021S051259152369","59152369",3067748
"2021S051259152370","59152370",3070379
"2021S051259152371","59152371",3073010
"2021S051259152372","59152372",3075641
"2021S051259152373","59152373",3078272
"2021S051259152374","59152374",3080903
"2021S051259152375","59152375",3083534
"2021S051259152377","59152377",3086165
"2021S051259152380","59152380",3088796
"2021S051259152381","59152381",3091427
"2021S051259152395","59152395",3094058
"2021S051259152396","59152396",3096689
"2021S051259152397","59152397",3099320
"2021S051259152398","59152398",3101951
"2021S051259152399","59152399",3104582
"2021S051259152403","59152403",3107213
"2021S051259152407","59152407",3109844
"2021S051259152408","59152408",3112475
"2021S051259152409","59152409",3115106
"2021S051259152410","59152410",3117737
"2021S051259152411","59152411",3120368
"2021S051259152414","59152414",3122999
"2021S051259152415","59152415",3125630
"2021S051259152416","59152416",3128261
"2021S051259152417","59152417",3130892
"2021S051259152418","59152418",3133523
"2021S051259152419","59152419",3136154
"2021S051259152420","59152420",3138785
"2021S051259152421","59152421",3141416
"2021S051259152422","59152422",3144047
"2021S051259152423","59152423",3146678
"2021S051259152424","59152424",3149309
"2021S051259152425","59152425",3151940
"2021S051259152431","59152431",3154571
"2021S051259152432","59152432",3157202
"2021S051259152434","59152434",3159833
"2021S051259152491","59152491",3162464
"2021S051259152492","59152492",3165095
"2021S051259152494","59152494",3167726
"2021S051259152495","59152495",3170357
"2021S051259152496","59152496",3172988
"2021S051259152497","59152497",3175619
"2021S051259152498","59152498",3178250
"2021S051259152499","59152499",3180881
"2021S051259152500","59152500",3183512
"2021S051259152501","59152501",3186143
"2021S051259152502","59152502",3188774
"2021S051259152507","59152507",3191405
"2021S051259152510","59152510",3194036
"2021S051259152511","59152511",3196667
"2021S051259152512","59152512",3199298
"2021S051259152514","59152514",3201929
"2021S051259152515","59152515",3204560
"2021S051259152516","59152516",3207191
"2021S051259152517","59152517",3209822
"2021S051259152518","59152518",3212453
"2021S051259152519","59152519",3215084
"2021S051259152520","59152520",3217715
"2021S051259152523","59152523",3220346
"2021S051259152524","59152524",3222977
"2021S051259152531","59152531",3225608
"2021S051259152559","59152559",3228239
"2021S051259152560","59152560",3230870
"2021S051259152561","59152561",3233501
"2021S051259152562","59152562",3236132
"2021S051259152563","59152563",3238763
"2021S051259152564","59152564",3241394
"2021S051259152566","59152566",3244025
"2021S051259152567","59152567",3246656
"2021S051259152568","59152568",3249287
"2021S051259152569","59152569",3251918
"2021S051259152570","59152570",3254549
"2021S051259152571","59152571",3257180
"2021S051259152777","59152777",3259811
"2021S051259152778","59152778",3262442
"2021S051259153403","59153403",3265073
"2021S051259153432","59153432",3267704
"2021S051259153433","59153433",3270335
"2021S051259153435","59153435",3272966
"2021S051259153436","59153436",3275597
"2021S051259153437","59153437",3278228
"2021S051259153438","59153438",3280859
"2021S051259153439","59153439",3283490
"2021S051259153459","59153459",3286121
"2021S051259153460","59153460",3288752
"2021S051259153541","59153541",3291383
"2021S051259153542","59153542",3294014
"2021S051259153543","59153543",3296645
"2021S051259153547","59153547",3299276
"2021S051259153756","59153756",3301907
"2021S051259153757","59153757",3304538
"2021S051259153758","59153758",3307169
"2021S051259153762","59153762",3309800
"2021S051259153763","59153763",3312431
"2021S051259153764","59153764",3315062
"2021S051259153765","59153765",3317693
"2021S051259153766","59153766",3320324
"2021S051259153767","59153767",3322955
"2021S051259153768","59153768",3325586
"2021S051259153769","59153769",3328217
"2021S051259153770","59153770",3330848
"2021S051259153771","59153771",3333479
"2021S051259153772","59153772",3336110
"2021S051259153773","59153773",3338741
"2021S051259153774","59153774",3341372
"2021S051259153775","59153775",3344003
"2021S051259153776","59153776",3346634
"2021S051259153777","59153777",3349265
"2021S051259153778","59153778",3351896
"2021S051259153779","59153779",3354527
"2021S051259153780","59153780",3357158
"2021S051259153781","59153781",3359789
"2021S051259153782","59153782",3362420
"2021S051259153783","59153783",3365051
"2021S051259153784","59153784",3367682
"2021S051259153785","59153785",3370313
"2021S051259153786","59153786",3372944
"2021S051259153788","59153788",3375575
"2021S051259153789","59153789",3378206
"2021S051259153790","59153790",3380837
"2021S051259153791","59153791",3383468
"2021S051259153792","59153792",3386099
"2021S051259153854","59153854",3388730
"2021S051259153856","59153856",3391361
"2021S051259153857","59153857",3393992
"2021S051259153858","59153858",3396623
"2021S051259153859","59153859",3399254
"2021S051259153860","59153860",3401885
"2021S051259153861","59153861",3404516
"2021S051259153862","59153862",3407147
"2021S051259153864","59153864",3409778
"2021S051259153866","59153866",3412409
"2021S051259153867","59153867",3415040
"2021S051259153868","59153868",3417671
"2021S051259153869","59153869",3420302
"2021S051259153870","59153870",3422933
"2021S051259153871","59153871",3425564
"2021S051259153872","59153872",3428195
"2021S051259153873","59153873",3430826
"2021S051259153874","59153874",3433457
"2021S051259153875","59153875",3436088
"2021S051259153876","59153876",3438719
"2021S051259153877","59153877",3441350
"2021S051259153940","59153940",3443981
"2021S051259153941","59153941",3446612
"2021S051259153942","59153942",3449243
"2021S051259153943","59153943",3451874
"2021S051259153944","59153944",3454505
"2021S051259154058","59154058",3457136
"2021S051259154059","59154059",3459767
"2021S051259154060","59154060",3462398
"2021S051259154062","59154062",3465029
"2021S051259154063","59154063",3467660
"2021S051259154064","59154064",3470291
"2021A00055915002","Langley",3472922
"2021S051259152341","59152341",3475553
"2021S051259152342","59152342",3478184
"2021S051259152343","59152343",3480815
"2021S051259152344","59152344",3483446
"2021S051259152345","59152345",3486077
"2021S051259152346","59152346",3488708
"2021S051259152347","59152347",3491339
"2021S051259152348","59152348",3493970
"2021S051259152350","59152350",3496601
"2021S051259152351","59152351",3499232
"2021S051259152352","59152352",3501863
"2021S051259152353","59152353",3504494
"2021S051259152354","59152354",3507125
"2021S051259152355","59152355",3509756
"2021S051259152356","59152356",3512387
"2021S051259152357","59152357",3515018
"2021S051259152358","59152358",3517649
"2021S051259152359","59152359",3520280
"2021S051259152382","59152382",3522911
"2021S051259152383","59152383",3525542
"2021S051259152384","59152384",3528173
"2021S051259152385","59152385",3530804
"2021S051259152386","59152386",3533435
"2021S051259152387","59152387",3536066
"2021S051259152388","59152388",3538697
"2021S051259152389","59152389",3541328
"2021S051259152390","59152390",3543959
"2021S051259152391","59152391",3546590
"2021S051259152392","59152392",3549221
"2021S051259152393","59152393",3551852
"2021S051259152394","59152394",3554483
"2021S051259152779","59152779",3557114
"2021S051259152780","59152780",3559745
"2021S051259152781","59152781",3562376
"2021S051259152782","59152782",3565007
"2021S051259152783","59152783",3567638
"2021S051259152784","59152784",3570269
"2021S051259152785","59152785",3572900
"2021S051259153545","59153545",3575531
"2021S051259153546","59153546",3578162
"2021A00055915004","Surrey",3580793
"2021S051259151838","59151838",3583424
"2021S051259151839","59151839",3586055
"2021S051259151840","59151840",3588686
"2021S051259151841","59151841",3591317
"2021S051259151842","59151842",3593948
"2021S051259151843","59151843",3596579
"2021S051259151844","59151844",3599210
"2021S051259151845","59151845",3601841
"2021S051259151846","59151846",3604472
"2021S051259151847","59151847",3607103
"2021S051259151848","59151848",3609734
"2021S051259151849","59151849",3612365
"2021S051259151850","59151850",3614996
"2021S051259151851","59151851",3617627
"2021S051259151852","59151852",3620258
"2021S051259151853","59151853",3622889
"2021S051259151854","59151854",3625520
"2021S051259151855","59151855",3628151
"2021S051259151857","59151857",3630782
"2021S051259151858","59151858",3633413
"2021S051259151860","59151860",3636044
"2021S051259151862","59151862",3638675
"2021S051259151865","59151865",3641306
"2021S051259151866","59151866",3643937
"2021S051259151871","59151871",3646568
"2021S051259151872","59151872",3649199
"2021S051259151873","59151873",3651830
"2021S051259151874","59151874",3654461
"2021S051259151880","59151880",3657092
"2021S051259151881","59151881",3659723
"2021S051259151882","59151882",3662354
"2021S051259151883","59151883",3664985
"2021S051259151884","59151884",3667616
"2021S051259151885","59151885",3670247
"2021S051259151886","59151886",3672878
"2021S051259151887","59151887",3675509
"2021S051259151888","59151888",3678140
"2021S051259151889","59151889",3680771
"2021S051259151890","59151890",3683402
"2021S051259151891","59151891",3686033
"2021S051259151892","59151892",3688664
"2021S051259151893","59151893",3691295
"2021S051259151897","59151897",3693926
"2021S051259151898","59151898",3696557
"2021S051259151899","59151899",3699188
"2021S051259151900","59151900",3701819
"2021S051259151901","59151901",3704450
"2021S051259151902","59151902",3707081
"2021S051259151903","59151903",3709712
"2021S051259151904","59151904",3712343
"2021S051259151905","59151905",3714974
"2021S051259151906","59151906",3717605
"2021S051259151907","59151907",3720236
"2021S051259151908","59151908",3722867
"2021S051259151909","59151909",3725498
"2021S051259151910","59151910",3728129
"2021S051259151911","59151911",3730760
"2021S051259151912","59151912",3733391
"2021S051259151913","59151913",3736022
"2021S051259151914","59151914",3738653
"2021S051259151915","59151915",3741284
"2021S051259151916","59151916",3743915
"2021S051259151917","59151917",3746546
"2021S051259151918","59151918",3749177
"2021S051259151919","59151919",3751808
"2021S051259151920","59151920",3754439
"2021S051259151921","59151921",3757070
"2021S051259151922","59151922",3759701
"2021S051259151923","59151923",3762332
"2021S051259151924","59151924",3764963
"2021S051259151925","59151925",3767594
"2021S051259151926","59151926",3770225
"2021S051259151927","59151927",3772856
"2021S051259151929","59151929",3775487
"2021S051259151931","59151931",3778118
"2021S051259151932","59151932",3780749
"2021S051259151933","59151933",3783380
"2021S051259151934","59151934",3786011
"2021S051259151935","59151935",3788642
"2021S051259151936","59151936",3791273
"2021S051259151937","59151937",3793904
"2021S051259151938","59151938",3796535
"2021S051259151939","59151939",3799166
"2021S051259151940","59151940",3801797
"2021S051259151941","59151941",3804428
"2021S051259151942","59151942",3807059
"2021S051259151943","59151943",3809690
"2021S051259151944","59151944",3812321
"2021S051259151945","59151945",3814952
"2021S051259151948","59151948",3817583
"2021S051259151950","59151950",3820214
"2021S051259151951","59151951",3822845
"2021S051259151952","59151952",3825476
"2021S051259151955","59151955",3828107
"2021S051259151956","59151956",3830738
"2021S051259151957","59151957",3833369
"2021S051259151958","59151958",3836000
"2021S051259151959","59151959",3838631
"2021S051259151960","59151960",3841262
"2021S051259151961","59151961",3843893
"2021S051259151962","59151962",3846524
"2021S051259151963","59151963",3849155
"2021S051259151964","59151964",3851786
"2021S051259151965","59151965",3854417
"2021S051259151968","59151968",3857048
"2021S051259151969","59151969",3859679
"2021S051259151970","59151970",3862310
"2021S051259151971","59151971",3864941
"2021S051259151972","59151972",3867572
"2021S051259151973","59151973",3870203
"2021S051259151974","59151974",3872834
"2021S051259151975","59151975",3875465
"2021S051259151978","59151978",3878096
"2021S051259151979","59151979",3880727
"2021S051259151980","59151980",3883358
"2021S051259151986","59151986",3885989
"2021S051259151987","59151987",3888620
"2021S051259151988","59151988",3891251
"2021S051259151989","59151989",3893882
"2021S051259151990","59151990",3896513
"2021S051259151991","59151991",3899144
"2021S051259151992","59151992",3901775
"2021S051259151993","59151993",3904406
"2021S051259151994","59151994",3907037
"2021S051259151995","59151995",3909668
"2021S051259151997","59151997",3912299
"2021S051259152000","59152000",3914930
"2021S051259152001","59152001",3917561
"2021S051259152004","59152004",3920192
"2021S051259152005","59152005",3922823
"2021S051259152006","59152006",3925454
"2021S051259152007","59152007",3928085
"2021S051259152008","59152008",3930716
"2021S051259152009","59152009",3933347
"2021S051259152010","59152010",3935978
"2021S051259152011","59152011",3938609
"2021S051259152012","59152012",3941240
"2021S051259152013","59152013",3943871
"2021S051259152014","59152014",3946502
"2021S051259152015","59152015",3949133
"2021S051259152016","59152016",3951764
"2021S051259152017","59152017",3954395
"2021S051259152018","59152018",3957026
"2021S051259152019","59152019",3959657
"2021S051259152021","59152021",3962288
"2021S051259152022","59152022",3964919
"2021S051259152024","59152024",3967550
"2021S051259152025","59152025",3970181
"2021S051259152027","59152027",3972812
"2021S051259152028","59152028",3975443
"2021S051259152029","59152029",3978074
"2021S051259152030","59152030",3980705
"2021S051259152032","59152032",3983336
"2021S051259152033","59152033",3985967
"2021S051259152034","59152034",3988598
"2021S051259152035","59152035",3991229
"2021S051259152036","59152036",3993860
"2021S051259152037","59152037",3996491
"2021S051259152040","59152040",3999122
"2021S051259152041","59152041",4001753
"2021S051259152042","59152042",4004384
"2021S051259152043","59152043",4007015
"2021S051259152044","59152044",4009646
"2021S051259152046","59152046",4012277
"2021S051259152047","59152047",4014908
"2021S051259152048","59152048",4017539
"2021S051259152049","59152049",4020170
"2021S051259152050","59152050",4022801
"2021S051259152051","59152051",4025432
"2021S051259152052","59152052",4028063
"2021S051259152053","59152053",4030694
"2021S051259152054","59152054",4033325
"2021S051259152055","59152055",4035956
"2021S051259152056","59152056",4038587
"2021S051259152057","59152057",4041218
"2021S051259152058","59152058",4043849
"2021S051259152059","59152059",4046480
"2021S051259152060","59152060",4049111
"2021S051259152061","59152061",4051742
"2021S051259152062","59152062",4054373
"2021S051259152063","59152063",4057004
"2021S051259152065","59152065",4059635
"2021S051259152067","59152067",4062266
"2021S051259152068","59152068",4064897
"2021S051259152070","59152070",4067528
"2021S051259152071","59152071",4070159
"2021S051259152072","59152072",4072790
"2021S051259152073","59152073",4075421
"2021S051259152074","59152074",4078052
"2021S051259152075","59152075",4080683
"2021S051259152076","59152076",4083314
"2021S051259152077","59152077",4085945
"2021S051259152078","59152078",4088576
"2021S051259152079","59152079",4091207
"2021S051259152080","59152080",4093838
"2021S051259152081","59152081",4096469
"2021S051259152082","59152082",4099100
"2021S051259152094","59152094",4101731
"2021S051259152095","59152095",4104362
"2021S051259152096","59152096",4106993
"2021S051259152097","59152097",4109624
"2021S051259152100","59152100",4112255
"2021S051259152101","59152101",4114886
"2021S051259152102","59152102",4117517
"2021S051259152104","59152104",4120148
"2021S051259152105","59152105",4122779
"2021S051259152106","59152106",4125410
"2021S051259152107","59152107",4128041
"2021S051259152119","59152119",4130672
"2021S051259152120","59152120",4133303
"2021S051259152121","59152121",4135934
"2021S051259152171","59152171",4138565
"2021S051259152172","59152172",4141196
"2021S051259152173","59152173",4143827
"2021S051259152174","59152174",4146458
"2021S051259152175","59152175",4149089
"2021S051259152177","59152177",4151720
"2021S051259152178","59152178",4154351
"2021S051259152179","59152179",4156982
"2021S051259152180","59152180",4159613
"2021S051259152181","59152181",4162244
"2021S051259152182","59152182",4164875
"2021S051259152183","59152183",4167506
"2021S051259152184","59152184",4170137
"2021S051259152185","59152185",4172768
"2021S051259152186","59152186",4175399
"2021S051259152187","59152187",4178030
"2021S051259152188","59152188",4180661
"2021S051259152189","59152189",4183292
"2021S051259152190","59152190",4185923
"2021S051259152191","59152191",4188554
"2021S051259152192","59152192",4191185
"2021S051259152193","59152193",4193816
"2021S051259152194","59152194",4196447
"2021S051259152195","59152195",4199078
"2021S051259152196","59152196",4201709
"2021S051259152197","59152197",4204340
"2021S051259152198","59152198",4206971
"2021S051259152199","59152199",4209602
"2021S051259152200","59152200",4212233
"2021S051259152202","59152202",4214864
"2021S051259152203","59152203",4217495
"2021S051259152204","59152204",4220126
"2021S051259152205","59152205",4222757
"2021S051259152206","59152206",4225388
"2021S051259152207","59152207",4228019
"2021S051259152208","59152208",4230650
"2021S051259152209","59152209",4233281
"2021S051259152210","59152210",4235912
"2021S051259152211","59152211",4238543
"2021S051259152212","59152212",4241174
"2021S051259152213","59152213",4243805
"2021S051259152214","59152214",4246436
"2021S051259152217","59152217",4249067
"2021S051259152218","59152218",4251698
"2021S051259152219","59152219",4254329
"2021S051259152220","59152220",4256960
"2021S051259152224","59152224",4259591
"2021S051259152225","59152225",4262222
"2021S051259152226","59152226",4264853
"2021S051259152227","59152227",4267484
"2021S051259152228","59152228",4270115
"2021S051259152229","59152229",4272746
"2021S051259152230","59152230",4275377
"2021S051259152231","59152231",4278008
"2021S051259152232","59152232",4280639
"2021S051259152233","59152233",4283270
"2021S051259152234","59152234",4285901
"2021S051259152235","59152235",4288532
"2021S051259152236","59152236",4291163
"2021S051259152237","59152237",4293794
"2021S051259152238","59152238",4296425
"2021S051259152239","59152239",4299056
"2021S051259152240","59152240",4301687
"2021S051259152241","59152241",4304318
"2021S051259152242","59152242",4306949
"2021S051259152243","59152243",4309580
"2021S051259152244","59152244",4312211
"2021S051259152245","59152245",4314842
"2021S051259152246","59152246",4317473
"2021S051259152247","59152247",4320104
"2021S051259152248","59152248",4322735
"2021S051259152249","59152249",4325366
"2021S051259152250","59152250",4327997
"2021S051259152251","59152251",4330628
"2021S051259152253","59152253",4333259
"2021S051259152254","59152254",4335890
"2021S051259152255","59152255",4338521
"2021S051259152276","59152276",4341152
"2021S051259152277","59152277",4343783
"2021S051259152278","59152278",4346414
"2021S051259152279","59152279",4349045
"2021S051259152280","59152280",4351676
"2021S051259152281","59152281",4354307
"2021S051259152282","59152282",4356938
"2021S051259152283","59152283",4359569
"2021S051259152284","59152284",4362200
"2021S051259152286","59152286",4364831
"2021S051259152288","59152288",4367462
"2021S051259152289","59152289",4370093
"2021S051259152291","59152291",4372724
"2021S051259152292","59152292",4375355
"2021S051259152294","59152294",4377986
"2021S051259152299","59152299",4380617
"2021S051259152300","59152300",4383248
"2021S051259152302","59152302",4385879
"2021S051259152303","59152303",4388510
"2021S051259152304","59152304",4391141
"2021S051259152305","59152305",4393772
"2021S051259152306","59152306",4396403
"2021S051259152307","59152307",4399034
"2021S051259152308","59152308",4401665
"2021S051259152309","59152309",4404296
"2021S051259152313","59152313",4406927
"2021S051259152314","59152314",4409558
"2021S051259152315","59152315",4412189
"2021S051259152316","59152316",4414820
"2021S051259152317","59152317",4417451
"2021S051259152318","59152318",4420082
"2021S051259152319","59152319",4422713
"2021S051259152320","59152320",4425344
"2021S051259152321","59152321",4427975
"2021S051259152322","59152322",4430606
"2021S051259152323","59152323",4433237
"2021S051259152324","59152324",4435868
"2021S051259152325","59152325",4438499
"2021S051259152326","59152326",4441130
"2021S051259152327","59152327",4443761
"2021S051259152328","59152328",4446392
"2021S051259152329","59152329",4449023
"2021S051259152330","59152330",4451654
"2021S051259152331","59152331",4454285
"2021S051259152332","59152332",4456916
"2021S051259152333","59152333",4459547
"2021S051259152334","59152334",4462178
"2021S051259152335","59152335",4464809
"2021S051259152336","59152336",4467440
"2021S051259152337","59152337",4470071
"2021S051259152338","59152338",4472702
"2021S051259152339","59152339",4475333
"2021S051259152340","59152340",4477964
"2021S051259152572","59152572",4480595
"2021S051259152574","59152574",4483226
"2021S051259152578","59152578",4485857
"2021S051259152580","59152580",4488488
"2021S051259152599","59152599",4491119
"2021S051259152600","59152600",4493750
"2021S051259152601","59152601",4496381
"2021S051259152602","59152602",4499012
"2021S051259152603","59152603",4501643
"2021S051259152604","59152604",4504274
"2021S051259152607","59152607",4506905
"2021S051259152609","59152609",4509536
"2021S051259152610","59152610",4512167
"2021S051259152611","59152611",4514798
"2021S051259152612","59152612",4517429
"2021S051259152613","59152613",4520060
"2021S051259152614","59152614",4522691
"2021S051259152615","59152615",4525322
"2021S051259152616","59152616",4527953
"2021S051259152617","59152617",4530584
"2021S051259152618","59152618",4533215
"2021S051259152619","59152619",4535846
"2021S051259152620","59152620",4538477
"2021S051259152621","59152621",4541108
"2021S051259152631","59152631",4543739
"2021S051259152632","59152632",4546370
"2021S051259152633","59152633",4549001
"2021S051259152634","59152634",4551632
"2021S051259152635","59152635",4554263
"2021S051259152636","59152636",4556894
"2021S051259152637","59152637",4559525
"2021S051259152638","59152638",4562156
"2021S051259152640","59152640",4564787
"2021S051259152641","59152641",4567418
"2021S051259152642","59152642",4570049
"2021S051259152643","59152643",4572680
"2021S051259152644","59152644",4575311
"2021S051259152645","59152645",4577942
"2021S051259152646","59152646",4580573
"2021S051259152647","59152647",4583204
"2021S051259152648","59152648",4585835
"2021S051259152650","59152650",4588466
"2021S051259152651","59152651",4591097
"2021S051259152652","59152652",4593728
"2021S051259152653","59152653",4596359
"2021S051259152654","59152654",4598990
"2021S051259152655","59152655",4601621
"2021S051259152657","59152657",4604252
"2021S051259152658","59152658",4606883
"2021S051259152659","59152659",4609514
"2021S051259152660","59152660",4612145
"2021S051259152661","59152661",4614776
"2021S051259152662","59152662",4617407
"2021S051259152667","59152667",4620038
"2021S051259152668","59152668",4622669
"2021S051259152669","59152669",4625300
"2021S051259152670","59152670",4627931
"2021S051259152672","59152672",4630562
"2021S051259152674","59152674",4633193
"2021S051259152675","59152675",4635824
"2021S051259152676","59152676",4638455
"2021S051259152681","59152681",4641086
"2021S051259152684","59152684",4643717
"2021S051259152689","59152689",4646348
"2021S051259152690","59152690",4648979
"2021S051259152692","59152692",4651610
"2021S051259152793","59152793",4654241
"2021S051259152795","59152795",4656872
"2021S051259152796","59152796",4659503
"2021S051259152799","59152799",4662134
"2021S051259152800","59152800",4664765
"2021S051259152801","59152801",4667396
"2021S051259152802","59152802",4670027
"2021S051259152803","59152803",4672658
"2021S051259152804","59152804",4675289
"2021S051259152805","59152805",4677920
"2021S051259152806","59152806",4680551
"2021S051259152809","59152809",4683182
"2021S051259152810","59152810",4685813
"2021S051259152964","59152964",4688444
"2021S051259152965","59152965",4691075
"2021S051259152966","59152966",4693706
"2021S051259152967","59152967",4696337
"2021S051259152968","59152968",4698968
"2021S051259152969","59152969",4701599
"2021S051259153033","59153033",4704230
"2021S051259153034","59153034",4706861
"2021S051259153035","59153035",4709492
"2021S051259153036","59153036",4712123
"2021S051259153361","59153361",4714754
"2021S051259153362","59153362",4717385
"2021S051259153367","59153367",4720016
"2021S051259153375","59153375",4722647
"2021S051259153376","59153376",4725278
"2021S051259153386","59153386",4727909
"2021S051259153388","59153388",4730540
"2021S051259153389","59153389",4733171
"2021S051259153390","59153390",4735802
"2021S051259153401","59153401",4738433
"2021S051259153419","59153419",4741064
"2021S051259153420","59153420",4743695
"2021S051259153421","59153421",4746326
"2021S051259153422","59153422",4748957
"2021S051259153423","59153423",4751588
"2021S051259153424","59153424",4754219
"2021S051259153425","59153425",4756850
"2021S051259153426","59153426",4759481
"2021S051259153429","59153429",4762112
"2021S051259153430","59153430",4764743
"2021S051259153431","59153431",4767374
"2021S051259153445","59153445",4770005
"2021S051259153454","59153454",4772636
"2021S051259153455","59153455",4775267
"2021S051259153503","59153503",4777898
"2021S051259153504","59153504",4780529
"2021S051259153506","59153506",4783160
"2021S051259153507","59153507",4785791
"2021S051259153508","59153508",4788422
"2021S051259153511","59153511",4791053
"2021S051259153515","59153515",4793684
"2021S051259153517","59153517",4796315
"2021S051259153518","59153518",4798946
"2021S051259153519","59153519",4801577
"2021S051259153520","59153520",4804208
"2021S051259153521","59153521",4806839
"2021S051259153531","59153531",4809470
"2021S051259153532","59153532",4812101
"2021S051259153535","59153535",4814732
"2021S051259153557","59153557",4817363
"2021S051259153558","59153558",4819994
"2021S051259153563","59153563",4822625
"2021S051259153710","59153710",4825256
"2021S051259153711","59153711",4827887
"2021S051259153712","59153712",4830518
"2021S051259153713","59153713",4833149
"2021S051259153714","59153714",4835780
"2021S051259153715","59153715",4838411
"2021S051259153716","59153716",4841042
"2021S051259153717","59153717",4843673
"2021S051259153718","59153718",4846304
"2021S051259153719","59153719",4848935
"2021S051259153720","59153720",4851566
"2021S051259153721","59153721",4854197
"2021S051259153722","59153722",4856828
"2021S051259153723","59153723",4859459
"2021S051259153724","59153724",4862090
"2021S051259153725","59153725",4864721
"2021S051259153733","59153733",4867352
"2021S051259153734","59153734",4869983
"2021S051259153737","59153737",4872614
"2021S051259153738","59153738",4875245
"2021S051259153739","59153739",4877876
"2021S051259153742","59153742",4880507
"2021S051259153743","59153743",4883138
"2021S051259153893","59153893",4885769
"2021S051259153894","59153894",4888400
"2021S051259153895","59153895",4891031
"2021S051259153896","59153896",4893662
"2021S051259153897","59153897",4896293
"2021S051259153898","59153898",4898924
"2021S051259153899","59153899",4901555
"2021S051259153901","59153901",4904186
"2021S051259153902","59153902",4906817
"2021S051259153903","59153903",4909448
"2021S051259153904","59153904",4912079
"2021S051259153905","59153905",4914710
"2021S051259153906","59153906",4917341
"2021S051259153907","59153907",4919972
"2021S051259153908","59153908",4922603
"2021S051259153909","59153909",4925234
"2021S051259153910","59153910",4927865
"2021S051259153911","59153911",4930496
"2021S051259153912","59153912",4933127
"2021S051259153913","59153913",4935758
"2021S051259153914","59153914",4938389
"2021S051259153915","59153915",4941020
"2021S051259153916","59153916",4943651
"2021S051259153917","59153917",4946282
"2021S051259153918","59153918",4948913
"2021S051259153919","59153919",4951544
"2021S051259153920","59153920",4954175
"2021S051259153925","59153925",4956806
"2021S051259153926","59153926",4959437
"2021S051259153927","59153927",4962068
"2021S051259153928","59153928",4964699
"2021S051259153929","59153929",4967330
"2021S051259153930","59153930",4969961
"2021S051259153931","59153931",4972592
"2021S051259153932","59153932",4975223
"2021S051259153935","59153935",4977854
"2021S051259153936","59153936",4980485
"2021S051259153937","59153937",4983116
"2021S051259154010","59154010",4985747
"2021S051259154022","59154022",4988378
"2021S051259154023","59154023",4991009
"2021S051259154025","59154025",4993640
"2021S051259154201","59154201",4996271
"2021S051259154202","59154202",4998902
"2021S051259154203","59154203",5001533
"2021S051259154204","59154204",5004164
"2021S051259154205","59154205",5006795
"2021S051259154206","59154206",5009426
"2021S051259154207","59154207",5012057
"2021S051259154208","59154208",5014688
"2021S051259154209","59154209",5017319
"2021S051259154210","59154210",5019950
"2021S051259154211","59154211",5022581
"2021S051259154212","59154212",5025212
"2021S051259154213","59154213",5027843
"2021S051259154214","59154214",5030474
"2021S051259154216","59154216",5033105
"2021S051259154217","59154217",5035736
"2021S051259154218","59154218",5038367
"2021S051259154220","59154220",5040998
"2021S051259154221","59154221",5043629
"2021S051259154222","59154222",5046260
"2021S051259154223","59154223",5048891
"2021S051259154224","59154224",5051522
"2021S051259154225","59154225",5054153
"2021S051259154226","59154226",5056784
"2021S051259154227","59154227",5059415
"2021S051259154228","59154228",5062046
"2021S051259154229","59154229",5064677
"2021S051259154230","59154230",5067308
"2021S051259154231","59154231",5069939
"2021S051259154237","59154237",5072570
"2021S051259154238","59154238",5075201
"2021S051259154239","59154239",5077832
"2021S051259154240","59154240",5080463
"2021S051259154241","59154241",5083094
"2021S051259154242","59154242",5085725
"2021S051259154243","59154243",5088356
"2021S051259154244","59154244",5090987
"2021S051259154245","59154245",5093618
"2021S051259154246","59154246",5096249
"2021S051259154247","59154247",5098880
"2021S051259154248","59154248",5101511
"2021S051259154249","59154249",5104142
"2021S051259154250","59154250",5106773
"2021S051259154251","59154251",5109404
"2021S051259154252","59154252",5112035
"2021S051259154253","59154253",5114666
"2021S051259154254","59154254",5117297
"2021S051259154255","59154255",5119928
"2021S051259154256","59154256",5122559
"2021S051259154257","59154257",5125190
"2021S051259154258","59154258",5127821
"2021S051259154259","59154259",5130452
"2021S051259154260","59154260",5133083
"2021S051259154261","59154261",5135714
"2021S051259154262","59154262",5138345
"2021S051259154263","59154263",5140976
"2021S051259154264","59154264",5143607
"2021S051259154265","59154265",5146238
"2021S051259154266","59154266",5148869
"2021S051259154267","59154267",5151500
"2021S051259154268","59154268",5154131
"2021S051259154269","59154269",5156762
"2021S051259154270","59154270",5159393
"2021S051259154271","59154271",5162024
"2021S051259154272","59154272",5164655
"2021S051259154273","59154273",5167286
"2021S051259154275","59154275",5169917
"2021S051259154279","59154279",5172548
"2021S051259154280","59154280",5175179
"2021S051259154281","59154281",5177810
"2021S051259154282","59154282",5180441
"2021S051259154285","59154285",5183072
"2021S051259154286","59154286",5185703
"2021S051259154287","59154287",5188334
"2021S051259154288","59154288",5190965
"2021S051259154289","59154289",5193596
"2021S051259154290","59154290",5196227
"2021S051259154291","59154291",5198858
"2021S051259154292","59154292",5201489
"2021S051259154293","59154293",5204120
"2021S051259154295","59154295",5206751
"2021S051259154296","59154296",5209382
"2021S051259154298","59154298",5212013
"2021S051259154299","59154299",5214644
"2021S051259154300","59154300",5217275
"2021S051259154301","59154301",5219906
"2021S051259154302","59154302",5222537
"2021S051259154304","59154304",5225168
"2021S051259154305","59154305",5227799
"2021S051259154307","59154307",5230430
"2021S051259154312","59154312",5233061
"2021S051259154313","59154313",5235692
"2021S051259154314","59154314",5238323
"2021S051259154315","59154315",5240954
"2021S051259154316","59154316",5243585
"2021S051259154317","59154317",5246216
"2021S051259154319","59154319",5248847
"2021S051259154321","59154321",5251478
"2021S051259154323","59154323",5254109
"2021S051259154325","59154325",5256740
"2021S051259154326","59154326",5259371
"2021S051259154327","59154327",5262002
"2021S051259154328","59154328",5264633
"2021S051259154329","59154329",5267264
"2021S051259154330","59154330",5269895
"2021S051259154331","59154331",5272526
"2021S051259154332","59154332",5275157
"2021S051259154333","59154333",5277788
"2021S051259154334","59154334",5280419
"2021S051259154335","59154335",5283050
"2021S051259154336","59154336",5285681
"2021S051259154337","59154337",5288312
"2021S051259154338","59154338",5290943
"2021S051259154339","59154339",5293574
"2021S051259154340","59154340",5296205
"2021S051259154341","59154341",5298836
"2021S051259154342","59154342",5301467
"2021S051259154343","59154343",5304098
"2021S051259154344","59154344",5306729
"2021S051259154345","59154345",5309360
"2021S051259154346","59154346",5311991
"2021S051259154347","59154347",5314622
"2021S051259154348","59154348",5317253
"2021S051259154349","59154349",5319884
"2021S051259154350","59154350",5322515
"2021S051259154351","59154351",5325146
"2021S051259154352","59154352",5327777
"2021S051259154353","59154353",5330408
"2021S051259154354","59154354",5333039
"2021A00055915007","White Rock",5335670
"2021S051259152581","59152581",5338301
"2021S051259152582","59152582",5340932
"2021S051259152583","59152583",5343563
"2021S051259152584","59152584",5346194
"2021S051259152585","59152585",5348825
"2021S051259152586","59152586",5351456
"2021S051259152587","59152587",5354087
"2021S051259152588","59152588",5356718
"2021S051259152589","59152589",5359349
"2021S051259152590","59152590",5361980
"2021S051259152591","59152591",5364611
"2021S051259152592","59152592",5367242
"2021S051259152593","59152593",5369873
"2021S051259152594","59152594",5372504
"2021S051259152595","59152595",5375135
"2021S051259152596","59152596",5377766
"2021S051259152597","59152597",5380397
"2021S051259152598","59152598",5383028
"2021S051259152605","59152605",5385659
"2021S051259152606","59152606",5388290
"2021S051259152608","59152608",5390921
"2021S051259152622","59152622",5393552
"2021S051259152623","59152623",5396183
"2021S051259152624","59152624",5398814
"2021S051259152625","59152625",5401445
"2021S051259152626","59152626",5404076
"2021S051259152627","59152627",5406707
"2021S051259152628","59152628",5409338
"2021S051259152629","59152629",5411969
"2021S051259152630","59152630",5414600
"2021S051259152671","59152671",5417231
"2021S051259152673","59152673",5419862
"2021S051259152677","59152677",5422493
"2021S051259153972","59153972",5425124
"2021S051259153973","59153973",5427755
"2021A00055915011","Delta",5430386
"2021S051259152083","59152083",5433017
"2021S051259152084","59152084",5435648
"2021S051259152086","59152086",5438279
"2021S051259152087","59152087",5440910
"2021S051259152088","59152088",5443541
"2021S051259152089","59152089",5446172
"2021S051259152090","59152090",5448803
"2021S051259152091","59152091",5451434
"2021S051259152108","59152108",5454065
"2021S051259152109","59152109",5456696
"2021S051259152110","59152110",5459327
"2021S051259152111","59152111",5461958
"2021S051259152112","59152112",5464589
"2021S051259152113","59152113",5467220
"2021S051259152114","59152114",5469851
"2021S051259152115","59152115",5472482
"2021S051259152116","59152116",5475113
"2021S051259152117","59152117",5477744
"2021S051259152118","59152118",5480375
"2021S051259152122","59152122",5483006
"2021S051259152123","59152123",5485637
"2021S051259152124","59152124",5488268
"2021S051259152125","59152125",5490899
"2021S051259152126","59152126",5493530
"2021S051259152127","59152127",5496161
"2021S051259152128","59152128",5498792
"2021S051259152129","59152129",5501423
"2021S051259152130","59152130",5504054
"2021S051259152131","59152131",5506685
"2021S051259152132","59152132",5509316
"2021S051259152133","59152133",5511947
"2021S051259152134","59152134",5514578
"2021S051259152135","59152135",5517209
"2021S051259152138","59152138",5519840
"2021S051259152139","59152139",5522471
"2021S051259152140","59152140",5525102
"2021S051259152143","59152143",5527733
"2021S051259152144","59152144",5530364
"2021S051259152145","59152145",5532995
"2021S051259152146","59152146",5535626
"2021S051259152147","59152147",5538257
"2021S051259152148","59152148",5540888
"2021S051259152149","59152149",5543519
"2021S051259152150","59152150",5546150
"2021S051259152151","59152151",5548781
"2021S051259152152","59152152",5551412
"2021S051259152153","59152153",5554043
"2021S051259152154","59152154",5556674
"2021S051259152155","59152155",5559305
"2021S051259152156","59152156",5561936
"2021S051259152157","59152157",5564567
"2021S051259152158","59152158",5567198
"2021S051259152159","59152159",5569829
"2021S051259152160","59152160",5572460
"2021S051259152163","59152163",5575091
"2021S051259152164","59152164",5577722
"2021S051259152165","59152165",5580353
"2021S051259152166","59152166",5582984
"2021S051259152167","59152167",5585615
"2021S051259152169","59152169",5588246
"2021S051259152170","59152170",5590877
"2021S051259152256","59152256",5593508
"2021S051259152257","59152257",5596139
"2021S051259152258","59152258",5598770
"2021S051259152260","59152260",5601401
"2021S051259152264","59152264",5604032
"2021S051259152265","59152265",5606663
"2021S051259152266","59152266",5609294
"2021S051259152267","59152267",5611925
"2021S051259152268","59152268",5614556
"2021S051259152269","59152269",5617187
"2021S051259152270","59152270",5619818
"2021S051259152271","59152271",5622449
"2021S051259152272","59152272",5625080
"2021S051259152273","59152273",5627711
"2021S051259152274","59152274",5630342
"2021S051259152285","59152285",5632973
"2021S051259152290","59152290",5635604
"2021S051259152695","59152695",5638235
"2021S051259152696","59152696",5640866
"2021S051259152697","59152697",5643497
"2021S051259152698","59152698",5646128
"2021S051259152699","59152699",5648759
"2021S051259152700","59152700",5651390
"2021S051259152701","59152701",5654021
"2021S051259152702","59152702",5656652
"2021S051259152703","59152703",5659283
"2021S051259152704","59152704",5661914
"2021S051259152705","59152705",5664545
"2021S051259152706","59152706",5667176
"2021S051259152710","59152710",5669807
"2021S051259152711","59152711",5672438
"2021S051259152712","59152712",5675069
"2021S051259152713","59152713",5677700
"2021S051259152714","59152714",5680331
"2021S051259152715","59152715",5682962
"2021S051259152716","59152716",5685593
"2021S051259152717","59152717",5688224
"2021S051259152718","59152718",5690855
"2021S051259152719","59152719",5693486
"2021S051259152720","59152720",5696117
"2021S051259152721","59152721",5698748
"2021S051259152722","59152722",5701379
"2021S051259152723","59152723",5704010
"2021S051259152724","59152724",5706641
"2021S051259152725","59152725",5709272
"2021S051259152726","59152726",5711903
"2021S051259152730","59152730",5714534
"2021S051259152731","59152731",5717165
"2021S051259152732","59152732",5719796
"2021S051259152733","59152733",5722427
"2021S051259152734","59152734",5725058
"2021S051259152735","59152735",5727689
"2021S051259152736","59152736",5730320
"2021S051259152737","59152737",5732951
"2021S051259152738","59152738",5735582
"2021S051259152739","59152739",5738213
"2021S051259152740","59152740",5740844
"2021S051259152741","59152741",5743475
"2021S051259152742","59152742",5746106
"2021S051259152743","59152743",5748737
"2021S051259152744","59152744",5751368
"2021S051259152745","59152745",5753999
"2021S051259152746","59152746",5756630
"2021S051259152747","59152747",5759261
"2021S051259152748","59152748",5761892
"2021S051259152749","59152749",5764523
"2021S051259152750","59152750",5767154
"2021S051259152751","59152751",5769785
"2021S051259152752","59152752",5772416
"2021S051259152756","59152756",5775047
"2021S051259152757","59152757",5777678
"2021S051259152758","59152758",5780309
"2021S051259152759","59152759",5782940
"2021S051259152760","59152760",5785571
"2021S051259152761","59152761",5788202
"2021S051259152762","59152762",5790833
"2021S051259152763","59152763",5793464
"2021S051259152764","59152764",5796095
"2021S051259152765","59152765",5798726
"2021S051259152766","59152766",5801357
"2021S051259152767","59152767",5803988
"2021S051259152768","59152768",5806619
"2021S051259152774","59152774",5809250
"2021S051259152775","59152775",5811881
"2021S051259152776","59152776",5814512
"2021S051259153391","59153391",5817143
"2021S051259153427","59153427",5819774
"2021S051259153428","59153428",5822405
"2021S051259153456","59153456",5825036
"2021S051259153537","59153537",5827667
"2021S051259153538","59153538",5830298
"2021S051259153603","59153603",5832929
"2021S051259153606","59153606",5835560
"2021S051259153607","59153607",5838191
"2021S051259153608","59153608",5840822
"2021S051259153609","59153609",5843453
"2021S051259153610","59153610",5846084
"2021S051259153611","59153611",5848715
"2021S051259153612","59153612",5851346
"2021S051259153613","59153613",5853977
"2021S051259153614","59153614",5856608
"2021S051259153615","59153615",5859239
"2021S051259154355","59154355",5861870
"2021S051259154357","59154357",5864501
"2021S051259154359","59154359",5867132
"2021S051259154361","59154361",5869763
"2021S051259154362","59154362",5872394
"2021S051259154363","59154363",5875025
"2021A00055915015","Richmond",5877656
"2021S051259150992","59150992",5880287
"2021S051259150993","59150993",5882918
"2021S051259150994","59150994",5885549
"2021S051259150995","59150995",5888180
"2021S051259150996","59150996",5890811
"2021S051259150997","59150997",5893442
"2021S051259150998","59150998",5896073
"2021S051259151002","59151002",5898704
"2021S051259151008","59151008",5901335
"2021S051259151013","59151013",5903966
"2021S051259151014","59151014",5906597
"2021S051259151015","59151015",5909228
"2021S051259151016","59151016",5911859
"2021S051259151017","59151017",5914490
"2021S051259151018","59151018",5917121
"2021S051259151019","59151019",5919752
"2021S051259151020","59151020",5922383
"2021S051259151022","59151022",5925014
"2021S051259151023","59151023",5927645
"2021S051259151024","59151024",5930276
"2021S051259151025","59151025",5932907
"2021S051259151026","59151026",5935538
"2021S051259151027","59151027",5938169
"2021S051259151028","59151028",5940800
"2021S051259151029","59151029",5943431
"2021S051259151030","59151030",5946062
"2021S051259151031","59151031",5948693
"2021S051259151032","59151032",5951324
"2021S051259151033","59151033",5953955
"2021S051259151034","59151034",5956586
"2021S051259151035","59151035",5959217
"2021S051259151036","59151036",5961848
"2021S051259151037","59151037",5964479
"2021S051259151038","59151038",5967110
"2021S051259151039","59151039",5969741
"2021S051259151040","59151040",5972372
"2021S051259151041","59151041",5975003
"2021S051259151042","59151042",5977634
"2021S051259151043","59151043",5980265
"2021S051259151044","59151044",5982896
"2021S051259151045","59151045",5985527
"2021S051259151046","59151046",5988158
"2021S051259151048","59151048",5990789
"2021S051259151049","59151049",5993420
"2021S051259151050","59151050",5996051
"2021S051259151051","59151051",5998682
"2021S051259151053","59151053",6001313
"2021S051259151057","59151057",6003944
"2021S051259151058","59151058",6006575
"2021S051259151059","59151059",6009206
"2021S051259151061","59151061",6011837
"2021S051259151062","59151062",6014468
"2021S051259151063","59151063",6017099
"2021S051259151064","59151064",6019730
"2021S051259151065","59151065",6022361
"2021S051259151066","59151066",6024992
"2021S051259151067","59151067",6027623
"2021S051259151068","59151068",6030254
"2021S051259151072","59151072",6032885
"2021S051259151073","59151073",6035516
"2021S051259151074","59151074",6038147
"2021S051259151075","59151075",6040778
"2021S051259151076","59151076",6043409
"2021S051259151077","59151077",6046040
"2021S051259151078","59151078",6048671
"2021S051259151079","59151079",6051302
"2021S051259151080","59151080",6053933
"2021S051259151081","59151081",6056564
"2021S051259151082","59151082",6059195
"2021S051259151083","59151083",6061826
"2021S051259151084","59151084",6064457
"2021S051259151085","59151085",6067088
"2021S051259151086","59151086",6069719
"2021S051259151087","59151087",6072350
"2021S051259151088","59151088",6074981
"2021S051259151089","59151089",6077612
"2021S051259151090","59151090",6080243
"2021S051259151091","59151091",6082874
"2021S051259151092","59151092",6085505
"2021S051259151093","59151093",6088136
"2021S051259151094","59151094",6090767
"2021S051259151095","59151095",6093398
"2021S051259151097","59151097",6096029
"2021S051259151098","59151098",6098660
"2021S051259151099","59151099",6101291
"2021S051259151100","59151100",6103922
"2021S051259151101","59151101",6106553
"2021S051259151102","59151102",6109184
"2021S051259151103","59151103",6111815
"2021S051259151104","59151104",6114446
"2021S051259151105","59151105",6117077
"2021S051259151106","59151106",6119708
"2021S051259151107","59151107",6122339
"2021S051259151108","59151108",6124970
"2021S051259151112","59151112",6127601
"2021S051259151113","59151113",6130232
"2021S051259151116","59151116",6132863
"2021S051259151117","59151117",6135494
"2021S051259151118","59151118",6138125
"2021S051259151121","59151121",6140756
"2021S051259151122","59151122",6143387
"2021S051259151123","59151123",6146018
"2021S051259151124","59151124",6148649
"2021S051259151125","59151125",6151280
"2021S051259151126","59151126",6153911
"2021S051259151127","59151127",6156542
"2021S051259151128","59151128",6159173
"2021S051259151129","59151129",6161804
"2021S051259151130","59151130",6164435
"2021S051259151131","59151131",6167066
"2021S051259151132","59151132",6169697
"2021S051259151133","59151133",6172328
"2021S051259151134","59151134",6174959
"2021S051259151135","59151135",6177590
"2021S051259151136","59151136",6180221
"2021S051259151137","59151137",6182852
"2021S051259151138","59151138",6185483
"2021S051259151139","59151139",6188114
"2021S051259151141","59151141",6190745
"2021S051259151142","59151142",6193376
"2021S051259151143","59151143",6196007
"2021S051259151145","59151145",6198638
"2021S051259151146","59151146",6201269
"2021S051259151147","59151147",6203900
"2021S051259151148","59151148",6206531
"2021S051259151149","59151149",6209162
"2021S051259151150","59151150",6211793
"2021S051259151151","59151151",6214424
"2021S051259151152","59151152",6217055
"2021S051259151153","59151153",6219686
"2021S051259151154","59151154",6222317
"2021S051259151155","59151155",6224948
"2021S051259151156","59151156",6227579
"2021S051259151157","59151157",6230210
"2021S051259151158","59151158",6232841
"2021S051259151159","59151159",6235472
"2021S051259151160","59151160",6238103
"2021S051259151161","59151161",6240734
"2021S051259151162","59151162",6243365
"2021S051259151163","59151163",6245996
"2021S051259151164","59151164",6248627
"2021S051259151165","59151165",6251258
"2021S051259151166","59151166",6253889
"2021S051259151167","59151167",6256520
"2021S051259151168","59151168",6259151
"2021S051259151169","59151169",6261782
"2021S051259151170","59151170",6264413
"2021S051259151171","59151171",6267044
"2021S051259151172","59151172",6269675
"2021S051259151173","59151173",6272306
"2021S051259151174","59151174",6274937
"2021S051259151175","59151175",6277568
"2021S051259151176","59151176",6280199
"2021S051259151177","59151177",6282830
"2021S051259151178","59151178",6285461
"2021S051259151179","59151179",6288092
"2021S051259151180","59151180",6290723
"2021S051259151182","59151182",6293354
"2021S051259151195","59151195",6295985
"2021S051259151196","59151196",6298616
"2021S051259151197","59151197",6301247
"2021S051259152813","59152813",6303878
"2021S051259152814","59152814",6306509
"2021S051259152816","59152816",6309140
"2021S051259152817","59152817",6311771
"2021S051259153099","59153099",6314402
"2021S051259153102","59153102",6317033
"2021S051259153103","59153103",6319664
"2021S051259153104","59153104",6322295
"2021S051259153105","59153105",6324926
"2021S051259153106","59153106",6327557
"2021S051259153107","59153107",6330188
"2021S051259153108","59153108",6332819
"2021S051259153110","59153110",6335450
"2021S051259153111","59153111",6338081
"2021S051259153113","59153113",6340712
"2021S051259153114","59153114",6343343
"2021S051259153121","59153121",6345974
"2021S051259153122","59153122",6348605
"2021S051259153342","59153342",6351236
"2021S051259153343","59153343",6353867
"2021S051259153344","59153344",6356498
"2021S051259153345","59153345",6359129
"2021S051259153351","59153351",6361760
"2021S051259153352","59153352",6364391
"2021S051259153398","59153398",6367022
"2021S051259153408","59153408",6369653
"2021S051259153409","59153409",6372284
"2021S051259153410","59153410",6374915
"2021S051259153411","59153411",6377546
"2021S051259153412","59153412",6380177
"2021S051259153450","59153450",6382808
"2021S051259153451","59153451",6385439
"2021S051259153452","59153452",6388070
"2021S051259153453","59153453",6390701
"2021S051259153484","59153484",6393332
"2021S051259153485","59153485",6395963
"2021S051259153487","59153487",6398594
"2021S051259153489","59153489",6401225
"2021S051259153528","59153528",6403856
"2021S051259153529","59153529",6406487
"2021S051259153530","59153530",6409118
"2021S051259153602","59153602",6411749
"2021S051259153616","59153616",6414380
"2021S051259153617","59153617",6417011
"2021S051259153618","59153618",6419642
"2021S051259153619","59153619",6422273
"2021S051259153620","59153620",6424904
"2021S051259153621","59153621",6427535
"2021S051259153622","59153622",6430166
"2021S051259153623","59153623",6432797
"2021S051259153624","59153624",6435428
"2021S051259153625","59153625",6438059
"2021S051259153626","59153626",6440690
"2021S051259153627","59153627",6443321
"2021S051259153628","59153628",6445952
"2021S051259153629","59153629",6448583
"2021S051259153630","59153630",6451214
"2021S051259153631","59153631",6453845
"2021S051259153701","59153701",6456476
"2021S051259153702","59153702",6459107
"2021S051259153703","59153703",6461738
"2021S051259153704","59153704",6464369
"2021S051259153705","59153705",6467000
"2021S051259153706","59153706",6469631
"2021S051259153707","59153707",6472262
"2021S051259153708","59153708",6474893
"2021S051259153709","59153709",6477524
"2021S051259153794","59153794",6480155
"2021S051259153795","59153795",6482786
"2021S051259153796","59153796",6485417
"2021S051259153797","59153797",6488048
"2021S051259153798","59153798",6490679
"2021S051259153878","59153878",6493310
"2021S051259153879","59153879",6495941
"2021S051259153921","59153921",6498572
"2021S051259153922","59153922",6501203
"2021S051259153945","59153945",6503834
"2021S051259153946","59153946",6506465
"2021S051259153948","59153948",6509096
"2021S051259153949","59153949",6511727
"2021S051259153950","59153950",6514358
"2021S051259154118","59154118",6516989
"2021S051259154119","59154119",6519620
"2021S051259154120","59154120",6522251
"2021S051259154121","59154121",6524882
"2021S051259154122","59154122",6527513
"2021S051259154123","59154123",6530144
"2021S051259154124","59154124",6532775
"2021S051259154125","59154125",6535406
"2021S051259154126","59154126",6538037
"2021S051259154127","59154127",6540668
"2021S051259154128","59154128",6543299
"2021S051259154129","59154129",6545930
"2021S051259154130","59154130",6548561
"2021S051259154131","59154131",6551192
"2021S051259154132","59154132",6553823
"2021S051259154133","59154133",6556454
"2021A00055915020","Metro Vancouver A",6559085
"2021S051259150936","59150936",6561716
"2021S051259150938","59150938",6564347
"2021S051259150939","59150939",6566978
"2021S051259150941","59150941",6569609
"2021S051259150942","59150942",6572240
"2021S051259150945","59150945",6574871
"2021S051259150946","59150946",6577502
"2021S051259151624","59151624",6580133
"2021S051259153569","59153569",6582764
"2021S051259153594","59153594",6585395
"2021S051259153731","59153731",6588026
"2021S051259154034","59154034",6590657
"2021S051259154035","59154035",6593288
"2021S051259154078","59154078",6595919
"2021S051259154079","59154079",6598550
"2021S051259154080","59154080",6601181
"2021S051259154081","59154081",6603812
"2021S051259154082","59154082",6606443
"2021S051259154083","59154083",6609074
"2021S051259154084","59154084",6611705
"2021S051259154085","59154085",6614336
"2021S051259154087","59154087",6616967
"2021S051259154088","59154088",6619598
"2021S051259154089","59154089",6622229
"2021S051259154090","59154090",6624860
"2021S051259154091","59154091",6627491
"2021S051259154092","59154092",6630122
"2021S051259154093","59154093",6632753
"2021S051259154095","59154095",6635384
"2021S051259154096","59154096",6638015
"2021S051259154097","59154097",6640646
"2021S051259154098","59154098",6643277
"2021S051259154099","59154099",6645908
"2021S051259154100","59154100",6648539
"2021S051259154101","59154101",6651170
"2021S051259154102","59154102",6653801
"2021S051259154103","59154103",6656432
"2021S051259154104","59154104",6659063
"2021S051259154105","59154105",6661694
"2021A00055915022","Vancouver",6664325
"2021S051259150307","59150307",6666956
"2021S051259150308","59150308",6669587
"2021S051259150309","59150309",6672218
"2021S051259150310","59150310",6674849
"2021S051259150311","59150311",6677480
"2021S051259150312","59150312",6680111
"2021S051259150313","59150313",6682742
"2021S051259150328","59150328",6685373
"2021S051259150329","59150329",6688004
"2021S051259150330","59150330",6690635
"2021S051259150331","59150331",6693266
"2021S051259150332","59150332",6695897
"2021S051259150333","59150333",6698528
"2021S051259150334","59150334",6701159
"2021S051259150335","59150335",6703790
"2021S051259150336","59150336",6706421
"2021S051259150337","59150337",6709052
"2021S051259150338","59150338",6711683
"2021S051259150339","59150339",6714314
"2021S051259150340","59150340",6716945
"2021S051259150341","59150341",6719576
"2021S051259150342","59150342",6722207
"2021S051259150343","59150343",6724838
"2021S051259150344","59150344",6727469
"2021S051259150345","59150345",6730100
"2021S051259150346","59150346",6732731
"2021S051259150347","59150347",6735362
"2021S051259150348","59150348",6737993
"2021S051259150349","59150349",6740624
"2021S051259150350","59150350",6743255
"2021S051259150351","59150351",6745886
"2021S051259150352","59150352",6748517
"2021S051259150353","59150353",6751148
"2021S051259150354","59150354",6753779
"2021S051259150355","59150355",6756410
"2021S051259150356","59150356",6759041
"2021S051259150357","59150357",6761672
"2021S051259150358","59150358",6764303
"2021S051259150359","59150359",6766934
"2021S051259150360","59150360",6769565
"2021S051259150361","59150361",6772196
"2021S051259150362","59150362",6774827
"2021S051259150363","59150363",6777458
"2021S051259150364","59150364",6780089
"2021S051259150365","59150365",6782720
"2021S051259150366","59150366",6785351
"2021S051259150367","59150367",6787982
"2021S051259150368","59150368",6790613
"2021S051259150369","59150369",6793244
"2021S051259150371","59150371",6795875
"2021S051259150373","59150373",6798506
"2021S051259150375","59150375",6801137
"2021S051259150376","59150376",6803768
"2021S051259150377","59150377",6806399
"2021S051259150378","59150378",6809030
"2021S051259150379","59150379",6811661
"2021S051259150380","59150380",6814292
"2021S051259150381","59150381",6816923
"2021S051259150382","59150382",6819554
"2021S051259150383","59150383",6822185
"2021S051259150384","59150384",6824816
"2021S051259150385","59150385",6827447
"2021S051259150386","59150386",6830078
"2021S051259150387","59150387",6832709
"2021S051259150388","59150388",6835340
"2021S051259150389","59150389",6837971
"2021S051259150390","59150390",6840602
"2021S051259150391","59150391",6843233
"2021S051259150392","59150392",6845864
"2021S051259150393","59150393",6848495
"2021S051259150394","59150394",6851126
"2021S051259150395","59150395",6853757
"2021S051259150396","59150396",6856388
"2021S051259150397","59150397",6859019
"2021S051259150398","59150398",6861650
"2021S051259150399","59150399",6864281
"2021S051259150400","59150400",6866912
"2021S051259150401","59150401",6869543
"2021S051259150402","59150402",6872174
"2021S051259150403","59150403",6874805
"2021S051259150404","59150404",6877436
"2021S051259150405","59150405",6880067
"2021S051259150406","59150406",6882698
"2021S051259150407","59150407",6885329
"2021S051259150408","59150408",6887960
"2021S051259150409","59150409",6890591
"2021S051259150410","59150410",6893222
"2021S051259150412","59150412",6895853
"2021S051259150414","59150414",6898484
"2021S051259150415","59150415",6901115
"2021S051259150416","59150416",6903746
"2021S051259150417","59150417",6906377
"2021S051259150419","59150419",6909008
"2021S051259150420","59150420",6911639
"2021S051259150421","59150421",6914270
"2021S051259150422","59150422",6916901
"2021S051259150423","59150423",6919532
"2021S051259150424","59150424",6922163
"2021S051259150425","59150425",6924794
"2021S051259150426","59150426",6927425
"2021S051259150427","59150427",6930056
"2021S051259150428","59150428",6932687
"2021S051259150429","59150429",6935318
"2021S051259150430","59150430",6937949
"2021S051259150431","59150431",6940580
"2021S051259150432","59150432",6943211
"2021S051259150433","59150433",6945842
"2021S051259150434","59150434",6948473
"2021S051259150435","59150435",6951104
"2021S051259150436","59150436",6953735
"2021S051259150437","59150437",6956366
"2021S051259150438","59150438",6958997
"2021S051259150439","59150439",6961628
"2021S051259150440","59150440",6964259
"2021S051259150442","59150442",6966890
"2021S051259150443","59150443",6969521
"2021S051259150444","59150444",6972152
"2021S051259150445","59150445",6974783
"2021S051259150446","59150446",6977414
"2021S051259150447","59150447",6980045
"2021S051259150448","59150448",6982676
"2021S051259150449","59150449",6985307
"2021S051259150450","59150450",6987938
"2021S051259150451","59150451",6990569
"2021S051259150452","59150452",6993200
"2021S051259150453","59150453",6995831
"2021S051259150454","59150454",6998462
"2021S051259150455","59150455",7001093
"2021S051259150457","59150457",7003724
"2021S051259150459","59150459",7006355
"2021S051259150460","59150460",7008986
"2021S051259150461","59150461",7011617
"2021S051259150462","59150462",7014248
"2021S051259150463","59150463",7016879
"2021S051259150465","59150465",7019510
"2021S051259150466","59150466",7022141
"2021S051259150468","59150468",7024772
"2021S051259150469","59150469",7027403
"2021S051259150470","59150470",7030034
"2021S051259150471","59150471",7032665
"2021S051259150472","59150472",7035296
"2021S051259150473","59150473",7037927
"2021S051259150474","59150474",7040558
"2021S051259150475","59150475",7043189
"2021S051259150476","59150476",7045820
"2021S051259150477","59150477",7048451
"2021S051259150478","59150478",7051082
"2021S051259150479","59150479",7053713
"2021S051259150480","59150480",7056344
"2021S051259150481","59150481",7058975
"2021S051259150482","59150482",7061606
"2021S051259150483","59150483",7064237
"2021S051259150484","59150484",7066868
"2021S051259150485","59150485",7069499
"2021S051259150486","59150486",7072130
"2021S051259150487","59150487",7074761
"2021S051259150488","59150488",7077392
"2021S051259150489","59150489",7080023
"2021S051259150490","59150490",7082654
"2021S051259150491","59150491",7085285
"2021S051259150492","59150492",7087916
"2021S051259150493","59150493",7090547
"2021S051259150494","59150494",7093178
"2021S051259150495","59150495",7095809
"2021S051259150496","59150496",7098440
"2021S051259150497","59150497",7101071
"2021S051259150498","59150498",7103702
"2021S051259150499","59150499",7106333
"2021S051259150500","59150500",7108964
"2021S051259150503","59150503",7111595
"2021S051259150504","59150504",7114226
"2021S051259150505","59150505",7116857
"2021S051259150506","59150506",7119488
"2021S051259150507","59150507",7122119
"2021S051259150508","59150508",7124750
"2021S051259150509","59150509",7127381
"2021S051259150510","59150510",7130012
"2021S051259150511","59150511",7132643
"2021S051259150512","59150512",7135274
"2021S051259150513","59150513",7137905
"2021S051259150514","59150514",7140536
"2021S051259150515","59150515",7143167
"2021S051259150516","59150516",7145798
"2021S051259150517","59150517",7148429
"2021S051259150518","59150518",7151060
"2021S051259150519","59150519",7153691
"2021S051259150520","59150520",7156322
"2021S051259150521","59150521",7158953
"2021S051259150522","59150522",7161584
"2021S051259150523","59150523",7164215
"2021S051259150524","59150524",7166846
"2021S051259150526","59150526",7169477
"2021S051259150527","59150527",7172108
"2021S051259150529","59150529",7174739
"2021S051259150530","59150530",7177370
"2021S051259150531","59150531",7180001
"2021S051259150534","59150534",7182632
"2021S051259150535","59150535",7185263
"2021S051259150536","59150536",7187894
"2021S051259150537","59150537",7190525
"2021S051259150538","59150538",7193156
"2021S051259150539","59150539",7195787
"2021S051259150540","59150540",7198418
"2021S051259150541","59150541",7201049
"2021S051259150542","59150542",7203680
"2021S051259150543","59150543",7206311
"2021S051259150544","59150544",7208942
"2021S051259150545","59150545",7211573
"2021S051259150546","59150546",7214204
"2021S051259150547","59150547",7216835
"2021S051259150548","59150548",7219466
"2021S051259150549","59150549",7222097
"2021S051259150550","59150550",7224728
"2021S051259150551","59150551",7227359
"2021S051259150552","59150552",7229990
"2021S051259150553","59150553",7232621
"2021S051259150554","59150554",7235252
"2021S051259150555","59150555",7237883
"2021S051259150556","59150556",7240514
"2021S051259150557","59150557",7243145
"2021S051259150558","59150558",7245776
"2021S051259150559","59150559",7248407
"2021S051259150560","59150560",7251038
"2021S051259150561","59150561",7253669
"2021S051259150562","59150562",7256300
"2021S051259150563","59150563",7258931
"2021S051259150564","59150564",7261562
"2021S051259150565","59150565",7264193
"2021S051259150566","59150566",7266824
"2021S051259150567","59150567",7269455
"2021S051259150568","59150568",7272086
"2021S051259150569","59150569",7274717
"2021S051259150570","59150570",7277348
"2021S051259150571","59150571",7279979
"2021S051259150572","59150572",7282610
"2021S051259150573","59150573",7285241
"2021S051259150575","59150575",7287872
"2021S051259150577","59150577",7290503
"2021S051259150578","59150578",7293134
"2021S051259150579","59150579",7295765
"2021S051259150580","59150580",7298396
"2021S051259150581","59150581",7301027
"2021S051259150582","59150582",7303658
"2021S051259150583","59150583",7306289
"2021S051259150584","59150584",7308920
"2021S051259150585","59150585",7311551
"2021S051259150586","59150586",7314182
"2021S051259150587","59150587",7316813
"2021S051259150588","59150588",7319444
"2021S051259150589","59150589",7322075
"2021S051259150590","59150590",7324706
"2021S051259150591","59150591",7327337
"2021S051259150592","59150592",7329968
"2021S051259150593","59150593",7332599
"2021S051259150594","59150594",7335230
"2021S051259150595","59150595",7337861
"2021S051259150596","59150596",7340492
"2021S051259150597","59150597",7343123
"2021S051259150598","59150598",7345754
"2021S051259150599","59150599",7348385
"2021S051259150600","59150600",7351016
"2021S051259150601","59150601",7353647
"2021S051259150602","59150602",7356278
"2021S051259150603","59150603",7358909
"2021S051259150604","59150604",7361540
"2021S051259150605","59150605",7364171
"2021S051259150606","59150606",7366802
"2021S051259150607","59150607",7369433
"2021S051259150608","59150608",7372064
"2021S051259150609","59150609",7374695
"2021S051259150610","59150610",7377326
"2021S051259150611","59150611",7379957
"2021S051259150612","59150612",7382588
"2021S051259150613","59150613",7385219
"2021S051259150614","59150614",7387850
"2021S051259150615","59150615",7390481
"2021S051259150616","59150616",7393112
"2021S051259150617","59150617",7395743
"2021S051259150618","59150618",7398374
"2021S051259150619","59150619",7401005
"2021S051259150620","59150620",7403636
"2021S051259150621","59150621",7406267
"2021S051259150622","59150622",7408898
"2021S051259150623","59150623",7411529
"2021S051259150624","59150624",7414160
"2021S051259150625","59150625",7416791
"2021S051259150626","59150626",7419422
"2021S051259150627","59150627",7422053
"2021S051259150628","59150628",7424684
"2021S051259150629","59150629",7427315
"2021S051259150633","59150633",7429946
"2021S051259150634","59150634",7432577
"2021S051259150635","59150635",7435208
"2021S051259150636","59150636",7437839
"2021S051259150637","59150637",7440470
"2021S051259150638","59150638",7443101
"2021S051259150639","59150639",7445732
"2021S051259150640","59150640",7448363
"2021S051259150641","59150641",7450994
"2021S051259150642","59150642",7453625
"2021S051259150643","59150643",7456256
"2021S051259150644","59150644",7458887
"2021S051259150645","59150645",7461518
"2021S051259150646","59150646",7464149
"2021S051259150647","59150647",7466780
"2021S051259150648","59150648",7469411
"2021S051259150649","59150649",7472042
"2021S051259150650","59150650",7474673
"2021S051259150651","59150651",7477304
"2021S051259150652","59150652",7479935
"2021S051259150653","59150653",7482566
"2021S051259150654","59150654",7485197
"2021S051259150655","59150655",7487828
"2021S051259150656","59150656",7490459
"2021S051259150657","59150657",7493090
"2021S051259150658","59150658",7495721
"2021S051259150659","59150659",7498352
"2021S051259150660","59150660",7500983
"2021S051259150661","59150661",7503614
"2021S051259150662","59150662",7506245
"2021S051259150663","59150663",7508876
"2021S051259150664","59150664",7511507
"2021S051259150665","59150665",7514138
"2021S051259150666","59150666",7516769
"2021S051259150667","59150667",7519400
"2021S051259150668","59150668",7522031
"2021S051259150669","59150669",7524662
"2021S051259150670","59150670",7527293
"2021S051259150671","59150671",7529924
"2021S051259150672","59150672",7532555
"2021S051259150673","59150673",7535186
"2021S051259150674","59150674",7537817
"2021S051259150675","59150675",7540448
"2021S051259150676","59150676",7543079
"2021S051259150677","59150677",7545710
"2021S051259150678","59150678",7548341
"2021S051259150679","59150679",7550972
"2021S051259150680","59150680",7553603
"2021S051259150681","59150681",7556234
"2021S051259150682","59150682",7558865
"2021S051259150683","59150683",7561496
"2021S051259150684","59150684",7564127
"2021S051259150685","59150685",7566758
"2021S051259150686","59150686",7569389
"2021S051259150687","59150687",7572020
"2021S051259150688","59150688",7574651
"2021S051259150689","59150689",7577282
"2021S051259150690","59150690",7579913
"2021S051259150691","59150691",7582544
"2021S051259150692","59150692",7585175
"2021S051259150693","59150693",7587806
"2021S051259150694","59150694",7590437
"2021S051259150695","59150695",7593068
"2021S051259150696","59150696",7595699
"2021S051259150697","59150697",7598330
"2021S051259150698","59150698",7600961
"2021S051259150699","59150699",7603592
"2021S051259150700","59150700",7606223
"2021S051259150701","59150701",7608854
"2021S051259150702","59150702",7611485
"2021S051259150703","59150703",7614116
"2021S051259150704","59150704",7616747
"2021S051259150705","59150705",7619378
"2021S051259150706","59150706",7622009
"2021S051259150707","59150707",7624640
"2021S051259150708","59150708",7627271
"2021S051259150709","59150709",7629902
"2021S051259150710","59150710",7632533
"2021S051259150711","59150711",7635164
"2021S051259150712","59150712",7637795
"2021S051259150713","59150713",7640426
"2021S051259150714","59150714",7643057
"2021S051259150715","59150715",7645688
"2021S051259150716","59150716",7648319
"2021S051259150717","59150717",7650950
"2021S051259150718","59150718",7653581
"2021S051259150719","59150719",7656212
"2021S051259150720","59150720",7658843
"2021S051259150721","59150721",7661474
"2021S051259150722","59150722",7664105
"2021S051259150723","59150723",7666736
"2021S051259150724","59150724",7669367
"2021S051259150725","59150725",7671998
"2021S051259150726","59150726",7674629
"2021S051259150727","59150727",7677260
"2021S051259150728","59150728",7679891
"2021S051259150729","59150729",7682522
"2021S051259150730","59150730",7685153
"2021S051259150731","59150731",7687784
"2021S051259150732","59150732",7690415
"2021S051259150733","59150733",7693046
"2021S051259150734","59150734",7695677
"2021S051259150737","59150737",7698308
"2021S051259150738","59150738",7700939
"2021S051259150739","59150739",7703570
"2021S051259150740","59150740",7706201
"2021S051259150741","59150741",7708832
"2021S051259150742","59150742",7711463
"2021S051259150743","59150743",7714094
"2021S051259150744","59150744",7716725
"2021S051259150745","59150745",7719356
"2021S051259150746","59150746",7721987
"2021S051259150747","59150747",7724618
"2021S051259150748","59150748",7727249
"2021S051259150749","59150749",7729880
"2021S051259150750","59150750",7732511
"2021S051259150751","59150751",7735142
"2021S051259150752","59150752",7737773
"2021S051259150753","59150753",7740404
"2021S051259150754","59150754",7743035
"2021S051259150755","59150755",7745666
"2021S051259150756","59150756",7748297
"2021S051259150757","59150757",7750928
"2021S051259150758","59150758",7753559
"2021S051259150759","59150759",7756190
"2021S051259150760","59150760",7758821
"2021S051259150761","59150761",7761452
"2021S051259150762","59150762",7764083
"2021S051259150763","59150763",7766714
"2021S051259150777","59150777",7769345
"2021S051259150779","59150779",7771976
"2021S051259150782","59150782",7774607
"2021S051259150784","59150784",7777238
"2021S051259150785","59150785",7779869
"2021S051259150786","59150786",7782500
"2021S051259150787","59150787",7785131
"2021S051259150788","59150788",7787762
"2021S051259150790","59150790",7790393
"2021S051259150791","59150791",7793024
"2021S051259150792","59150792",7795655
"2021S051259150793","59150793",7798286
"2021S051259150795","59150795",7800917
"2021S051259150816","59150816",7803548
"2021S051259150817","59150817",7806179
"2021S051259150819","59150819",7808810
"2021S051259150820","59150820",7811441
"2021S051259150821","59150821",7814072
"2021S051259150822","59150822",7816703
"2021S051259150823","59150823",7819334
"2021S051259150824","59150824",7821965
"2021S051259150827","59150827",7824596
"2021S051259150828","59150828",7827227
"2021S051259150831","59150831",7829858
"2021S051259150832","59150832",7832489
"2021S051259150837","59150837",7835120
"2021S051259150840","59150840",7837751
"2021S051259150841","59150841",7840382
"2021S051259150845","59150845",7843013
"2021S051259150846","59150846",7845644
"2021S051259150850","59150850",7848275
"2021S051259150859","59150859",7850906
"2021S051259150861","59150861",7853537
"2021S051259150863","59150863",7856168
"2021S051259150864","59150864",7858799
"2021S051259150865","59150865",7861430
"2021S051259150866","59150866",7864061
"2021S051259150871","59150871",7866692
"2021S051259150872","59150872",7869323
"2021S051259150873","59150873",7871954
"2021S051259150874","59150874",7874585
"2021S051259150875","59150875",7877216
"2021S051259150876","59150876",7879847
"2021S051259150877","59150877",7882478
"2021S051259150878","59150878",7885109
"2021S051259150879","59150879",7887740
"2021S051259150880","59150880",7890371
"2021S051259150881","59150881",7893002
"2021S051259150882","59150882",7895633
"2021S051259150883","59150883",7898264
"2021S051259150884","59150884",7900895
"2021S051259150885","59150885",7903526
"2021S051259150886","59150886",7906157
"2021S051259150887","59150887",7908788
"2021S051259150888","59150888",7911419
"2021S051259150889","59150889",7914050
"2021S051259150890","59150890",7916681
"2021S051259150891","59150891",7919312
"2021S051259150892","59150892",7921943
"2021S051259150893","59150893",7924574
"2021S051259150894","59150894",7927205
"2021S051259150895","59150895",7929836
"2021S051259150896","59150896",7932467
"2021S051259150897","59150897",7935098
"2021S051259150898","59150898",7937729
"2021S051259150899","59150899",7940360
"2021S051259150900","59150900",7942991
"2021S051259150901","59150901",7945622
"2021S051259150902","59150902",7948253
"2021S051259150903","59150903",7950884
"2021S051259150904","59150904",7953515
"2021S051259150905","59150905",7956146
"2021S051259150906","59150906",7958777
"2021S051259150907","59150907",7961408
"2021S051259150908","59150908",7964039
"2021S051259150909","59150909",7966670
"2021S051259150910","59150910",7969301
"2021S051259150911","59150911",7971932
"2021S051259150912","59150912",7974563
"2021S051259150913","59150913",7977194
"2021S051259150914","59150914",7979825
"2021S051259150915","59150915",7982456
"2021S051259150916","59150916",7985087
"2021S051259150917","59150917",7987718
"2021S051259150918","59150918",7990349
"2021S051259150919","59150919",7992980
"2021S051259150920","59150920",7995611
"2021S051259150922","59150922",7998242
"2021S051259150923","59150923",8000873
"2021S051259150924","59150924",8003504
"2021S051259150925","59150925",8006135
"2021S051259150926","59150926",8008766
"2021S051259150927","59150927",8011397
"2021S051259150928","59150928",8014028
"2021S051259150929","59150929",8016659
"2021S051259150930","59150930",8019290
"2021S051259150931","59150931",8021921
"2021S051259150932","59150932",8024552
"2021S051259150933","59150933",8027183
"2021S051259150934","59150934",8029814
"2021S051259150935","59150935",8032445
"2021S051259150953","59150953",8035076
"2021S051259150954","59150954",8037707
"2021S051259150955","59150955",8040338
"2021S051259150956","59150956",8042969
"2021S051259150957","59150957",8045600
"2021S051259150958","59150958",8048231
"2021S051259150959","59150959",8050862
"2021S051259150960","59150960",8053493
"2021S051259150961","59150961",8056124
"2021S051259150962","59150962",8058755
"2021S051259150963","59150963",8061386
"2021S051259150964","59150964",8064017
"2021S051259150965","59150965",8066648
"2021S051259150966","59150966",8069279
"2021S051259150967","59150967",8071910
"2021S051259150968","59150968",8074541
"2021S051259150969","59150969",8077172
"2021S051259150970","59150970",8079803
"2021S051259150971","59150971",8082434
"2021S051259150972","59150972",8085065
"2021S051259150973","59150973",8087696
"2021S051259150974","59150974",8090327
"2021S051259150975","59150975",8092958
"2021S051259150976","59150976",8095589
"2021S051259150977","59150977",8098220
"2021S051259150978","59150978",8100851
"2021S051259150979","59150979",8103482
"2021S051259150980","59150980",8106113
"2021S051259150981","59150981",8108744
"2021S051259150982","59150982",8111375
"2021S051259150983","59150983",8114006
"2021S051259150984","59150984",8116637
"2021S051259150985","59150985",8119268
"2021S051259150986","59150986",8121899
"2021S051259150987","59150987",8124530
"2021S051259151198","59151198",8127161
"2021S051259151199","59151199",8129792
"2021S051259151200","59151200",8132423
"2021S051259151201","59151201",8135054
"2021S051259151202","59151202",8137685
"2021S051259151203","59151203",8140316
"2021S051259151204","59151204",8142947
"2021S051259151205","59151205",8145578
"2021S051259151206","59151206",8148209
"2021S051259151207","59151207",8150840
"2021S051259151208","59151208",8153471
"2021S051259151209","59151209",8156102
"2021S051259151211","59151211",8158733
"2021S051259151213","59151213",8161364
"2021S051259151214","59151214",8163995
"2021S051259151215","59151215",8166626
"2021S051259151216","59151216",8169257
"2021S051259151217","59151217",8171888
"2021S051259151219","59151219",8174519
"2021S051259151220","59151220",8177150
"2021S051259151221","59151221",8179781
"2021S051259151222","59151222",8182412
"2021S051259151223","59151223",8185043
"2021S051259151224","59151224",8187674
"2021S051259151225","59151225",8190305
"2021S051259151226","59151226",8192936
"2021S051259151227","59151227",8195567
"2021S051259151228","59151228",8198198
"2021S051259151229","59151229",8200829
"2021S051259151230","59151230",8203460
"2021S051259151231","59151231",8206091
"2021S051259151234","59151234",8208722
"2021S051259151236","59151236",8211353
"2021S051259151351","59151351",8213984
"2021S051259151352","59151352",8216615
"2021S051259151353","59151353",8219246
"2021S051259151354","59151354",8221877
"2021S051259151355","59151355",8224508
"2021S051259151356","59151356",8227139
"2021S051259151357","59151357",8229770
"2021S051259151358","59151358",8232401
"2021S051259151359","59151359",8235032
"2021S051259151360","59151360",8237663
"2021S051259151361","59151361",8240294
"2021S051259151362","59151362",8242925
"2021S051259151363","59151363",8245556
"2021S051259151364","59151364",8248187
"2021S051259151365","59151365",8250818
"2021S051259151366","59151366",8253449
"2021S051259151367","59151367",8256080
"2021S051259151368","59151368",8258711
"2021S051259151369","59151369",8261342
"2021S051259151370","59151370",8263973
"2021S051259151371","59151371",8266604
"2021S051259151372","59151372",8269235
"2021S051259151373","59151373",8271866
"2021S051259151407","59151407",8274497
"2021S051259151408","59151408",8277128
"2021S051259151409","59151409",8279759
"2021S051259151410","59151410",8282390
"2021S051259151411","59151411",8285021
"2021S051259151412","59151412",8287652
"2021S051259151413","59151413",8290283
"2021S051259151414","59151414",8292914
"2021S051259151415","59151415",8295545
"2021S051259151416","59151416",8298176
"2021S051259151417","59151417",8300807
"2021S051259151418","59151418",8303438
"2021S051259151419","59151419",8306069
"2021S051259151420","59151420",8308700
"2021S051259151423","59151423",8311331
"2021S051259151424","59151424",8313962
"2021S051259151425","59151425",8316593
"2021S051259151426","59151426",8319224
"2021S051259151427","59151427",8321855
"2021S051259151428","59151428",8324486
"2021S051259151429","59151429",8327117
"2021S051259151430","59151430",8329748
"2021S051259151432","59151432",8332379
"2021S051259151433","59151433",8335010
"2021S051259151434","59151434",8337641
"2021S051259151435","59151435",8340272
"2021S051259151436","59151436",8342903
"2021S051259151437","59151437",8345534
"2021S051259151438","59151438",8348165
"2021S051259151439","59151439",8350796
"2021S051259151440","59151440",8353427
"2021S051259151441","59151441",8356058
"2021S051259151442","59151442",8358689
"2021S051259151443","59151443",8361320
"2021S051259151444","59151444",8363951
"2021S051259151448","59151448",8366582
"2021S051259151449","59151449",8369213
"2021S051259151450","59151450",8371844
"2021S051259151451","59151451",8374475
"2021S051259151452","59151452",8377106
"2021S051259151453","59151453",8379737
"2021S051259151454","59151454",8382368
"2021S051259151455","59151455",8384999
"2021S051259151456","59151456",8387630
"2021S051259151457","59151457",8390261
"2021S051259151458","59151458",8392892
"2021S051259151459","59151459",8395523
"2021S051259151460","59151460",8398154
"2021S051259151461","59151461",8400785
"2021S051259151463","59151463",8403416
"2021S051259151464","59151464",8406047
"2021S051259151465","59151465",8408678
"2021S051259151467","59151467",8411309
"2021S051259151469","59151469",8413940
"2021S051259151470","59151470",8416571
"2021S051259151471","59151471",8419202
"2021S051259151472","59151472",8421833
"2021S051259151473","59151473",8424464
"2021S051259151474","59151474",8427095
"2021S051259151475","59151475",8429726
"2021S051259151476","59151476",8432357
"2021S051259151477","59151477",8434988
"2021S051259151478","59151478",8437619
"2021S051259151479","59151479",8440250
"2021S051259151483","59151483",8442881
"2021S051259151484","59151484",8445512
"2021S051259151485","59151485",8448143
"2021S051259151486","59151486",8450774
"2021S051259152941","59152941",8453405
"2021S051259152942","59152942",8456036
"2021S051259152943","59152943",8458667
"2021S051259152944","59152944",8461298
"2021S051259152945","59152945",8463929
"2021S051259152946","59152946",8466560
"2021S051259153075","59153075",8469191
"2021S051259153076","59153076",8471822
"2021S051259153077","59153077",8474453
"2021S051259153078","59153078",8477084
"2021S051259153079","59153079",8479715
"2021S051259153080","59153080",8482346
"2021S051259153081","59153081",8484977
"2021S051259153082","59153082",8487608
"2021S051259153083","59153083",8490239
"2021S051259153084","59153084",8492870
"2021S051259153085","59153085",8495501
"2021S051259153086","59153086",8498132
"2021S051259153087","59153087",8500763
"2021S051259153088","59153088",8503394
"2021S051259153089","59153089",8506025
"2021S051259153090","59153090",8508656
"2021S051259153091","59153091",8511287
"2021S051259153092","59153092",8513918
"2021S051259153093","59153093",8516549
"2021S051259153094","59153094",8519180
"2021S051259153095","59153095",8521811
"2021S051259153096","59153096",8524442
"2021S051259153097","59153097",8527073
"2021S051259153098","59153098",8529704
"2021S051259153123","59153123",8532335
"2021S051259153124","59153124",8534966
"2021S051259153132","59153132",8537597
"2021S051259153133","59153133",8540228
"2021S051259153134","59153134",8542859
"2021S051259153135","59153135",8545490
"2021S051259153136","59153136",8548121
"2021S051259153137","59153137",8550752
"2021S051259153138","59153138",8553383
"2021S051259153139","59153139",8556014
"2021S051259153140","59153140",8558645
"2021S051259153144","59153144",8561276
"2021S051259153151","59153151",8563907
"2021S051259153152","59153152",8566538
"2021S051259153153","59153153",8569169
"2021S051259153154","59153154",8571800
"2021S051259153155","59153155",8574431
"2021S051259153156","59153156",8577062
"2021S051259153157","59153157",8579693
"2021S051259153158","59153158",8582324
"2021S051259153159","59153159",8584955
"2021S051259153160","59153160",8587586
"2021S051259153161","59153161",8590217
"2021S051259153162","59153162",8592848
"2021S051259153163","59153163",8595479
"2021S051259153164","59153164",8598110
"2021S051259153165","59153165",8600741
"2021S051259153166","59153166",8603372
"2021S051259153167","59153167",8606003
"2021S051259153168","59153168",8608634
"2021S051259153171","59153171",8611265
"2021S051259153172","59153172",8613896
"2021S051259153181","59153181",8616527
"2021S051259153182","59153182",8619158
"2021S051259153183","59153183",8621789
"2021S051259153184","59153184",8624420
"2021S051259153185","59153185",8627051
"2021S051259153186","59153186",8629682
"2021S051259153187","59153187",8632313
"2021S051259153188","59153188",8634944
"2021S051259153189","59153189",8637575
"2021S051259153190","59153190",8640206
"2021S051259153191","59153191",8642837
"2021S051259153192","59153192",8645468
"2021S051259153193","59153193",8648099
"2021S051259153194","59153194",8650730
"2021S051259153195","59153195",8653361
"2021S051259153196","59153196",8655992
"2021S051259153197","59153197",8658623
"2021S051259153198","59153198",8661254
"2021S051259153199","59153199",8663885
"2021S051259153200","59153200",8666516
"2021S051259153201","59153201",8669147
"2021S051259153202","59153202",8671778
"2021S051259153203","59153203",8674409
"2021S051259153204","59153204",8677040
"2021S051259153205","59153205",8679671
"2021S051259153206","59153206",8682302
"2021S051259153207","59153207",8684933
"2021S051259153208","59153208",8687564
"2021S051259153209","59153209",8690195
"2021S051259153210","59153210",8692826
"2021S051259153211","59153211",8695457
"2021S051259153212","59153212",8698088
"2021S051259153213","59153213",8700719
"2021S051259153214","59153214",8703350
"2021S051259153215","59153215",8705981
"2021S051259153216","59153216",8708612
"2021S051259153217","59153217",8711243
"2021S051259153218","59153218",8713874
"2021S051259153219","59153219",8716505
"2021S051259153220","59153220",8719136
"2021S051259153221","59153221",8721767
"2021S051259153222","59153222",8724398
"2021S051259153223","59153223",8727029
"2021S051259153224","59153224",8729660
"2021S051259153225","59153225",8732291
"2021S051259153226","59153226",8734922
"2021S051259153227","59153227",8737553
"2021S051259153228","59153228",8740184
"2021S051259153229","59153229",8742815
"2021S051259153230","59153230",8745446
"2021S051259153231","59153231",8748077
"2021S051259153232","59153232",8750708
"2021S051259153246","59153246",8753339
"2021S051259153249","59153249",8755970
"2021S051259153250","59153250",8758601
"2021S051259153251","59153251",8761232
"2021S051259153252","59153252",8763863
"2021S051259153253","59153253",8766494
"2021S051259153254","59153254",8769125
"2021S051259153255","59153255",8771756
"2021S051259153256","59153256",8774387
"2021S051259153257","59153257",8777018
"2021S051259153258","59153258",8779649
"2021S051259153259","59153259",8782280
"2021S051259153261","59153261",8784911
"2021S051259153262","59153262",8787542
"2021S051259153263","59153263",8790173
"2021S051259153264","59153264",8792804
"2021S051259153265","59153265",8795435
"2021S051259153266","59153266",8798066
"2021S051259153267","59153267",8800697
"2021S051259153268","59153268",8803328
"2021S051259153269","59153269",8805959
"2021S051259153270","59153270",8808590
"2021S051259153271","59153271",8811221
"2021S051259153272","59153272",8813852
"2021S051259153273","59153273",8816483
"2021S051259153274","59153274",8819114
"2021S051259153275","59153275",8821745
"2021S051259153276","59153276",8824376
"2021S051259153277","59153277",8827007
"2021S051259153278","59153278",8829638
"2021S051259153279","59153279",8832269
"2021S051259153280","59153280",8834900
"2021S051259153281","59153281",8837531
"2021S051259153282","59153282",8840162
"2021S051259153283","59153283",8842793
"2021S051259153284","59153284",8845424
"2021S051259153285","59153285",8848055
"2021S051259153286","59153286",8850686
"2021S051259153287","59153287",8853317
"2021S051259153288","59153288",8855948
"2021S051259153289","59153289",8858579
"2021S051259153290","59153290",8861210
"2021S051259153291","59153291",8863841
"2021S051259153292","59153292",8866472
"2021S051259153293","59153293",8869103
"2021S051259153295","59153295",8871734
"2021S051259153296","59153296",8874365
"2021S051259153297","59153297",8876996
"2021S051259153298","59153298",8879627
"2021S051259153299","59153299",8882258
"2021S051259153300","59153300",8884889
"2021S051259153301","59153301",8887520
"2021S051259153302","59153302",8890151
"2021S051259153303","59153303",8892782
"2021S051259153304","59153304",8895413
"2021S051259153305","59153305",8898044
"2021S051259153306","59153306",8900675
"2021S051259153307","59153307",8903306
"2021S051259153308","59153308",8905937
"2021S051259153370","59153370",8908568
"2021S051259153371","59153371",8911199
"2021S051259153372","59153372",8913830
"2021S051259153373","59153373",8916461
"2021S051259153394","59153394",8919092
"2021S051259153400","59153400",8921723
"2021S051259153464","59153464",8924354
"2021S051259153466","59153466",8926985
"2021S051259153467","59153467",8929616
"2021S051259153469","59153469",8932247
"2021S051259153470","59153470",8934878
"2021S051259153471","59153471",8937509
"2021S051259153472","59153472",8940140
"2021S051259153473","59153473",8942771
"2021S051259153474","59153474",8945402
"2021S051259153476","59153476",8948033
"2021S051259153477","59153477",8950664
"2021S051259153479","59153479",8953295
"2021S051259153480","59153480",8955926
"2021S051259153481","59153481",8958557
"2021S051259153482","59153482",8961188
"2021S051259153483","59153483",8963819
"2021S051259153490","59153490",8966450
"2021S051259153491","59153491",8969081
"2021S051259153492","59153492",8971712
"2021S051259153498","59153498",8974343
"2021S051259153499","59153499",8976974
"2021S051259153500","59153500",8979605
"2021S051259153539","59153539",8982236
"2021S051259153540","59153540",8984867
"2021S051259153552","59153552",8987498
"2021S051259153553","59153553",8990129
"2021S051259153562","59153562",8992760
"2021S051259153578","59153578",8995391
"2021S051259153579","59153579",8998022
"2021S051259153580","59153580",9000653
"2021S051259153581","59153581",9003284
"2021S051259153582","59153582",9005915
"2021S051259153583","59153583",9008546
"2021S051259153585","59153585",9011177
"2021S051259153586","59153586",9013808
"2021S051259153587","59153587",9016439
"2021S051259153588","59153588",9019070
"2021S051259153589","59153589",9021701
"2021S051259153590","59153590",9024332
"2021S051259153591","59153591",9026963
"2021S051259153668","59153668",9029594
"2021S051259153669","59153669",9032225
"2021S051259153670","59153670",9034856
"2021S051259153671","59153671",9037487
"2021S051259153672","59153672",9040118
"2021S051259153673","59153673",9042749
"2021S051259153674","59153674",9045380
"2021S051259153675","59153675",9048011
"2021S051259153676","59153676",9050642
"2021S051259153677","59153677",9053273
"2021S051259153678","59153678",9055904
"2021S051259153679","59153679",9058535
"2021S051259153680","59153680",9061166
"2021S051259153681","59153681",9063797
"2021S051259153682","59153682",9066428
"2021S051259153683","59153683",9069059
"2021S051259153684","59153684",9071690
"2021S051259153685","59153685",9074321
"2021S051259153686","59153686",9076952
"2021S051259153687","59153687",9079583
"2021S051259153688","59153688",9082214
"2021S051259153689","59153689",9084845
"2021S051259153690","59153690",9087476
"2021S051259153691","59153691",9090107
"2021S051259153692","59153692",9092738
"2021S051259153799","59153799",9095369
"2021S051259153800","59153800",9098000
"2021S051259153801","59153801",9100631
"2021S051259153805","59153805",9103262
"2021S051259153806","59153806",9105893
"2021S051259153807","59153807",9108524
"2021S051259153809","59153809",9111155
"2021S051259153810","59153810",9113786
"2021S051259153812","59153812",9116417
"2021S051259153814","59153814",9119048
"2021S051259153815","59153815",9121679
"2021S051259153816","59153816",9124310
"2021S051259153818","59153818",9126941
"2021S051259153821","59153821",9129572
"2021S051259153825","59153825",9132203
"2021S051259153826","59153826",9134834
"2021S051259153831","59153831",9137465
"2021S051259153833","59153833",9140096
"2021S051259153835","59153835",9142727
"2021S051259153836","59153836",9145358
"2021S051259153838","59153838",9147989
"2021S051259153839","59153839",9150620
"2021S051259153843","59153843",9153251
"2021S051259153847","59153847",9155882
"2021S051259153849","59153849",9158513
"2021S051259153851","59153851",9161144
"2021S051259153852","59153852",9163775
"2021S051259153955","59153955",9166406
"2021S051259153956","59153956",9169037
"2021S051259153986","59153986",9171668
"2021S051259153987","59153987",9174299
"2021S051259153988","59153988",9176930
"2021S051259153989","59153989",9179561
"2021S051259153990","59153990",9182192
"2021S051259153991","59153991",9184823
"2021S051259153994","59153994",9187454
"2021S051259153995","59153995",9190085
"2021S051259153996","59153996",9192716
"2021S051259153997","59153997",9195347
"2021S051259154000","59154000",9197978
"2021S051259154002","59154002",9200609
"2021S051259154026","59154026",9203240
"2021S051259154027","59154027",9205871
"2021S051259154134","59154134",9208502
"2021S051259154135","59154135",9211133
"2021S051259154136","59154136",9213764
"2021S051259154137","59154137",9216395
"2021S051259154138","59154138",9219026
"2021S051259154139","59154139",9221657
"2021S051259154140","59154140",9224288
"2021S051259154141","59154141",9226919
"2021S051259154142","59154142",9229550
"2021S051259154143","59154143",9232181
"2021S051259154144","59154144",9234812
"2021S051259154145","59154145",9237443
"2021S051259154146","59154146",9240074
"2021S051259154147","59154147",9242705
"2021S051259154148","59154148",9245336
"2021S051259154149","59154149",9247967
"2021S051259154150","59154150",9250598
"2021S051259154152","59154152",9253229
"2021S051259154154","59154154",9255860
"2021S051259154156","59154156",9258491
"2021S051259154157","59154157",9261122
"2021S051259154158","59154158",9263753
"2021S051259154159","59154159",9266384
"2021S051259154164","59154164",9269015
"2021S051259154165","59154165",9271646
"2021S051259154166","59154166",9274277
"2021S051259154167","59154167",9276908
"2021S051259154168","59154168",9279539
"2021S051259154169","59154169",9282170
"2021S051259154172","59154172",9284801
"2021S051259154173","59154173",9287432
"2021S051259154174","59154174",9290063
"2021S051259154177","59154177",9292694
"2021S051259154180","59154180",9295325
"2021S051259154181","59154181",9297956
"2021S051259154182","59154182",9300587
"2021S051259154183","59154183",9303218
"2021S051259154184","59154184",9305849
"2021S051259154185","59154185",9308480
"2021S051259154186","59154186",9311111
"2021S051259154187","59154187",9313742
"2021S051259154188","59154188",9316373
"2021S051259154189","59154189",9319004
"2021S051259154190","59154190",9321635
"2021S051259154191","59154191",9324266
"2021S051259154192","59154192",9326897
"2021S051259154193","59154193",9329528
"2021S051259154194","59154194",9332159
"2021S051259154195","59154195",9334790
"2021S051259154196","59154196",9337421
"2021A00055915025","Burnaby",9340052
"2021S051259150253","59150253",9342683
"2021S051259150254","59150254",9345314
"2021S051259150255","59150255",9347945
"2021S051259150260","59150260",9350576
"2021S051259150261","59150261",9353207
"2021S051259150262","59150262",9355838
"2021S051259150263","59150263",9358469
"2021S051259150264","59150264",9361100
"2021S051259150265","59150265",9363731
"2021S051259150266","59150266",9366362
"2021S051259150267","59150267",9368993
"2021S051259150268","59150268",9371624
"2021S051259150269","59150269",9374255
"2021S051259150270","59150270",9376886
"2021S051259150271","59150271",9379517
"2021S051259150272","59150272",9382148
"2021S051259150273","59150273",9384779
"2021S051259150274","59150274",9387410
"2021S051259150275","59150275",9390041
"2021S051259150276","59150276",9392672
"2021S051259150277","59150277",9395303
"2021S051259150278","59150278",9397934
"2021S051259150279","59150279",9400565
"2021S051259150280","59150280",9403196
"2021S051259150281","59150281",9405827
"2021S051259150282","59150282",9408458
"2021S051259150283","59150283",9411089
"2021S051259150284","59150284",9413720
"2021S051259150285","59150285",9416351
"2021S051259150286","59150286",9418982
"2021S051259150287","59150287",9421613
"2021S051259150288","59150288",9424244
"2021S051259150289","59150289",9426875
"2021S051259150290","59150290",9429506
"2021S051259150291","59150291",9432137
"2021S051259150292","59150292",9434768
"2021S051259150293","59150293",9437399
"2021S051259150294","59150294",9440030
"2021S051259150295","59150295",9442661
"2021S051259150296","59150296",9445292
"2021S051259150297","59150297",9447923
"2021S051259150298","59150298",9450554
"2021S051259150299","59150299",9453185
"2021S051259150300","59150300",9455816
"2021S051259150301","59150301",9458447
"2021S051259150302","59150302",9461078
"2021S051259150303","59150303",9463709
"2021S051259150304","59150304",9466340
"2021S051259150305","59150305",9468971
"2021S051259150306","59150306",9471602
"2021S051259150314","59150314",9474233
"2021S051259150315","59150315",9476864
"2021S051259150316","59150316",9479495
"2021S051259150317","59150317",9482126
"2021S051259150318","59150318",9484757
"2021S051259150319","59150319",9487388
"2021S051259150320","59150320",9490019
"2021S051259150321","59150321",9492650
"2021S051259150322","59150322",9495281
"2021S051259150323","59150323",9497912
"2021S051259150324","59150324",9500543
"2021S051259150325","59150325",9503174
"2021S051259150326","59150326",9505805
"2021S051259150327","59150327",9508436
"2021S051259151232","59151232",9511067
"2021S051259151237","59151237",9513698
"2021S051259151238","59151238",9516329
"2021S051259151239","59151239",9518960
"2021S051259151240","59151240",9521591
"2021S051259151241","59151241",9524222
"2021S051259151242","59151242",9526853
"2021S051259151243","59151243",9529484
"2021S051259151244","59151244",9532115
"2021S051259151252","59151252",9534746
"2021S051259151253","59151253",9537377
"2021S051259151254","59151254",9540008
"2021S051259151255","59151255",9542639
"2021S051259151256","59151256",9545270
"2021S051259151257","59151257",9547901
"2021S051259151258","59151258",9550532
"2021S051259151259","59151259",9553163
"2021S051259151260","59151260",9555794
"2021S051259151261","59151261",9558425
"2021S051259151262","59151262",9561056
"2021S051259151263","59151263",9563687
"2021S051259151264","59151264",9566318
"2021S051259151265","59151265",9568949
"2021S051259151266","59151266",9571580
"2021S051259151267","59151267",9574211
"2021S051259151268","59151268",9576842
"2021S051259151269","59151269",9579473
"2021S051259151270","59151270",9582104
"2021S051259151271","59151271",9584735
"2021S051259151272","59151272",9587366
"2021S051259151273","59151273",9589997
"2021S051259151274","59151274",9592628
"2021S051259151275","59151275",9595259
"2021S051259151276","59151276",9597890
"2021S051259151277","59151277",9600521
"2021S051259151278","59151278",9603152
"2021S051259151279","59151279",9605783
"2021S051259151280","59151280",9608414
"2021S051259151281","59151281",9611045
"2021S051259151282","59151282",9613676
"2021S051259151283","59151283",9616307
"2021S051259151284","59151284",9618938
"2021S051259151286","59151286",9621569
"2021S051259151288","59151288",9624200
"2021S051259151289","59151289",9626831
"2021S051259151290","59151290",9629462
"2021S051259151291","59151291",9632093
"2021S051259151292","59151292",9634724
"2021S051259151293","59151293",9637355
"2021S051259151294","59151294",9639986
"2021S051259151297","59151297",9642617
"2021S051259151298","59151298",9645248
"2021S051259151299","59151299",9647879
"2021S051259151300","59151300",9650510
"2021S051259151302","59151302",9653141
"2021S051259151304","59151304",9655772
"2021S051259151305","59151305",9658403
"2021S051259151307","59151307",9661034
"2021S051259151308","59151308",9663665
"2021S051259151309","59151309",9666296
"2021S051259151310","59151310",9668927
"2021S051259151311","59151311",9671558
"2021S051259151312","59151312",9674189
"2021S051259151313","59151313",9676820
"2021S051259151314","59151314",9679451
"2021S051259151315","59151315",9682082
"2021S051259151316","59151316",9684713
"2021S051259151317","59151317",9687344
"2021S051259151318","59151318",9689975
"2021S051259151319","59151319",9692606
"2021S051259151320","59151320",9695237
"2021S051259151321","59151321",9697868
"2021S051259151322","59151322",9700499
"2021S051259151323","59151323",9703130
"2021S051259151324","59151324",9705761
"2021S051259151325","59151325",9708392
"2021S051259151326","59151326",9711023
"2021S051259151327","59151327",9713654
"2021S051259151328","59151328",9716285
"2021S051259151329","59151329",9718916
"2021S051259151332","59151332",9721547
"2021S051259151336","59151336",9724178
"2021S051259151338","59151338",9726809
"2021S051259151339","59151339",9729440
"2021S051259151340","59151340",9732071
"2021S051259151341","59151341",9734702
"2021S051259151342","59151342",9737333
"2021S051259151343","59151343",9739964
"2021S051259151345","59151345",9742595
"2021S051259151346","59151346",9745226
"2021S051259151347","59151347",9747857
"2021S051259151348","59151348",9750488
"2021S051259151349","59151349",9753119
"2021S051259151350","59151350",9755750
"2021S051259151374","59151374",9758381
"2021S051259151375","59151375",9761012
"2021S051259151376","59151376",9763643
"2021S051259151377","59151377",9766274
"2021S051259151378","59151378",9768905
"2021S051259151379","59151379",9771536
"2021S051259151380","59151380",9774167
"2021S051259151381","59151381",9776798
"2021S051259151382","59151382",9779429
"2021S051259151383","59151383",9782060
"2021S051259151384","59151384",9784691
"2021S051259151385","59151385",9787322
"2021S051259151386","59151386",9789953
"2021S051259151387","59151387",9792584
"2021S051259151388","59151388",9795215
"2021S051259151389","59151389",9797846
"2021S051259151390","59151390",9800477
"2021S051259151391","59151391",9803108
"2021S051259151392","59151392",9805739
"2021S051259151393","59151393",9808370
"2021S051259151394","59151394",9811001
"2021S051259151395","59151395",9813632
"2021S051259151396","59151396",9816263
"2021S051259151397","59151397",9818894
"2021S051259151399","59151399",9821525
"2021S051259151400","59151400",9824156
"2021S051259151401","59151401",9826787
"2021S051259151404","59151404",9829418
"2021S051259151405","59151405",9832049
"2021S051259151406","59151406",9834680
"2021S051259151445","59151445",9837311
"2021S051259151446","59151446",9839942
"2021S051259151487","59151487",9842573
"2021S051259151488","59151488",9845204
"2021S051259151489","59151489",9847835
"2021S051259151490","59151490",9850466
"2021S051259151491","59151491",9853097
"2021S051259151492","59151492",9855728
"2021S051259151493","59151493",9858359
"2021S051259151494","59151494",9860990
"2021S051259151495","59151495",9863621
"2021S051259151496","59151496",9866252
"2021S051259151497","59151497",9868883
"2021S051259151498","59151498",9871514
"2021S051259151499","59151499",9874145
"2021S051259151507","59151507",9876776
"2021S051259151508","59151508",9879407
"2021S051259151509","59151509",9882038
"2021S051259151526","59151526",9884669
"2021S051259152880","59152880",9887300
"2021S051259152881","59152881",9889931
"2021S051259152882","59152882",9892562
"2021S051259152883","59152883",9895193
"2021S051259152884","59152884",9897824
"2021S051259152890","59152890",9900455
"2021S051259152891","59152891",9903086
"2021S051259152892","59152892",9905717
"2021S051259152893","59152893",9908348
"2021S051259152894","59152894",9910979
"2021S051259152895","59152895",9913610
"2021S051259152896","59152896",9916241
"2021S051259152897","59152897",9918872
"2021S051259152898","59152898",9921503
"2021S051259152899","59152899",9924134
"2021S051259152900","59152900",9926765
"2021S051259152901","59152901",9929396
"2021S051259152902","59152902",9932027
"2021S051259152903","59152903",9934658
"2021S051259152904","59152904",9937289
"2021S051259152905","59152905",9939920
"2021S051259152906","59152906",9942551
"2021S051259152907","59152907",9945182
"2021S051259152908","59152908",9947813
"2021S051259152909","59152909",9950444
"2021S051259152910","59152910",9953075
"2021S051259152911","59152911",9955706
"2021S051259152912","59152912",9958337
"2021S051259152913","59152913",9960968
"2021S051259152914","59152914",9963599
"2021S051259152915","59152915",9966230
"2021S051259152916","59152916",9968861
"2021S051259152917","59152917",9971492
"2021S051259152918","59152918",9974123
"2021S051259152919","59152919",9976754
"2021S051259152920","59152920",9979385
"2021S051259152926","59152926",9982016
"2021S051259152927","59152927",9984647
"2021S051259152928","59152928",9987278
"2021S051259152961","59152961",9989909
"2021S051259153069","59153069",9992540
"2021S051259153070","59153070",9995171
"2021S051259153071","59153071",9997802
"2021S051259153072","59153072",10000433
"2021S051259153073","59153073",10003064
"2021S051259153074","59153074",10005695
"2021S051259153309","59153309",10008326
"2021S051259153310","59153310",10010957
"2021S051259153311","59153311",10013588
"2021S051259153312","59153312",10016219
"2021S051259153313","59153313",10018850
"2021S051259153314","59153314",10021481
"2021S051259153315","59153315",10024112
"2021S051259153316","59153316",10026743
"2021S051259153317","59153317",10029374
"2021S051259153318","59153318",10032005
"2021S051259153319","59153319",10034636
"2021S051259153320","59153320",10037267
"2021S051259153321","59153321",10039898
"2021S051259153322","59153322",10042529
"2021S051259153323","59153323",10045160
"2021S051259153324","59153324",10047791
"2021S051259153325","59153325",10050422
"2021S051259153326","59153326",10053053
"2021S051259153353","59153353",10055684
"2021S051259153354","59153354",10058315
"2021S051259153355","59153355",10060946
"2021S051259153378","59153378",10063577
"2021S051259153381","59153381",10066208
"2021S051259153382","59153382",10068839
"2021S051259153383","59153383",10071470
"2021S051259153385","59153385",10074101
"2021S051259153493","59153493",10076732
"2021S051259153494","59153494",10079363
"2021S051259153495","59153495",10081994
"2021S051259153496","59153496",10084625
"2021S051259153497","59153497",10087256
"2021S051259153555","59153555",10089887
"2021S051259153556","59153556",10092518
"2021S051259153633","59153633",10095149
"2021S051259153634","59153634",10097780
"2021S051259153635","59153635",10100411
"2021S051259153636","59153636",10103042
"2021S051259153637","59153637",10105673
"2021S051259153638","59153638",10108304
"2021S051259153639","59153639",10110935
"2021S051259153640","59153640",10113566
"2021S051259153641","59153641",10116197
"2021S051259153642","59153642",10118828
"2021S051259153643","59153643",10121459
"2021S051259153644","59153644",10124090
"2021S051259153645","59153645",10126721
"2021S051259153646","59153646",10129352
"2021S051259153647","59153647",10131983
"2021S051259153648","59153648",10134614
"2021S051259153649","59153649",10137245
"2021S051259153650","59153650",10139876
"2021S051259153651","59153651",10142507
"2021S051259153652","59153652",10145138
"2021S051259153653","59153653",10147769
"2021S051259153654","59153654",10150400
"2021S051259153655","59153655",10153031
"2021S051259153656","59153656",10155662
"2021S051259153693","59153693",10158293
"2021S051259153694","59153694",10160924
"2021S051259153695","59153695",10163555
"2021S051259153696","59153696",10166186
"2021S051259153697","59153697",10168817
"2021S051259153698","59153698",10171448
"2021S051259153699","59153699",10174079
"2021S051259153700","59153700",10176710
"2021S051259154029","59154029",10179341
"2021S051259154030","59154030",10181972
"2021S051259154031","59154031",10184603
"2021S051259154032","59154032",10187234
"2021A00055915029","New Westminster",10189865
"2021S051259152819","59152819",10192496
"2021S051259152820","59152820",10195127
"2021S051259152821","59152821",10197758
"2021S051259152822","59152822",10200389
"2021S051259152832","59152832",10203020
"2021S051259152833","59152833",10205651
"2021S051259152834","59152834",10208282
"2021S051259152835","59152835",10210913
"2021S051259152836","59152836",10213544
"2021S051259152837","59152837",10216175
"2021S051259152838","59152838",10218806
"2021S051259152839","59152839",10221437
"2021S051259152840","59152840",10224068
"2021S051259152841","59152841",10226699
"2021S051259152842","59152842",10229330
"2021S051259152843","59152843",10231961
"2021S051259152844","59152844",10234592
"2021S051259152845","59152845",10237223
"2021S051259152846","59152846",10239854
"2021S051259152848","59152848",10242485
"2021S051259152849","59152849",10245116
"2021S051259152850","59152850",10247747
"2021S051259152851","59152851",10250378
"2021S051259152852","59152852",10253009
"2021S051259152853","59152853",10255640
"2021S051259152854","59152854",10258271
"2021S051259152855","59152855",10260902
"2021S051259152856","59152856",10263533
"2021S051259152857","59152857",10266164
"2021S051259152858","59152858",10268795
"2021S051259152859","59152859",10271426
"2021S051259152860","59152860",10274057
"2021S051259152861","59152861",10276688
"2021S051259152862","59152862",10279319
"2021S051259152863","59152863",10281950
"2021S051259152867","59152867",10284581
"2021S051259152869","59152869",10287212
"2021S051259152870","59152870",10289843
"2021S051259152871","59152871",10292474
"2021S051259152872","59152872",10295105
"2021S051259152873","59152873",10297736
"2021S051259152874","59152874",10300367
"2021S051259152875","59152875",10302998
"2021S051259152876","59152876",10305629
"2021S051259152877","59152877",10308260
"2021S051259152878","59152878",10310891
"2021S051259152879","59152879",10313522
"2021S051259152885","59152885",10316153
"2021S051259152886","59152886",10318784
"2021S051259152887","59152887",10321415
"2021S051259152888","59152888",10324046
"2021S051259152889","59152889",10326677
"2021S051259152921","59152921",10329308
"2021S051259152922","59152922",10331939
"2021S051259152923","59152923",10334570
"2021S051259152924","59152924",10337201
"2021S051259152925","59152925",10339832
"2021S051259152929","59152929",10342463
"2021S051259152930","59152930",10345094
"2021S051259152931","59152931",10347725
"2021S051259152932","59152932",10350356
"2021S051259152933","59152933",10352987
"2021S051259152934","59152934",10355618
"2021S051259152935","59152935",10358249
"2021S051259152936","59152936",10360880
"2021S051259152947","59152947",10363511
"2021S051259152948","59152948",10366142
"2021S051259152949","59152949",10368773
"2021S051259152950","59152950",10371404
"2021S051259152951","59152951",10374035
"2021S051259152953","59152953",10376666
"2021S051259152954","59152954",10379297
"2021S051259152955","59152955",10381928
"2021S051259152956","59152956",10384559
"2021S051259152957","59152957",10387190
"2021S051259152958","59152958",10389821
"2021S051259152962","59152962",10392452
"2021S051259152963","59152963",10395083
"2021S051259153523","59153523",10397714
"2021S051259153524","59153524",10400345
"2021S051259153657","59153657",10402976
"2021S051259153659","59153659",10405607
"2021S051259153661","59153661",10408238
"2021S051259153662","59153662",10410869
"2021S051259154065","59154065",10413500
"2021S051259154066","59154066",10416131
"2021S051259154069","59154069",10418762
"2021S051259154070","59154070",10421393
"2021S051259154071","59154071",10424024
"2021S051259154073","59154073",10426655
"2021S051259154075","59154075",10429286
"2021A00055915034","Coquitlam",10431917
"2021S051259151520","59151520",10434548
"2021S051259151521","59151521",10437179
"2021S051259151522","59151522",10439810
"2021S051259151523","59151523",10442441
"2021S051259151524","59151524",10445072
"2021S051259151525","59151525",10447703
"2021S051259151529","59151529",10450334
"2021S051259151531","59151531",10452965
"2021S051259151532","59151532",10455596
"2021S051259151534","59151534",10458227
"2021S051259151535","59151535",10460858
"2021S051259151536","59151536",10463489
"2021S051259151537","59151537",10466120
"2021S051259151538","59151538",10468751
"2021S051259151539","59151539",10471382
"2021S051259151540","59151540",10474013
"2021S051259151541","59151541",10476644
"2021S051259151542","59151542",10479275
"2021S051259151543","59151543",10481906
"2021S051259151544","59151544",10484537
"2021S051259151545","59151545",10487168
"2021S051259151547","59151547",10489799
"2021S051259151553","59151553",10492430
"2021S051259151554","59151554",10495061
"2021S051259151555","59151555",10497692
"2021S051259151556","59151556",10500323
"2021S051259151557","59151557",10502954
"2021S051259151558","59151558",10505585
"2021S051259151559","59151559",10508216
"2021S051259151560","59151560",10510847
"2021S051259151561","59151561",10513478
"2021S051259151562","59151562",10516109
"2021S051259151563","59151563",10518740
"2021S051259151564","59151564",10521371
"2021S051259151565","59151565",10524002
"2021S051259151566","59151566",10526633
"2021S051259151567","59151567",10529264
"2021S051259151568","59151568",10531895
"2021S051259151569","59151569",10534526
"2021S051259151570","59151570",10537157
"2021S051259151571","59151571",10539788
"2021S051259151572","59151572",10542419
"2021S051259151573","59151573",10545050
"2021S051259151574","59151574",10547681
"2021S051259151575","59151575",10550312
"2021S051259151576","59151576",10552943
"2021S051259151577","59151577",10555574
"2021S051259151578","59151578",10558205
"2021S051259151579","59151579",10560836
"2021S051259151580","59151580",10563467
"2021S051259151581","59151581",10566098
"2021S051259151582","59151582",10568729
"2021S051259151583","59151583",10571360
"2021S051259151584","59151584",10573991
"2021S051259151585","59151585",10576622
"2021S051259151586","59151586",10579253
"2021S051259151587","59151587",10581884
"2021S051259151588","59151588",10584515
"2021S051259151589","59151589",10587146
"2021S051259151590","59151590",10589777
"2021S051259151591","59151591",10592408
"2021S051259151592","59151592",10595039
"2021S051259151593","59151593",10597670
"2021S051259151594","59151594",10600301
"2021S051259151595","59151595",10602932
"2021S051259151597","59151597",10605563
"2021S051259151598","59151598",10608194
"2021S051259151599","59151599",10610825
"2021S051259151602","59151602",10613456
"2021S051259151606","59151606",10616087
"2021S051259151607","59151607",10618718
"2021S051259151608","59151608",10621349
"2021S051259151609","59151609",10623980
"2021S051259151634","59151634",10626611
"2021S051259151635","59151635",10629242
"2021S051259151636","59151636",10631873
"2021S051259151637","59151637",10634504
"2021S051259151638","59151638",10637135
"2021S051259151639","59151639",10639766
"2021S051259151640","59151640",10642397
"2021S051259151641","59151641",10645028
"2021S051259151642","59151642",10647659
"2021S051259151643","59151643",10650290
"2021S051259151644","59151644",10652921
"2021S051259151645","59151645",10655552
"2021S051259151646","59151646",10658183
"2021S051259151647","59151647",10660814
"2021S051259151648","59151648",10663445
"2021S051259151649","59151649",10666076
"2021S051259151650","59151650",10668707
"2021S051259151651","59151651",10671338
"2021S051259151652","59151652",10673969
"2021S051259151653","59151653",10676600
"2021S051259151654","59151654",10679231
"2021S051259151655","59151655",10681862
"2021S051259151658","59151658",10684493
"2021S051259151659","59151659",10687124
"2021S051259151660","59151660",10689755
"2021S051259151661","59151661",10692386
"2021S051259151663","59151663",10695017
"2021S051259151664","59151664",10697648
"2021S051259151665","59151665",10700279
"2021S051259151666","59151666",10702910
"2021S051259151713","59151713",10705541
"2021S051259151714","59151714",10708172
"2021S051259151715","59151715",10710803
"2021S051259151716","59151716",10713434
"2021S051259151717","59151717",10716065
"2021S051259151718","59151718",10718696
"2021S051259151719","59151719",10721327
"2021S051259151720","59151720",10723958
"2021S051259151721","59151721",10726589
"2021S051259151723","59151723",10729220
"2021S051259151724","59151724",10731851
"2021S051259151726","59151726",10734482
"2021S051259151727","59151727",10737113
"2021S051259151728","59151728",10739744
"2021S051259152972","59152972",10742375
"2021S051259152973","59152973",10745006
"2021S051259152974","59152974",10747637
"2021S051259152975","59152975",10750268
"2021S051259152976","59152976",10752899
"2021S051259152978","59152978",10755530
"2021S051259152979","59152979",10758161
"2021S051259152980","59152980",10760792
"2021S051259152981","59152981",10763423
"2021S051259152982","59152982",10766054
"2021S051259152983","59152983",10768685
"2021S051259152984","59152984",10771316
"2021S051259152985","59152985",10773947
"2021S051259152986","59152986",10776578
"2021S051259152987","59152987",10779209
"2021S051259152995","59152995",10781840
"2021S051259153051","59153051",10784471
"2021S051259153052","59153052",10787102
"2021S051259153053","59153053",10789733
"2021S051259153054","59153054",10792364
"2021S051259153055","59153055",10794995
"2021S051259153057","59153057",10797626
"2021S051259153058","59153058",10800257
"2021S051259153059","59153059",10802888
"2021S051259153060","59153060",10805519
"2021S051259153061","59153061",10808150
"2021S051259153062","59153062",10810781
"2021S051259153063","59153063",10813412
"2021S051259153064","59153064",10816043
"2021S051259153065","59153065",10818674
"2021S051259153066","59153066",10821305
"2021S051259153067","59153067",10823936
"2021S051259153369","59153369",10826567
"2021S051259153380","59153380",10829198
"2021S051259153417","59153417",10831829
"2021S051259153418","59153418",10834460
"2021S051259153501","59153501",10837091
"2021S051259153502","59153502",10839722
"2021S051259153548","59153548",10842353
"2021S051259153549","59153549",10844984
"2021S051259153885","59153885",10847615
"2021S051259153886","59153886",10850246
"2021S051259153887","59153887",10852877
"2021S051259153888","59153888",10855508
"2021S051259153889","59153889",10858139
"2021S051259153890","59153890",10860770
"2021S051259153891","59153891",10863401
"2021S051259153892","59153892",10866032
"2021S051259154018","59154018",10868663
"2021S051259154019","59154019",10871294
"2021S051259154038","59154038",10873925
"2021S051259154039","59154039",10876556
"2021S051259154041","59154041",10879187
"2021S051259154044","59154044",10881818
"2021S051259154045","59154045",10884449
"2021S051259154046","59154046",10887080
"2021S051259154048","59154048",10889711
"2021S051259154049","59154049",10892342
"2021S051259154050","59154050",10894973
"2021S051259154116","59154116",10897604
"2021S051259154366","59154366",10900235
"2021S051259154367","59154367",10902866
"2021S051259154368","59154368",10905497
"2021S051259154370","59154370",10908128
"2021S051259154372","59154372",10910759
"2021S051259154373","59154373",10913390
"2021S051259154374","59154374",10916021
"2021S051259154375","59154375",10918652
"2021S051259154376","59154376",10921283
"2021S051259154378","59154378",10923914
"2021S051259154380","59154380",10926545
"2021S051259154381","59154381",10929176
"2021S051259154382","59154382",10931807
"2021S051259154384","59154384",10934438
"2021S051259154385","59154385",10937069
"2021S051259154386","59154386",10939700
"2021A00055915036","Belcarra",10942331
"2021S051259153593","59153593",10944962
"2021A00055915038","Anmore",10947593
"2021S051259153592","59153592",10950224
"2021S051259153595","59153595",10952855
"2021A00055915039","Port Coquitlam",10955486
"2021S051259151668","59151668",10958117
"2021S051259151669","59151669",10960748
"2021S051259151670","59151670",10963379
"2021S051259151671","59151671",10966010
"2021S051259151673","59151673",10968641
"2021S051259151674","59151674",10971272
"2021S051259151675","59151675",10973903
"2021S051259151676","59151676",10976534
"2021S051259151677","59151677",10979165
"2021S051259151678","59151678",10981796
"2021S051259151679","59151679",10984427
"2021S051259151680","59151680",10987058
"2021S051259151681","59151681",10989689
"2021S051259151682","59151682",10992320
"2021S051259151683","59151683",10994951
"2021S051259151684","59151684",10997582
"2021S051259151685","59151685",11000213
"2021S051259151686","59151686",11002844
"2021S051259151687","59151687",11005475
"2021S051259151688","59151688",11008106
"2021S051259151689","59151689",11010737
"2021S051259151690","59151690",11013368
"2021S051259151691","59151691",11015999
"2021S051259151692","59151692",11018630
"2021S051259151694","59151694",11021261
"2021S051259151695","59151695",11023892
"2021S051259151696","59151696",11026523
"2021S051259151697","59151697",11029154
"2021S051259151698","59151698",11031785
"2021S051259151699","59151699",11034416
"2021S051259151700","59151700",11037047
"2021S051259151701","59151701",11039678
"2021S051259151702","59151702",11042309
"2021S051259151704","59151704",11044940
"2021S051259151705","59151705",11047571
"2021S051259151706","59151706",11050202
"2021S051259152988","59152988",11052833
"2021S051259152989","59152989",11055464
"2021S051259152990","59152990",11058095
"2021S051259152991","59152991",11060726
"2021S051259152992","59152992",11063357
"2021S051259152993","59152993",11065988
"2021S051259152994","59152994",11068619
"2021S051259152998","59152998",11071250
"2021S051259153000","59153000",11073881
"2021S051259153001","59153001",11076512
"2021S051259153002","59153002",11079143
"2021S051259153003","59153003",11081774
"2021S051259153005","59153005",11084405
"2021S051259153006","59153006",11087036
"2021S051259153007","59153007",11089667
"2021S051259153008","59153008",11092298
"2021S051259153010","59153010",11094929
"2021S051259153011","59153011",11097560
"2021S051259153013","59153013",11100191
"2021S051259153014","59153014",11102822
"2021S051259153016","59153016",11105453
"2021S051259153017","59153017",11108084
"2021S051259153018","59153018",11110715
"2021S051259153019","59153019",11113346
"2021S051259153020","59153020",11115977
"2021S051259153021","59153021",11118608
"2021S051259153022","59153022",11121239
"2021S051259153023","59153023",11123870
"2021S051259153024","59153024",11126501
"2021S051259153025","59153025",11129132
"2021S051259153027","59153027",11131763
"2021S051259153028","59153028",11134394
"2021S051259153032","59153032",11137025
"2021S051259153038","59153038",11139656
"2021S051259153039","59153039",11142287
"2021S051259153040","59153040",11144918
"2021S051259153041","59153041",11147549
"2021S051259153042","59153042",11150180
"2021S051259153446","59153446",11152811
"2021S051259153447","59153447",11155442
"2021S051259153560","59153560",11158073
"2021S051259153561","59153561",11160704
"2021S051259153566","59153566",11163335
"2021S051259153985","59153985",11165966
"2021S051259154398","59154398",11168597
"2021S051259154399","59154399",11171228
"2021S051259154400","59154400",11173859
"2021S051259154402","59154402",11176490
"2021S051259154404","59154404",11179121
"2021A00055915043","Port Moody",11181752
"2021S051259151600","59151600",11184383
"2021S051259151601","59151601",11187014
"2021S051259151603","59151603",11189645
"2021S051259151605","59151605",11192276
"2021S051259151610","59151610",11194907
"2021S051259151611","59151611",11197538
"2021S051259151612","59151612",11200169
"2021S051259151613","59151613",11202800
"2021S051259151614","59151614",11205431
"2021S051259151616","59151616",11208062
"2021S051259151617","59151617",11210693
"2021S051259151618","59151618",11213324
"2021S051259151619","59151619",11215955
"2021S051259151620","59151620",11218586
"2021S051259151621","59151621",11221217
"2021S051259151622","59151622",11223848
"2021S051259151625","59151625",11226479
"2021S051259151626","59151626",11229110
"2021S051259153049","59153049",11231741
"2021S051259153413","59153413",11234372
"2021S051259153414","59153414",11237003
"2021S051259153415","59153415",11239634
"2021S051259153416","59153416",11242265
"2021S051259153596","59153596",11244896
"2021S051259153597","59153597",11247527
"2021S051259153598","59153598",11250158
"2021S051259153599","59153599",11252789
"2021S051259153600","59153600",11255420
"2021S051259153601","59153601",11258051
"2021S051259153957","59153957",11260682
"2021S051259153958","59153958",11263313
"2021S051259153960","59153960",11265944
"2021S051259153961","59153961",11268575
"2021S051259154004","59154004",11271206
"2021S051259154007","59154007",11273837
"2021S051259154052","59154052",11276468
"2021S051259154076","59154076",11279099
"2021S051259154077","59154077",11281730
"2021S051259154107","59154107",11284361
"2021S051259154110","59154110",11286992
"2021S051259154111","59154111",11289623
"2021A00055915046","North Vancouver",11292254
"2021S051259150062","59150062",11294885
"2021S051259150064","59150064",11297516
"2021S051259150067","59150067",11300147
"2021S051259150068","59150068",11302778
"2021S051259150069","59150069",11305409
"2021S051259150070","59150070",11308040
"2021S051259150071","59150071",11310671
"2021S051259150072","59150072",11313302
"2021S051259150100","59150100",11315933
"2021S051259150101","59150101",11318564
"2021S051259150102","59150102",11321195
"2021S051259150103","59150103",11323826
"2021S051259150104","59150104",11326457
"2021S051259150105","59150105",11329088
"2021S051259150106","59150106",11331719
"2021S051259150107","59150107",11334350
"2021S051259150108","59150108",11336981
"2021S051259150109","59150109",11339612
"2021S051259150110","59150110",11342243
"2021S051259150111","59150111",11344874
"2021S051259150112","59150112",11347505
"2021S051259150113","59150113",11350136
"2021S051259150114","59150114",11352767
"2021S051259150115","59150115",11355398
"2021S051259150116","59150116",11358029
"2021S051259150117","59150117",11360660
"2021S051259150119","59150119",11363291
"2021S051259150120","59150120",11365922
"2021S051259150121","59150121",11368553
"2021S051259150122","59150122",11371184
"2021S051259150123","59150123",11373815
"2021S051259150124","59150124",11376446
"2021S051259150125","59150125",11379077
"2021S051259150126","59150126",11381708
"2021S051259150127","59150127",11384339
"2021S051259150129","59150129",11386970
"2021S051259150130","59150130",11389601
"2021S051259150131","59150131",11392232
"2021S051259150132","59150132",11394863
"2021S051259150133","59150133",11397494
"2021S051259150134","59150134",11400125
"2021S051259150135","59150135",11402756
"2021S051259150136","59150136",11405387
"2021S051259150137","59150137",11408018
"2021S051259150147","59150147",11410649
"2021S051259150148","59150148",11413280
"2021S051259150152","59150152",11415911
"2021S051259150153","59150153",11418542
"2021S051259150157","59150157",11421173
"2021S051259150158","59150158",11423804
"2021S051259150159","59150159",11426435
"2021S051259150160","59150160",11429066
"2021S051259150161","59150161",11431697
"2021S051259150162","59150162",11434328
"2021S051259150163","59150163",11436959
"2021S051259150164","59150164",11439590
"2021S051259150165","59150165",11442221
"2021S051259150166","59150166",11444852
"2021S051259150167","59150167",11447483
"2021S051259150174","59150174",11450114
"2021S051259150175","59150175",11452745
"2021S051259150177","59150177",11455376
"2021S051259150179","59150179",11458007
"2021S051259150207","59150207",11460638
"2021S051259150208","59150208",11463269
"2021S051259150209","59150209",11465900
"2021S051259150211","59150211",11468531
"2021S051259150214","59150214",11471162
"2021S051259150219","59150219",11473793
"2021S051259150220","59150220",11476424
"2021S051259150221","59150221",11479055
"2021S051259150222","59150222",11481686
"2021S051259150223","59150223",11484317
"2021S051259150224","59150224",11486948
"2021S051259150225","59150225",11489579
"2021S051259150226","59150226",11492210
"2021S051259150227","59150227",11494841
"2021S051259150228","59150228",11497472
"2021S051259150229","59150229",11500103
"2021S051259150230","59150230",11502734
"2021S051259150231","59150231",11505365
"2021S051259150232","59150232",11507996
"2021S051259150234","59150234",11510627
"2021S051259150235","59150235",11513258
"2021S051259150236","59150236",11515889
"2021S051259150237","59150237",11518520
"2021S051259150238","59150238",11521151
"2021S051259150240","59150240",11523782
"2021S051259150241","59150241",11526413
"2021S051259150242","59150242",11529044
"2021S051259150243","59150243",11531675
"2021S051259150244","59150244",11534306
"2021S051259150245","59150245",11536937
"2021S051259150246","59150246",11539568
"2021S051259150249","59150249",11542199
"2021S051259150250","59150250",11544830
"2021S051259150251","59150251",11547461
"2021S051259150252","59150252",11550092
"2021S051259151733","59151733",11552723
"2021S051259151734","59151734",11555354
"2021S051259151735","59151735",11557985
"2021S051259151736","59151736",11560616
"2021S051259151737","59151737",11563247
"2021S051259151738","59151738",11565878
"2021S051259151756","59151756",11568509
"2021S051259151757","59151757",11571140
"2021S051259151758","59151758",11573771
"2021S051259151759","59151759",11576402
"2021S051259151760","59151760",11579033
"2021S051259151762","59151762",11581664
"2021S051259151763","59151763",11584295
"2021S051259151764","59151764",11586926
"2021S051259151765","59151765",11589557
"2021S051259151766","59151766",11592188
"2021S051259151767","59151767",11594819
"2021S051259151768","59151768",11597450
"2021S051259151769","59151769",11600081
"2021S051259151770","59151770",11602712
"2021S051259151771","59151771",11605343
"2021S051259151772","59151772",11607974
"2021S051259153358","59153358",11610605
"2021S051259153359","59153359",11613236
"2021S051259153397","59153397",11615867
"2021S051259153402","59153402",11618498
"2021S051259153533","59153533",11621129
"2021S051259153534","59153534",11623760
"2021S051259153570","59153570",11626391
"2021S051259153571","59153571",11629022
"2021S051259153572","59153572",11631653
"2021S051259153573","59153573",11634284
"2021S051259153575","59153575",11636915
"2021S051259153576","59153576",11639546
"2021S051259154406","59154406",11642177
"2021A00055915051","North Vancouver",11644808
"2021S051259150073","59150073",11647439
"2021S051259150074","59150074",11650070
"2021S051259150075","59150075",11652701
"2021S051259150076","59150076",11655332
"2021S051259150077","59150077",11657963
"2021S051259150078","59150078",11660594
"2021S051259150079","59150079",11663225
"2021S051259150080","59150080",11665856
"2021S051259150081","59150081",11668487
"2021S051259150082","59150082",11671118
"2021S051259150083","59150083",11673749
"2021S051259150084","59150084",11676380
"2021S051259150085","59150085",11679011
"2021S051259150086","59150086",11681642
"2021S051259150087","59150087",11684273
"2021S051259150088","59150088",11686904
"2021S051259150089","59150089",11689535
"2021S051259150090","59150090",11692166
"2021S051259150091","59150091",11694797
"2021S051259150092","59150092",11697428
"2021S051259150093","59150093",11700059
"2021S051259150094","59150094",11702690
"2021S051259150095","59150095",11705321
"2021S051259150096","59150096",11707952
"2021S051259150097","59150097",11710583
"2021S051259150098","59150098",11713214
"2021S051259150099","59150099",11715845
"2021S051259150140","59150140",11718476
"2021S051259150141","59150141",11721107
"2021S051259150142","59150142",11723738
"2021S051259150143","59150143",11726369
"2021S051259150145","59150145",11729000
"2021S051259150146","59150146",11731631
"2021S051259150176","59150176",11734262
"2021S051259150178","59150178",11736893
"2021S051259150180","59150180",11739524
"2021S051259150181","59150181",11742155
"2021S051259150182","59150182",11744786
"2021S051259150183","59150183",11747417
"2021S051259150184","59150184",11750048
"2021S051259150185","59150185",11752679
"2021S051259150186","59150186",11755310
"2021S051259150187","59150187",11757941
"2021S051259150188","59150188",11760572
"2021S051259150189","59150189",11763203
"2021S051259150190","59150190",11765834
"2021S051259150191","59150191",11768465
"2021S051259150192","59150192",11771096
"2021S051259150193","59150193",11773727
"2021S051259150194","59150194",11776358
"2021S051259150195","59150195",11778989
"2021S051259150196","59150196",11781620
"2021S051259150197","59150197",11784251
"2021S051259150198","59150198",11786882
"2021S051259150199","59150199",11789513
"2021S051259150200","59150200",11792144
"2021S051259150201","59150201",11794775
"2021S051259150202","59150202",11797406
"2021S051259150203","59150203",11800037
"2021S051259150204","59150204",11802668
"2021S051259150205","59150205",11805299
"2021S051259150206","59150206",11807930
"2021S051259150210","59150210",11810561
"2021S051259150212","59150212",11813192
"2021S051259150213","59150213",11815823
"2021S051259151761","59151761",11818454
"2021S051259153234","59153234",11821085
"2021S051259153235","59153235",11823716
"2021S051259153236","59153236",11826347
"2021S051259153237","59153237",11828978
"2021S051259153238","59153238",11831609
"2021S051259153239","59153239",11834240
"2021S051259153241","59153241",11836871
"2021S051259153327","59153327",11839502
"2021S051259153328","59153328",11842133
"2021S051259153963","59153963",11844764
"2021S051259153965","59153965",11847395
"2021S051259153970","59153970",11850026
"2021S051259153971","59153971",11852657
"2021A00055915055","West Vancouver",11855288
"2021S051259150004","59150004",11857919
"2021S051259150005","59150005",11860550
"2021S051259150006","59150006",11863181
"2021S051259150007","59150007",11865812
"2021S051259150008","59150008",11868443
"2021S051259150009","59150009",11871074
"2021S051259150010","59150010",11873705
"2021S051259150012","59150012",11876336
"2021S051259150013","59150013",11878967
"2021S051259150014","59150014",11881598
"2021S051259150015","59150015",11884229
"2021S051259150016","59150016",11886860
"2021S051259150017","59150017",11889491
"2021S051259150018","59150018",11892122
"2021S051259150019","59150019",11894753
"2021S051259150020","59150020",11897384
"2021S051259150021","59150021",11900015
"2021S051259150022","59150022",11902646
"2021S051259150023","59150023",11905277
"2021S051259150024","59150024",11907908
"2021S051259150025","59150025",11910539
"2021S051259150027","59150027",11913170
"2021S051259150028","59150028",11915801
"2021S051259150029","59150029",11918432
"2021S051259150030","59150030",11921063
"2021S051259150031","59150031",11923694
"2021S051259150032","59150032",11926325
"2021S051259150033","59150033",11928956
"2021S051259150034","59150034",11931587
"2021S051259150035","59150035",11934218
"2021S051259150036","59150036",11936849
"2021S051259150037","59150037",11939480
"2021S051259150038","59150038",11942111
"2021S051259150039","59150039",11944742
"2021S051259150040","59150040",11947373
"2021S051259150041","59150041",11950004
"2021S051259150042","59150042",11952635
"2021S051259150043","59150043",11955266
"2021S051259150044","59150044",11957897
"2021S051259150045","59150045",11960528
"2021S051259150046","59150046",11963159
"2021S051259150047","59150047",11965790
"2021S051259150048","59150048",11968421
"2021S051259150049","59150049",11971052
"2021S051259150050","59150050",11973683
"2021S051259150051","59150051",11976314
"2021S051259150052","59150052",11978945
"2021S051259150053","59150053",11981576
"2021S051259150054","59150054",11984207
"2021S051259150055","59150055",11986838
"2021S051259150056","59150056",11989469
"2021S051259150059","59150059",11992100
"2021S051259150118","59150118",11994731
"2021S051259151739","59151739",11997362
"2021S051259151741","59151741",11999993
"2021S051259151742","59151742",12002624
"2021S051259151743","59151743",12005255
"2021S051259151744","59151744",12007886
"2021S051259151745","59151745",12010517
"2021S051259151746","59151746",12013148
"2021S051259151747","59151747",12015779
"2021S051259151748","59151748",12018410
"2021S051259151749","59151749",12021041
"2021S051259151750","59151750",12023672
"2021S051259151751","59151751",12026303
"2021S051259151752","59151752",12028934
"2021S051259151753","59151753",12031565
"2021S051259153329","59153329",12034196
"2021S051259153330","59153330",12036827
"2021S051259153331","59153331",12039458
"2021S051259153332","59153332",12042089
"2021S051259153333","59153333",12044720
"2021S051259153334","59153334",12047351
"2021S051259153406","59153406",12049982
"2021S051259153407","59153407",12052613
"2021S051259153461","59153461",12055244
"2021S051259153462","59153462",12057875
"2021S051259153463","59153463",12060506
"2021S051259153881","59153881",12063137
"2021S051259153882","59153882",12065768
"2021S051259153883","59153883",12068399
"2021A00055915062","Bowen Island",12071030
"2021S051259153663","59153663",12073661
"2021S051259153664","59153664",12076292
"2021S051259153665","59153665",12078923
"2021S051259153666","59153666",12081554
"2021S051259153667","59153667",12084185
"2021A00055915065","Lions Bay",12086816
"2021S051259153567","59153567",12089447
"2021S051259153568","59153568",12092078
"2021A00055915070","Pitt Meadows",12094709
"2021S051259151774","59151774",12097340
"2021S051259151775","59151775",12099971
"2021S051259151810","59151810",12102602
"2021S051259151811","59151811",12105233
"2021S051259151816","59151816",12107864
"2021S051259151817","59151817",12110495
"2021S051259151818","59151818",12113126
"2021S051259151819","59151819",12115757
"2021S051259151820","59151820",12118388
"2021S051259151821","59151821",12121019
"2021S051259151822","59151822",12123650
"2021S051259151824","59151824",12126281
"2021S051259151825","59151825",12128912
"2021S051259151827","59151827",12131543
"2021S051259151828","59151828",12134174
"2021S051259151829","59151829",12136805
"2021S051259151830","59151830",12139436
"2021S051259151831","59151831",12142067
"2021S051259151832","59151832",12144698
"2021S051259153347","59153347",12147329
"2021S051259153554","59153554",12149960
"2021S051259153952","59153952",12152591
"2021S051259153953","59153953",12155222
"2021A00055915075","Maple Ridge",12157853
"2021S051259151776","59151776",12160484
"2021S051259151777","59151777",12163115
"2021S051259151778","59151778",12165746
"2021S051259151779","59151779",12168377
"2021S051259151780","59151780",12171008
"2021S051259151781","59151781",12173639
"2021S051259151782","59151782",12176270
"2021S051259151783","59151783",12178901
"2021S051259151784","59151784",12181532
"2021S051259151785","59151785",12184163
"2021S051259151786","59151786",12186794
"2021S051259151787","59151787",12189425
"2021S051259151788","59151788",12192056
"2021S051259151789","59151789",12194687
"2021S051259151790","59151790",12197318
"2021S051259151791","59151791",12199949
"2021S051259151792","59151792",12202580
"2021S051259151793","59151793",12205211
"2021S051259151794","59151794",12207842
"2021S051259151795","59151795",12210473
"2021S051259151796","59151796",12213104
"2021S051259151797","59151797",12215735
"2021S051259151798","59151798",12218366
"2021S051259151799","59151799",12220997
"2021S051259151800","59151800",12223628
"2021S051259151801","59151801",12226259
"2021S051259151802","59151802",12228890
"2021S051259151803","59151803",12231521
"2021S051259151804","59151804",12234152
"2021S051259151805","59151805",12236783
"2021S051259151806","59151806",12239414
"2021S051259151807","59151807",12242045
"2021S051259151808","59151808",12244676
"2021S051259151809","59151809",12247307
"2021S051259152435","59152435",12249938
"2021S051259152436","59152436",12252569
"2021S051259152437","59152437",12255200
"2021S051259152440","59152440",12257831
"2021S051259152441","59152441",12260462
"2021S051259152442","59152442",12263093
"2021S051259152443","59152443",12265724
"2021S051259152444","59152444",12268355
"2021S051259152445","59152445",12270986
"2021S051259152446","59152446",12273617
"2021S051259152448","59152448",12276248
"2021S051259152449","59152449",12278879
"2021S051259152450","59152450",12281510
"2021S051259152451","59152451",12284141
"2021S051259152452","59152452",12286772
"2021S051259152453","59152453",12289403
"2021S051259152454","59152454",12292034
"2021S051259152455","59152455",12294665
"2021S051259152456","59152456",12297296
"2021S051259152458","59152458",12299927
"2021S051259152459","59152459",12302558
"2021S051259152460","59152460",12305189
"2021S051259152461","59152461",12307820
"2021S051259152462","59152462",12310451
"2021S051259152463","59152463",12313082
"2021S051259152464","59152464",12315713
"2021S051259152465","59152465",12318344
"2021S051259152466","59152466",12320975
"2021S051259152467","59152467",12323606
"2021S051259152468","59152468",12326237
"2021S051259152469","59152469",12328868
"2021S051259152470","59152470",12331499
"2021S051259152471","59152471",12334130
"2021S051259152472","59152472",12336761
"2021S051259152474","59152474",12339392
"2021S051259152477","59152477",12342023
"2021S051259152479","59152479",12344654
"2021S051259152480","59152480",12347285
"2021S051259152481","59152481",12349916
"2021S051259152482","59152482",12352547
"2021S051259152483","59152483",12355178
"2021S051259152537","59152537",12357809
"2021S051259152539","59152539",12360440
"2021S051259152540","59152540",12363071
"2021S051259152541","59152541",12365702
"2021S051259152542","59152542",12368333
"2021S051259152543","59152543",12370964
"2021S051259152544","59152544",12373595
"2021S051259152547","59152547",12376226
"2021S051259152548","59152548",12378857
"2021S051259152786","59152786",12381488
"2021S051259152787","59152787",12384119
"2021S051259153440","59153440",12386750
"2021S051259153441","59153441",12389381
"2021S051259153443","59153443",12392012
"2021S051259153513","59153513",12394643
"2021S051259153745","59153745",12397274
"2021S051259153746","59153746",12399905
"2021S051259153747","59153747",12402536
"2021S051259153748","59153748",12405167
"2021S051259153749","59153749",12407798
"2021S051259153966","59153966",12410429
"2021S051259153967","59153967",12413060
"2021S051259153968","59153968",12415691
"2021S051259153969","59153969",12418322
"2021S051259153974","59153974",12420953
"2021S051259153975","59153975",12423584
"2021S051259153976","59153976",12426215
"2021S051259153977","59153977",12428846
"2021S051259153978","59153978",12431477
"2021S051259153979","59153979",12434108
"2021S051259153982","59153982",12436739
"2021S051259153983","59153983",12439370
"2021S051259153992","59153992",12442001
"2021S051259153993","59153993",12444632
"2021S051259153998","59153998",12447263
"2021S051259153999","59153999",12449894
"2021S051259154364","59154364",12452525
"2021S051259154387","59154387",12455156
"2021S051259154388","59154388",12457787
"2021S051259154390","59154390",12460418
"2021S051259154391","59154391",12463049
"2021S051259154392","59154392",12465680
"2021S051259154393","59154393",12468311
"2021S051259154394","59154394",12470942
"2021S051259154395","59154395",12473573
"2021S051259154396","59154396",12476204
"2021S051259154397","59154397",12478835
"2021A00055915801","Semiahmoo",12481466
"2021S051259152579","59152579",12484097
"2021A00055915802","Tsawwassen",12486728
"2021S051259154016","59154016",12489359
"2021S051259154017","59154017",12491990
"2021A00055915803","Musqueam 2",12494621
"2021S051259150952","59150952",12497252
"2021S051259154012","59154012",12499883
"2021S051259154013","59154013",12502514
"2021A00055915804","Coquitlam 2",12505145
"2021S051259153004","59153004",12507776
"2021A00055915805","Coquitlam 1",12510407
"2021S051259154117","59154117",12513038
"2021A00055915806","Burrard Inlet 3",12515669
"2021S051259154407","59154407",12518300
"2021A00055915807","Mission 1",12520931
"2021S051259153240","59153240",12523562
"2021A00055915808","Capilano 5",12526193
"2021S051259154014","59154014",12528824
"2021S051259154015","59154015",12531455
"2021S051259154053","59154053",12534086
"2021S051259154054","59154054",12536717
"2021A00055915809","Barnston Island 3",12539348
"2021S051259153732","59153732",12541979
"2021A00055915810","Musqueam 4",12544610
"2021S051259153604","59153604",12547241
"2021A00055915811","Seymour Creek 2",12549872
"2021S051259153574","59153574",12552503
"2021S051259153577","59153577",12555134
"2021A00055915813","Katzie 2",12557765
"2021S051259152433","59152433",12560396
"2021A00055915816","McMillan Island 6",12563027
"2021S051259153754","59153754",12565658
"2021A00055915825","Matsqui 4",12568289
"2021S051259154055","59154055",12570920
"2021S051259154056","59154056",12573551
"2021A00055915830","Katzie 1",12576182
"2021S051259151833","59151833",12578813
"2021A00055915840","Whonnock 1",12581444
"2021S051259153750","59153750",12584075
"2021A00035917","Capital",12586706
"2021A00055917005","North Saanich",12589337
"2021S051259170033","59170033",12591968
"2021S051259170034","59170034",12594599
"2021S051259170051","59170051",12597230
"2021S051259170052","59170052",12599861
"2021S051259170053","59170053",12602492
"2021S051259170054","59170054",12605123
"2021S051259170055","59170055",12607754
"2021S051259170056","59170056",12610385
"2021S051259170545","59170545",12613016
"2021S051259170548","59170548",12615647
"2021S051259170549","59170549",12618278
"2021S051259170550","59170550",12620909
"2021S051259170551","59170551",12623540
"2021S051259170552","59170552",12626171
"2021S051259170553","59170553",12628802
"2021S051259170718","59170718",12631433
"2021S051259170719","59170719",12634064
"2021S051259170720","59170720",12636695
"2021S051259170721","59170721",12639326
"2021A00055917010","Sidney",12641957
"2021S051259170035","59170035",12644588
"2021S051259170036","59170036",12647219
"2021S051259170037","59170037",12649850
"2021S051259170038","59170038",12652481
"2021S051259170039","59170039",12655112
"2021S051259170040","59170040",12657743
"2021S051259170041","59170041",12660374
"2021S051259170042","59170042",12663005
"2021S051259170043","59170043",12665636
"2021S051259170044","59170044",12668267
"2021S051259170045","59170045",12670898
"2021S051259170046","59170046",12673529
"2021S051259170047","59170047",12676160
"2021S051259170048","59170048",12678791
"2021S051259170049","59170049",12681422
"2021S051259170546","59170546",12684053
"2021S051259170602","59170602",12686684
"2021S051259170603","59170603",12689315
"2021S051259170604","59170604",12691946
"2021S051259170619","59170619",12694577
"2021S051259170620","59170620",12697208
"2021S051259170621","59170621",12699839
"2021A00055917015","Central Saanich",12702470
"2021S051259170070","59170070",12705101
"2021S051259170071","59170071",12707732
"2021S051259170072","59170072",12710363
"2021S051259170451","59170451",12712994
"2021S051259170452","59170452",12715625
"2021S051259170453","59170453",12718256
"2021S051259170454","59170454",12720887
"2021S051259170455","59170455",12723518
"2021S051259170456","59170456",12726149
"2021S051259170457","59170457",12728780
"2021S051259170707","59170707",12731411
"2021S051259170708","59170708",12734042
"2021S051259170709","59170709",12736673
"2021S051259170710","59170710",12739304
"2021S051259170711","59170711",12741935
"2021S051259170712","59170712",12744566
"2021S051259170713","59170713",12747197
"2021S051259170715","59170715",12749828
"2021S051259170716","59170716",12752459
"2021S051259170725","59170725",12755090
"2021S051259170726","59170726",12757721
"2021S051259170728","59170728",12760352
"2021S051259170729","59170729",12762983
"2021S051259170730","59170730",12765614
"2021S051259170731","59170731",12768245
"2021S051259170732","59170732",12770876
"2021S051259170733","59170733",12773507
"2021S051259170734","59170734",12776138
"2021A00055917021","Saanich",12778769
"2021S051259170074","59170074",12781400
"2021S051259170075","59170075",12784031
"2021S051259170076","59170076",12786662
"2021S051259170077","59170077",12789293
"2021S051259170079","59170079",12791924
"2021S051259170081","59170081",12794555
"2021S051259170082","59170082",12797186
"2021S051259170084","59170084",12799817
"2021S051259170085","59170085",12802448
"2021S051259170094","59170094",12805079
"2021S051259170095","59170095",12807710
"2021S051259170096","59170096",12810341
"2021S051259170097","59170097",12812972
"2021S051259170098","59170098",12815603
"2021S051259170100","59170100",12818234
"2021S051259170101","59170101",12820865
"2021S051259170102","59170102",12823496
"2021S051259170103","59170103",12826127
"2021S051259170104","59170104",12828758
"2021S051259170105","59170105",12831389
"2021S051259170106","59170106",12834020
"2021S051259170111","59170111",12836651
"2021S051259170112","59170112",12839282
"2021S051259170113","59170113",12841913
"2021S051259170114","59170114",12844544
"2021S051259170115","59170115",12847175
"2021S051259170116","59170116",12849806
"2021S051259170117","59170117",12852437
"2021S051259170118","59170118",12855068
"2021S051259170119","59170119",12857699
"2021S051259170120","59170120",12860330
"2021S051259170121","59170121",12862961
"2021S051259170122","59170122",12865592
"2021S051259170123","59170123",12868223
"2021S051259170124","59170124",12870854
"2021S051259170125","59170125",12873485
"2021S051259170221","59170221",12876116
"2021S051259170222","59170222",12878747
"2021S051259170223","59170223",12881378
"2021S051259170230","59170230",12884009
"2021S051259170231","59170231",12886640
"2021S051259170233","59170233",12889271
"2021S051259170234","59170234",12891902
"2021S051259170235","59170235",12894533
"2021S051259170236","59170236",12897164
"2021S051259170237","59170237",12899795
"2021S051259170238","59170238",12902426
"2021S051259170239","59170239",12905057
"2021S051259170240","59170240",12907688
"2021S051259170241","59170241",12910319
"2021S051259170242","59170242",12912950
"2021S051259170243","59170243",12915581
"2021S051259170244","59170244",12918212
"2021S051259170245","59170245",12920843
"2021S051259170246","59170246",12923474
"2021S051259170247","59170247",12926105
"2021S051259170248","59170248",12928736
"2021S051259170249","59170249",12931367
"2021S051259170250","59170250",12933998
"2021S051259170251","59170251",12936629
"2021S051259170252","59170252",12939260
"2021S051259170253","59170253",12941891
"2021S051259170254","59170254",12944522
"2021S051259170255","59170255",12947153
"2021S051259170256","59170256",12949784
"2021S051259170257","59170257",12952415
"2021S051259170258","59170258",12955046
"2021S051259170259","59170259",12957677
"2021S051259170260","59170260",12960308
"2021S051259170262","59170262",12962939
"2021S051259170263","59170263",12965570
"2021S051259170264","59170264",12968201
"2021S051259170265","59170265",12970832
"2021S051259170266","59170266",12973463
"2021S051259170267","59170267",12976094
"2021S051259170268","59170268",12978725
"2021S051259170271","59170271",12981356
"2021S051259170337","59170337",12983987
"2021S051259170338","59170338",12986618
"2021S051259170339","59170339",12989249
"2021S051259170343","59170343",12991880
"2021S051259170344","59170344",12994511
"2021S051259170345","59170345",12997142
"2021S051259170346","59170346",12999773
"2021S051259170347","59170347",13002404
"2021S051259170348","59170348",13005035
"2021S051259170349","59170349",13007666
"2021S051259170350","59170350",13010297
"2021S051259170351","59170351",13012928
"2021S051259170352","59170352",13015559
"2021S051259170353","59170353",13018190
"2021S051259170354","59170354",13020821
"2021S051259170357","59170357",13023452
"2021S051259170359","59170359",13026083
"2021S051259170360","59170360",13028714
"2021S051259170361","59170361",13031345
"2021S051259170362","59170362",13033976
"2021S051259170363","59170363",13036607
"2021S051259170364","59170364",13039238
"2021S051259170365","59170365",13041869
"2021S051259170392","59170392",13044500
"2021S051259170393","59170393",13047131
"2021S051259170396","59170396",13049762
"2021S051259170397","59170397",13052393
"2021S051259170399","59170399",13055024
"2021S051259170406","59170406",13057655
"2021S051259170407","59170407",13060286
"2021S051259170408","59170408",13062917
"2021S051259170409","59170409",13065548
"2021S051259170410","59170410",13068179
"2021S051259170463","59170463",13070810
"2021S051259170464","59170464",13073441
"2021S051259170466","59170466",13076072
"2021S051259170468","59170468",13078703
"2021S051259170469","59170469",13081334
"2021S051259170470","59170470",13083965
"2021S051259170471","59170471",13086596
"2021S051259170559","59170559",13089227
"2021S051259170560","59170560",13091858
"2021S051259170561","59170561",13094489
"2021S051259170562","59170562",13097120
"2021S051259170563","59170563",13099751
"2021S051259170564","59170564",13102382
"2021S051259170565","59170565",13105013
"2021S051259170566","59170566",13107644
"2021S051259170567","59170567",13110275
"2021S051259170568","59170568",13112906
"2021S051259170569","59170569",13115537
"2021S051259170570","59170570",13118168
"2021S051259170571","59170571",13120799
"2021S051259170574","59170574",13123430
"2021S051259170575","59170575",13126061
"2021S051259170576","59170576",13128692
"2021S051259170577","59170577",13131323
"2021S051259170578","59170578",13133954
"2021S051259170579","59170579",13136585
"2021S051259170581","59170581",13139216
"2021S051259170582","59170582",13141847
"2021S051259170583","59170583",13144478
"2021S051259170584","59170584",13147109
"2021S051259170585","59170585",13149740
"2021S051259170586","59170586",13152371
"2021S051259170587","59170587",13155002
"2021S051259170588","59170588",13157633
"2021S051259170589","59170589",13160264
"2021S051259170591","59170591",13162895
"2021S051259170596","59170596",13165526
"2021S051259170597","59170597",13168157
"2021S051259170599","59170599",13170788
"2021S051259170617","59170617",13173419
"2021S051259170699","59170699",13176050
"2021S051259170700","59170700",13178681
"2021S051259170701","59170701",13181312
"2021S051259170735","59170735",13183943
"2021S051259170736","59170736",13186574
"2021S051259170738","59170738",13189205
"2021S051259170739","59170739",13191836
"2021S051259170741","59170741",13194467
"2021S051259170742","59170742",13197098
"2021S051259170743","59170743",13199729
"2021S051259170744","59170744",13202360
"2021S051259170746","59170746",13204991
"2021S051259170747","59170747",13207622
"2021S051259170748","59170748",13210253
"2021S051259170749","59170749",13212884
"2021S051259170750","59170750",13215515
"2021S051259170751","59170751",13218146
"2021S051259170753","59170753",13220777
"2021S051259170754","59170754",13223408
"2021S051259170755","59170755",13226039
"2021S051259170756","59170756",13228670
"2021S051259170758","59170758",13231301
"2021S051259170759","59170759",13233932
"2021S051259170760","59170760",13236563
"2021S051259170761","59170761",13239194
"2021S051259170762","59170762",13241825
"2021S051259170763","59170763",13244456
"2021S051259170764","59170764",13247087
"2021S051259170765","59170765",13249718
"2021S051259170766","59170766",13252349
"2021S051259170768","59170768",13254980
"2021S051259170769","59170769",13257611
"2021S051259170770","59170770",13260242
"2021S051259170771","59170771",13262873
"2021S051259170772","59170772",13265504
"2021S051259170773","59170773",13268135
"2021S051259170774","59170774",13270766
"2021S051259170776","59170776",13273397
"2021S051259170777","59170777",13276028
"2021S051259170778","59170778",13278659
"2021A00055917027","Saltspring Island",13281290
"2021S051259170631","59170631",13283921
"2021S051259170632","59170632",13286552
"2021S051259170633","59170633",13289183
"2021S051259170634","59170634",13291814
"2021S051259170635","59170635",13294445
"2021S051259170636","59170636",13297076
"2021S051259170637","59170637",13299707
"2021S051259170638","59170638",13302338
"2021S051259170639","59170639",13304969
"2021S051259170640","59170640",13307600
"2021S051259170641","59170641",13310231
"2021A00055917029","Southern Gulf Islands",13312862
"2021S051259170630","59170630",13315493
"2021S051259170642","59170642",13318124
"2021S051259170643","59170643",13320755
"2021S051259170644","59170644",13323386
"2021S051259170645","59170645",13326017
"2021S051259170646","59170646",13328648
"2021S051259170647","59170647",13331279
"2021A00055917030","Oak Bay",13333910
"2021S051259170182","59170182",13336541
"2021S051259170184","59170184",13339172
"2021S051259170185","59170185",13341803
"2021S051259170186","59170186",13344434
"2021S051259170187","59170187",13347065
"2021S051259170189","59170189",13349696
"2021S051259170190","59170190",13352327
"2021S051259170191","59170191",13354958
"2021S051259170192","59170192",13357589
"2021S051259170193","59170193",13360220
"2021S051259170194","59170194",13362851
"2021S051259170195","59170195",13365482
"2021S051259170196","59170196",13368113
"2021S051259170205","59170205",13370744
"2021S051259170206","59170206",13373375
"2021S051259170207","59170207",13376006
"2021S051259170208","59170208",13378637
"2021S051259170209","59170209",13381268
"2021S051259170210","59170210",13383899
"2021S051259170211","59170211",13386530
"2021S051259170212","59170212",13389161
"2021S051259170214","59170214",13391792
"2021S051259170215","59170215",13394423
"2021S051259170216","59170216",13397054
"2021S051259170217","59170217",13399685
"2021S051259170218","59170218",13402316
"2021S051259170219","59170219",13404947
"2021S051259170220","59170220",13407578
"2021S051259170270","59170270",13410209
"2021S051259170590","59170590",13412840
"2021S051259170592","59170592",13415471
"2021S051259170593","59170593",13418102
"2021S051259170594","59170594",13420733
"2021S051259170595","59170595",13423364
"2021S051259170613","59170613",13425995
"2021A00055917034","Victoria",13428626
"2021S051259170126","59170126",13431257
"2021S051259170127","59170127",13433888
"2021S051259170128","59170128",13436519
"2021S051259170129","59170129",13439150
"2021S051259170130","59170130",13441781
"2021S051259170131","59170131",13444412
"2021S051259170132","59170132",13447043
"2021S051259170133","59170133",13449674
"2021S051259170134","59170134",13452305
"2021S051259170135","59170135",13454936
"2021S051259170136","59170136",13457567
"2021S051259170137","59170137",13460198
"2021S051259170138","59170138",13462829
"2021S051259170139","59170139",13465460
"2021S051259170140","59170140",13468091
"2021S051259170141","59170141",13470722
"2021S051259170142","59170142",13473353
"2021S051259170143","59170143",13475984
"2021S051259170144","59170144",13478615
"2021S051259170145","59170145",13481246
"2021S051259170146","59170146",13483877
"2021S051259170147","59170147",13486508
"2021S051259170148","59170148",13489139
"2021S051259170149","59170149",13491770
"2021S051259170150","59170150",13494401
"2021S051259170151","59170151",13497032
"2021S051259170152","59170152",13499663
"2021S051259170153","59170153",13502294
"2021S051259170154","59170154",13504925
"2021S051259170155","59170155",13507556
"2021S051259170156","59170156",13510187
"2021S051259170157","59170157",13512818
"2021S051259170161","59170161",13515449
"2021S051259170162","59170162",13518080
"2021S051259170163","59170163",13520711
"2021S051259170164","59170164",13523342
"2021S051259170165","59170165",13525973
"2021S051259170166","59170166",13528604
"2021S051259170167","59170167",13531235
"2021S051259170168","59170168",13533866
"2021S051259170169","59170169",13536497
"2021S051259170170","59170170",13539128
"2021S051259170171","59170171",13541759
"2021S051259170172","59170172",13544390
"2021S051259170174","59170174",13547021
"2021S051259170175","59170175",13549652
"2021S051259170177","59170177",13552283
"2021S051259170178","59170178",13554914
"2021S051259170179","59170179",13557545
"2021S051259170180","59170180",13560176
"2021S051259170181","59170181",13562807
"2021S051259170197","59170197",13565438
"2021S051259170198","59170198",13568069
"2021S051259170199","59170199",13570700
"2021S051259170200","59170200",13573331
"2021S051259170201","59170201",13575962
"2021S051259170202","59170202",13578593
"2021S051259170203","59170203",13581224
"2021S051259170204","59170204",13583855
"2021S051259170224","59170224",13586486
"2021S051259170225","59170225",13589117
"2021S051259170226","59170226",13591748
"2021S051259170227","59170227",13594379
"2021S051259170228","59170228",13597010
"2021S051259170229","59170229",13599641
"2021S051259170272","59170272",13602272
"2021S051259170273","59170273",13604903
"2021S051259170274","59170274",13607534
"2021S051259170275","59170275",13610165
"2021S051259170276","59170276",13612796
"2021S051259170277","59170277",13615427
"2021S051259170278","59170278",13618058
"2021S051259170279","59170279",13620689
"2021S051259170280","59170280",13623320
"2021S051259170281","59170281",13625951
"2021S051259170282","59170282",13628582
"2021S051259170285","59170285",13631213
"2021S051259170286","59170286",13633844
"2021S051259170287","59170287",13636475
"2021S051259170288","59170288",13639106
"2021S051259170289","59170289",13641737
"2021S051259170290","59170290",13644368
"2021S051259170291","59170291",13646999
"2021S051259170292","59170292",13649630
"2021S051259170293","59170293",13652261
"2021S051259170294","59170294",13654892
"2021S051259170295","59170295",13657523
"2021S051259170296","59170296",13660154
"2021S051259170297","59170297",13662785
"2021S051259170298","59170298",13665416
"2021S051259170299","59170299",13668047
"2021S051259170300","59170300",13670678
"2021S051259170301","59170301",13673309
"2021S051259170302","59170302",13675940
"2021S051259170303","59170303",13678571
"2021S051259170304","59170304",13681202
"2021S051259170305","59170305",13683833
"2021S051259170308","59170308",13686464
"2021S051259170309","59170309",13689095
"2021S051259170310","59170310",13691726
"2021S051259170311","59170311",13694357
"2021S051259170312","59170312",13696988
"2021S051259170313","59170313",13699619
"2021S051259170371","59170371",13702250
"2021S051259170372","59170372",13704881
"2021S051259170373","59170373",13707512
"2021S051259170375","59170375",13710143
"2021S051259170376","59170376",13712774
"2021S051259170378","59170378",13715405
"2021S051259170383","59170383",13718036
"2021S051259170384","59170384",13720667
"2021S051259170385","59170385",13723298
"2021S051259170386","59170386",13725929
"2021S051259170387","59170387",13728560
"2021S051259170388","59170388",13731191
"2021S051259170389","59170389",13733822
"2021S051259170390","59170390",13736453
"2021S051259170554","59170554",13739084
"2021S051259170555","59170555",13741715
"2021S051259170556","59170556",13744346
"2021S051259170557","59170557",13746977
"2021S051259170558","59170558",13749608
"2021S051259170598","59170598",13752239
"2021S051259170600","59170600",13754870
"2021S051259170601","59170601",13757501
"2021S051259170610","59170610",13760132
"2021S051259170611","59170611",13762763
"2021S051259170612","59170612",13765394
"2021S051259170722","59170722",13768025
"2021S051259170723","59170723",13770656
"2021S051259170805","59170805",13773287
"2021S051259170806","59170806",13775918
"2021S051259170807","59170807",13778549
"2021S051259170808","59170808",13781180
"2021S051259170809","59170809",13783811
"2021S051259170810","59170810",13786442
"2021S051259170811","59170811",13789073
"2021S051259170814","59170814",13791704
"2021S051259170815","59170815",13794335
"2021S051259170816","59170816",13796966
"2021S051259170817","59170817",13799597
"2021S051259170819","59170819",13802228
"2021S051259170820","59170820",13804859
"2021A00055917040","Esquimalt",13807490
"2021S051259170314","59170314",13810121
"2021S051259170315","59170315",13812752
"2021S051259170316","59170316",13815383
"2021S051259170317","59170317",13818014
"2021S051259170318","59170318",13820645
"2021S051259170319","59170319",13823276
"2021S051259170320","59170320",13825907
"2021S051259170321","59170321",13828538
"2021S051259170322","59170322",13831169
"2021S051259170323","59170323",13833800
"2021S051259170324","59170324",13836431
"2021S051259170325","59170325",13839062
"2021S051259170326","59170326",13841693
"2021S051259170327","59170327",13844324
"2021S051259170328","59170328",13846955
"2021S051259170336","59170336",13849586
"2021S051259170366","59170366",13852217
"2021S051259170367","59170367",13854848
"2021S051259170368","59170368",13857479
"2021S051259170369","59170369",13860110
"2021S051259170370","59170370",13862741
"2021S051259170379","59170379",13865372
"2021S051259170380","59170380",13868003
"2021S051259170402","59170402",13870634
"2021S051259170403","59170403",13873265
"2021S051259170404","59170404",13875896
"2021S051259170405","59170405",13878527
"2021S051259170614","59170614",13881158
"2021A00055917041","Colwood",13883789
"2021S051259170422","59170422",13886420
"2021S051259170423","59170423",13889051
"2021S051259170424","59170424",13891682
"2021S051259170425","59170425",13894313
"2021S051259170426","59170426",13896944
"2021S051259170484","59170484",13899575
"2021S051259170485","59170485",13902206
"2021S051259170488","59170488",13904837
"2021S051259170489","59170489",13907468
"2021S051259170490","59170490",13910099
"2021S051259170491","59170491",13912730
"2021S051259170492","59170492",13915361
"2021S051259170494","59170494",13917992
"2021S051259170495","59170495",13920623
"2021S051259170498","59170498",13923254
"2021S051259170507","59170507",13925885
"2021S051259170622","59170622",13928516
"2021S051259170793","59170793",13931147
"2021S051259170795","59170795",13933778
"2021S051259170796","59170796",13936409
"2021S051259170797","59170797",13939040
"2021S051259170798","59170798",13941671
"2021S051259170801","59170801",13944302
"2021S051259170802","59170802",13946933
"2021S051259170804","59170804",13949564
"2021A00055917042","Metchosin",13952195
"2021S051259170678","59170678",13954826
"2021S051259170679","59170679",13957457
"2021S051259170680","59170680",13960088
"2021S051259170681","59170681",13962719
"2021S051259170682","59170682",13965350
"2021S051259170683","59170683",13967981
"2021S051259170684","59170684",13970612
"2021A00055917044","Langford",13973243
"2021S051259170427","59170427",13975874
"2021S051259170428","59170428",13978505
"2021S051259170429","59170429",13981136
"2021S051259170430","59170430",13983767
"2021S051259170431","59170431",13986398
"2021S051259170432","59170432",13989029
"2021S051259170433","59170433",13991660
"2021S051259170435","59170435",13994291
"2021S051259170437","59170437",13996922
"2021S051259170438","59170438",13999553
"2021S051259170439","59170439",14002184
"2021S051259170440","59170440",14004815
"2021S051259170441","59170441",14007446
"2021S051259170442","59170442",14010077
"2021S051259170443","59170443",14012708
"2021S051259170444","59170444",14015339
"2021S051259170472","59170472",14017970
"2021S051259170475","59170475",14020601
"2021S051259170476","59170476",14023232
"2021S051259170478","59170478",14025863
"2021S051259170479","59170479",14028494
"2021S051259170480","59170480",14031125
"2021S051259170481","59170481",14033756
"2021S051259170482","59170482",14036387
"2021S051259170483","59170483",14039018
"2021S051259170493","59170493",14041649
"2021S051259170501","59170501",14044280
"2021S051259170502","59170502",14046911
"2021S051259170615","59170615",14049542
"2021A00055917047","View Royal",14052173
"2021S051259170331","59170331",14054804
"2021S051259170413","59170413",14057435
"2021S051259170414","59170414",14060066
"2021S051259170415","59170415",14062697
"2021S051259170416","59170416",14065328
"2021S051259170417","59170417",14067959
"2021S051259170418","59170418",14070590
"2021S051259170419","59170419",14073221
"2021S051259170421","59170421",14075852
"2021S051259170624","59170624",14078483
"2021S051259170625","59170625",14081114
"2021S051259170626","59170626",14083745
"2021A00055917049","Highlands",14086376
"2021S051259170649","59170649",14089007
"2021S051259170650","59170650",14091638
"2021S051259170651","59170651",14094269
"2021A00055917052","Sooke",14096900
"2021S051259170652","59170652",14099531
"2021S051259170653","59170653",14102162
"2021S051259170654","59170654",14104793
"2021S051259170656","59170656",14107424
"2021S051259170659","59170659",14110055
"2021S051259170660","59170660",14112686
"2021S051259170661","59170661",14115317
"2021S051259170662","59170662",14117948
"2021S051259170663","59170663",14120579
"2021S051259170665","59170665",14123210
"2021S051259170691","59170691",14125841
"2021S051259170705","59170705",14128472
"2021S051259170787","59170787",14131103
"2021S051259170789","59170789",14133734
"2021S051259170790","59170790",14136365
"2021S051259170792","59170792",14138996
"2021A00055917054","Juan de Fuca (Part 1)",14141627
"2021S051259170473","59170473",14144258
"2021S051259170648","59170648",14146889
"2021S051259170670","59170670",14149520
"2021S051259170671","59170671",14152151
"2021S051259170688","59170688",14154782
"2021S051259170689","59170689",14157413
"2021S051259170690","59170690",14160044
"2021S051259170692","59170692",14162675
"2021S051259170694","59170694",14165306
"2021A00055917056","Juan de Fuca (Part 2)",14167937
"2021S051259170703","59170703",14170568
"2021A00055917801","Cole Bay 3",14173199
"2021S051259170544","59170544",14175830
"2021A00055917802","Union Bay 4",14178461
"2021S051259170547","59170547",14181092
"2021A00055917803","East Saanich 2",14183723
"2021S051259170063","59170063",14186354
"2021S051259170066","59170066",14188985
"2021A00055917804","South Saanich 1",14191616
"2021S051259170458","59170458",14194247
"2021A00055917805","Galiano Island 9",14196878
"2021S051259170629","59170629",14199509
"2021A00055917809","Becher Bay 1",14202140
"2021S051259170685","59170685",14204771
"2021A00055917811","Esquimalt",14207402
"2021S051259170332","59170332",14210033
"2021A00055917812","New Songhees 1A",14212664
"2021S051259170335","59170335",14215295
"2021S051259170781","59170781",14217926
"2021S051259170783","59170783",14220557
"2021S051259170784","59170784",14223188
"2021S051259170785","59170785",14225819
"2021S051259170786","59170786",14228450
"2021A00055917815","Gordon River 2",14231081
"2021S051259170704","59170704",14233712
"2021A00055917819","T'Sou-ke",14236343
"2021S051259170655","59170655",14238974
"2021S051259170666","59170666",14241605
"2021A00035919","Cowichan Valley",14244236
"2021A00055919008","North Cowichan",14246867
"2021S051259190215","59190215",14249498
"2021S051259190216","59190216",14252129
"2021S051259190217","59190217",14254760
"2021S051259190218","59190218",14257391
"2021S051259190219","59190219",14260022
"2021S051259190220","59190220",14262653
"2021S051259190221","59190221",14265284
"2021S051259190222","59190222",14267915
"2021S051259190223","59190223",14270546
"2021S051259190224","59190224",14273177
"2021S051259190229","59190229",14275808
"2021S051259190241","59190241",14278439
"2021S051259190242","59190242",14281070
"2021S051259190243","59190243",14283701
"2021S051259190244","59190244",14286332
"2021S051259190245","59190245",14288963
"2021S051259190246","59190246",14291594
"2021S051259190247","59190247",14294225
"2021S051259190250","59190250",14296856
"2021S051259190253","59190253",14299487
"2021S051259190254","59190254",14302118
"2021S051259190255","59190255",14304749
"2021S051259190256","59190256",14307380
"2021S051259190257","59190257",14310011
"2021S051259190258","59190258",14312642
"2021S051259190259","59190259",14315273
"2021S051259190260","59190260",14317904
"2021S051259190261","59190261",14320535
"2021S051259190262","59190262",14323166
"2021S051259190263","59190263",14325797
"2021S051259190264","59190264",14328428
"2021S051259190265","59190265",14331059
"2021S051259190266","59190266",14333690
"2021S051259190267","59190267",14336321
"2021S051259190268","59190268",14338952
"2021S051259190269","59190269",14341583
"2021S051259190270","59190270",14344214
"2021S051259190271","59190271",14346845
"2021S051259190275","59190275",14349476
"2021S051259190276","59190276",14352107
"2021S051259190277","59190277",14354738
"2021S051259190278","59190278",14357369
"2021S051259190279","59190279",14360000
"2021S051259190280","59190280",14362631
"2021S051259190281","59190281",14365262
"2021S051259190282","59190282",14367893
"2021S051259190310","59190310",14370524
"2021S051259190318","59190318",14373155
"2021S051259190319","59190319",14375786
"2021S051259190324","59190324",14378417
"2021S051259190327","59190327",14381048
"2021S051259190329","59190329",14383679
"2021S051259190330","59190330",14386310
"2021S051259190331","59190331",14388941
"2021A00055919012","Duncan",14391572
"2021S051259190225","59190225",14394203
"2021S051259190226","59190226",14396834
"2021S051259190227","59190227",14399465
"2021S051259190228","59190228",14402096
"2021S051259190235","59190235",14404727
"2021S051259190237","59190237",14407358
"2021S051259190238","59190238",14409989
"2021S051259190239","59190239",14412620
"2021S051259190240","59190240",14415251
"2021A00055919013","Cowichan Valley D",14417882
"2021S051259190175","59190175",14420513
"2021S051259190177","59190177",14423144
"2021S051259190178","59190178",14425775
"2021S051259190180","59190180",14428406
"2021S051259190181","59190181",14431037
"2021S051259190232","59190232",14433668
"2021A00055919015","Cowichan Valley G",14436299
"2021S051259190154","59190154",14438930
"2021S051259190283","59190283",14441561
"2021S051259190284","59190284",14444192
"2021S051259190285","59190285",14446823
"2021S051259190305","59190305",14449454
"2021A00055919016","Lake Cowichan",14452085
"2021S051259190156","59190156",14454716
"2021S051259190157","59190157",14457347
"2021S051259190158","59190158",14459978
"2021S051259190159","59190159",14462609
"2021S051259190160","59190160",14465240
"2021S051259190161","59190161",14467871
"2021S051259190168","59190168",14470502
"2021A00055919017","Cowichan Valley H",14473133
"2021S051259190299","59190299",14475764
"2021S051259190301","59190301",14478395
"2021S051259190302","59190302",14481026
"2021S051259190304","59190304",14483657
"2021A00055919021","Ladysmith",14486288
"2021S051259190286","59190286",14488919
"2021S051259190287","59190287",14491550
"2021S051259190288","59190288",14494181
"2021S051259190289","59190289",14496812
"2021S051259190290","59190290",14499443
"2021S051259190291","59190291",14502074
"2021S051259190292","59190292",14504705
"2021S051259190293","59190293",14507336
"2021S051259190294","59190294",14509967
"2021S051259190295","59190295",14512598
"2021S051259190296","59190296",14515229
"2021S051259190297","59190297",14517860
"2021S051259190298","59190298",14520491
"2021A00055919033","Cowichan Valley F",14523122
"2021S051259190155","59190155",14525753
"2021S051259190163","59190163",14528384
"2021S051259190165","59190165",14531015
"2021S051259190166","59190166",14533646
"2021S051259190167","59190167",14536277
"2021A00055919035","Cowichan Valley I",14538908
"2021S051259190152","59190152",14541539
"2021S051259190153","59190153",14544170
"2021A00055919043","Cowichan Valley A",14546801
"2021S051259190192","59190192",14549432
"2021S051259190193","59190193",14552063
"2021S051259190195","59190195",14554694
"2021S051259190196","59190196",14557325
"2021S051259190197","59190197",14559956
"2021S051259190199","59190199",14562587
"2021S051259190200","59190200",14565218
"2021A00055919046","Cowichan Valley B",14567849
"2021S051259190172","59190172",14570480
"2021S051259190194","59190194",14573111
"2021S051259190201","59190201",14575742
"2021S051259190202","59190202",14578373
"2021S051259190203","59190203",14581004
"2021S051259190204","59190204",14583635
"2021S051259190205","59190205",14586266
"2021S051259190206","59190206",14588897
"2021S051259190207","59190207",14591528
"2021S051259190208","59190208",14594159
"2021S051259190209","59190209",14596790
"2021S051259190210","59190210",14599421
"2021S051259190211","59190211",14602052
"2021S051259190212","59190212",14604683
"2021A00055919049","Cowichan Valley C",14607314
"2021S051259190182","59190182",14609945
"2021S051259190184","59190184",14612576
"2021S051259190185","59190185",14615207
"2021S051259190186","59190186",14617838
"2021S051259190187","59190187",14620469
"2021S051259190190","59190190",14623100
"2021S051259190191","59190191",14625731
"2021S051259190314","59190314",14628362
"2021S051259190315","59190315",14630993
"2021S051259190316","59190316",14633624
"2021A00055919051","Cowichan Valley E",14636255
"2021S051259190169","59190169",14638886
"2021S051259190171","59190171",14641517
"2021S051259190173","59190173",14644148
"2021S051259190174","59190174",14646779
"2021S051259190231","59190231",14649410
"2021S051259190233","59190233",14652041
"2021S051259190311","59190311",14654672
"2021A00055919801","Halalt 2",14657303
"2021S051259190272","59190272",14659934
"2021A00055919802","Squaw-Hay-One 11",14662565
"2021S051259190274","59190274",14665196
"2021A00055919803","Tsussie 6",14667827
"2021S051259190273","59190273",14670458
"2021A00055919804","Chemainus 13",14673089
"2021S051259190303","59190303",14675720
"2021A00055919808","Kil-pah-las 3",14678351
"2021S051259190179","59190179",14680982
"2021A00055919809","Penelakut Island 7",14683613
"2021S051259190306","59190306",14686244
"2021A00055919811","Shingle Point 4",14688875
"2021S051259190307","59190307",14691506
"2021A00055919812","Cowichan Lake",14694137
"2021S051259190162","59190162",14696768
"2021A00055919813","Lyacksun 3",14699399
"2021S051259190308","59190308",14702030
"2021A00055919814","Malachan 11",14704661
"2021S051259190164","59190164",14707292
"2021A00055919815","Malahat 11",14709923
"2021S051259190198","59190198",14712554
"2021A00055919816","Oyster Bay 12",14715185
"2021S051259190300","59190300",14717816
"2021A00055919817","Portier Pass 5",14720447
"2021S051259190309","59190309",14723078
"2021A00055919818","Theik 2",14725709
"2021S051259190176","59190176",14728340
"2021A00055919820","Est-Patrolas 4",14730971
"2021S051259190183","59190183",14733602
"2021A00055919821","Tzart-Lam 5",14736233
"2021S051259190170","59190170",14738864
"2021A00055919822","Cowichan",14741495
"2021S051259190230","59190230",14744126
"2021S051259190234","59190234",14746757
"2021S051259190236","59190236",14749388
"2021S051259190317","59190317",14752019
"2021A00035921","Nanaimo",14754650
"2021A00055921007","Nanaimo",14757281
"2021S051259210292","59210292",14759912
"2021S051259210293","59210293",14762543
"2021S051259210294","59210294",14765174
"2021S051259210295","59210295",14767805
"2021S051259210296","59210296",14770436
"2021S051259210297","59210297",14773067
"2021S051259210298","59210298",14775698
"2021S051259210299","59210299",14778329
"2021S051259210300","59210300",14780960
"2021S051259210301","59210301",14783591
"2021S051259210302","59210302",14786222
"2021S051259210303","59210303",14788853
"2021S051259210304","59210304",14791484
"2021S051259210305","59210305",14794115
"2021S051259210306","59210306",14796746
"2021S051259210307","59210307",14799377
"2021S051259210308","59210308",14802008
"2021S051259210309","59210309",14804639
"2021S051259210310","59210310",14807270
"2021S051259210311","59210311",14809901
"2021S051259210312","59210312",14812532
"2021S051259210313","59210313",14815163
"2021S051259210314","59210314",14817794
"2021S051259210315","59210315",14820425
"2021S051259210316","59210316",14823056
"2021S051259210317","59210317",14825687
"2021S051259210318","59210318",14828318
"2021S051259210319","59210319",14830949
"2021S051259210320","59210320",14833580
"2021S051259210321","59210321",14836211
"2021S051259210322","59210322",14838842
"2021S051259210323","59210323",14841473
"2021S051259210324","59210324",14844104
"2021S051259210325","59210325",14846735
"2021S051259210326","59210326",14849366
"2021S051259210327","59210327",14851997
"2021S051259210328","59210328",14854628
"2021S051259210329","59210329",14857259
"2021S051259210330","59210330",14859890
"2021S051259210331","59210331",14862521
"2021S051259210332","59210332",14865152
"2021S051259210333","59210333",14867783
"2021S051259210334","59210334",14870414
"2021S051259210335","59210335",14873045
"2021S051259210336","59210336",14875676
"2021S051259210337","59210337",14878307
"2021S051259210338","59210338",14880938
"2021S051259210339","59210339",14883569
"2021S051259210340","59210340",14886200
"2021S051259210341","59210341",14888831
"2021S051259210342","59210342",14891462
"2021S051259210343","59210343",14894093
"2021S051259210344","59210344",14896724
"2021S051259210345","59210345",14899355
"2021S051259210346","59210346",14901986
"2021S051259210347","59210347",14904617
"2021S051259210348","59210348",14907248
"2021S051259210349","59210349",14909879
"2021S051259210350","59210350",14912510
"2021S051259210351","59210351",14915141
"2021S051259210352","59210352",14917772
"2021S051259210353","59210353",14920403
"2021S051259210354","59210354",14923034
"2021S051259210355","59210355",14925665
"2021S051259210356","59210356",14928296
"2021S051259210357","59210357",14930927
"2021S051259210358","59210358",14933558
"2021S051259210359","59210359",14936189
"2021S051259210360","59210360",14938820
"2021S051259210361","59210361",14941451
"2021S051259210362","59210362",14944082
"2021S051259210363","59210363",14946713
"2021S051259210364","59210364",14949344
"2021S051259210365","59210365",14951975
"2021S051259210366","59210366",14954606
"2021S051259210367","59210367",14957237
"2021S051259210368","59210368",14959868
"2021S051259210369","59210369",14962499
"2021S051259210370","59210370",14965130
"2021S051259210371","59210371",14967761
"2021S051259210372","59210372",14970392
"2021S051259210373","59210373",14973023
"2021S051259210374","59210374",14975654
"2021S051259210375","59210375",14978285
"2021S051259210378","59210378",14980916
"2021S051259210379","59210379",14983547
"2021S051259210380","59210380",14986178
"2021S051259210381","59210381",14988809
"2021S051259210382","59210382",14991440
"2021S051259210383","59210383",14994071
"2021S051259210384","59210384",14996702
"2021S051259210385","59210385",14999333
"2021S051259210386","59210386",15001964
"2021S051259210387","59210387",15004595
"2021S051259210388","59210388",15007226
"2021S051259210389","59210389",15009857
"2021S051259210390","59210390",15012488
"2021S051259210391","59210391",15015119
"2021S051259210392","59210392",15017750
"2021S051259210393","59210393",15020381
"2021S051259210394","59210394",15023012
"2021S051259210395","59210395",15025643
"2021S051259210396","59210396",15028274
"2021S051259210397","59210397",15030905
"2021S051259210398","59210398",15033536
"2021S051259210399","59210399",15036167
"2021S051259210400","59210400",15038798
"2021S051259210401","59210401",15041429
"2021S051259210402","59210402",15044060
"2021S051259210403","59210403",15046691
"2021S051259210404","59210404",15049322
"2021S051259210405","59210405",15051953
"2021S051259210406","59210406",15054584
"2021S051259210407","59210407",15057215
"2021S051259210408","59210408",15059846
"2021S051259210409","59210409",15062477
"2021S051259210410","59210410",15065108
"2021S051259210411","59210411",15067739
"2021S051259210412","59210412",15070370
"2021S051259210413","59210413",15073001
"2021S051259210414","59210414",15075632
"2021S051259210415","59210415",15078263
"2021S051259210416","59210416",15080894
"2021S051259210417","59210417",15083525
"2021S051259210419","59210419",15086156
"2021S051259210420","59210420",15088787
"2021S051259210421","59210421",15091418
"2021S051259210422","59210422",15094049
"2021S051259210423","59210423",15096680
"2021S051259210424","59210424",15099311
"2021S051259210425","59210425",15101942
"2021S051259210426","59210426",15104573
"2021S051259210427","59210427",15107204
"2021S051259210428","59210428",15109835
"2021S051259210429","59210429",15112466
"2021S051259210430","59210430",15115097
"2021S051259210431","59210431",15117728
"2021S051259210432","59210432",15120359
"2021S051259210433","59210433",15122990
"2021S051259210434","59210434",15125621
"2021S051259210435","59210435",15128252
"2021S051259210444","59210444",15130883
"2021S051259210445","59210445",15133514
"2021S051259210446","59210446",15136145
"2021S051259210447","59210447",15138776
"2021S051259210449","59210449",15141407
"2021S051259210472","59210472",15144038
"2021S051259210473","59210473",15146669
"2021S051259210474","59210474",15149300
"2021S051259210475","59210475",15151931
"2021S051259210476","59210476",15154562
"2021A00055921008","Lantzville",15157193
"2021S051259210284","59210284",15159824
"2021S051259210285","59210285",15162455
"2021S051259210286","59210286",15165086
"2021S051259210287","59210287",15167717
"2021S051259210288","59210288",15170348
"2021S051259210289","59210289",15172979
"2021S051259210290","59210290",15175610
"2021A00055921010","Nanaimo A",15178241
"2021S051259210438","59210438",15180872
"2021S051259210439","59210439",15183503
"2021S051259210440","59210440",15186134
"2021S051259210442","59210442",15188765
"2021S051259210443","59210443",15191396
"2021S051259210456","59210456",15194027
"2021S051259210457","59210457",15196658
"2021S051259210458","59210458",15199289
"2021S051259210459","59210459",15201920
"2021S051259210460","59210460",15204551
"2021S051259210461","59210461",15207182
"2021S051259210462","59210462",15209813
"2021S051259210463","59210463",15212444
"2021S051259210464","59210464",15215075
"2021A00055921014","Nanaimo B",15217706
"2021S051259210465","59210465",15220337
"2021S051259210466","59210466",15222968
"2021S051259210467","59210467",15225599
"2021S051259210468","59210468",15228230
"2021S051259210469","59210469",15230861
"2021S051259210470","59210470",15233492
"2021S051259210471","59210471",15236123
"2021A00055921016","Nanaimo C",15238754
"2021S051259210291","59210291",15241385
"2021S051259210376","59210376",15244016
"2021S051259210377","59210377",15246647
"2021S051259210448","59210448",15249278
"2021S051259210450","59210450",15251909
"2021A00055921018","Parksville",15254540
"2021S051259210238","59210238",15257171
"2021S051259210239","59210239",15259802
"2021S051259210240","59210240",15262433
"2021S051259210241","59210241",15265064
"2021S051259210242","59210242",15267695
"2021S051259210243","59210243",15270326
"2021S051259210249","59210249",15272957
"2021S051259210262","59210262",15275588
"2021S051259210263","59210263",15278219
"2021S051259210264","59210264",15280850
"2021S051259210265","59210265",15283481
"2021S051259210266","59210266",15286112
"2021S051259210267","59210267",15288743
"2021S051259210268","59210268",15291374
"2021S051259210269","59210269",15294005
"2021S051259210271","59210271",15296636
"2021S051259210272","59210272",15299267
"2021S051259210273","59210273",15301898
"2021S051259210478","59210478",15304529
"2021S051259210479","59210479",15307160
"2021S051259210481","59210481",15309791
"2021A00055921023","Qualicum Beach",15312422
"2021S051259210215","59210215",15315053
"2021S051259210216","59210216",15317684
"2021S051259210217","59210217",15320315
"2021S051259210218","59210218",15322946
"2021S051259210219","59210219",15325577
"2021S051259210220","59210220",15328208
"2021S051259210221","59210221",15330839
"2021S051259210222","59210222",15333470
"2021S051259210223","59210223",15336101
"2021S051259210224","59210224",15338732
"2021S051259210225","59210225",15341363
"2021S051259210226","59210226",15343994
"2021S051259210227","59210227",15346625
"2021S051259210255","59210255",15349256
"2021S051259210256","59210256",15351887
"2021S051259210258","59210258",15354518
"2021S051259210259","59210259",15357149
"2021A00055921030","Nanaimo E",15359780
"2021S051259210274","59210274",15362411
"2021S051259210275","59210275",15365042
"2021S051259210276","59210276",15367673
"2021S051259210277","59210277",15370304
"2021S051259210278","59210278",15372935
"2021S051259210279","59210279",15375566
"2021S051259210280","59210280",15378197
"2021S051259210281","59210281",15380828
"2021S051259210282","59210282",15383459
"2021S051259210451","59210451",15386090
"2021S051259210453","59210453",15388721
"2021A00055921032","Nanaimo F",15391352
"2021S051259210229","59210229",15393983
"2021S051259210230","59210230",15396614
"2021S051259210231","59210231",15399245
"2021S051259210232","59210232",15401876
"2021S051259210233","59210233",15404507
"2021S051259210234","59210234",15407138
"2021S051259210235","59210235",15409769
"2021S051259210236","59210236",15412400
"2021S051259210237","59210237",15415031
"2021S051259210452","59210452",15417662
"2021S051259210454","59210454",15420293
"2021A00055921034","Nanaimo G",15422924
"2021S051259210214","59210214",15425555
"2021S051259210228","59210228",15428186
"2021S051259210250","59210250",15430817
"2021S051259210251","59210251",15433448
"2021S051259210252","59210252",15436079
"2021S051259210253","59210253",15438710
"2021S051259210254","59210254",15441341
"2021S051259210257","59210257",15443972
"2021S051259210260","59210260",15446603
"2021S051259210261","59210261",15449234
"2021S051259210270","59210270",15451865
"2021S051259210484","59210484",15454496
"2021S051259210485","59210485",15457127
"2021A00055921036","Nanaimo H",15459758
"2021S051259210208","59210208",15462389
"2021S051259210209","59210209",15465020
"2021S051259210210","59210210",15467651
"2021S051259210212","59210212",15470282
"2021S051259210213","59210213",15472913
"2021S051259210455","59210455",15475544
"2021A00055921804","Nanaimo Town 1",15478175
"2021S051259210418","59210418",15480806
"2021A00055921805","Nanoose",15483437
"2021S051259210283","59210283",15486068
"2021A00055921806","Qualicum",15488699
"2021S051259210211","59210211",15491330
"2021A00055921807","Nanaimo River",15493961
"2021S051259210441","59210441",15496592
"2021S051259210480","59210480",15499223
"2021A00035923","Alberni-Clayoquot",15501854
"2021A00055923008","Port Alberni",15504485
"2021S051259230102","59230102",15507116
"2021S051259230104","59230104",15509747
"2021S051259230105","59230105",15512378
"2021S051259230106","59230106",15515009
"2021S051259230107","59230107",15517640
"2021S051259230108","59230108",15520271
"2021S051259230109","59230109",15522902
"2021S051259230110","59230110",15525533
"2021S051259230111","59230111",15528164
"2021S051259230117","59230117",15530795
"2021S051259230118","59230118",15533426
"2021S051259230119","59230119",15536057
"2021S051259230120","59230120",15538688
"2021S051259230121","59230121",15541319
"2021S051259230122","59230122",15543950
"2021S051259230123","59230123",15546581
"2021S051259230124","59230124",15549212
"2021S051259230125","59230125",15551843
"2021S051259230126","59230126",15554474
"2021S051259230127","59230127",15557105
"2021S051259230128","59230128",15559736
"2021S051259230129","59230129",15562367
"2021S051259230130","59230130",15564998
"2021S051259230131","59230131",15567629
"2021S051259230132","59230132",15570260
"2021S051259230133","59230133",15572891
"2021S051259230134","59230134",15575522
"2021S051259230136","59230136",15578153
"2021S051259230137","59230137",15580784
"2021S051259230138","59230138",15583415
"2021S051259230139","59230139",15586046
"2021S051259230140","59230140",15588677
"2021S051259230141","59230141",15591308
"2021S051259230143","59230143",15593939
"2021S051259230144","59230144",15596570
"2021A00055923019","Ucluelet",15599201
"2021S051259230091","59230091",15601832
"2021S051259230092","59230092",15604463
"2021S051259230093","59230093",15607094
"2021A00055923025","Tofino",15609725
"2021S051259230087","59230087",15612356
"2021S051259230089","59230089",15614987
"2021S051259230090","59230090",15617618
"2021A00055923033","Alberni-Clayoquot B",15620249
"2021S051259230151","59230151",15622880
"2021A00055923035","Alberni-Clayoquot D",15625511
"2021S051259230094","59230094",15628142
"2021S051259230095","59230095",15630773
"2021S051259230096","59230096",15633404
"2021A00055923037","Alberni-Clayoquot E",15636035
"2021S051259230098","59230098",15638666
"2021S051259230099","59230099",15641297
"2021S051259230100","59230100",15643928
"2021S051259230101","59230101",15646559
"2021S051259230113","59230113",15649190
"2021S051259230152","59230152",15651821
"2021A00055923039","Alberni-Clayoquot F",15654452
"2021S051259230112","59230112",15657083
"2021S051259230114","59230114",15659714
"2021S051259230115","59230115",15662345
"2021S051259230116","59230116",15664976
"2021A00055923047","Alberni-Clayoquot A",15667607
"2021S051259230156","59230156",15670238
"2021A00055923049","Alberni-Clayoquot C",15672869
"2021S051259230154","59230154",15675500
"2021A00055923801","Ahahswinis 1",15678131
"2021S051259230103","59230103",15680762
"2021A00055923802","Alberni 2",15683393
"2021S051259230135","59230135",15686024
"2021A00055923803","Anacla 12",15688655
"2021S051259230150","59230150",15691286
"2021A00055923804","Clakamucus 2",15693917
"2021S051259230079","59230079",15696548
"2021A00055923805","Elhlateese 2",15699179
"2021S051259230146","59230146",15701810
"2021A00055923806","Hesquiat 1",15704441
"2021S051259230076","59230076",15707072
"2021A00055923807","Ittatsoo 1",15709703
"2021S051259230080","59230080",15712334
"2021A00055923808","Marktosis 15",15714965
"2021S051259230084","59230084",15717596
"2021A00055923809","Numukamis 1",15720227
"2021S051259230148","59230148",15722858
"2021A00055923810","Macoah 1",15725489
"2021S051259230083","59230083",15728120
"2021A00055923813","Opitsat 1",15730751
"2021S051259230081","59230081",15733382
"2021A00055923814","Sachsa 4",15736013
"2021S051259230149","59230149",15738644
"2021A00055923816","Tsahaheh 1",15741275
"2021S051259230142","59230142",15743906
"2021A00055923822","Klehkoot 2",15746537
"2021S051259230097","59230097",15749168
"2021A00055923823","Esowista 3",15751799
"2021S051259230155","59230155",15754430
"2021A00055923824","Refuge Cove 6",15757061
"2021S051259230086","59230086",15759692
"2021A00055923825","Tin Wis 11",15762323
"2021S051259230088","59230088",15764954
"2021A00035924","Strathcona",15767585
"2021A00055924025","Gold River",15770216
"2021S051259240205","59240205",15772847
"2021S051259240206","59240206",15775478
"2021S051259240207","59240207",15778109
"2021A00055924029","Zeballos",15780740
"2021S051259240204","59240204",15783371
"2021A00055924030","Tahsis",15786002
"2021S051259240200","59240200",15788633
"2021A00055924034","Campbell River",15791264
"2021S051259240213","59240213",15793895
"2021S051259240214","59240214",15796526
"2021S051259240215","59240215",15799157
"2021S051259240216","59240216",15801788
"2021S051259240217","59240217",15804419
"2021S051259240218","59240218",15807050
"2021S051259240219","59240219",15809681
"2021S051259240220","59240220",15812312
"2021S051259240221","59240221",15814943
"2021S051259240222","59240222",15817574
"2021S051259240225","59240225",15820205
"2021S051259240227","59240227",15822836
"2021S051259240228","59240228",15825467
"2021S051259240229","59240229",15828098
"2021S051259240230","59240230",15830729
"2021S051259240231","59240231",15833360
"2021S051259240232","59240232",15835991
"2021S051259240233","59240233",15838622
"2021S051259240234","59240234",15841253
"2021S051259240235","59240235",15843884
"2021S051259240236","59240236",15846515
"2021S051259240237","59240237",15849146
"2021S051259240238","59240238",15851777
"2021S051259240239","59240239",15854408
"2021S051259240240","59240240",15857039
"2021S051259240241","59240241",15859670
"2021S051259240242","59240242",15862301
"2021S051259240243","59240243",15864932
"2021S051259240244","59240244",15867563
"2021S051259240245","59240245",15870194
"2021S051259240246","59240246",15872825
"2021S051259240247","59240247",15875456
"2021S051259240248","59240248",15878087
"2021S051259240249","59240249",15880718
"2021S051259240250","59240250",15883349
"2021S051259240251","59240251",15885980
"2021S051259240252","59240252",15888611
"2021S051259240253","59240253",15891242
"2021S051259240254","59240254",15893873
"2021S051259240255","59240255",15896504
"2021S051259240256","59240256",15899135
"2021S051259240257","59240257",15901766
"2021S051259240258","59240258",15904397
"2021S051259240259","59240259",15907028
"2021S051259240260","59240260",15909659
"2021S051259240261","59240261",15912290
"2021S051259240262","59240262",15914921
"2021S051259240283","59240283",15917552
"2021S051259240284","59240284",15920183
"2021S051259240406","59240406",15922814
"2021S051259240407","59240407",15925445
"2021S051259240408","59240408",15928076
"2021S051259240409","59240409",15930707
"2021S051259240410","59240410",15933338
"2021S051259240411","59240411",15935969
"2021S051259240412","59240412",15938600
"2021S051259240413","59240413",15941231
"2021S051259240423","59240423",15943862
"2021S051259240426","59240426",15946493
"2021S051259240430","59240430",15949124
"2021S051259240431","59240431",15951755
"2021S051259240436","59240436",15954386
"2021S051259240437","59240437",15957017
"2021S051259240439","59240439",15959648
"2021A00055924039","Sayward",15962279
"2021S051259240211","59240211",15964910
"2021A00055924042","Strathcona D (Oyster Bay - Buttle Lake)",15967541
"2021S051259240278","59240278",15970172
"2021S051259240280","59240280",15972803
"2021S051259240281","59240281",15975434
"2021S051259240291","59240291",15978065
"2021S051259240292","59240292",15980696
"2021S051259240293","59240293",15983327
"2021S051259240438","59240438",15985958
"2021S051259240440","59240440",15988589
"2021S051259240442","59240442",15991220
"2021A00055924048","Strathcona A",15993851
"2021S051259240198","59240198",15996482
"2021S051259240199","59240199",15999113
"2021S051259240209","59240209",16001744
"2021S051259240210","59240210",16004375
"2021S051259240429","59240429",16007006
"2021A00055924052","Strathcona B",16009637
"2021S051259240274","59240274",16012268
"2021S051259240277","59240277",16014899
"2021A00055924054","Strathcona C",16017530
"2021S051259240212","59240212",16020161
"2021S051259240264","59240264",16022792
"2021S051259240265","59240265",16025423
"2021S051259240266","59240266",16028054
"2021S051259240269","59240269",16030685
"2021S051259240270","59240270",16033316
"2021S051259240271","59240271",16035947
"2021S051259240272","59240272",16038578
"2021S051259240419","59240419",16041209
"2021S051259240420","59240420",16043840
"2021A00055924803","Ahaminaquus 12",16046471
"2021S051259240208","59240208",16049102
"2021A00055924804","Campbell River 11",16051733
"2021S051259240263","59240263",16054364
"2021A00055924805","Chenahkint 12",16056995
"2021S051259240201","59240201",16059626
"2021A00055924806","Houpsitas 6",16062257
"2021S051259240427","59240427",16064888
"2021A00055924812","Quinsam 12",16067519
"2021S051259240223","59240223",16070150
"2021A00055924813","Village Island 1",16072781
"2021S051259240202","59240202",16075412
"2021A00055924814","Yuquot 1",16078043
"2021S051259240196","59240196",16080674
"2021A00055924817","Cape Mudge 10",16083305
"2021S051259240267","59240267",16085936
"2021A00055924818","Squirrel Cove 8",16088567
"2021S051259240275","59240275",16091198
"2021A00055924820","Tork 7",16093829
"2021S051259240276","59240276",16096460
"2021A00055924833","Oclucje 7",16099091
"2021S051259240197","59240197",16101722
"2021A00055924835","Tsa Xana 18",16104353
"2021S051259240195","59240195",16106984
"2021A00055924836","Ehatis 11",16109615
"2021S051259240203","59240203",16112246
"2021A00055924840","Homalco 9",16114877
"2021S051259240226","59240226",16117508
"2021A00055924843","Nenagwas 12",16120139
"2021S051259240441","59240441",16122770
"2021A00035926","Comox Valley",16125401
"2021A00055926005","Comox",16128032
"2021S051259260322","59260322",16130663
"2021S051259260323","59260323",16133294
"2021S051259260324","59260324",16135925
"2021S051259260325","59260325",16138556
"2021S051259260326","59260326",16141187
"2021S051259260327","59260327",16143818
"2021S051259260328","59260328",16146449
"2021S051259260329","59260329",16149080
"2021S051259260330","59260330",16151711
"2021S051259260331","59260331",16154342
"2021S051259260332","59260332",16156973
"2021S051259260337","59260337",16159604
"2021S051259260339","59260339",16162235
"2021S051259260354","59260354",16164866
"2021S051259260360","59260360",16167497
"2021S051259260361","59260361",16170128
"2021S051259260362","59260362",16172759
"2021S051259260363","59260363",16175390
"2021S051259260409","59260409",16178021
"2021S051259260420","59260420",16180652
"2021S051259260421","59260421",16183283
"2021S051259260422","59260422",16185914
"2021S051259260426","59260426",16188545
"2021S051259260427","59260427",16191176
"2021A00055926010","Courtenay",16193807
"2021S051259260303","59260303",16196438
"2021S051259260304","59260304",16199069
"2021S051259260305","59260305",16201700
"2021S051259260306","59260306",16204331
"2021S051259260307","59260307",16206962
"2021S051259260308","59260308",16209593
"2021S051259260309","59260309",16212224
"2021S051259260310","59260310",16214855
"2021S051259260312","59260312",16217486
"2021S051259260313","59260313",16220117
"2021S051259260314","59260314",16222748
"2021S051259260315","59260315",16225379
"2021S051259260316","59260316",16228010
"2021S051259260317","59260317",16230641
"2021S051259260318","59260318",16233272
"2021S051259260364","59260364",16235903
"2021S051259260365","59260365",16238534
"2021S051259260366","59260366",16241165
"2021S051259260367","59260367",16243796
"2021S051259260368","59260368",16246427
"2021S051259260369","59260369",16249058
"2021S051259260370","59260370",16251689
"2021S051259260372","59260372",16254320
"2021S051259260373","59260373",16256951
"2021S051259260374","59260374",16259582
"2021S051259260375","59260375",16262213
"2021S051259260382","59260382",16264844
"2021S051259260384","59260384",16267475
"2021S051259260386","59260386",16270106
"2021S051259260387","59260387",16272737
"2021S051259260388","59260388",16275368
"2021S051259260389","59260389",16277999
"2021S051259260390","59260390",16280630
"2021S051259260391","59260391",16283261
"2021S051259260392","59260392",16285892
"2021S051259260393","59260393",16288523
"2021S051259260394","59260394",16291154
"2021S051259260406","59260406",16293785
"2021S051259260435","59260435",16296416
"2021S051259260436","59260436",16299047
"2021S051259260440","59260440",16301678
"2021S051259260443","59260443",16304309
"2021S051259260445","59260445",16306940
"2021S051259260454","59260454",16309571
"2021A00055926014","Cumberland",16312202
"2021S051259260400","59260400",16314833
"2021S051259260401","59260401",16317464
"2021S051259260402","59260402",16320095
"2021S051259260403","59260403",16322726
"2021S051259260404","59260404",16325357
"2021A00055926021","Comox Valley A",16327988
"2021S051259260341","59260341",16330619
"2021S051259260342","59260342",16333250
"2021S051259260343","59260343",16335881
"2021S051259260344","59260344",16338512
"2021S051259260345","59260345",16341143
"2021S051259260346","59260346",16343774
"2021S051259260347","59260347",16346405
"2021S051259260348","59260348",16349036
"2021S051259260349","59260349",16351667
"2021S051259260350","59260350",16354298
"2021S051259260432","59260432",16356929
"2021S051259260434","59260434",16359560
"2021A00055926022","Comox Valley B (Lazo North)",16362191
"2021S051259260299","59260299",16364822
"2021S051259260300","59260300",16367453
"2021S051259260301","59260301",16370084
"2021S051259260320","59260320",16372715
"2021S051259260376","59260376",16375346
"2021S051259260378","59260378",16377977
"2021S051259260379","59260379",16380608
"2021S051259260408","59260408",16383239
"2021S051259260415","59260415",16385870
"2021S051259260419","59260419",16388501
"2021S051259260423","59260423",16391132
"2021S051259260424","59260424",16393763
"2021S051259260428","59260428",16396394
"2021S051259260439","59260439",16399025
"2021S051259260442","59260442",16401656
"2021A00055926024","Comox Valley C (Puntledge - Black Creek)",16404287
"2021S051259260288","59260288",16406918
"2021S051259260289","59260289",16409549
"2021S051259260290","59260290",16412180
"2021S051259260294","59260294",16414811
"2021S051259260295","59260295",16417442
"2021S051259260296","59260296",16420073
"2021S051259260297","59260297",16422704
"2021S051259260298","59260298",16425335
"2021S051259260395","59260395",16427966
"2021S051259260399","59260399",16430597
"2021S051259260451","59260451",16433228
"2021S051259260453","59260453",16435859
"2021A00055926801","Comox 1",16438490
"2021S051259260448","59260448",16441121
"2021S051259260449","59260449",16443752
"2021A00055926802","Pentledge 2",16446383
"2021S051259260311","59260311",16449014
"2021A00035927","Powell River",16451645
"2021A00055927008","Powell River",16454276
"2021S051259270052","59270052",16456907
"2021S051259270053","59270053",16459538
"2021S051259270054","59270054",16462169
"2021S051259270055","59270055",16464800
"2021S051259270056","59270056",16467431
"2021S051259270057","59270057",16470062
"2021S051259270058","59270058",16472693
"2021S051259270059","59270059",16475324
"2021S051259270060","59270060",16477955
"2021S051259270061","59270061",16480586
"2021S051259270062","59270062",16483217
"2021S051259270063","59270063",16485848
"2021S051259270064","59270064",16488479
"2021S051259270065","59270065",16491110
"2021S051259270066","59270066",16493741
"2021S051259270067","59270067",16496372
"2021S051259270068","59270068",16499003
"2021S051259270069","59270069",16501634
"2021S051259270070","59270070",16504265
"2021S051259270071","59270071",16506896
"2021S051259270072","59270072",16509527
"2021S051259270073","59270073",16512158
"2021S051259270074","59270074",16514789
"2021S051259270075","59270075",16517420
"2021S051259270084","59270084",16520051
"2021S051259270085","59270085",16522682
"2021A00055927010","qathet A",16525313
"2021S051259270048","59270048",16527944
"2021S051259270049","59270049",16530575
"2021S051259270051","59270051",16533206
"2021A00055927012","qathet B",16535837
"2021S051259270076","59270076",16538468
"2021S051259270077","59270077",16541099
"2021S051259270083","59270083",16543730
"2021A00055927016","qathet C",16546361
"2021S051259270078","59270078",16548992
"2021S051259270079","59270079",16551623
"2021S051259270080","59270080",16554254
"2021S051259270082","59270082",16556885
"2021A00055927018","qathet D",16559516
"2021S051259270086","59270086",16562147
"2021S051259270087","59270087",16564778
"2021A00055927020","qathet E",16567409
"2021S051259270088","59270088",16570040
"2021A00055927802","Sliammon 1",16572671
"2021S051259270089","59270089",16575302
"2021S051259270090","59270090",16577933
"2021A00055927806","Sechelt (Part)",16580564
"2021S051259270081","59270081",16583195
"2021A00035929","Sunshine Coast",16585826
"2021A00055929005","Gibsons",16588457
"2021S051259290168","59290168",16591088
"2021S051259290170","59290170",16593719
"2021S051259290171","59290171",16596350
"2021S051259290172","59290172",16598981
"2021S051259290173","59290173",16601612
"2021S051259290180","59290180",16604243
"2021S051259290181","59290181",16606874
"2021S051259290188","59290188",16609505
"2021A00055929011","Sechelt",16612136
"2021S051259290129","59290129",16614767
"2021S051259290131","59290131",16617398
"2021S051259290134","59290134",16620029
"2021S051259290135","59290135",16622660
"2021S051259290137","59290137",16625291
"2021S051259290139","59290139",16627922
"2021S051259290141","59290141",16630553
"2021S051259290143","59290143",16633184
"2021S051259290144","59290144",16635815
"2021S051259290145","59290145",16638446
"2021S051259290146","59290146",16641077
"2021S051259290153","59290153",16643708
"2021S051259290154","59290154",16646339
"2021S051259290155","59290155",16648970
"2021S051259290156","59290156",16651601
"2021S051259290184","59290184",16654232
"2021S051259290186","59290186",16656863
"2021A00055929018","Sunshine Coast A",16659494
"2021S051259290097","59290097",16662125
"2021S051259290111","59290111",16664756
"2021S051259290112","59290112",16667387
"2021S051259290116","59290116",16670018
"2021S051259290199","59290199",16672649
"2021A00055929022","Sunshine Coast B",16675280
"2021S051259290121","59290121",16677911
"2021S051259290147","59290147",16680542
"2021S051259290148","59290148",16683173
"2021S051259290149","59290149",16685804
"2021S051259290150","59290150",16688435
"2021A00055929024","Sunshine Coast D",16691066
"2021S051259290151","59290151",16693697
"2021S051259290157","59290157",16696328
"2021S051259290158","59290158",16698959
"2021S051259290159","59290159",16701590
"2021S051259290160","59290160",16704221
"2021S051259290161","59290161",16706852
"2021A00055929026","Sunshine Coast E",16709483
"2021S051259290162","59290162",16712114
"2021S051259290163","59290163",16714745
"2021S051259290164","59290164",16717376
"2021S051259290165","59290165",16720007
"2021S051259290166","59290166",16722638
"2021S051259290183","59290183",16725269
"2021S051259290189","59290189",16727900
"2021A00055929028","Sunshine Coast F",16730531
"2021S051259290176","59290176",16733162
"2021S051259290178","59290178",16735793
"2021S051259290179","59290179",16738424
"2021S051259290192","59290192",16741055
"2021S051259290193","59290193",16743686
"2021S051259290194","59290194",16746317
"2021A00055929801","Chekwelp 26",16748948
"2021S051259290174","59290174",16751579
"2021A00055929803","Sechelt (Part)",16754210
"2021S051259290096","59290096",16756841
"2021S051259290098","59290098",16759472
"2021S051259290099","59290099",16762103
"2021S051259290100","59290100",16764734
"2021S051259290101","59290101",16767365
"2021S051259290102","59290102",16769996
"2021S051259290103","59290103",16772627
"2021S051259290104","59290104",16775258
"2021S051259290105","59290105",16777889
"2021S051259290106","59290106",16780520
"2021S051259290107","59290107",16783151
"2021S051259290108","59290108",16785782
"2021S051259290109","59290109",16788413
"2021S051259290110","59290110",16791044
"2021S051259290113","59290113",16793675
"2021S051259290114","59290114",16796306
"2021S051259290115","59290115",16798937
"2021S051259290118","59290118",16801568
"2021S051259290120","59290120",16804199
"2021S051259290122","59290122",16806830
"2021S051259290123","59290123",16809461
"2021S051259290124","59290124",16812092
"2021S051259290125","59290125",16814723
"2021S051259290126","59290126",16817354
"2021S051259290127","59290127",16819985
"2021S051259290128","59290128",16822616
"2021S051259290130","59290130",16825247
"2021S051259290132","59290132",16827878
"2021S051259290133","59290133",16830509
"2021S051259290138","59290138",16833140
"2021S051259290140","59290140",16835771
"2021S051259290152","59290152",16838402
"2021S051259290200","59290200",16841033
"2021A00035931","Squamish-Lillooet",16843664
"2021A00055931006","Squamish",16846295
"2021S051259310187","59310187",16848926
"2021S051259310190","59310190",16851557
"2021S051259310191","59310191",16854188
"2021S051259310192","59310192",16856819
"2021S051259310193","59310193",16859450
"2021S051259310196","59310196",16862081
"2021S051259310197","59310197",16864712
"2021S051259310198","59310198",16867343
"2021S051259310200","59310200",16869974
"2021S051259310201","59310201",16872605
"2021S051259310202","59310202",16875236
"2021S051259310203","59310203",16877867
"2021S051259310205","59310205",16880498
"2021S051259310206","59310206",16883129
"2021S051259310207","59310207",16885760
"2021S051259310208","59310208",16888391
"2021S051259310209","59310209",16891022
"2021S051259310210","59310210",16893653
"2021S051259310211","59310211",16896284
"2021S051259310212","59310212",16898915
"2021S051259310213","59310213",16901546
"2021S051259310214","59310214",16904177
"2021S051259310215","59310215",16906808
"2021S051259310216","59310216",16909439
"2021S051259310217","59310217",16912070
"2021S051259310253","59310253",16914701
"2021A00055931012","Pemberton",16917332
"2021S051259310162","59310162",16919963
"2021S051259310164","59310164",16922594
"2021S051259310165","59310165",16925225
"2021S051259310231","59310231",16927856
"2021S051259310235","59310235",16930487
"2021S051259310240","59310240",16933118
"2021A00055931017","Squamish-Lillooet C",16935749
"2021S051259310225","59310225",16938380
"2021S051259310232","59310232",16941011
"2021S051259310236","59310236",16943642
"2021S051259310241","59310241",16946273
"2021A00055931020","Whistler",16948904
"2021S051259310168","59310168",16951535
"2021S051259310169","59310169",16954166
"2021S051259310170","59310170",16956797
"2021S051259310171","59310171",16959428
"2021S051259310172","59310172",16962059
"2021S051259310173","59310173",16964690
"2021S051259310174","59310174",16967321
"2021S051259310175","59310175",16969952
"2021S051259310176","59310176",16972583
"2021S051259310177","59310177",16975214
"2021S051259310178","59310178",16977845
"2021S051259310179","59310179",16980476
"2021S051259310180","59310180",16983107
"2021S051259310182","59310182",16985738
"2021S051259310183","59310183",16988369
"2021S051259310184","59310184",16991000
"2021S051259310223","59310223",16993631
"2021A00055931021","Squamish-Lillooet D",16996262
"2021S051259310221","59310221",16998893
"2021A00055931026","Lillooet",17001524
"2021S051259310134","59310134",17004155
"2021S051259310140","59310140",17006786
"2021S051259310141","59310141",17009417
"2021S051259310142","59310142",17012048
"2021S051259310143","59310143",17014679
"2021A00055931032","Squamish-Lillooet A",17017310
"2021S051259310119","59310119",17019941
"2021A00055931034","Squamish-Lillooet B",17022572
"2021S051259310144","59310144",17025203
"2021S051259310148","59310148",17027834
"2021S051259310251","59310251",17030465
"2021A00055931801","Cheakamus 11",17033096
"2021S051259310186","59310186",17035727
"2021A00055931802","Kowtain 17",17038358
"2021S051259310195","59310195",17040989
"2021A00055931806","Seaichem 16",17043620
"2021S051259310194","59310194",17046251
"2021A00055931807","Stawamus 24",17048882
"2021S051259310204","59310204",17051513
"2021A00055931808","Waiwakum 14",17054144
"2021S051259310254","59310254",17056775
"2021S051259310255","59310255",17059406
"2021A00055931809","Yekwaupsum 18",17062037
"2021S051259310199","59310199",17064668
"2021A00055931812","Nesuch 3",17067299
"2021S051259310154","59310154",17069930
"2021S051259310156","59310156",17072561
"2021A00055931813","Bridge River 1",17075192
"2021S051259310121","59310121",17077823
"2021A00055931814","Cayoosh Creek 1",17080454
"2021S051259310138","59310138",17083085
"2021A00055931815","Chilhil 6",17085716
"2021S051259310126","59310126",17088347
"2021A00055931816","Fountain 1",17090978
"2021S051259310132","59310132",17093609
"2021A00055931817","Fountain 3",17096240
"2021S051259310130","59310130",17098871
"2021A00055931818","Fountain 10",17101502
"2021S051259310128","59310128",17104133
"2021A00055931819","Fountain 11",17106764
"2021S051259310133","59310133",17109395
"2021A00055931820","Fountain 12",17112026
"2021S051259310125","59310125",17114657
"2021A00055931821","Lillooet 1",17117288
"2021S051259310139","59310139",17119919
"2021A00055931822","Fountain Creek 8",17122550
"2021S051259310123","59310123",17125181
"2021A00055931823","McCartney's Flat 4",17127812
"2021S051259310136","59310136",17130443
"2021A00055931824","Seton Lake 5",17133074
"2021S051259310137","59310137",17135705
"2021A00055931825","Fountain 1D",17138336
"2021S051259310248","59310248",17140967
"2021A00055931826","Necait 6",17143598
"2021S051259310122","59310122",17146229
"2021A00055931827","Nesikep 6",17148860
"2021S051259310127","59310127",17151491
"2021A00055931828","Pashilqua 2",17154122
"2021S051259310135","59310135",17156753
"2021A00055931829","Pavilion 1",17159384
"2021S051259310129","59310129",17162015
"2021A00055931831","Slosh 1",17164646
"2021S051259310146","59310146",17167277
"2021S051259310250","59310250",17169908
"2021A00055931832","Towinock 2",17172539
"2021S051259310124","59310124",17175170
"2021A00055931833","Mission 5",17177801
"2021S051259310147","59310147",17180432
"2021A00055931834","Fountain 3A",17183063
"2021S051259310242","59310242",17185694
"2021A00055931842","Fountain 1B",17188325
"2021S051259310247","59310247",17190956
"2021A00055931843","Mount Currie",17193587
"2021S051259310153","59310153",17196218
"2021S051259310158","59310158",17198849
"2021S051259310163","59310163",17201480
"2021S051259310218","59310218",17204111
"2021A00055931844","Nequatque",17206742
"2021S051259310150","59310150",17209373
"2021S051259310151","59310151",17212004
"2021S051259310152","59310152",17214635
"2021A00035933","Thompson-Nicola",17217266
"2021A00055933006","Merritt",17219897
"2021S051259331550","59331550",17222528
"2021S051259331555","59331555",17225159
"2021S051259331556","59331556",17227790
"2021S051259331557","59331557",17230421
"2021S051259331558","59331558",17233052
"2021S051259331559","59331559",17235683
"2021S051259331560","59331560",17238314
"2021S051259331562","59331562",17240945
"2021S051259331563","59331563",17243576
"2021S051259331564","59331564",17246207
"2021S051259331565","59331565",17248838
"2021S051259331566","59331566",17251469
"2021S051259331567","59331567",17254100
"2021S051259331664","59331664",17256731
"2021A00055933008","Thompson-Nicola M (Beautiful Nicola Valley - North)",17259362
"2021S051259331545","59331545",17261993
"2021S051259331547","59331547",17264624
"2021S051259331568","59331568",17267255
"2021S051259331569","59331569",17269886
"2021S051259331571","59331571",17272517
"2021A00055933012","Thompson-Nicola N (Beautiful Nicola Valley - South)",17275148
"2021S051259331654","59331654",17277779
"2021S051259331662","59331662",17280410
"2021A00055933015","Lytton",17283041
"2021S051259331592","59331592",17285672
"2021A00055933019","Ashcroft",17288303
"2021S051259331462","59331462",17290934
"2021S051259331463","59331463",17293565
"2021S051259331464","59331464",17296196
"2021S051259331468","59331468",17298827
"2021A00055933024","Cache Creek",17301458
"2021S051259331477","59331477",17304089
"2021S051259331478","59331478",17306720
"2021A00055933028","Clinton",17309351
"2021S051259331454","59331454",17311982
"2021S051259331458","59331458",17314613
"2021A00055933032","Thompson-Nicola E (Bonaparte Plateau)",17317244
"2021S051259331451","59331451",17319875
"2021S051259331453","59331453",17322506
"2021S051259331455","59331455",17325137
"2021S051259331457","59331457",17327768
"2021A00055933035","Logan Lake",17330399
"2021S051259331486","59331486",17333030
"2021S051259331487","59331487",17335661
"2021S051259331488","59331488",17338292
"2021S051259331489","59331489",17340923
"2021A00055933037","Thompson-Nicola I (Blue Sky Country)",17343554
"2021S051259331459","59331459",17346185
"2021S051259331467","59331467",17348816
"2021S051259331481","59331481",17351447
"2021S051259331484","59331484",17354078
"2021S051259331485","59331485",17356709
"2021S051259331681","59331681",17359340
"2021S051259331684","59331684",17361971
"2021S051259331737","59331737",17364602
"2021S051259331741","59331741",17367233
"2021A00055933039","Thompson-Nicola J (Copper Desert Country)",17369864
"2021S051259331490","59331490",17372495
"2021S051259331491","59331491",17375126
"2021S051259331492","59331492",17377757
"2021A00055933042","Kamloops",17380388
"2021S051259330042","59330042",17383019
"2021S051259330043","59330043",17385650
"2021S051259330045","59330045",17388281
"2021S051259330047","59330047",17390912
"2021S051259330048","59330048",17393543
"2021S051259330049","59330049",17396174
"2021S051259330050","59330050",17398805
"2021S051259330051","59330051",17401436
"2021S051259330054","59330054",17404067
"2021S051259330055","59330055",17406698
"2021S051259330056","59330056",17409329
"2021S051259330057","59330057",17411960
"2021S051259330058","59330058",17414591
"2021S051259330061","59330061",17417222
"2021S051259330062","59330062",17419853
"2021S051259330063","59330063",17422484
"2021S051259330064","59330064",17425115
"2021S051259330065","59330065",17427746
"2021S051259330066","59330066",17430377
"2021S051259330067","59330067",17433008
"2021S051259330068","59330068",17435639
"2021S051259330069","59330069",17438270
"2021S051259330070","59330070",17440901
"2021S051259330071","59330071",17443532
"2021S051259330072","59330072",17446163
"2021S051259330073","59330073",17448794
"2021S051259330074","59330074",17451425
"2021S051259330075","59330075",17454056
"2021S051259330076","59330076",17456687
"2021S051259330077","59330077",17459318
"2021S051259330078","59330078",17461949
"2021S051259330079","59330079",17464580
"2021S051259330080","59330080",17467211
"2021S051259330081","59330081",17469842
"2021S051259330082","59330082",17472473
"2021S051259330083","59330083",17475104
"2021S051259330084","59330084",17477735
"2021S051259330085","59330085",17480366
"2021S051259330086","59330086",17482997
"2021S051259330087","59330087",17485628
"2021S051259330088","59330088",17488259
"2021S051259330089","59330089",17490890
"2021S051259330090","59330090",17493521
"2021S051259330091","59330091",17496152
"2021S051259330092","59330092",17498783
"2021S051259330093","59330093",17501414
"2021S051259330094","59330094",17504045
"2021S051259330095","59330095",17506676
"2021S051259330096","59330096",17509307
"2021S051259330097","59330097",17511938
"2021S051259330098","59330098",17514569
"2021S051259330099","59330099",17517200
"2021S051259330100","59330100",17519831
"2021S051259330101","59330101",17522462
"2021S051259330102","59330102",17525093
"2021S051259330103","59330103",17527724
"2021S051259330104","59330104",17530355
"2021S051259330105","59330105",17532986
"2021S051259330106","59330106",17535617
"2021S051259330107","59330107",17538248
"2021S051259330108","59330108",17540879
"2021S051259330110","59330110",17543510
"2021S051259330114","59330114",17546141
"2021S051259330115","59330115",17548772
"2021S051259330116","59330116",17551403
"2021S051259330117","59330117",17554034
"2021S051259330118","59330118",17556665
"2021S051259330121","59330121",17559296
"2021S051259330122","59330122",17561927
"2021S051259330123","59330123",17564558
"2021S051259330124","59330124",17567189
"2021S051259330128","59330128",17569820
"2021S051259330129","59330129",17572451
"2021S051259330131","59330131",17575082
"2021S051259330133","59330133",17577713
"2021S051259330134","59330134",17580344
"2021S051259330135","59330135",17582975
"2021S051259330136","59330136",17585606
"2021S051259330137","59330137",17588237
"2021S051259330138","59330138",17590868
"2021S051259330140","59330140",17593499
"2021S051259330141","59330141",17596130
"2021S051259330142","59330142",17598761
"2021S051259330143","59330143",17601392
"2021S051259330144","59330144",17604023
"2021S051259330145","59330145",17606654
"2021S051259330147","59330147",17609285
"2021S051259330148","59330148",17611916
"2021S051259330151","59330151",17614547
"2021S051259330154","59330154",17617178
"2021S051259330155","59330155",17619809
"2021S051259330156","59330156",17622440
"2021S051259330157","59330157",17625071
"2021S051259330158","59330158",17627702
"2021S051259330159","59330159",17630333
"2021S051259330166","59330166",17632964
"2021S051259330167","59330167",17635595
"2021S051259330168","59330168",17638226
"2021S051259330170","59330170",17640857
"2021S051259330171","59330171",17643488
"2021S051259330172","59330172",17646119
"2021S051259330173","59330173",17648750
"2021S051259330174","59330174",17651381
"2021S051259330176","59330176",17654012
"2021S051259330313","59330313",17656643
"2021S051259330320","59330320",17659274
"2021S051259331496","59331496",17661905
"2021S051259331497","59331497",17664536
"2021S051259331498","59331498",17667167
"2021S051259331499","59331499",17669798
"2021S051259331500","59331500",17672429
"2021S051259331655","59331655",17675060
"2021S051259331656","59331656",17677691
"2021S051259331657","59331657",17680322
"2021S051259331692","59331692",17682953
"2021S051259331693","59331693",17685584
"2021S051259331694","59331694",17688215
"2021S051259331696","59331696",17690846
"2021S051259331697","59331697",17693477
"2021S051259331698","59331698",17696108
"2021S051259331699","59331699",17698739
"2021S051259331700","59331700",17701370
"2021S051259331702","59331702",17704001
"2021S051259331703","59331703",17706632
"2021S051259331705","59331705",17709263
"2021S051259331707","59331707",17711894
"2021S051259331709","59331709",17714525
"2021S051259331711","59331711",17717156
"2021S051259331712","59331712",17719787
"2021S051259331713","59331713",17722418
"2021S051259331714","59331714",17725049
"2021S051259331716","59331716",17727680
"2021S051259331717","59331717",17730311
"2021S051259331718","59331718",17732942
"2021S051259331719","59331719",17735573
"2021S051259331720","59331720",17738204
"2021S051259331721","59331721",17740835
"2021S051259331722","59331722",17743466
"2021S051259331724","59331724",17746097
"2021S051259331725","59331725",17748728
"2021A00055933044","Thompson-Nicola P (Rivers and the Peaks)",17751359
"2021S051259331494","59331494",17753990
"2021S051259331504","59331504",17756621
"2021S051259331506","59331506",17759252
"2021S051259331507","59331507",17761883
"2021S051259331517","59331517",17764514
"2021S051259331650","59331650",17767145
"2021S051259331652","59331652",17769776
"2021A00055933045","Sun Peaks Mountain",17772407
"2021S051259331651","59331651",17775038
"2021A00055933054","Chase",17777669
"2021S051259331512","59331512",17780300
"2021S051259331513","59331513",17782931
"2021S051259331514","59331514",17785562
"2021S051259331515","59331515",17788193
"2021S051259331516","59331516",17790824
"2021S051259331518","59331518",17793455
"2021A00055933060","Thompson-Nicola L (Grasslands)",17796086
"2021S051259331508","59331508",17798717
"2021S051259331509","59331509",17801348
"2021S051259331542","59331542",17803979
"2021S051259331543","59331543",17806610
"2021S051259331544","59331544",17809241
"2021S051259331746","59331746",17811872
"2021A00055933067","Clearwater",17814503
"2021S051259331535","59331535",17817134
"2021S051259331637","59331637",17819765
"2021S051259331638","59331638",17822396
"2021S051259331639","59331639",17825027
"2021S051259331641","59331641",17827658
"2021S051259331644","59331644",17830289
"2021A00055933068","Thompson-Nicola A (Wells Gray Country)",17832920
"2021S051259331636","59331636",17835551
"2021S051259331640","59331640",17838182
"2021S051259331642","59331642",17840813
"2021S051259331643","59331643",17843444
"2021A00055933070","Thompson-Nicola B (Thompson Headwaters)",17846075
"2021S051259331538","59331538",17848706
"2021A00055933072","Thompson-Nicola O (Lower North Thompson)",17851337
"2021S051259331687","59331687",17853968
"2021S051259331690","59331690",17856599
"2021S051259331728","59331728",17859230
"2021A00055933074","Barriere",17861861
"2021S051259331526","59331526",17864492
"2021S051259331632","59331632",17867123
"2021S051259331633","59331633",17869754
"2021A00055933801","Coldwater 1",17872385
"2021S051259331553","59331553",17875016
"2021A00055933802","Douglas Lake 3",17877647
"2021S051259331548","59331548",17880278
"2021A00055933803","Hamilton Creek 2",17882909
"2021S051259331590","59331590",17885540
"2021A00055933805","Joeyaska 2",17888171
"2021S051259331551","59331551",17890802
"2021A00055933806","Nicola Lake 1",17893433
"2021S051259331549","59331549",17896064
"2021A00055933807","Nicola Mameet 1",17898695
"2021S051259331570","59331570",17901326
"2021A00055933808","Nooaitch 10",17903957
"2021S051259331573","59331573",17906588
"2021A00055933809","Paul's Basin 2",17909219
"2021S051259331554","59331554",17911850
"2021A00055933810","Chuchhraischin",17914481
"2021S051259331471","59331471",17917112
"2021S051259331472","59331472",17919743
"2021A00055933811","Zoht 4",17922374
"2021S051259331546","59331546",17925005
"2021A00055933812","Bonaparte 3",17927636
"2021S051259331474","59331474",17930267
"2021A00055933813","Halhalaeden",17932898
"2021S051259331626","59331626",17935529
"2021A00055933814","Canoe Creek 1",17938160
"2021S051259331450","59331450",17940791
"2021A00055933817","Skeetchestn",17943422
"2021S051259331493","59331493",17946053
"2021A00055933819","High Bar 1",17948684
"2021S051259331452","59331452",17951315
"2021A00055933821","Canoe Creek 2",17953946
"2021S051259331456","59331456",17956577
"2021A00055933823","Kitzowit 20",17959208
"2021S051259331591","59331591",17961839
"2021A00055933824","Skuppah 2A",17964470
"2021S051259331597","59331597",17967101
"2021A00055933825","Inklyuhkinatko 2",17969732
"2021S051259331598","59331598",17972363
"2021A00055933828","Basque 18",17974994
"2021S051259331479","59331479",17977625
"2021A00055933829","Klahkamich 17",17980256
"2021S051259331594","59331594",17982887
"2021A00055933831","Kleetlekut 22",17985518
"2021S051259331599","59331599",17988149
"2021A00055933832","Klickkumcheen 18",17990780
"2021S051259331593","59331593",17993411
"2021A00055933833","Inkluckcheen",17996042
"2021S051259331589","59331589",17998673
"2021S051259331744","59331744",18001304
"2021A00055933834","Kumcheen 1",18003935
"2021S051259331579","59331579",18006566
"2021A00055933836","Lower Hat Creek 2",18009197
"2021S051259331476","59331476",18011828
"2021A00055933837","Peq-Paq 22",18014459
"2021S051259331483","59331483",18017090
"2021A00055933839","Lytton 4A",18019721
"2021S051259331624","59331624",18022352
"2021A00055933840","Lytton 4E",18024983
"2021S051259331576","59331576",18027614
"2021A00055933841","Lytton 9A",18030245
"2021S051259331603","59331603",18032876
"2021A00055933842","Lytton 9B",18035507
"2021S051259331601","59331601",18038138
"2021A00055933844","Ashcroft 4",18040769
"2021S051259331466","59331466",18043400
"2021A00055933845","105 Mile Post 2",18046031
"2021S051259331465","59331465",18048662
"2021A00055933846","Oregon Jack Creek 5",18051293
"2021S051259331482","59331482",18053924
"2021A00055933848","Nickel Palm 4",18056555
"2021S051259331625","59331625",18059186
"2021A00055933849","Siska Flat",18061817
"2021S051259331628","59331628",18064448
"2021A00055933850","Nickeyeah 25",18067079
"2021S051259331595","59331595",18069710
"2021A00055933851","Nicomen 1",18072341
"2021S051259331582","59331582",18074972
"2021A00055933852","Nohomeen 23",18077603
"2021S051259331574","59331574",18080234
"2021A00055933853","Nuuautin 2",18082865
"2021S051259331745","59331745",18085496
"2021A00055933854","Paska Island 3",18088127
"2021S051259331460","59331460",18090758
"2021S051259331480","59331480",18093389
"2021A00055933855","Papyum 27",18096020
"2021S051259331610","59331610",18098651
"2021A00055933857","Pemynoos 9",18101282
"2021S051259331585","59331585",18103913
"2021A00055933858","Seah 5",18106544
"2021S051259331575","59331575",18109175
"2021A00055933859","Shackan 11",18111806
"2021S051259331588","59331588",18114437
"2021A00055933861","Kloklowuck 7",18117068
"2021S051259331581","59331581",18119699
"2021A00055933865","Skuppah 4",18122330
"2021S051259331577","59331577",18124961
"2021A00055933866","Skwayaynope 26",18127592
"2021S051259331596","59331596",18130223
"2021A00055933868","Spintlum Flat 3",18132854
"2021S051259331584","59331584",18135485
"2021A00055933870","Nkaih 10",18138116
"2021S051259331604","59331604",18140747
"2021A00055933872","Marble Canyon 3",18143378
"2021S051259331475","59331475",18146009
"2021A00055933873","Stryen 9",18148640
"2021S051259331602","59331602",18151271
"2021A00055933874","Tsaukan 12",18153902
"2021S051259331578","59331578",18156533
"2021A00055933875","Upper Hat Creek 1",18159164
"2021S051259331473","59331473",18161795
"2021A00055933876","Upper Nepa 6",18164426
"2021S051259331461","59331461",18167057
"2021A00055933877","Whispering Pines 4",18169688
"2021S051259331495","59331495",18172319
"2021A00055933878","Yawaucht 11",18174950
"2021S051259331605","59331605",18177581
"2021A00055933879","Zacht 5",18180212
"2021S051259331613","59331613",18182843
"2021A00055933880","Kamloops 1",18185474
"2021S051259331501","59331501",18188105
"2021S051259331659","59331659",18190736
"2021S051259331660","59331660",18193367
"2021S051259331661","59331661",18195998
"2021S051259331668","59331668",18198629
"2021S051259331669","59331669",18201260
"2021S051259331670","59331670",18203891
"2021S051259331671","59331671",18206522
"2021A00055933881","Spences Bridge",18209153
"2021S051259331608","59331608",18211784
"2021S051259331738","59331738",18214415
"2021A00055933882","Kanaka Bar",18217046
"2021S051259331682","59331682",18219677
"2021A00055933884","Sahhaltkum 4",18222308
"2021S051259331519","59331519",18224939
"2021A00055933886","Nekalliston 2",18227570
"2021S051259331689","59331689",18230201
"2021A00055933887","North Thompson 1",18232832
"2021S051259331529","59331529",18235463
"2021A00055933888","Louis Creek 4",18238094
"2021S051259331686","59331686",18240725
"2021A00055933889","Squaam 2",18243356
"2021S051259331727","59331727",18245987
"2021A00055933892","Stequmwhulpa 5",18248618
"2021S051259331747","59331747",18251249
"2021A00055933893","Twoyqhalsht 16",18253880
"2021S051259331733","59331733",18256511
"2021A00055933895","Shawniken 4B",18259142
"2021S051259331609","59331609",18261773
"2021A00055933896","Nekliptum 1",18264404
"2021S051259331683","59331683",18267035
"2021A00055933897","Boothroyd 8A",18269666
"2021S051259331587","59331587",18272297
"2021S051259331622","59331622",18274928
"2021S051259331623","59331623",18277559
"2021A00055933898","Neskonlith",18280190
"2021S051259331666","59331666",18282821
"2021S051259331667","59331667",18285452
"2021A00055933899","Entlqwekkinh 19",18288083
"2021S051259331731","59331731",18290714
"2021S051259331732","59331732",18293345
"2021S051259331734","59331734",18295976
"2021A00035935","Central Okanagan",18298607
"2021A00055935010","Kelowna",18301238
"2021S051259350022","59350022",18303869
"2021S051259350023","59350023",18306500
"2021S051259350024","59350024",18309131
"2021S051259350025","59350025",18311762
"2021S051259350026","59350026",18314393
"2021S051259350027","59350027",18317024
"2021S051259350028","59350028",18319655
"2021S051259350029","59350029",18322286
"2021S051259350030","59350030",18324917
"2021S051259350031","59350031",18327548
"2021S051259350032","59350032",18330179
"2021S051259350034","59350034",18332810
"2021S051259350035","59350035",18335441
"2021S051259350037","59350037",18338072
"2021S051259350038","59350038",18340703
"2021S051259350039","59350039",18343334
"2021S051259350040","59350040",18345965
"2021S051259350041","59350041",18348596
"2021S051259350042","59350042",18351227
"2021S051259350043","59350043",18353858
"2021S051259350044","59350044",18356489
"2021S051259350045","59350045",18359120
"2021S051259350046","59350046",18361751
"2021S051259350047","59350047",18364382
"2021S051259350048","59350048",18367013
"2021S051259350049","59350049",18369644
"2021S051259350050","59350050",18372275
"2021S051259350051","59350051",18374906
"2021S051259350052","59350052",18377537
"2021S051259350053","59350053",18380168
"2021S051259350054","59350054",18382799
"2021S051259350055","59350055",18385430
"2021S051259350056","59350056",18388061
"2021S051259350057","59350057",18390692
"2021S051259350058","59350058",18393323
"2021S051259350059","59350059",18395954
"2021S051259350060","59350060",18398585
"2021S051259350061","59350061",18401216
"2021S051259350062","59350062",18403847
"2021S051259350066","59350066",18406478
"2021S051259350067","59350067",18409109
"2021S051259350068","59350068",18411740
"2021S051259350069","59350069",18414371
"2021S051259350070","59350070",18417002
"2021S051259350071","59350071",18419633
"2021S051259350072","59350072",18422264
"2021S051259350073","59350073",18424895
"2021S051259350074","59350074",18427526
"2021S051259350075","59350075",18430157
"2021S051259350076","59350076",18432788
"2021S051259350077","59350077",18435419
"2021S051259350078","59350078",18438050
"2021S051259350079","59350079",18440681
"2021S051259350080","59350080",18443312
"2021S051259350081","59350081",18445943
"2021S051259350082","59350082",18448574
"2021S051259350083","59350083",18451205
"2021S051259350086","59350086",18453836
"2021S051259350087","59350087",18456467
"2021S051259350088","59350088",18459098
"2021S051259350089","59350089",18461729
"2021S051259350090","59350090",18464360
"2021S051259350091","59350091",18466991
"2021S051259350092","59350092",18469622
"2021S051259350093","59350093",18472253
"2021S051259350094","59350094",18474884
"2021S051259350095","59350095",18477515
"2021S051259350096","59350096",18480146
"2021S051259350097","59350097",18482777
"2021S051259350098","59350098",18485408
"2021S051259350099","59350099",18488039
"2021S051259350100","59350100",18490670
"2021S051259350101","59350101",18493301
"2021S051259350102","59350102",18495932
"2021S051259350103","59350103",18498563
"2021S051259350104","59350104",18501194
"2021S051259350105","59350105",18503825
"2021S051259350106","59350106",18506456
"2021S051259350107","59350107",18509087
"2021S051259350109","59350109",18511718
"2021S051259350110","59350110",18514349
"2021S051259350111","59350111",18516980
"2021S051259350112","59350112",18519611
"2021S051259350113","59350113",18522242
"2021S051259350114","59350114",18524873
"2021S051259350115","59350115",18527504
"2021S051259350116","59350116",18530135
"2021S051259350117","59350117",18532766
"2021S051259350119","59350119",18535397
"2021S051259350120","59350120",18538028
"2021S051259350121","59350121",18540659
"2021S051259350124","59350124",18543290
"2021S051259350125","59350125",18545921
"2021S051259350126","59350126",18548552
"2021S051259350127","59350127",18551183
"2021S051259350128","59350128",18553814
"2021S051259350129","59350129",18556445
"2021S051259350130","59350130",18559076
"2021S051259350131","59350131",18561707
"2021S051259350132","59350132",18564338
"2021S051259350189","59350189",18566969
"2021S051259350190","59350190",18569600
"2021S051259350191","59350191",18572231
"2021S051259350192","59350192",18574862
"2021S051259350193","59350193",18577493
"2021S051259350194","59350194",18580124
"2021S051259350195","59350195",18582755
"2021S051259350196","59350196",18585386
"2021S051259350197","59350197",18588017
"2021S051259350198","59350198",18590648
"2021S051259350199","59350199",18593279
"2021S051259350200","59350200",18595910
"2021S051259350201","59350201",18598541
"2021S051259350202","59350202",18601172
"2021S051259350203","59350203",18603803
"2021S051259350204","59350204",18606434
"2021S051259350205","59350205",18609065
"2021S051259350206","59350206",18611696
"2021S051259350207","59350207",18614327
"2021S051259350208","59350208",18616958
"2021S051259350209","59350209",18619589
"2021S051259350210","59350210",18622220
"2021S051259350213","59350213",18624851
"2021S051259350214","59350214",18627482
"2021S051259350215","59350215",18630113
"2021S051259350216","59350216",18632744
"2021S051259350217","59350217",18635375
"2021S051259350218","59350218",18638006
"2021S051259350220","59350220",18640637
"2021S051259350221","59350221",18643268
"2021S051259350223","59350223",18645899
"2021S051259350224","59350224",18648530
"2021S051259350225","59350225",18651161
"2021S051259350226","59350226",18653792
"2021S051259350227","59350227",18656423
"2021S051259350228","59350228",18659054
"2021S051259350229","59350229",18661685
"2021S051259350230","59350230",18664316
"2021S051259350231","59350231",18666947
"2021S051259350233","59350233",18669578
"2021S051259350241","59350241",18672209
"2021S051259350242","59350242",18674840
"2021S051259350247","59350247",18677471
"2021S051259350248","59350248",18680102
"2021S051259350249","59350249",18682733
"2021S051259350250","59350250",18685364
"2021S051259350253","59350253",18687995
"2021S051259350254","59350254",18690626
"2021S051259350276","59350276",18693257
"2021S051259350277","59350277",18695888
"2021S051259350281","59350281",18698519
"2021S051259350282","59350282",18701150
"2021S051259350283","59350283",18703781
"2021S051259350284","59350284",18706412
"2021S051259350285","59350285",18709043
"2021S051259350286","59350286",18711674
"2021S051259350287","59350287",18714305
"2021S051259350288","59350288",18716936
"2021S051259350344","59350344",18719567
"2021S051259350345","59350345",18722198
"2021S051259350346","59350346",18724829
"2021S051259350348","59350348",18727460
"2021S051259350349","59350349",18730091
"2021S051259350350","59350350",18732722
"2021S051259350351","59350351",18735353
"2021S051259350352","59350352",18737984
"2021S051259350382","59350382",18740615
"2021A00055935012","Central Okanagan",18743246
"2021S051259350274","59350274",18745877
"2021S051259350275","59350275",18748508
"2021S051259350278","59350278",18751139
"2021S051259350280","59350280",18753770
"2021S051259350343","59350343",18756401
"2021S051259350381","59350381",18759032
"2021A00055935016","Lake Country",18761663
"2021S051259350259","59350259",18764294
"2021S051259350262","59350262",18766925
"2021S051259350263","59350263",18769556
"2021S051259350264","59350264",18772187
"2021S051259350387","59350387",18774818
"2021S051259350388","59350388",18777449
"2021S051259350389","59350389",18780080
"2021S051259350390","59350390",18782711
"2021S051259350391","59350391",18785342
"2021S051259350392","59350392",18787973
"2021S051259350394","59350394",18790604
"2021S051259350395","59350395",18793235
"2021S051259350396","59350396",18795866
"2021S051259350397","59350397",18798497
"2021S051259350398","59350398",18801128
"2021S051259350400","59350400",18803759
"2021S051259350402","59350402",18806390
"2021A00055935018","Peachland",18809021
"2021S051259350323","59350323",18811652
"2021S051259350324","59350324",18814283
"2021S051259350325","59350325",18816914
"2021S051259350326","59350326",18819545
"2021S051259350327","59350327",18822176
"2021S051259350328","59350328",18824807
"2021S051259350329","59350329",18827438
"2021S051259350330","59350330",18830069
"2021S051259350332","59350332",18832700
"2021A00055935020","Central Okanagan West",18835331
"2021S051259350255","59350255",18837962
"2021S051259350337","59350337",18840593
"2021S051259350355","59350355",18843224
"2021S051259350471","59350471",18845855
"2021A00055935029","West Kelowna",18848486
"2021S051259350289","59350289",18851117
"2021S051259350318","59350318",18853748
"2021S051259350416","59350416",18856379
"2021S051259350417","59350417",18859010
"2021S051259350418","59350418",18861641
"2021S051259350419","59350419",18864272
"2021S051259350420","59350420",18866903
"2021S051259350421","59350421",18869534
"2021S051259350422","59350422",18872165
"2021S051259350423","59350423",18874796
"2021S051259350424","59350424",18877427
"2021S051259350425","59350425",18880058
"2021S051259350426","59350426",18882689
"2021S051259350427","59350427",18885320
"2021S051259350428","59350428",18887951
"2021S051259350429","59350429",18890582
"2021S051259350430","59350430",18893213
"2021S051259350431","59350431",18895844
"2021S051259350432","59350432",18898475
"2021S051259350433","59350433",18901106
"2021S051259350434","59350434",18903737
"2021S051259350435","59350435",18906368
"2021S051259350436","59350436",18908999
"2021S051259350437","59350437",18911630
"2021S051259350438","59350438",18914261
"2021S051259350439","59350439",18916892
"2021S051259350440","59350440",18919523
"2021S051259350441","59350441",18922154
"2021S051259350442","59350442",18924785
"2021S051259350443","59350443",18927416
"2021S051259350444","59350444",18930047
"2021S051259350445","59350445",18932678
"2021S051259350446","59350446",18935309
"2021S051259350447","59350447",18937940
"2021S051259350448","59350448",18940571
"2021S051259350449","59350449",18943202
"2021S051259350450","59350450",18945833
"2021S051259350451","59350451",18948464
"2021S051259350452","59350452",18951095
"2021S051259350453","59350453",18953726
"2021S051259350454","59350454",18956357
"2021S051259350455","59350455",18958988
"2021S051259350456","59350456",18961619
"2021S051259350457","59350457",18964250
"2021S051259350458","59350458",18966881
"2021S051259350459","59350459",18969512
"2021S051259350460","59350460",18972143
"2021S051259350461","59350461",18974774
"2021S051259350462","59350462",18977405
"2021S051259350463","59350463",18980036
"2021S051259350464","59350464",18982667
"2021S051259350465","59350465",18985298
"2021S051259350466","59350466",18987929
"2021S051259350467","59350467",18990560
"2021S051259350468","59350468",18993191
"2021S051259350469","59350469",18995822
"2021S051259350470","59350470",18998453
"2021A00055935801","Duck Lake 7",19001084
"2021S051259350270","59350270",19003715
"2021S051259350271","59350271",19006346
"2021A00055935802","Tsinstikeptum 9",19008977
"2021S051259350317","59350317",19011608
"2021S051259350321","59350321",19014239
"2021S051259350358","59350358",19016870
"2021S051259350363","59350363",19019501
"2021S051259350366","59350366",19022132
"2021S051259350368","59350368",19024763
"2021S051259350371","59350371",19027394
"2021S051259350374","59350374",19030025
"2021S051259350375","59350375",19032656
"2021S051259350376","59350376",19035287
"2021S051259350377","59350377",19037918
"2021A00055935803","Tsinstikeptum 10",19040549
"2021S051259350336","59350336",19043180
"2021S051259350378","59350378",19045811
"2021S051259350403","59350403",19048442
"2021A00035937","North Okanagan",19051073
"2021A00055937005","Lumby",19053704
"2021S051259370241","59370241",19056335
"2021S051259370242","59370242",19058966
"2021S051259370243","59370243",19061597
"2021A00055937010","Coldstream",19064228
"2021S051259370219","59370219",19066859
"2021S051259370220","59370220",19069490
"2021S051259370221","59370221",19072121
"2021S051259370222","59370222",19074752
"2021S051259370223","59370223",19077383
"2021S051259370224","59370224",19080014
"2021S051259370225","59370225",19082645
"2021S051259370226","59370226",19085276
"2021S051259370227","59370227",19087907
"2021S051259370228","59370228",19090538
"2021S051259370229","59370229",19093169
"2021S051259370230","59370230",19095800
"2021S051259370231","59370231",19098431
"2021S051259370232","59370232",19101062
"2021S051259370233","59370233",19103693
"2021S051259370234","59370234",19106324
"2021S051259370235","59370235",19108955
"2021S051259370254","59370254",19111586
"2021S051259370255","59370255",19114217
"2021A00055937014","Vernon",19116848
"2021S051259370164","59370164",19119479
"2021S051259370167","59370167",19122110
"2021S051259370168","59370168",19124741
"2021S051259370169","59370169",19127372
"2021S051259370170","59370170",19130003
"2021S051259370171","59370171",19132634
"2021S051259370172","59370172",19135265
"2021S051259370173","59370173",19137896
"2021S051259370179","59370179",19140527
"2021S051259370181","59370181",19143158
"2021S051259370182","59370182",19145789
"2021S051259370183","59370183",19148420
"2021S051259370184","59370184",19151051
"2021S051259370185","59370185",19153682
"2021S051259370193","59370193",19156313
"2021S051259370196","59370196",19158944
"2021S051259370197","59370197",19161575
"2021S051259370198","59370198",19164206
"2021S051259370199","59370199",19166837
"2021S051259370200","59370200",19169468
"2021S051259370201","59370201",19172099
"2021S051259370202","59370202",19174730
"2021S051259370203","59370203",19177361
"2021S051259370205","59370205",19179992
"2021S051259370206","59370206",19182623
"2021S051259370207","59370207",19185254
"2021S051259370208","59370208",19187885
"2021S051259370209","59370209",19190516
"2021S051259370210","59370210",19193147
"2021S051259370211","59370211",19195778
"2021S051259370212","59370212",19198409
"2021S051259370213","59370213",19201040
"2021S051259370214","59370214",19203671
"2021S051259370216","59370216",19206302
"2021S051259370217","59370217",19208933
"2021S051259370218","59370218",19211564
"2021S051259370256","59370256",19214195
"2021S051259370257","59370257",19216826
"2021S051259370258","59370258",19219457
"2021S051259370259","59370259",19222088
"2021S051259370261","59370261",19224719
"2021S051259370262","59370262",19227350
"2021S051259370263","59370263",19229981
"2021S051259370272","59370272",19232612
"2021S051259370273","59370273",19235243
"2021S051259370276","59370276",19237874
"2021S051259370277","59370277",19240505
"2021S051259370279","59370279",19243136
"2021S051259370280","59370280",19245767
"2021S051259370282","59370282",19248398
"2021S051259370283","59370283",19251029
"2021S051259370286","59370286",19253660
"2021S051259370287","59370287",19256291
"2021S051259370289","59370289",19258922
"2021S051259370290","59370290",19261553
"2021S051259370291","59370291",19264184
"2021S051259370292","59370292",19266815
"2021S051259370293","59370293",19269446
"2021S051259370304","59370304",19272077
"2021S051259370308","59370308",19274708
"2021S051259370316","59370316",19277339
"2021S051259370318","59370318",19279970
"2021S051259370321","59370321",19282601
"2021S051259370325","59370325",19285232
"2021S051259370333","59370333",19287863
"2021A00055937017","North Okanagan B",19290494
"2021S051259370159","59370159",19293125
"2021S051259370160","59370160",19295756
"2021S051259370162","59370162",19298387
"2021S051259370253","59370253",19301018
"2021S051259370264","59370264",19303649
"2021S051259370266","59370266",19306280
"2021S051259370322","59370322",19308911
"2021S051259370326","59370326",19311542
"2021A00055937021","North Okanagan C",19314173
"2021S051259370270","59370270",19316804
"2021S051259370295","59370295",19319435
"2021S051259370305","59370305",19322066
"2021S051259370314","59370314",19324697
"2021S051259370317","59370317",19327328
"2021S051259370319","59370319",19329959
"2021S051259370332","59370332",19332590
"2021A00055937022","North Okanagan D",19335221
"2021S051259370240","59370240",19337852
"2021S051259370244","59370244",19340483
"2021S051259370245","59370245",19343114
"2021S051259370246","59370246",19345745
"2021S051259370247","59370247",19348376
"2021S051259370248","59370248",19351007
"2021A00055937023","North Okanagan E",19353638
"2021S051259370249","59370249",19356269
"2021S051259370250","59370250",19358900
"2021A00055937024","Spallumcheen",19361531
"2021S051259370138","59370138",19364162
"2021S051259370139","59370139",19366793
"2021S051259370140","59370140",19369424
"2021S051259370149","59370149",19372055
"2021S051259370150","59370150",19374686
"2021S051259370151","59370151",19377317
"2021S051259370152","59370152",19379948
"2021S051259370154","59370154",19382579
"2021S051259370156","59370156",19385210
"2021S051259370309","59370309",19387841
"2021A00055937028","Armstrong",19390472
"2021S051259370141","59370141",19393103
"2021S051259370142","59370142",19395734
"2021S051259370143","59370143",19398365
"2021S051259370146","59370146",19400996
"2021S051259370147","59370147",19403627
"2021S051259370148","59370148",19406258
"2021S051259370312","59370312",19408889
"2021S051259370313","59370313",19411520
"2021A00055937033","Enderby",19414151
"2021S051259370132","59370132",19416782
"2021S051259370133","59370133",19419413
"2021S051259370134","59370134",19422044
"2021S051259370135","59370135",19424675
"2021S051259370136","59370136",19427306
"2021A00055937041","North Okanagan F",19429937
"2021S051259370126","59370126",19432568
"2021S051259370127","59370127",19435199
"2021S051259370128","59370128",19437830
"2021S051259370129","59370129",19440461
"2021S051259370130","59370130",19443092
"2021S051259370131","59370131",19445723
"2021S051259370251","59370251",19448354
"2021S051259370252","59370252",19450985
"2021A00055937801","Okanagan (Part) 1",19453616
"2021S051259370298","59370298",19456247
"2021S051259370328","59370328",19458878
"2021S051259370329","59370329",19461509
"2021S051259370331","59370331",19464140
"2021S051259370335","59370335",19466771
"2021A00055937802","Enderby 2",19469402
"2021S051259370137","59370137",19472033
"2021A00055937803","Priest's Valley 6",19474664
"2021S051259370260","59370260",19477295
"2021A00055937805","Harris 3",19479926
"2021S051259370155","59370155",19482557
"2021A00035939","Columbia-Shuswap",19485188
"2021A00055939007","Golden",19487819
"2021S051259390218","59390218",19490450
"2021S051259390219","59390219",19493081
"2021S051259390220","59390220",19495712
"2021S051259390221","59390221",19498343
"2021S051259390222","59390222",19500974
"2021S051259390223","59390223",19503605
"2021S051259390224","59390224",19506236
"2021S051259390225","59390225",19508867
"2021A00055939011","Columbia-Shuswap A",19511498
"2021S051259390216","59390216",19514129
"2021S051259390217","59390217",19516760
"2021S051259390226","59390226",19519391
"2021S051259390227","59390227",19522022
"2021S051259390228","59390228",19524653
"2021S051259390229","59390229",19527284
"2021A00055939019","Revelstoke",19529915
"2021S051259390201","59390201",19532546
"2021S051259390202","59390202",19535177
"2021S051259390203","59390203",19537808
"2021S051259390204","59390204",19540439
"2021S051259390205","59390205",19543070
"2021S051259390206","59390206",19545701
"2021S051259390207","59390207",19548332
"2021S051259390208","59390208",19550963
"2021S051259390209","59390209",19553594
"2021S051259390210","59390210",19556225
"2021S051259390211","59390211",19558856
"2021S051259390212","59390212",19561487
"2021S051259390213","59390213",19564118
"2021S051259390214","59390214",19566749
"2021S051259390232","59390232",19569380
"2021A00055939023","Columbia-Shuswap B",19572011
"2021S051259390230","59390230",19574642
"2021A00055939032","Salmon Arm",19577273
"2021S051259390146","59390146",19579904
"2021S051259390147","59390147",19582535
"2021S051259390148","59390148",19585166
"2021S051259390149","59390149",19587797
"2021S051259390150","59390150",19590428
"2021S051259390151","59390151",19593059
"2021S051259390152","59390152",19595690
"2021S051259390153","59390153",19598321
"2021S051259390154","59390154",19600952
"2021S051259390155","59390155",19603583
"2021S051259390156","59390156",19606214
"2021S051259390157","59390157",19608845
"2021S051259390158","59390158",19611476
"2021S051259390159","59390159",19614107
"2021S051259390160","59390160",19616738
"2021S051259390161","59390161",19619369
"2021S051259390162","59390162",19622000
"2021S051259390163","59390163",19624631
"2021S051259390164","59390164",19627262
"2021S051259390165","59390165",19629893
"2021S051259390166","59390166",19632524
"2021S051259390167","59390167",19635155
"2021S051259390169","59390169",19637786
"2021S051259390170","59390170",19640417
"2021S051259390173","59390173",19643048
"2021S051259390174","59390174",19645679
"2021S051259390175","59390175",19648310
"2021S051259390187","59390187",19650941
"2021S051259390188","59390188",19653572
"2021S051259390189","59390189",19656203
"2021A00055939037","Columbia-Shuswap C",19658834
"2021S051259390131","59390131",19661465
"2021S051259390132","59390132",19664096
"2021S051259390133","59390133",19666727
"2021S051259390136","59390136",19669358
"2021S051259390137","59390137",19671989
"2021S051259390138","59390138",19674620
"2021S051259390139","59390139",19677251
"2021S051259390140","59390140",19679882
"2021S051259390141","59390141",19682513
"2021S051259390142","59390142",19685144
"2021S051259390143","59390143",19687775
"2021S051259390145","59390145",19690406
"2021S051259390176","59390176",19693037
"2021A00055939039","Columbia-Shuswap D",19695668
"2021S051259390177","59390177",19698299
"2021S051259390178","59390178",19700930
"2021S051259390179","59390179",19703561
"2021S051259390182","59390182",19706192
"2021S051259390183","59390183",19708823
"2021S051259390184","59390184",19711454
"2021S051259390185","59390185",19714085
"2021S051259390186","59390186",19716716
"2021A00055939043","Columbia-Shuswap E",19719347
"2021S051259390190","59390190",19721978
"2021S051259390196","59390196",19724609
"2021S051259390197","59390197",19727240
"2021A00055939044","Columbia-Shuswap F",19729871
"2021S051259390127","59390127",19732502
"2021S051259390130","59390130",19735133
"2021S051259390198","59390198",19737764
"2021S051259390199","59390199",19740395
"2021A00055939045","Sicamous",19743026
"2021S051259390191","59390191",19745657
"2021S051259390192","59390192",19748288
"2021S051259390193","59390193",19750919
"2021S051259390194","59390194",19753550
"2021S051259390195","59390195",19756181
"2021A00055939801","Chum Creek 2",19758812
"2021S051259390134","59390134",19761443
"2021A00055939802","Hustalen 1",19764074
"2021S051259390128","59390128",19766705
"2021A00055939803","North Bay 5",19769336
"2021S051259390144","59390144",19771967
"2021A00055939804","Okanagan (Part) 1",19774598
"2021S051259390181","59390181",19777229
"2021A00055939805","Quaaout 1",19779860
"2021S051259390135","59390135",19782491
"2021A00055939806","Salmon River 1",19785122
"2021S051259390180","59390180",19787753
"2021A00055939807","Scotch Creek 4",19790384
"2021S051259390129","59390129",19793015
"2021A00055939808","Switsemalph 3",19795646
"2021S051259390171","59390171",19798277
"2021A00055939811","Switsemalph",19800908
"2021S051259390168","59390168",19803539
"2021S051259390172","59390172",19806170
"2021A00035941","Cariboo",19808801
"2021A00055941005","One Hundred Mile House",19811432
"2021S051259410392","59410392",19814063
"2021S051259410393","59410393",19816694
"2021S051259410394","59410394",19819325
"2021A00055941009","Williams Lake",19821956
"2021S051259410320","59410320",19824587
"2021S051259410321","59410321",19827218
"2021S051259410322","59410322",19829849
"2021S051259410323","59410323",19832480
"2021S051259410324","59410324",19835111
"2021S051259410325","59410325",19837742
"2021S051259410326","59410326",19840373
"2021S051259410327","59410327",19843004
"2021S051259410328","59410328",19845635
"2021S051259410329","59410329",19848266
"2021S051259410330","59410330",19850897
"2021S051259410331","59410331",19853528
"2021S051259410332","59410332",19856159
"2021S051259410333","59410333",19858790
"2021S051259410334","59410334",19861421
"2021S051259410335","59410335",19864052
"2021S051259410336","59410336",19866683
"2021S051259410337","59410337",19869314
"2021S051259410338","59410338",19871945
"2021S051259410339","59410339",19874576
"2021S051259410340","59410340",19877207
"2021S051259410345","59410345",19879838
"2021S051259410368","59410368",19882469
"2021S051259410369","59410369",19885100
"2021A00055941010","Cariboo D",19887731
"2021S051259410341","59410341",19890362
"2021S051259410342","59410342",19892993
"2021S051259410343","59410343",19895624
"2021S051259410344","59410344",19898255
"2021S051259410348","59410348",19900886
"2021S051259410350","59410350",19903517
"2021A00055941012","Cariboo E",19906148
"2021S051259410316","59410316",19908779
"2021S051259410317","59410317",19911410
"2021S051259410318","59410318",19914041
"2021S051259410319","59410319",19916672
"2021S051259410364","59410364",19919303
"2021S051259410365","59410365",19921934
"2021S051259410366","59410366",19924565
"2021S051259410367","59410367",19927196
"2021S051259410370","59410370",19929827
"2021A00055941013","Quesnel",19932458
"2021S051259410268","59410268",19935089
"2021S051259410269","59410269",19937720
"2021S051259410270","59410270",19940351
"2021S051259410271","59410271",19942982
"2021S051259410272","59410272",19945613
"2021S051259410273","59410273",19948244
"2021S051259410274","59410274",19950875
"2021S051259410275","59410275",19953506
"2021S051259410276","59410276",19956137
"2021S051259410277","59410277",19958768
"2021S051259410278","59410278",19961399
"2021S051259410279","59410279",19964030
"2021S051259410288","59410288",19966661
"2021S051259410292","59410292",19969292
"2021S051259410293","59410293",19971923
"2021S051259410295","59410295",19974554
"2021S051259410296","59410296",19977185
"2021S051259410297","59410297",19979816
"2021S051259410299","59410299",19982447
"2021A00055941014","Cariboo F",19985078
"2021S051259410307","59410307",19987709
"2021S051259410308","59410308",19990340
"2021S051259410309","59410309",19992971
"2021S051259410310","59410310",19995602
"2021S051259410311","59410311",19998233
"2021S051259410312","59410312",20000864
"2021S051259410313","59410313",20003495
"2021S051259410314","59410314",20006126
"2021S051259410346","59410346",20008757
"2021S051259410410","59410410",20011388
"2021A00055941015","Cariboo G",20014019
"2021S051259410385","59410385",20016650
"2021S051259410386","59410386",20019281
"2021S051259410387","59410387",20021912
"2021S051259410388","59410388",20024543
"2021S051259410389","59410389",20027174
"2021S051259410390","59410390",20029805
"2021S051259410391","59410391",20032436
"2021S051259410400","59410400",20035067
"2021S051259410486","59410486",20037698
"2021S051259410488","59410488",20040329
"2021A00055941016","Cariboo H",20042960
"2021S051259410404","59410404",20045591
"2021S051259410405","59410405",20048222
"2021S051259410408","59410408",20050853
"2021S051259410409","59410409",20053484
"2021A00055941017","Cariboo L",20056115
"2021S051259410395","59410395",20058746
"2021S051259410396","59410396",20061377
"2021S051259410397","59410397",20064008
"2021S051259410398","59410398",20066639
"2021S051259410399","59410399",20069270
"2021S051259410401","59410401",20071901
"2021S051259410402","59410402",20074532
"2021S051259410403","59410403",20077163
"2021A00055941019","Cariboo A",20079794
"2021S051259410280","59410280",20082425
"2021S051259410281","59410281",20085056
"2021S051259410282","59410282",20087687
"2021S051259410284","59410284",20090318
"2021S051259410285","59410285",20092949
"2021S051259410287","59410287",20095580
"2021S051259410289","59410289",20098211
"2021S051259410290","59410290",20100842
"2021S051259410291","59410291",20103473
"2021S051259410351","59410351",20106104
"2021S051259410358","59410358",20108735
"2021S051259410490","59410490",20111366
"2021A00055941021","Cariboo B",20113997
"2021S051259410263","59410263",20116628
"2021S051259410264","59410264",20119259
"2021S051259410265","59410265",20121890
"2021S051259410266","59410266",20124521
"2021S051259410267","59410267",20127152
"2021S051259410298","59410298",20129783
"2021S051259410300","59410300",20132414
"2021S051259410303","59410303",20135045
"2021S051259410304","59410304",20137676
"2021A00055941025","Wells",20140307
"2021S051259410306","59410306",20142938
"2021A00055941026","Cariboo C",20145569
"2021S051259410301","59410301",20148200
"2021S051259410302","59410302",20150831
"2021S051259410305","59410305",20153462
"2021A00055941027","Cariboo I",20156093
"2021S051259410257","59410257",20158724
"2021S051259410260","59410260",20161355
"2021S051259410262","59410262",20163986
"2021S051259410357","59410357",20166617
"2021S051259410459","59410459",20169248
"2021S051259410461","59410461",20171879
"2021A00055941039","Cariboo J",20174510
"2021S051259410414","59410414",20177141
"2021S051259410435","59410435",20179772
"2021S051259410438","59410438",20182403
"2021S051259410443","59410443",20185034
"2021S051259410479","59410479",20187665
"2021S051259410480","59410480",20190296
"2021A00055941041","Cariboo K",20192927
"2021S051259410359","59410359",20195558
"2021A00055941801","Alkali Lake 1",20198189
"2021S051259410374","59410374",20200820
"2021A00055941802","Canim Lake 1",20203451
"2021S051259410407","59410407",20206082
"2021A00055941803","Canim Lake 4",20208713
"2021S051259410384","59410384",20211344
"2021A00055941804","Canoe Creek 3",20213975
"2021S051259410371","59410371",20216606
"2021A00055941805","Deep Creek 2",20219237
"2021S051259410347","59410347",20221868
"2021A00055941806","Dog Creek 1",20224499
"2021S051259410373","59410373",20227130
"2021A00055941807","Dog Creek 2",20229761
"2021S051259410372","59410372",20232392
"2021A00055941808","Lohbiee 3",20235023
"2021S051259410415","59410415",20237654
"2021A00055941809","Quesnel 1",20240285
"2021S051259410491","59410491",20242916
"2021A00055941810","Soda Creek 1",20245547
"2021S051259410349","59410349",20248178
"2021A00055941811","Johny Sticks 2",20250809
"2021S051259410375","59410375",20253440
"2021A00055941812","Williams Lake 1",20256071
"2021S051259410315","59410315",20258702
"2021A00055941813","Canim Lake 2",20261333
"2021S051259410406","59410406",20263964
"2021A00055941817","Alexis Creek 14",20266595
"2021S051259410424","59410424",20269226
"2021A00055941818","Alexis Creek 16",20271857
"2021S051259410423","59410423",20274488
"2021A00055941821","Anahim's Flat 1",20277119
"2021S051259410360","59410360",20279750
"2021A00055941827","Charley Boy's Meadow 3",20282381
"2021S051259410445","59410445",20285012
"2021A00055941828","Chilco Lake 1",20287643
"2021S051259410453","59410453",20290274
"2021A00055941829","Chilco Lake 1A",20292905
"2021S051259410452","59410452",20295536
"2021A00055941831","Tanakut 4",20298167
"2021S051259410416","59410416",20300798
"2021A00055941833","Kluskus 1",20303429
"2021S051259410259","59410259",20306060
"2021A00055941835","Coglistiko River 29",20308691
"2021S051259410253","59410253",20311322
"2021A00055941837","Nazco 20",20313953
"2021S051259410254","59410254",20316584
"2021A00055941838","Puntzi Lake 2",20319215
"2021S051259410432","59410432",20321846
"2021A00055941839","Redstone Flat 1",20324477
"2021S051259410418","59410418",20327108
"2021A00055941840","Squinas 2",20329739
"2021S051259410448","59410448",20332370
"2021A00055941841","Stone 1",20335001
"2021S051259410361","59410361",20337632
"2021A00055941844","Agats Meadow 8",20340263
"2021S051259410447","59410447",20342894
"2021A00055941845","Thomas Squinas Ranch 2A",20345525
"2021S051259410449","59410449",20348156
"2021A00055941848","Alexis Creek 21",20350787
"2021S051259410427","59410427",20353418
"2021A00055941849","Baptiste Meadow 2",20356049
"2021S051259410362","59410362",20358680
"2021A00055941850","Toosey 1",20361311
"2021S051259410363","59410363",20363942
"2021A00055941851","Towdystan Lake 3",20366573
"2021S051259410429","59410429",20369204
"2021A00055941852","Trout Lake Alec 16",20371835
"2021S051259410256","59410256",20374466
"2021A00055941854","Ulkatcho 13",20377097
"2021S051259410428","59410428",20379728
"2021A00055941855","Windy Mouth 7",20382359
"2021S051259410487","59410487",20384990
"2021A00055941856","Alexis Creek 34",20387621
"2021S051259410430","59410430",20390252
"2021A00055941861","Betty Creek 18",20392883
"2021S051259410434","59410434",20395514
"2021A00055941862","Salmon River Meadow 7",20398145
"2021S051259410436","59410436",20400776
"2021S051259410437","59410437",20403407
"2021A00055941864","Sundayman's Meadow 3",20406038
"2021S051259410255","59410255",20408669
"2021A00055941866","Euchinico Creek 17",20411300
"2021S051259410258","59410258",20413931
"2021A00055941868","Sandy Harry 4",20416562
"2021S051259410378","59410378",20419193
"2021A00055941871","Fishtrap 19",20421824
"2021S051259410441","59410441",20424455
"2021A00055941872","Swan Lake 3",20427086
"2021S051259410376","59410376",20429717
"2021A00055941873","Alkali Lake 4A",20432348
"2021S051259410377","59410377",20434979
"2021A00055941876","Lezbye 6",20437610
"2021S051259410454","59410454",20440241
"2021A00055941879","Michel Gardens 36",20442872
"2021S051259410417","59410417",20445503
"2021A00055941880","Ulkatcho 14A",20448134
"2021S051259410444","59410444",20450765
"2021A00055941881","Baezaeko River 27",20453396
"2021S051259410261","59410261",20456027
"2021A00055941882","Alexandria",20458658
"2021S051259410352","59410352",20461289
"2021S051259410353","59410353",20463920
"2021S051259410463","59410463",20466551
"2021A00055941883","Anahim's Meadow",20469182
"2021S051259410456","59410456",20471813
"2021A00055941884","Garden",20474444
"2021S051259410455","59410455",20477075
"2021A00055941885","Little Springs",20479706
"2021S051259410458","59410458",20482337
"2021A00055941886","Dragon Lake 3",20484968
"2021S051259410294","59410294",20487599
"2021A00035943","Mount Waddington",20490230
"2021A00055943008","Alert Bay",20492861
"2021S051259430116","59430116",20495492
"2021A00055943012","Port McNeill",20498123
"2021S051259430077","59430077",20500754
"2021S051259430078","59430078",20503385
"2021S051259430079","59430079",20506016
"2021S051259430080","59430080",20508647
"2021S051259430081","59430081",20511278
"2021S051259430113","59430113",20513909
"2021S051259430114","59430114",20516540
"2021A00055943017","Port Alice",20519171
"2021S051259430083","59430083",20521802
"2021S051259430084","59430084",20524433
"2021A00055943023","Port Hardy",20527064
"2021S051259430063","59430063",20529695
"2021S051259430068","59430068",20532326
"2021S051259430069","59430069",20534957
"2021S051259430070","59430070",20537588
"2021S051259430072","59430072",20540219
"2021S051259430073","59430073",20542850
"2021S051259430074","59430074",20545481
"2021S051259430075","59430075",20548112
"2021S051259430128","59430128",20550743
"2021A00055943027","Mount Waddington B",20553374
"2021S051259430109","59430109",20556005
"2021A00055943031","Mount Waddington C",20558636
"2021S051259430112","59430112",20561267
"2021S051259430115","59430115",20563898
"2021A00055943033","Mount Waddington D",20566529
"2021S051259430097","59430097",20569160
"2021S051259430125","59430125",20571791
"2021A00055943037","Mount Waddington A",20574422
"2021S051259430107","59430107",20577053
"2021S051259430108","59430108",20579684
"2021S051259430118","59430118",20582315
"2021A00055943804","Fort Rupert 1",20584946
"2021S051259430066","59430066",20587577
"2021A00055943806","Tsulquate 4",20590208
"2021S051259430071","59430071",20592839
"2021A00055943807","Dead Point 5",20595470
"2021S051259430089","59430089",20598101
"2021A00055943808","Gwayasdums 1",20600732
"2021S051259430087","59430087",20603363
"2021A00055943809","Hopetown 10A",20605994
"2021S051259430106","59430106",20608625
"2021A00055943813","Quaee 7",20611256
"2021S051259430092","59430092",20613887
"2021A00055943815","Kippase 2",20616518
"2021S051259430067","59430067",20619149
"2021A00055943816","Quatsino Subdivision 18",20621780
"2021S051259430061","59430061",20624411
"2021A00055943817","Thomas Point 5",20627042
"2021S051259430065","59430065",20629673
"2021A00055943826","Thomas Point 5A",20632304
"2021S051259430127","59430127",20634935
"2021A00055943835","Nimpkish 2",20637566
"2021S051259430117","59430117",20640197
"2021A00055943836","Hope Island 1",20642828
"2021S051259430057","59430057",20645459
"2021A00055943837","Alert Bay",20648090
"2021S051259430121","59430121",20650721
"2021S051259430126","59430126",20653352
"2021A00035945","Central Coast",20655983
"2021A00055945006","Central Coast A",20658614
"2021S051259450027","59450027",20661245
"2021A00055945010","Central Coast C",20663876
"2021S051259450033","59450033",20666507
"2021A00055945012","Central Coast D",20669138
"2021S051259450032","59450032",20671769
"2021A00055945014","Central Coast E",20674400
"2021S051259450029","59450029",20677031
"2021A00055945801","Bella Bella 1",20679662
"2021S051259450025","59450025",20682293
"2021S051259450026","59450026",20684924
"2021A00055945802","Bella Coola 1",20687555
"2021S051259450030","59450030",20690186
"2021S051259450031","59450031",20692817
"2021A00055945803","Katit 1",20695448
"2021S051259450028","59450028",20698079
"2021A00035947","Skeena-Queen Charlotte",20700710
"2021A00055947007","Port Edward",20703341
"2021S051259470066","59470066",20705972
"2021A00055947012","Prince Rupert",20708603
"2021S051259470067","59470067",20711234
"2021S051259470068","59470068",20713865
"2021S051259470069","59470069",20716496
"2021S051259470070","59470070",20719127
"2021S051259470071","59470071",20721758
"2021S051259470072","59470072",20724389
"2021S051259470073","59470073",20727020
"2021S051259470074","59470074",20729651
"2021S051259470075","59470075",20732282
"2021S051259470076","59470076",20734913
"2021S051259470077","59470077",20737544
"2021S051259470078","59470078",20740175
"2021S051259470079","59470079",20742806
"2021S051259470080","59470080",20745437
"2021S051259470081","59470081",20748068
"2021S051259470082","59470082",20750699
"2021S051259470083","59470083",20753330
"2021S051259470084","59470084",20755961
"2021S051259470085","59470085",20758592
"2021S051259470086","59470086",20761223
"2021S051259470087","59470087",20763854
"2021S051259470088","59470088",20766485
"2021S051259470089","59470089",20769116
"2021S051259470090","59470090",20771747
"2021S051259470091","59470091",20774378
"2021S051259470093","59470093",20777009
"2021S051259470094","59470094",20779640
"2021S051259470101","59470101",20782271
"2021A00055947016","North Coast A",20784902
"2021S051259470099","59470099",20787533
"2021A00055947021","North Coast C",20790164
"2021S051259470103","59470103",20792795
"2021A00055947023","Masset",20795426
"2021S051259470053","59470053",20798057
"2021S051259470054","59470054",20800688
"2021A00055947026","Queen Charlotte",20803319
"2021S051259470060","59470060",20805950
"2021S051259470061","59470061",20808581
"2021A00055947027","North Coast D",20811212
"2021S051259470105","59470105",20813843
"2021A00055947030","Port Clements",20816474
"2021S051259470057","59470057",20819105
"2021S051259470058","59470058",20821736
"2021S051259470059","59470059",20824367
"2021A00055947032","North Coast E",20826998
"2021S051259470062","59470062",20829629
"2021A00055947802","Kulkayu (Hartley Bay) 4A",20832260
"2021S051259470102","59470102",20834891
"2021A00055947803","Masset 1",20837522
"2021S051259470052","59470052",20840153
"2021A00055947804","Skidegate 1",20842784
"2021S051259470056","59470056",20845415
"2021A00055947806","Kulkayu (Hartley Bay) 4",20848046
"2021S051259470065","59470065",20850677
"2021A00055947807","Dolphin Island 1",20853308
"2021S051259470064","59470064",20855939
"2021A00055947809","Lax Kw'alaams 1",20858570
"2021S051259470096","59470096",20861201
"2021A00055947810","S1/2 Tsimpsean 2",20863832
"2021S051259470097","59470097",20866463
"2021S051259470098","59470098",20869094
"2021A00055947823","Tlaa Gaa Aawtlaas 28",20871725
"2021S051259470104","59470104",20874356
"2021A00035949","Kitimat-Stikine",20876987
"2021A00055949005","Kitimat",20879618
"2021S051259490182","59490182",20882249
"2021S051259490183","59490183",20884880
"2021S051259490184","59490184",20887511
"2021S051259490185","59490185",20890142
"2021S051259490186","59490186",20892773
"2021S051259490187","59490187",20895404
"2021S051259490188","59490188",20898035
"2021S051259490189","59490189",20900666
"2021S051259490190","59490190",20903297
"2021S051259490191","59490191",20905928
"2021S051259490192","59490192",20908559
"2021S051259490193","59490193",20911190
"2021S051259490194","59490194",20913821
"2021S051259490195","59490195",20916452
"2021S051259490196","59490196",20919083
"2021A00055949011","Terrace",20921714
"2021S051259490118","59490118",20924345
"2021S051259490119","59490119",20926976
"2021S051259490120","59490120",20929607
"2021S051259490121","59490121",20932238
"2021S051259490122","59490122",20934869
"2021S051259490123","59490123",20937500
"2021S051259490124","59490124",20940131
"2021S051259490125","59490125",20942762
"2021S051259490126","59490126",20945393
"2021S051259490127","59490127",20948024
"2021S051259490128","59490128",20950655
"2021S051259490129","59490129",20953286
"2021S051259490130","59490130",20955917
"2021S051259490131","59490131",20958548
"2021S051259490132","59490132",20961179
"2021S051259490133","59490133",20963810
"2021S051259490134","59490134",20966441
"2021S051259490135","59490135",20969072
"2021S051259490136","59490136",20971703
"2021S051259490137","59490137",20974334
"2021S051259490138","59490138",20976965
"2021S051259490139","59490139",20979596
"2021S051259490197","59490197",20982227
"2021S051259490198","59490198",20984858
"2021S051259490199","59490199",20987489
"2021S051259490206","59490206",20990120
"2021A00055949013","Kitimat-Stikine C (Part 1)",20992751
"2021S051259490113","59490113",20995382
"2021S051259490114","59490114",20998013
"2021S051259490117","59490117",21000644
"2021S051259490152","59490152",21003275
"2021S051259490153","59490153",21005906
"2021S051259490204","59490204",21008537
"2021A00055949018","Kitimat-Stikine E",21011168
"2021S051259490143","59490143",21013799
"2021S051259490144","59490144",21016430
"2021S051259490145","59490145",21019061
"2021S051259490146","59490146",21021692
"2021S051259490147","59490147",21024323
"2021S051259490148","59490148",21026954
"2021S051259490149","59490149",21029585
"2021S051259490150","59490150",21032216
"2021S051259490154","59490154",21034847
"2021A00055949020","Kitimat-Stikine C (Part 2)",21037478
"2021S051259490179","59490179",21040109
"2021A00055949022","Hazelton",21042740
"2021S051259490164","59490164",21045371
"2021S051259490168","59490168",21048002
"2021S051259490169","59490169",21050633
"2021A00055949024","New Hazelton",21053264
"2021S051259490156","59490156",21055895
"2021S051259490157","59490157",21058526
"2021S051259490160","59490160",21061157
"2021S051259490170","59490170",21063788
"2021A00055949028","Kitimat-Stikine B",21066419
"2021S051259490155","59490155",21069050
"2021S051259490161","59490161",21071681
"2021S051259490163","59490163",21074312
"2021S051259490167","59490167",21076943
"2021S051259490172","59490172",21079574
"2021S051259490212","59490212",21082205
"2021A00055949032","Stewart",21084836
"2021S051259490105","59490105",21087467
"2021A00055949035","Nisga'a",21090098
"2021S051259490107","59490107",21092729
"2021S051259490109","59490109",21095360
"2021S051259490111","59490111",21097991
"2021S051259490203","59490203",21100622
"2021A00055949038","Kitimat-Stikine F",21103253
"2021S051259490201","59490201",21105884
"2021A00055949039","Kitimat-Stikine A",21108515
"2021S051259490103","59490103",21111146
"2021S051259490104","59490104",21113777
"2021A00055949041","Kitimat-Stikine D",21116408
"2021S051259490219","59490219",21119039
"2021A00055949802","Kitasoo 1",21121670
"2021S051259490180","59490180",21124301
"2021A00055949803","Kitamaat 2",21126932
"2021S051259490181","59490181",21129563
"2021A00055949804","Kitsumkaylum 1",21132194
"2021S051259490141","59490141",21134825
"2021A00055949805","Kshish 4",21137456
"2021S051259490116","59490116",21140087
"2021A00055949807","Kulspai 6",21142718
"2021S051259490142","59490142",21145349
"2021A00055949810","Coryatsaqua (Moricetown) 2",21147980
"2021S051259490175","59490175",21150611
"2021A00055949811","Hagwilget 1",21153242
"2021S051259490171","59490171",21155873
"2021A00055949812","Gitanmaax 1",21158504
"2021S051259490210","59490210",21161135
"2021A00055949813","Kispiox 1",21163766
"2021S051259490174","59490174",21166397
"2021A00055949814","Gitsegukla 1",21169028
"2021S051259490159","59490159",21171659
"2021A00055949815","Gitanyow 1",21174290
"2021S051259490162","59490162",21176921
"2021A00055949816","Gitwangak 1",21179552
"2021S051259490158","59490158",21182183
"2021A00055949817","Moricetown 1",21184814
"2021S051259490178","59490178",21187445
"2021A00055949818","Sik-e-dakh 2",21190076
"2021S051259490173","59490173",21192707
"2021A00055949819","Babine 17",21195338
"2021S051259490176","59490176",21197969
"2021A00055949820","Bulkley River 19",21200600
"2021S051259490177","59490177",21203231
"2021A00055949832","Iskut 6",21205862
"2021S051259490215","59490215",21208493
"2021A00055949843","Guhthe Tah 12",21211124
"2021S051259490097","59490097",21213755
"2021A00055949844","Kitselas 1",21216386
"2021S051259490115","59490115",21219017
"2021A00055949845","Dease Lake 9",21221648
"2021S051259490022","59490022",21224279
"2021A00055949846","Tahltan 1",21226910
"2021S051259490220","59490220",21229541
"2021A00055949847","Telegraph Creek",21232172
"2021S051259490218","59490218",21234803
"2021A00035951","Bulkley-Nechako",21237434
"2021A00055951007","Vanderhoof",21240065
"2021S051259510236","59510236",21242696
"2021S051259510241","59510241",21245327
"2021S051259510242","59510242",21247958
"2021S051259510243","59510243",21250589
"2021S051259510244","59510244",21253220
"2021S051259510245","59510245",21255851
"2021S051259510246","59510246",21258482
"2021S051259510247","59510247",21261113
"2021S051259510248","59510248",21263744
"2021S051259510297","59510297",21266375
"2021A00055951009","Fraser Lake",21269006
"2021S051259510227","59510227",21271637
"2021S051259510228","59510228",21274268
"2021S051259510229","59510229",21276899
"2021S051259510231","59510231",21279530
"2021A00055951013","Fort St. James",21282161
"2021S051259510253","59510253",21284792
"2021S051259510254","59510254",21287423
"2021S051259510255","59510255",21290054
"2021S051259510272","59510272",21292685
"2021S051259510274","59510274",21295316
"2021S051259510280","59510280",21297947
"2021A00055951015","Bulkley-Nechako C",21300578
"2021S051259510251","59510251",21303209
"2021S051259510271","59510271",21305840
"2021S051259510284","59510284",21308471
"2021A00055951017","Bulkley-Nechako D",21311102
"2021S051259510224","59510224",21313733
"2021S051259510226","59510226",21316364
"2021S051259510233","59510233",21318995
"2021A00055951019","Bulkley-Nechako F",21321626
"2021S051259510235","59510235",21324257
"2021S051259510237","59510237",21326888
"2021S051259510240","59510240",21329519
"2021S051259510250","59510250",21332150
"2021S051259510275","59510275",21334781
"2021S051259510276","59510276",21337412
"2021S051259510277","59510277",21340043
"2021A00055951022","Burns Lake",21342674
"2021S051259510188","59510188",21345305
"2021S051259510192","59510192",21347936
"2021S051259510193","59510193",21350567
"2021S051259510194","59510194",21353198
"2021S051259510196","59510196",21355829
"2021S051259510201","59510201",21358460
"2021A00055951028","Bulkley-Nechako B",21361091
"2021S051259510184","59510184",21363722
"2021S051259510186","59510186",21366353
"2021S051259510189","59510189",21368984
"2021S051259510202","59510202",21371615
"2021S051259510287","59510287",21374246
"2021S051259510294","59510294",21376877
"2021A00055951031","Bulkley-Nechako E",21379508
"2021S051259510203","59510203",21382139
"2021S051259510213","59510213",21384770
"2021S051259510216","59510216",21387401
"2021S051259510222","59510222",21390032
"2021A00055951032","Granisle",21392663
"2021S051259510144","59510144",21395294
"2021A00055951034","Houston",21397925
"2021S051259510176","59510176",21400556
"2021S051259510177","59510177",21403187
"2021S051259510178","59510178",21405818
"2021S051259510179","59510179",21408449
"2021S051259510180","59510180",21411080
"2021S051259510181","59510181",21413711
"2021S051259510182","59510182",21416342
"2021A00055951038","Telkwa",21418973
"2021S051259510171","59510171",21421604
"2021S051259510172","59510172",21424235
"2021A00055951043","Smithers",21426866
"2021S051259510153","59510153",21429497
"2021S051259510154","59510154",21432128
"2021S051259510155","59510155",21434759
"2021S051259510156","59510156",21437390
"2021S051259510157","59510157",21440021
"2021S051259510158","59510158",21442652
"2021S051259510159","59510159",21445283
"2021S051259510160","59510160",21447914
"2021S051259510161","59510161",21450545
"2021S051259510162","59510162",21453176
"2021S051259510163","59510163",21455807
"2021S051259510167","59510167",21458438
"2021A00055951051","Bulkley-Nechako A",21461069
"2021S051259510148","59510148",21463700
"2021S051259510149","59510149",21466331
"2021S051259510151","59510151",21468962
"2021S051259510152","59510152",21471593
"2021S051259510164","59510164",21474224
"2021S051259510165","59510165",21476855
"2021S051259510166","59510166",21479486
"2021S051259510168","59510168",21482117
"2021S051259510169","59510169",21484748
"2021S051259510170","59510170",21487379
"2021S051259510173","59510173",21490010
"2021S051259510174","59510174",21492641
"2021A00055951053","Bulkley-Nechako G",21495272
"2021S051259510175","59510175",21497903
"2021S051259510291","59510291",21500534
"2021A00055951801","Ye Koo Che 3",21503165
"2021S051259510263","59510263",21505796
"2021A00055951802","Nautley (Fort Fraser) 1",21508427
"2021S051259510232","59510232",21511058
"2021S051259510234","59510234",21513689
"2021A00055951803","Nak'azdli",21516320
"2021S051259510252","59510252",21518951
"2021A00055951804","Sowchea 3",21521582
"2021S051259510270","59510270",21524213
"2021A00055951805","Binche 2",21526844
"2021S051259510259","59510259",21529475
"2021A00055951806","Seaspunkut 4",21532106
"2021S051259510230","59510230",21534737
"2021A00055951807","Stellaquo (Stella) 1",21537368
"2021S051259510225","59510225",21539999
"2021A00055951809","Stony Creek 1",21542630
"2021S051259510239","59510239",21545261
"2021A00055951810","Tache 1",21547892
"2021S051259510260","59510260",21550523
"2021A00055951811","Tacla Lake (Ferry Landing) 9",21553154
"2021S051259510266","59510266",21555785
"2021S051259510267","59510267",21558416
"2021A00055951813","Laketown 3",21561047
"2021S051259510238","59510238",21563678
"2021A00055951814","Dzitline Lee 9",21566309
"2021S051259510264","59510264",21568940
"2021A00055951815","Burns Lake 18",21571571
"2021S051259510191","59510191",21574202
"2021S051259510195","59510195",21576833
"2021S051259510198","59510198",21579464
"2021A00055951818","Cheslatta 1",21582095
"2021S051259510204","59510204",21584726
"2021S051259510206","59510206",21587357
"2021S051259510207","59510207",21589988
"2021S051259510208","59510208",21592619
"2021S051259510209","59510209",21595250
"2021S051259510210","59510210",21597881
"2021S051259510212","59510212",21600512
"2021S051259510214","59510214",21603143
"2021S051259510217","59510217",21605774
"2021S051259510223","59510223",21608405
"2021A00055951819","Omineca 1",21611036
"2021S051259510218","59510218",21613667
"2021A00055951820","Palling 1",21616298
"2021S051259510295","59510295",21618929
"2021A00055951821","Duncan Lake 2",21621560
"2021S051259510187","59510187",21624191
"2021A00055951822","Francois Lake 7",21626822
"2021S051259510215","59510215",21629453
"2021A00055951823","Skins Lake 16A",21632084
"2021S051259510219","59510219",21634715
"2021A00055951824","Skins Lake 16B",21637346
"2021S051259510211","59510211",21639977
"2021A00055951825","Tatla West 11",21642608
"2021S051259510221","59510221",21645239
"2021A00055951826","Uncha Lake 13A",21647870
"2021S051259510205","59510205",21650501
"2021A00055951827","Woyenne 27",21653132
"2021S051259510197","59510197",21655763
"2021A00055951828","Babine 6",21658394
"2021S051259510289","59510289",21661025
"2021A00055951829","Babine 25",21663656
"2021S051259510145","59510145",21666287
"2021A00055951830","Jean Baptiste 28",21668918
"2021S051259510150","59510150",21671549
"2021A00055951831","Babine 16",21674180
"2021S051259510292","59510292",21676811
"2021A00055951832","Noonla 6",21679442
"2021S051259510296","59510296",21682073
"2021A00055951833","Tatla't East 2",21684704
"2021S051259510220","59510220",21687335
"2021A00055951840","Williams Prairie Meadow 1A",21689966
"2021S051259510273","59510273",21692597
"2021A00055951844","Poison Creek 17A",21695228
"2021S051259510190","59510190",21697859
"2021A00055951845","Tadinlay 15",21700490
"2021S051259510147","59510147",21703121
"2021A00055951846","Nedoats 11",21705752
"2021S051259510146","59510146",21708383
"2021A00055951847","Babine Lake 21B",21711014
"2021S051259510286","59510286",21713645
"2021A00055951848","North Tacla Lake",21716276
"2021S051259510283","59510283",21718907
"2021A00055951849","Mission Lands 17",21721538
"2021S051259510281","59510281",21724169
"2021A00035953","Fraser-Fort George",21726800
"2021A00055953007","Valemount",21729431
"2021S051259530260","59530260",21732062
"2021S051259530261","59530261",21734693
"2021A00055953012","McBride",21737324
"2021S051259530256","59530256",21739955
"2021A00055953019","Fraser-Fort George H",21742586
"2021S051259530255","59530255",21745217
"2021S051259530257","59530257",21747848
"2021S051259530258","59530258",21750479
"2021S051259530259","59530259",21753110
"2021A00055953023","Prince George",21755741
"2021S051259530018","59530018",21758372
"2021S051259530019","59530019",21761003
"2021S051259530021","59530021",21763634
"2021S051259530022","59530022",21766265
"2021S051259530023","59530023",21768896
"2021S051259530024","59530024",21771527
"2021S051259530025","59530025",21774158
"2021S051259530026","59530026",21776789
"2021S051259530027","59530027",21779420
"2021S051259530028","59530028",21782051
"2021S051259530031","59530031",21784682
"2021S051259530032","59530032",21787313
"2021S051259530033","59530033",21789944
"2021S051259530034","59530034",21792575
"2021S051259530035","59530035",21795206
"2021S051259530036","59530036",21797837
"2021S051259530041","59530041",21800468
"2021S051259530042","59530042",21803099
"2021S051259530043","59530043",21805730
"2021S051259530044","59530044",21808361
"2021S051259530045","59530045",21810992
"2021S051259530046","59530046",21813623
"2021S051259530047","59530047",21816254
"2021S051259530048","59530048",21818885
"2021S051259530049","59530049",21821516
"2021S051259530050","59530050",21824147
"2021S051259530051","59530051",21826778
"2021S051259530052","59530052",21829409
"2021S051259530053","59530053",21832040
"2021S051259530054","59530054",21834671
"2021S051259530055","59530055",21837302
"2021S051259530056","59530056",21839933
"2021S051259530057","59530057",21842564
"2021S051259530058","59530058",21845195
"2021S051259530059","59530059",21847826
"2021S051259530060","59530060",21850457
"2021S051259530061","59530061",21853088
"2021S051259530062","59530062",21855719
"2021S051259530063","59530063",21858350
"2021S051259530064","59530064",21860981
"2021S051259530065","59530065",21863612
"2021S051259530066","59530066",21866243
"2021S051259530067","59530067",21868874
"2021S051259530068","59530068",21871505
"2021S051259530069","59530069",21874136
"2021S051259530070","59530070",21876767
"2021S051259530071","59530071",21879398
"2021S051259530072","59530072",21882029
"2021S051259530073","59530073",21884660
"2021S051259530074","59530074",21887291
"2021S051259530075","59530075",21889922
"2021S051259530076","59530076",21892553
"2021S051259530077","59530077",21895184
"2021S051259530078","59530078",21897815
"2021S051259530079","59530079",21900446
"2021S051259530080","59530080",21903077
"2021S051259530081","59530081",21905708
"2021S051259530082","59530082",21908339
"2021S051259530083","59530083",21910970
"2021S051259530084","59530084",21913601
"2021S051259530085","59530085",21916232
"2021S051259530086","59530086",21918863
"2021S051259530087","59530087",21921494
"2021S051259530088","59530088",21924125
"2021S051259530089","59530089",21926756
"2021S051259530090","59530090",21929387
"2021S051259530091","59530091",21932018
"2021S051259530092","59530092",21934649
"2021S051259530093","59530093",21937280
"2021S051259530094","59530094",21939911
"2021S051259530095","59530095",21942542
"2021S051259530096","59530096",21945173
"2021S051259530097","59530097",21947804
"2021S051259530098","59530098",21950435
"2021S051259530100","59530100",21953066
"2021S051259530101","59530101",21955697
"2021S051259530102","59530102",21958328
"2021S051259530103","59530103",21960959
"2021S051259530104","59530104",21963590
"2021S051259530105","59530105",21966221
"2021S051259530106","59530106",21968852
"2021S051259530107","59530107",21971483
"2021S051259530108","59530108",21974114
"2021S051259530109","59530109",21976745
"2021S051259530110","59530110",21979376
"2021S051259530127","59530127",21982007
"2021S051259530151","59530151",21984638
"2021S051259530152","59530152",21987269
"2021S051259530153","59530153",21989900
"2021S051259530154","59530154",21992531
"2021S051259530155","59530155",21995162
"2021S051259530156","59530156",21997793
"2021S051259530159","59530159",22000424
"2021S051259530160","59530160",22003055
"2021S051259530161","59530161",22005686
"2021S051259530162","59530162",22008317
"2021S051259530163","59530163",22010948
"2021S051259530164","59530164",22013579
"2021S051259530165","59530165",22016210
"2021S051259530166","59530166",22018841
"2021S051259530167","59530167",22021472
"2021S051259530168","59530168",22024103
"2021S051259530169","59530169",22026734
"2021S051259530170","59530170",22029365
"2021S051259530206","59530206",22031996
"2021S051259530207","59530207",22034627
"2021S051259530208","59530208",22037258
"2021S051259530209","59530209",22039889
"2021S051259530210","59530210",22042520
"2021S051259530211","59530211",22045151
"2021S051259530212","59530212",22047782
"2021S051259530213","59530213",22050413
"2021S051259530214","59530214",22053044
"2021S051259530215","59530215",22055675
"2021S051259530217","59530217",22058306
"2021S051259530218","59530218",22060937
"2021S051259530219","59530219",22063568
"2021S051259530220","59530220",22066199
"2021S051259530221","59530221",22068830
"2021S051259530222","59530222",22071461
"2021S051259530223","59530223",22074092
"2021S051259530224","59530224",22076723
"2021S051259530225","59530225",22079354
"2021S051259530226","59530226",22081985
"2021S051259530227","59530227",22084616
"2021S051259530228","59530228",22087247
"2021S051259530236","59530236",22089878
"2021S051259530240","59530240",22092509
"2021S051259530241","59530241",22095140
"2021S051259530242","59530242",22097771
"2021S051259530243","59530243",22100402
"2021S051259530244","59530244",22103033
"2021S051259530245","59530245",22105664
"2021S051259530246","59530246",22108295
"2021S051259530247","59530247",22110926
"2021A00055953033","Mackenzie",22113557
"2021S051259530193","59530193",22116188
"2021S051259530194","59530194",22118819
"2021S051259530195","59530195",22121450
"2021S051259530196","59530196",22124081
"2021S051259530197","59530197",22126712
"2021S051259530198","59530198",22129343
"2021S051259530199","59530199",22131974
"2021S051259530200","59530200",22134605
"2021A00055953038","Fraser-Fort George A",22137236
"2021S051259530204","59530204",22139867
"2021S051259530205","59530205",22142498
"2021S051259530232","59530232",22145129
"2021S051259530233","59530233",22147760
"2021S051259530234","59530234",22150391
"2021A00055953042","Fraser-Fort George C",22153022
"2021S051259530216","59530216",22155653
"2021S051259530229","59530229",22158284
"2021S051259530230","59530230",22160915
"2021S051259530231","59530231",22163546
"2021S051259530235","59530235",22166177
"2021A00055953044","Fraser-Fort George D",22168808
"2021S051259530237","59530237",22171439
"2021S051259530238","59530238",22174070
"2021S051259530239","59530239",22176701
"2021S051259530248","59530248",22179332
"2021S051259530252","59530252",22181963
"2021S051259530253","59530253",22184594
"2021A00055953046","Fraser-Fort George E",22187225
"2021S051259530254","59530254",22189856
"2021A00055953048","Fraser-Fort George F",22192487
"2021S051259530249","59530249",22195118
"2021S051259530262","59530262",22197749
"2021S051259530263","59530263",22200380
"2021A00055953050","Fraser-Fort George G",22203011
"2021S051259530201","59530201",22205642
"2021S051259530203","59530203",22208273
"2021A00055953801","Fort George 2",22210904
"2021S051259530250","59530250",22213535
"2021A00055953802","McLeod Lake 1",22216166
"2021S051259530202","59530202",22218797
"2021A00035955","Peace River",22221428
"2021A00055955003","Tumbler Ridge",22224059
"2021S051259550232","59550232",22226690
"2021S051259550233","59550233",22229321
"2021S051259550234","59550234",22231952
"2021S051259550235","59550235",22234583
"2021A00055955005","Pouce Coupe",22237214
"2021S051259550162","59550162",22239845
"2021S051259550163","59550163",22242476
"2021A00055955010","Chetwynd",22245107
"2021S051259550124","59550124",22247738
"2021S051259550125","59550125",22250369
"2021S051259550128","59550128",22253000
"2021S051259550129","59550129",22255631
"2021S051259550130","59550130",22258262
"2021S051259550132","59550132",22260893
"2021S051259550133","59550133",22263524
"2021S051259550134","59550134",22266155
"2021S051259550135","59550135",22268786
"2021S051259550136","59550136",22271417
"2021A00055955014","Dawson Creek",22274048
"2021S051259550139","59550139",22276679
"2021S051259550140","59550140",22279310
"2021S051259550141","59550141",22281941
"2021S051259550142","59550142",22284572
"2021S051259550143","59550143",22287203
"2021S051259550144","59550144",22289834
"2021S051259550145","59550145",22292465
"2021S051259550146","59550146",22295096
"2021S051259550147","59550147",22297727
"2021S051259550148","59550148",22300358
"2021S051259550149","59550149",22302989
"2021S051259550150","59550150",22305620
"2021S051259550151","59550151",22308251
"2021S051259550152","59550152",22310882
"2021S051259550153","59550153",22313513
"2021S051259550154","59550154",22316144
"2021S051259550155","59550155",22318775
"2021S051259550156","59550156",22321406
"2021S051259550157","59550157",22324037
"2021S051259550158","59550158",22326668
"2021S051259550159","59550159",22329299
"2021S051259550160","59550160",22331930
"2021A00055955021","Peace River D",22334561
"2021S051259550137","59550137",22337192
"2021S051259550138","59550138",22339823
"2021S051259550161","59550161",22342454
"2021S051259550164","59550164",22345085
"2021S051259550165","59550165",22347716
"2021S051259550166","59550166",22350347
"2021S051259550167","59550167",22352978
"2021S051259550168","59550168",22355609
"2021S051259550169","59550169",22358240
"2021S051259550230","59550230",22360871
"2021S051259550231","59550231",22363502
"2021A00055955023","Peace River E",22366133
"2021S051259550117","59550117",22368764
"2021S051259550120","59550120",22371395
"2021S051259550123","59550123",22374026
"2021S051259550126","59550126",22376657
"2021S051259550127","59550127",22379288
"2021S051259550131","59550131",22381919
"2021A00055955025","Hudson's Hope",22384550
"2021S051259550118","59550118",22387181
"2021S051259550119","59550119",22389812
"2021A00055955030","Taylor",22392443
"2021S051259550170","59550170",22395074
"2021S051259550171","59550171",22397705
"2021A00055955034","Fort St. John",22400336
"2021S051259550175","59550175",22402967
"2021S051259550176","59550176",22405598
"2021S051259550177","59550177",22408229
"2021S051259550178","59550178",22410860
"2021S051259550179","59550179",22413491
"2021S051259550180","59550180",22416122
"2021S051259550181","59550181",22418753
"2021S051259550182","59550182",22421384
"2021S051259550183","59550183",22424015
"2021S051259550184","59550184",22426646
"2021S051259550185","59550185",22429277
"2021S051259550186","59550186",22431908
"2021S051259550187","59550187",22434539
"2021S051259550188","59550188",22437170
"2021S051259550189","59550189",22439801
"2021S051259550190","59550190",22442432
"2021S051259550191","59550191",22445063
"2021S051259550192","59550192",22447694
"2021S051259550193","59550193",22450325
"2021S051259550194","59550194",22452956
"2021S051259550195","59550195",22455587
"2021S051259550197","59550197",22458218
"2021S051259550198","59550198",22460849
"2021S051259550199","59550199",22463480
"2021S051259550200","59550200",22466111
"2021S051259550201","59550201",22468742
"2021S051259550203","59550203",22471373
"2021S051259550205","59550205",22474004
"2021S051259550206","59550206",22476635
"2021S051259550207","59550207",22479266
"2021S051259550208","59550208",22481897
"2021S051259550239","59550239",22484528
"2021S051259550245","59550245",22487159
"2021S051259550248","59550248",22489790
"2021A00055955040","Peace River B",22492421
"2021S051259550215","59550215",22495052
"2021S051259550217","59550217",22497683
"2021S051259550218","59550218",22500314
"2021S051259550220","59550220",22502945
"2021S051259550223","59550223",22505576
"2021S051259550224","59550224",22508207
"2021S051259550225","59550225",22510838
"2021S051259550226","59550226",22513469
"2021S051259550227","59550227",22516100
"2021S051259550251","59550251",22518731
"2021A00055955042","Peace River C",22521362
"2021S051259550209","59550209",22523993
"2021S051259550211","59550211",22526624
"2021S051259550212","59550212",22529255
"2021S051259550213","59550213",22531886
"2021S051259550214","59550214",22534517
"2021S051259550219","59550219",22537148
"2021S051259550236","59550236",22539779
"2021S051259550242","59550242",22542410
"2021S051259550243","59550243",22545041
"2021S051259550246","59550246",22547672
"2021S051259550253","59550253",22550303
"2021A00055955801","East Moberly Lake 169",22552934
"2021S051259550122","59550122",22555565
"2021A00055955802","West Moberly Lake 168A",22558196
"2021S051259550121","59550121",22560827
"2021A00055955803","Blueberry River 205",22563458
"2021S051259550222","59550222",22566089
"2021A00055955804","Doig River 206",22568720
"2021S051259550221","59550221",22571351
"2021A00055955807","Fort Ware 1",22573982
"2021S051259550114","59550114",22576613
"2021A00055955808","Halfway River 168",22579244
"2021S051259550228","59550228",22581875
"2021S051259550229","59550229",22584506
"2021A00055955812","Ingenika Point",22587137
"2021S051259550116","59550116",22589768
"2021A00055955840","Finlay River 6",22592399
"2021S051259550249","59550249",22595030
"2021A00055955850","Mesilinka 7",22597661
"2021S051259550252","59550252",22600292
"2021A00035957","Stikine",22602923
"2021A00055957022","Stikine Region",22605554
"2021S051259570210","59570210",22608185
"2021S051259570219","59570219",22610816
"2021S051259570228","59570228",22613447
"2021A00055957802","Unnamed 10",22616078
"2021S051259570217","59570217",22618709
"2021S051259570218","59570218",22621340
"2021A00055957803","Five Mile Point 3",22623971
"2021S051259570209","59570209",22626602
"2021A00055957804","Good Hope Lake",22629233
"2021S051259570021","59570021",22631864
"2021A00055957813","Lower Post",22634495
"2021S051259570223","59570223",22637126
"2021A00055957814","Liard River 3",22639757
"2021S051259570225","59570225",22642388
"2021A00055957820","Dease River 1",22645019
"2021S051259570227","59570227",22647650
"2021A00035959","Northern Rockies",22650281
"2021A00055959007","Northern Rockies",22652912
"2021S051259590013","59590013",22655543
"2021S051259590019","59590019",22658174
"2021S051259590020","59590020",22660805
"2021S051259590021","59590021",22663436
"2021S051259590022","59590022",22666067
"2021S051259590023","59590023",22668698
"2021S051259590024","59590024",22671329
"2021S051259590025","59590025",22673960
"2021S051259590026","59590026",22676591
"2021S051259590027","59590027",22679222
"2021S051259590039","59590039",22681853
"2021A00055959805","Fontas 1",22684484
"2021S051259590035","59590035",22687115
"2021A00055959806","Fort Nelson 2",22689746
"2021S051259590038","59590038",22692377
"2021A00055959809","Kahntah 3",22695008
"2021S051259590017","59590017",22697639
"2021A00055959810","Prophet River 4",22700270
"2021S051259590032","59590032",22702901
